hex_id,arson,assault,battery,burglary,concealed_carry_license_violation,criminal_damage,criminal_sexual_assault,criminal_trespass,deceptive_practice,homicide,human_trafficking,interference_with_public_officer,intimidation,kidnapping,liquor_law_violation,motor_vehicle_theft,narcotics,obscenity,offense_involving_children,other_offense,prostitution,public_indecency,public_peace_violation,robbery,sex_offense,stalking,theft,weapons_violation,gambling,crim_sexual_assault,infra_alcohol,infra_arts_centre,infra_atm,infra_bar,infra_casino,infra_clinic,infra_community_centre,infra_courthouse,infra_e-cigarette,infra_fire_station,infra_fuel,infra_hospital,infra_laundry,infra_library,infra_monastery,infra_nightclub,infra_nursing_home,infra_park,infra_payment_terminal,infra_pharmacy,infra_place_of_worship,infra_playground,infra_police,infra_prison,infra_pub,infra_research_institute,infra_restaurant,infra_school,infra_social_facility,infra_stripclub,infra_supermarket,infra_tobacco,infra_total,infra_protective,infra_risk,total_crime
-14657_6811,1.0,0.0,0.0,1.0,0.0,1.0,0.0,0.0,0.0,0.0,0.0,0.0,0.0,0.0,0.0,0.0,0.0,0.0,0.0,0.0,0.0,0.0,0.0,0.0,0.0,0.0,0.0,0.0,0.0,0.0,0.0,0.0,0.0,0.0,0.0,0.0,0.0,0.0,0.0,0.0,0.0,0.0,0.0,0.0,0.0,0.0,0.0,0.0,0.0,0.0,0.0,0.0,0.0,0.0,0.0,0.0,0.0,0.0,0.0,0.0,0.0,0.0,0.0,0.0,0.0,3.0
-14657_6812,1.0,176.0,344.0,64.0,0.0,205.0,7.0,30.0,46.0,3.0,0.0,1.0,2.0,2.0,1.0,40.0,39.0,0.0,24.0,134.0,1.0,0.0,5.0,9.0,5.0,1.0,149.0,10.0,0.0,8.0,0.0,0.0,0.0,0.0,0.0,0.0,0.0,0.0,0.0,0.0,0.0,0.0,0.0,0.0,0.0,0.0,0.0,0.0,0.0,0.0,0.0,1.0,0.0,0.0,0.0,0.0,0.0,0.0,0.0,0.0,0.0,0.0,1.0,1.0,0.0,1307.0
-14658_6811,4.0,64.0,143.0,72.0,0.0,144.0,1.0,18.0,30.0,0.0,0.0,1.0,1.0,0.0,1.0,89.0,49.0,0.0,6.0,60.0,0.0,0.0,4.0,28.0,1.0,1.0,223.0,13.0,0.0,3.0,0.0,0.0,0.0,0.0,0.0,0.0,0.0,0.0,0.0,0.0,0.0,0.0,0.0,0.0,0.0,0.0,0.0,0.0,0.0,0.0,0.0,0.0,0.0,0.0,0.0,0.0,0.0,0.0,1.0,0.0,0.0,0.0,1.0,1.0,0.0,956.0
-14658_6812,5.0,106.0,248.0,115.0,2.0,234.0,0.0,34.0,40.0,3.0,0.0,0.0,3.0,1.0,4.0,76.0,88.0,0.0,15.0,129.0,0.0,0.0,8.0,23.0,7.0,1.0,213.0,25.0,1.0,3.0,0.0,0.0,0.0,1.0,0.0,0.0,0.0,0.0,0.0,0.0,0.0,0.0,0.0,0.0,0.0,0.0,0.0,1.0,0.0,0.0,0.0,1.0,0.0,0.0,0.0,0.0,0.0,0.0,0.0,0.0,0.0,0.0,3.0,2.0,1.0,1384.0
-14659_6811,3.0,33.0,85.0,42.0,0.0,73.0,0.0,5.0,7.0,0.0,0.0,2.0,1.0,0.0,3.0,24.0,43.0,0.0,5.0,28.0,0.0,0.0,6.0,9.0,2.0,1.0,75.0,4.0,0.0,1.0,0.0,0.0,0.0,1.0,0.0,0.0,0.0,0.0,0.0,0.0,0.0,0.0,0.0,0.0,0.0,0.0,0.0,1.0,0.0,0.0,1.0,0.0,0.0,0.0,0.0,0.0,0.0,0.0,0.0,0.0,0.0,0.0,3.0,2.0,1.0,452.0
-14659_6812,22.0,387.0,902.0,271.0,0.0,666.0,2.0,73.0,180.0,1.0,0.0,8.0,5.0,7.0,12.0,189.0,253.0,1.0,52.0,373.0,1.0,0.0,23.0,71.0,20.0,6.0,480.0,66.0,5.0,10.0,0.0,0.0,0.0,2.0,0.0,0.0,1.0,0.0,0.0,1.0,0.0,0.0,0.0,0.0,0.0,0.0,0.0,0.0,0.0,0.0,3.0,0.0,0.0,0.0,0.0,0.0,0.0,2.0,0.0,0.0,1.0,0.0,10.0,7.0,2.0,4086.0
-14659_6813,2.0,90.0,224.0,89.0,0.0,223.0,1.0,18.0,59.0,0.0,0.0,2.0,1.0,2.0,1.0,54.0,35.0,0.0,20.0,107.0,0.0,0.0,3.0,17.0,3.0,3.0,229.0,13.0,0.0,3.0,0.0,0.0,0.0,1.0,0.0,0.0,0.0,0.0,0.0,0.0,0.0,0.0,0.0,0.0,0.0,0.0,0.0,0.0,0.0,0.0,0.0,1.0,0.0,0.0,0.0,0.0,0.0,0.0,0.0,0.0,0.0,0.0,2.0,1.0,1.0,1199.0
-14659_6814,0.0,0.0,2.0,0.0,0.0,0.0,0.0,0.0,0.0,0.0,0.0,0.0,0.0,0.0,0.0,1.0,0.0,0.0,0.0,0.0,0.0,0.0,1.0,1.0,1.0,0.0,1.0,1.0,0.0,0.0,0.0,0.0,0.0,0.0,0.0,0.0,0.0,0.0,0.0,0.0,0.0,0.0,0.0,0.0,0.0,0.0,0.0,0.0,0.0,0.0,0.0,0.0,0.0,0.0,0.0,0.0,0.0,0.0,0.0,0.0,0.0,0.0,0.0,0.0,0.0,8.0
-14659_6815,0.0,0.0,0.0,0.0,0.0,0.0,0.0,0.0,0.0,0.0,0.0,0.0,0.0,0.0,0.0,0.0,0.0,0.0,0.0,0.0,0.0,0.0,0.0,0.0,0.0,0.0,0.0,0.0,0.0,0.0,0.0,0.0,0.0,0.0,0.0,0.0,0.0,0.0,0.0,0.0,0.0,0.0,0.0,0.0,0.0,0.0,0.0,1.0,0.0,0.0,0.0,0.0,0.0,0.0,0.0,0.0,0.0,0.0,0.0,0.0,0.0,0.0,1.0,1.0,0.0,0.0
-14660_6811,0.0,2.0,15.0,2.0,0.0,4.0,0.0,0.0,1.0,0.0,0.0,1.0,0.0,0.0,0.0,4.0,0.0,0.0,0.0,2.0,0.0,0.0,0.0,0.0,0.0,0.0,6.0,0.0,0.0,1.0,0.0,0.0,0.0,0.0,0.0,0.0,0.0,0.0,0.0,0.0,0.0,0.0,0.0,0.0,0.0,0.0,0.0,0.0,0.0,0.0,0.0,0.0,0.0,0.0,0.0,0.0,0.0,0.0,0.0,0.0,0.0,0.0,0.0,0.0,0.0,38.0
-14660_6812,7.0,84.0,193.0,71.0,0.0,180.0,1.0,24.0,43.0,0.0,0.0,2.0,1.0,2.0,1.0,50.0,45.0,1.0,13.0,87.0,0.0,0.0,8.0,24.0,8.0,2.0,334.0,17.0,0.0,2.0,0.0,0.0,0.0,0.0,0.0,0.0,0.0,0.0,0.0,0.0,0.0,0.0,0.0,0.0,0.0,0.0,0.0,0.0,0.0,0.0,0.0,0.0,0.0,0.0,0.0,0.0,0.0,0.0,0.0,0.0,0.0,0.0,0.0,0.0,0.0,1200.0
-14660_6813,9.0,223.0,600.0,162.0,1.0,508.0,3.0,57.0,176.0,5.0,0.0,1.0,4.0,6.0,9.0,141.0,139.0,2.0,29.0,295.0,0.0,0.0,23.0,54.0,11.0,2.0,457.0,27.0,3.0,4.0,0.0,0.0,0.0,1.0,0.0,0.0,0.0,0.0,0.0,0.0,0.0,0.0,0.0,1.0,0.0,0.0,0.0,1.0,0.0,0.0,2.0,1.0,0.0,0.0,0.0,0.0,0.0,1.0,0.0,0.0,1.0,0.0,8.0,6.0,1.0,2951.0
-14660_6814,0.0,0.0,1.0,2.0,0.0,1.0,0.0,0.0,0.0,0.0,0.0,0.0,0.0,0.0,0.0,0.0,0.0,0.0,0.0,2.0,0.0,0.0,0.0,0.0,0.0,0.0,1.0,0.0,0.0,0.0,0.0,0.0,0.0,0.0,0.0,0.0,0.0,0.0,0.0,0.0,0.0,0.0,0.0,0.0,0.0,0.0,0.0,0.0,0.0,0.0,0.0,0.0,0.0,0.0,0.0,0.0,0.0,0.0,0.0,0.0,0.0,0.0,0.0,0.0,0.0,7.0
-14660_6815,0.0,17.0,20.0,2.0,0.0,22.0,1.0,5.0,3.0,1.0,0.0,1.0,0.0,0.0,1.0,5.0,9.0,0.0,0.0,15.0,0.0,0.0,4.0,3.0,0.0,0.0,28.0,5.0,0.0,0.0,0.0,0.0,0.0,0.0,0.0,0.0,0.0,0.0,0.0,0.0,0.0,0.0,0.0,0.0,0.0,0.0,0.0,0.0,0.0,0.0,0.0,0.0,0.0,0.0,0.0,0.0,0.0,0.0,0.0,0.0,0.0,0.0,0.0,0.0,0.0,142.0
-14660_6816,0.0,10.0,9.0,2.0,0.0,22.0,0.0,5.0,1.0,1.0,0.0,0.0,0.0,0.0,0.0,11.0,3.0,0.0,0.0,8.0,0.0,0.0,0.0,1.0,0.0,1.0,35.0,0.0,0.0,0.0,0.0,0.0,0.0,0.0,0.0,0.0,0.0,0.0,0.0,0.0,0.0,0.0,0.0,0.0,0.0,0.0,0.0,0.0,0.0,0.0,0.0,1.0,0.0,0.0,0.0,0.0,0.0,0.0,0.0,0.0,0.0,0.0,1.0,1.0,0.0,109.0
-14660_6818,0.0,2.0,1.0,2.0,0.0,11.0,0.0,1.0,0.0,0.0,0.0,0.0,0.0,0.0,0.0,4.0,2.0,0.0,0.0,4.0,0.0,0.0,0.0,0.0,0.0,0.0,12.0,0.0,0.0,1.0,0.0,0.0,0.0,0.0,0.0,0.0,0.0,0.0,0.0,0.0,0.0,0.0,0.0,0.0,0.0,0.0,0.0,0.0,0.0,0.0,0.0,0.0,0.0,0.0,0.0,0.0,0.0,0.0,0.0,0.0,0.0,0.0,0.0,0.0,0.0,40.0
-14660_6820,0.0,1.0,8.0,5.0,0.0,13.0,0.0,3.0,1.0,0.0,0.0,0.0,0.0,0.0,0.0,2.0,1.0,0.0,1.0,2.0,0.0,0.0,0.0,1.0,0.0,0.0,0.0,1.0,0.0,0.0,0.0,0.0,0.0,0.0,0.0,0.0,0.0,0.0,0.0,0.0,0.0,0.0,0.0,0.0,0.0,0.0,0.0,0.0,0.0,0.0,0.0,0.0,0.0,0.0,0.0,0.0,0.0,0.0,0.0,0.0,0.0,0.0,0.0,0.0,0.0,39.0
-14661_6811,0.0,4.0,32.0,8.0,0.0,16.0,0.0,5.0,6.0,0.0,0.0,0.0,0.0,0.0,2.0,2.0,3.0,0.0,0.0,0.0,0.0,0.0,0.0,2.0,0.0,0.0,35.0,0.0,1.0,0.0,0.0,0.0,0.0,0.0,0.0,0.0,0.0,0.0,0.0,0.0,0.0,0.0,0.0,0.0,0.0,0.0,0.0,0.0,0.0,0.0,0.0,0.0,0.0,0.0,0.0,0.0,0.0,0.0,0.0,0.0,0.0,0.0,0.0,0.0,0.0,116.0
-14661_6812,0.0,14.0,22.0,14.0,0.0,26.0,0.0,2.0,3.0,1.0,0.0,0.0,0.0,0.0,0.0,37.0,5.0,0.0,0.0,2.0,0.0,0.0,0.0,3.0,0.0,0.0,48.0,3.0,0.0,0.0,0.0,0.0,0.0,0.0,0.0,0.0,0.0,0.0,0.0,0.0,0.0,0.0,0.0,0.0,0.0,0.0,0.0,0.0,0.0,0.0,0.0,0.0,0.0,0.0,0.0,0.0,0.0,0.0,0.0,0.0,0.0,0.0,0.0,0.0,0.0,180.0
-14661_6813,3.0,64.0,138.0,66.0,0.0,146.0,1.0,20.0,51.0,2.0,0.0,3.0,0.0,1.0,3.0,79.0,50.0,0.0,8.0,108.0,0.0,0.0,6.0,15.0,2.0,4.0,182.0,10.0,1.0,0.0,0.0,0.0,0.0,0.0,0.0,0.0,0.0,0.0,0.0,0.0,0.0,0.0,0.0,0.0,0.0,0.0,0.0,0.0,0.0,0.0,1.0,0.0,0.0,0.0,0.0,0.0,0.0,0.0,0.0,0.0,0.0,0.0,1.0,1.0,0.0,963.0
-14661_6814,2.0,60.0,154.0,73.0,0.0,214.0,2.0,27.0,73.0,0.0,0.0,1.0,2.0,1.0,2.0,66.0,29.0,0.0,9.0,108.0,0.0,0.0,4.0,7.0,1.0,3.0,206.0,7.0,1.0,2.0,0.0,0.0,0.0,0.0,0.0,0.0,0.0,0.0,0.0,0.0,0.0,0.0,0.0,0.0,0.0,0.0,0.0,0.0,0.0,0.0,0.0,1.0,0.0,0.0,0.0,0.0,0.0,1.0,0.0,0.0,0.0,0.0,2.0,2.0,0.0,1054.0
-14661_6815,0.0,16.0,16.0,3.0,0.0,26.0,0.0,10.0,1.0,0.0,0.0,0.0,0.0,0.0,1.0,10.0,1.0,0.0,1.0,7.0,0.0,0.0,0.0,2.0,1.0,1.0,31.0,2.0,0.0,0.0,0.0,0.0,0.0,0.0,0.0,0.0,0.0,0.0,0.0,0.0,0.0,0.0,0.0,0.0,0.0,0.0,0.0,0.0,0.0,0.0,0.0,0.0,0.0,0.0,0.0,0.0,0.0,0.0,0.0,0.0,0.0,0.0,0.0,0.0,0.0,129.0
-14661_6816,0.0,4.0,13.0,1.0,0.0,14.0,0.0,5.0,1.0,0.0,0.0,0.0,0.0,0.0,0.0,22.0,2.0,0.0,0.0,1.0,0.0,0.0,0.0,2.0,0.0,0.0,20.0,0.0,0.0,0.0,0.0,0.0,0.0,0.0,0.0,0.0,0.0,0.0,0.0,0.0,0.0,0.0,0.0,0.0,0.0,0.0,0.0,0.0,0.0,0.0,0.0,0.0,0.0,0.0,0.0,0.0,0.0,0.0,0.0,0.0,0.0,0.0,0.0,0.0,0.0,85.0
-14661_6817,1.0,6.0,30.0,15.0,0.0,15.0,0.0,1.0,1.0,0.0,0.0,0.0,0.0,0.0,1.0,23.0,4.0,0.0,0.0,7.0,0.0,0.0,1.0,1.0,3.0,0.0,35.0,3.0,0.0,0.0,0.0,0.0,0.0,0.0,0.0,0.0,0.0,0.0,0.0,0.0,0.0,0.0,0.0,0.0,0.0,0.0,0.0,0.0,0.0,0.0,0.0,0.0,0.0,0.0,0.0,0.0,0.0,0.0,0.0,0.0,0.0,0.0,0.0,0.0,0.0,147.0
-14661_6818,1.0,85.0,173.0,58.0,0.0,190.0,1.0,36.0,75.0,0.0,0.0,2.0,0.0,3.0,1.0,38.0,32.0,0.0,23.0,96.0,0.0,0.0,6.0,29.0,1.0,6.0,614.0,10.0,0.0,2.0,0.0,0.0,0.0,0.0,0.0,0.0,0.0,0.0,0.0,1.0,0.0,0.0,0.0,0.0,0.0,0.0,0.0,0.0,0.0,1.0,0.0,0.0,0.0,0.0,0.0,0.0,0.0,0.0,0.0,0.0,1.0,0.0,3.0,1.0,0.0,1482.0
-14661_6819,1.0,102.0,206.0,100.0,0.0,295.0,2.0,22.0,50.0,1.0,0.0,2.0,0.0,11.0,1.0,68.0,33.0,0.0,38.0,145.0,0.0,0.0,10.0,15.0,9.0,2.0,201.0,14.0,0.0,1.0,0.0,0.0,0.0,0.0,0.0,0.0,0.0,0.0,0.0,0.0,0.0,0.0,0.0,0.0,0.0,0.0,0.0,0.0,0.0,0.0,1.0,2.0,0.0,0.0,0.0,0.0,0.0,1.0,0.0,0.0,0.0,0.0,4.0,4.0,0.0,1329.0
-14661_6820,5.0,69.0,136.0,83.0,0.0,235.0,0.0,12.0,40.0,1.0,0.0,1.0,1.0,0.0,0.0,45.0,25.0,0.0,12.0,108.0,0.0,0.0,6.0,7.0,8.0,0.0,146.0,9.0,0.0,1.0,0.0,0.0,0.0,0.0,0.0,0.0,0.0,0.0,0.0,0.0,0.0,0.0,0.0,0.0,0.0,0.0,0.0,0.0,0.0,0.0,1.0,0.0,0.0,0.0,0.0,0.0,0.0,1.0,0.0,0.0,0.0,0.0,2.0,2.0,0.0,950.0
-14661_6821,4.0,64.0,148.0,100.0,0.0,227.0,0.0,15.0,38.0,2.0,0.0,0.0,1.0,2.0,0.0,73.0,32.0,0.0,12.0,92.0,0.0,0.0,5.0,15.0,1.0,2.0,169.0,11.0,0.0,1.0,0.0,0.0,0.0,0.0,0.0,0.0,0.0,0.0,0.0,0.0,0.0,0.0,0.0,0.0,0.0,0.0,0.0,0.0,0.0,0.0,0.0,0.0,0.0,0.0,0.0,0.0,0.0,0.0,0.0,0.0,0.0,0.0,0.0,0.0,0.0,1014.0
-14661_6822,0.0,11.0,8.0,5.0,0.0,17.0,0.0,1.0,3.0,0.0,0.0,0.0,0.0,0.0,0.0,6.0,8.0,0.0,2.0,7.0,0.0,0.0,2.0,1.0,0.0,0.0,13.0,1.0,0.0,0.0,0.0,0.0,0.0,0.0,0.0,0.0,0.0,0.0,0.0,0.0,0.0,0.0,0.0,0.0,0.0,0.0,0.0,0.0,0.0,0.0,0.0,0.0,0.0,0.0,0.0,0.0,0.0,0.0,0.0,0.0,0.0,0.0,0.0,0.0,0.0,85.0
-14662_6810,0.0,0.0,0.0,0.0,0.0,0.0,0.0,0.0,0.0,0.0,0.0,0.0,0.0,0.0,0.0,0.0,0.0,0.0,0.0,0.0,0.0,0.0,0.0,0.0,0.0,0.0,1.0,0.0,0.0,0.0,0.0,0.0,0.0,0.0,0.0,0.0,0.0,0.0,0.0,0.0,0.0,0.0,0.0,0.0,0.0,0.0,0.0,0.0,0.0,0.0,0.0,0.0,0.0,0.0,0.0,0.0,0.0,0.0,0.0,0.0,0.0,0.0,0.0,0.0,0.0,1.0
-14662_6811,0.0,1.0,5.0,3.0,0.0,1.0,0.0,1.0,1.0,0.0,0.0,0.0,0.0,0.0,0.0,0.0,1.0,0.0,0.0,1.0,0.0,0.0,0.0,0.0,0.0,0.0,5.0,0.0,0.0,0.0,0.0,0.0,0.0,0.0,0.0,0.0,0.0,0.0,0.0,0.0,0.0,0.0,0.0,0.0,0.0,0.0,0.0,0.0,0.0,0.0,0.0,0.0,0.0,0.0,0.0,0.0,0.0,0.0,0.0,0.0,0.0,0.0,0.0,0.0,0.0,19.0
-14662_6812,0.0,0.0,2.0,0.0,0.0,0.0,0.0,0.0,0.0,0.0,0.0,0.0,0.0,0.0,0.0,0.0,2.0,0.0,0.0,0.0,0.0,0.0,6.0,0.0,0.0,0.0,1.0,0.0,0.0,0.0,0.0,0.0,0.0,0.0,0.0,0.0,0.0,0.0,0.0,0.0,0.0,0.0,0.0,0.0,0.0,0.0,0.0,0.0,0.0,0.0,0.0,0.0,0.0,0.0,0.0,0.0,0.0,0.0,0.0,0.0,0.0,0.0,0.0,0.0,0.0,11.0
-14662_6813,0.0,0.0,3.0,6.0,0.0,7.0,0.0,1.0,1.0,0.0,0.0,0.0,0.0,0.0,0.0,4.0,5.0,0.0,0.0,0.0,0.0,0.0,1.0,1.0,0.0,0.0,11.0,1.0,0.0,0.0,0.0,0.0,0.0,0.0,0.0,0.0,0.0,0.0,0.0,0.0,0.0,0.0,0.0,0.0,0.0,0.0,0.0,0.0,0.0,0.0,0.0,0.0,0.0,0.0,0.0,0.0,0.0,0.0,0.0,0.0,0.0,0.0,0.0,0.0,0.0,41.0
-14662_6814,3.0,40.0,72.0,48.0,0.0,81.0,1.0,12.0,34.0,0.0,0.0,0.0,0.0,0.0,2.0,39.0,34.0,0.0,5.0,53.0,0.0,0.0,1.0,6.0,5.0,0.0,97.0,2.0,0.0,1.0,0.0,0.0,0.0,0.0,0.0,0.0,0.0,0.0,0.0,0.0,0.0,0.0,0.0,0.0,0.0,0.0,0.0,0.0,0.0,0.0,0.0,0.0,0.0,0.0,0.0,0.0,0.0,0.0,0.0,0.0,0.0,0.0,0.0,0.0,0.0,536.0
-14662_6815,1.0,88.0,120.0,32.0,0.0,147.0,0.0,12.0,43.0,1.0,0.0,0.0,1.0,1.0,0.0,85.0,21.0,0.0,7.0,104.0,1.0,0.0,4.0,1.0,2.0,2.0,231.0,3.0,0.0,1.0,0.0,0.0,0.0,0.0,0.0,0.0,0.0,0.0,0.0,0.0,0.0,0.0,0.0,0.0,0.0,0.0,0.0,0.0,0.0,0.0,0.0,0.0,0.0,0.0,0.0,0.0,0.0,0.0,0.0,0.0,0.0,0.0,0.0,0.0,0.0,908.0
-14662_6816,1.0,1.0,1.0,1.0,0.0,0.0,0.0,1.0,0.0,0.0,0.0,0.0,0.0,0.0,0.0,2.0,1.0,0.0,0.0,0.0,0.0,0.0,0.0,0.0,0.0,0.0,4.0,0.0,0.0,0.0,0.0,0.0,0.0,0.0,0.0,0.0,0.0,0.0,0.0,0.0,0.0,0.0,0.0,0.0,0.0,0.0,0.0,0.0,0.0,0.0,0.0,0.0,0.0,0.0,0.0,0.0,0.0,0.0,0.0,0.0,0.0,0.0,0.0,0.0,0.0,12.0
-14662_6817,0.0,1.0,1.0,1.0,0.0,0.0,0.0,0.0,2.0,0.0,0.0,0.0,0.0,0.0,0.0,1.0,0.0,0.0,0.0,0.0,0.0,0.0,0.0,1.0,0.0,0.0,3.0,0.0,0.0,0.0,0.0,0.0,0.0,0.0,0.0,0.0,0.0,0.0,0.0,0.0,0.0,0.0,0.0,0.0,0.0,0.0,0.0,0.0,0.0,0.0,0.0,0.0,0.0,0.0,0.0,0.0,0.0,0.0,0.0,0.0,0.0,0.0,0.0,0.0,0.0,10.0
-14662_6818,0.0,4.0,3.0,3.0,0.0,9.0,0.0,6.0,1.0,0.0,0.0,0.0,0.0,0.0,0.0,1.0,0.0,0.0,0.0,1.0,0.0,0.0,2.0,1.0,1.0,0.0,24.0,0.0,0.0,0.0,0.0,0.0,0.0,0.0,0.0,0.0,0.0,0.0,0.0,0.0,0.0,0.0,0.0,0.0,0.0,0.0,0.0,0.0,0.0,0.0,0.0,0.0,0.0,0.0,0.0,0.0,0.0,0.0,0.0,0.0,0.0,0.0,0.0,0.0,0.0,56.0
-14662_6819,5.0,247.0,606.0,44.0,0.0,221.0,0.0,46.0,33.0,1.0,0.0,1.0,0.0,2.0,8.0,28.0,290.0,2.0,9.0,82.0,0.0,0.0,78.0,19.0,22.0,0.0,329.0,29.0,1.0,3.0,0.0,0.0,0.0,0.0,0.0,0.0,0.0,0.0,0.0,0.0,0.0,0.0,0.0,0.0,0.0,0.0,0.0,1.0,0.0,0.0,0.0,1.0,0.0,0.0,0.0,0.0,0.0,1.0,0.0,0.0,0.0,0.0,3.0,3.0,0.0,2106.0
-14662_6820,9.0,148.0,367.0,158.0,0.0,458.0,0.0,30.0,72.0,1.0,0.0,2.0,1.0,12.0,1.0,106.0,88.0,0.0,36.0,197.0,0.0,0.0,10.0,27.0,9.0,1.0,297.0,29.0,0.0,3.0,0.0,0.0,0.0,0.0,0.0,0.0,0.0,0.0,0.0,0.0,0.0,0.0,0.0,0.0,0.0,0.0,0.0,0.0,0.0,0.0,1.0,0.0,0.0,0.0,0.0,0.0,0.0,0.0,0.0,0.0,0.0,0.0,1.0,1.0,0.0,2062.0
-14662_6821,8.0,147.0,323.0,142.0,0.0,494.0,1.0,45.0,73.0,1.0,0.0,1.0,1.0,7.0,1.0,133.0,113.0,0.0,36.0,212.0,0.0,0.0,13.0,34.0,5.0,4.0,312.0,39.0,0.0,8.0,0.0,0.0,0.0,0.0,0.0,1.0,0.0,0.0,0.0,0.0,0.0,0.0,0.0,0.0,0.0,0.0,0.0,0.0,0.0,0.0,1.0,1.0,0.0,0.0,0.0,0.0,0.0,1.0,0.0,0.0,0.0,0.0,4.0,4.0,0.0,2153.0
-14662_6822,5.0,262.0,508.0,191.0,0.0,595.0,1.0,54.0,154.0,2.0,0.0,8.0,4.0,7.0,2.0,191.0,117.0,0.0,23.0,217.0,0.0,0.0,11.0,78.0,10.0,4.0,684.0,41.0,0.0,7.0,0.0,0.0,0.0,1.0,0.0,0.0,0.0,0.0,0.0,0.0,0.0,0.0,1.0,0.0,0.0,0.0,0.0,1.0,0.0,0.0,0.0,1.0,0.0,0.0,0.0,0.0,0.0,1.0,0.0,0.0,1.0,0.0,6.0,3.0,1.0,3176.0
-14662_6823,0.0,3.0,7.0,8.0,0.0,20.0,0.0,1.0,2.0,0.0,0.0,3.0,0.0,0.0,0.0,6.0,7.0,0.0,0.0,0.0,0.0,0.0,1.0,0.0,0.0,0.0,25.0,2.0,0.0,1.0,0.0,0.0,0.0,0.0,0.0,0.0,0.0,0.0,0.0,0.0,0.0,0.0,0.0,0.0,0.0,0.0,0.0,0.0,0.0,0.0,0.0,0.0,0.0,0.0,0.0,0.0,0.0,0.0,0.0,0.0,0.0,0.0,0.0,0.0,0.0,86.0
-14663_6811,0.0,0.0,1.0,0.0,0.0,0.0,0.0,0.0,0.0,1.0,0.0,0.0,0.0,0.0,0.0,1.0,1.0,0.0,0.0,0.0,0.0,0.0,0.0,0.0,0.0,0.0,0.0,0.0,0.0,1.0,0.0,0.0,0.0,0.0,0.0,0.0,0.0,0.0,0.0,0.0,0.0,0.0,0.0,0.0,0.0,0.0,0.0,0.0,0.0,0.0,0.0,0.0,0.0,0.0,0.0,0.0,0.0,0.0,0.0,0.0,0.0,0.0,0.0,0.0,0.0,5.0
-14663_6813,0.0,1.0,3.0,3.0,0.0,9.0,0.0,0.0,0.0,0.0,0.0,0.0,0.0,0.0,0.0,5.0,3.0,0.0,1.0,1.0,0.0,0.0,0.0,0.0,0.0,0.0,3.0,1.0,0.0,0.0,0.0,0.0,0.0,0.0,0.0,0.0,0.0,0.0,0.0,0.0,0.0,0.0,0.0,0.0,0.0,0.0,0.0,0.0,0.0,0.0,0.0,0.0,0.0,0.0,0.0,0.0,0.0,0.0,0.0,0.0,0.0,0.0,0.0,0.0,0.0,30.0
-14663_6814,0.0,0.0,1.0,0.0,0.0,0.0,0.0,1.0,0.0,0.0,0.0,0.0,0.0,0.0,0.0,1.0,1.0,0.0,0.0,0.0,0.0,0.0,0.0,0.0,0.0,0.0,1.0,0.0,0.0,0.0,0.0,0.0,0.0,0.0,0.0,0.0,0.0,0.0,0.0,0.0,0.0,0.0,0.0,0.0,0.0,0.0,0.0,0.0,0.0,0.0,0.0,0.0,0.0,0.0,0.0,0.0,0.0,0.0,0.0,0.0,0.0,0.0,0.0,0.0,0.0,5.0
-14663_6815,0.0,0.0,1.0,0.0,0.0,0.0,0.0,0.0,0.0,0.0,0.0,0.0,0.0,0.0,0.0,0.0,0.0,0.0,0.0,0.0,0.0,0.0,0.0,0.0,0.0,0.0,0.0,0.0,0.0,0.0,0.0,0.0,0.0,0.0,0.0,0.0,0.0,0.0,0.0,0.0,0.0,0.0,0.0,0.0,0.0,0.0,0.0,1.0,0.0,0.0,0.0,0.0,0.0,0.0,0.0,0.0,0.0,0.0,0.0,0.0,0.0,0.0,1.0,1.0,0.0,1.0
-14663_6816,3.0,4.0,8.0,2.0,0.0,5.0,0.0,4.0,0.0,1.0,0.0,0.0,0.0,0.0,0.0,4.0,6.0,0.0,0.0,4.0,0.0,0.0,0.0,3.0,0.0,0.0,18.0,4.0,0.0,0.0,0.0,0.0,0.0,0.0,0.0,0.0,0.0,0.0,0.0,0.0,0.0,0.0,0.0,0.0,0.0,0.0,0.0,0.0,0.0,0.0,0.0,0.0,0.0,0.0,0.0,0.0,0.0,0.0,0.0,0.0,0.0,0.0,0.0,0.0,0.0,66.0
-14663_6817,0.0,0.0,3.0,0.0,0.0,3.0,0.0,0.0,1.0,0.0,0.0,0.0,0.0,0.0,0.0,0.0,2.0,0.0,1.0,0.0,0.0,0.0,0.0,0.0,0.0,0.0,2.0,0.0,0.0,0.0,0.0,0.0,0.0,0.0,0.0,0.0,0.0,0.0,0.0,0.0,0.0,0.0,0.0,0.0,0.0,0.0,0.0,0.0,0.0,0.0,0.0,0.0,0.0,0.0,0.0,0.0,0.0,0.0,0.0,0.0,0.0,0.0,0.0,0.0,0.0,12.0
-14663_6818,0.0,1.0,0.0,0.0,0.0,2.0,0.0,0.0,0.0,0.0,0.0,0.0,0.0,0.0,0.0,0.0,0.0,0.0,0.0,0.0,0.0,0.0,0.0,0.0,0.0,0.0,0.0,0.0,0.0,0.0,0.0,0.0,0.0,0.0,0.0,0.0,0.0,0.0,0.0,0.0,0.0,0.0,0.0,0.0,0.0,0.0,0.0,0.0,0.0,0.0,0.0,0.0,0.0,0.0,0.0,0.0,0.0,0.0,0.0,0.0,0.0,0.0,0.0,0.0,0.0,3.0
-14663_6819,0.0,0.0,0.0,0.0,0.0,0.0,0.0,0.0,0.0,0.0,0.0,0.0,0.0,0.0,0.0,1.0,0.0,0.0,0.0,0.0,0.0,0.0,0.0,0.0,0.0,0.0,0.0,0.0,0.0,0.0,0.0,0.0,0.0,0.0,0.0,0.0,0.0,0.0,0.0,0.0,0.0,0.0,0.0,0.0,0.0,0.0,0.0,0.0,0.0,0.0,0.0,0.0,0.0,0.0,0.0,0.0,0.0,0.0,0.0,0.0,0.0,0.0,0.0,0.0,0.0,1.0
-14663_6820,1.0,20.0,41.0,14.0,0.0,68.0,0.0,3.0,8.0,1.0,0.0,0.0,2.0,1.0,0.0,18.0,13.0,0.0,2.0,33.0,0.0,0.0,0.0,4.0,1.0,0.0,41.0,5.0,0.0,1.0,0.0,0.0,0.0,0.0,0.0,0.0,0.0,0.0,0.0,0.0,0.0,0.0,0.0,0.0,0.0,0.0,0.0,0.0,0.0,0.0,0.0,0.0,0.0,0.0,0.0,0.0,0.0,0.0,0.0,0.0,0.0,0.0,0.0,0.0,0.0,277.0
-14663_6821,7.0,207.0,471.0,185.0,0.0,573.0,2.0,32.0,93.0,8.0,0.0,2.0,1.0,4.0,1.0,118.0,109.0,0.0,42.0,221.0,0.0,0.0,20.0,22.0,7.0,1.0,325.0,60.0,0.0,9.0,0.0,0.0,0.0,0.0,0.0,0.0,0.0,0.0,0.0,0.0,0.0,0.0,0.0,0.0,0.0,0.0,0.0,1.0,0.0,0.0,0.0,1.0,0.0,0.0,0.0,0.0,0.0,0.0,0.0,0.0,0.0,0.0,2.0,2.0,0.0,2520.0
-14663_6822,11.0,516.0,1022.0,352.0,0.0,1003.0,3.0,109.0,291.0,9.0,1.0,14.0,6.0,17.0,22.0,252.0,357.0,0.0,76.0,413.0,2.0,0.0,58.0,160.0,35.0,9.0,974.0,103.0,0.0,5.0,2.0,0.0,0.0,1.0,0.0,1.0,0.0,0.0,0.0,1.0,0.0,0.0,0.0,1.0,0.0,0.0,0.0,1.0,0.0,2.0,4.0,1.0,0.0,0.0,0.0,0.0,0.0,0.0,0.0,0.0,2.0,0.0,16.0,9.0,3.0,5820.0
-14663_6823,10.0,278.0,665.0,222.0,0.0,698.0,3.0,59.0,111.0,7.0,0.0,8.0,2.0,8.0,10.0,208.0,208.0,0.0,48.0,281.0,0.0,0.0,25.0,71.0,23.0,5.0,495.0,74.0,0.0,9.0,0.0,0.0,0.0,0.0,0.0,0.0,0.0,0.0,0.0,0.0,0.0,0.0,0.0,0.0,0.0,0.0,0.0,0.0,0.0,0.0,2.0,0.0,0.0,0.0,0.0,0.0,0.0,2.0,0.0,0.0,1.0,0.0,5.0,4.0,0.0,3528.0
-14663_6824,0.0,2.0,7.0,0.0,0.0,5.0,0.0,1.0,0.0,2.0,0.0,1.0,0.0,0.0,0.0,2.0,7.0,0.0,0.0,1.0,0.0,0.0,0.0,0.0,3.0,0.0,9.0,5.0,0.0,0.0,0.0,0.0,0.0,0.0,0.0,0.0,0.0,0.0,0.0,0.0,0.0,0.0,0.0,0.0,0.0,0.0,0.0,0.0,0.0,0.0,0.0,0.0,0.0,0.0,0.0,0.0,0.0,0.0,0.0,0.0,0.0,0.0,0.0,0.0,0.0,45.0
-14663_6825,0.0,4.0,5.0,0.0,0.0,3.0,0.0,2.0,0.0,0.0,0.0,0.0,0.0,0.0,0.0,0.0,3.0,0.0,1.0,1.0,0.0,0.0,3.0,2.0,0.0,0.0,4.0,4.0,0.0,0.0,0.0,0.0,0.0,0.0,0.0,0.0,0.0,0.0,0.0,0.0,0.0,0.0,0.0,0.0,0.0,0.0,0.0,0.0,0.0,0.0,0.0,0.0,0.0,0.0,0.0,0.0,0.0,0.0,0.0,0.0,0.0,0.0,0.0,0.0,0.0,32.0
-14664_6810,0.0,0.0,1.0,1.0,0.0,1.0,0.0,0.0,0.0,0.0,0.0,0.0,0.0,0.0,0.0,0.0,0.0,0.0,0.0,0.0,0.0,0.0,0.0,0.0,0.0,0.0,3.0,0.0,0.0,0.0,0.0,0.0,0.0,0.0,0.0,0.0,0.0,0.0,0.0,0.0,0.0,0.0,0.0,0.0,0.0,0.0,0.0,0.0,0.0,0.0,0.0,0.0,0.0,0.0,0.0,0.0,0.0,0.0,0.0,0.0,0.0,0.0,0.0,0.0,0.0,6.0
-14664_6812,0.0,5.0,7.0,1.0,0.0,0.0,0.0,0.0,0.0,1.0,0.0,0.0,0.0,0.0,0.0,1.0,0.0,0.0,0.0,0.0,0.0,0.0,0.0,0.0,0.0,0.0,2.0,0.0,0.0,2.0,0.0,0.0,0.0,0.0,0.0,0.0,0.0,0.0,0.0,0.0,0.0,0.0,0.0,0.0,0.0,0.0,0.0,0.0,0.0,0.0,0.0,0.0,0.0,0.0,0.0,0.0,0.0,0.0,0.0,0.0,0.0,0.0,0.0,0.0,0.0,19.0
-14664_6813,0.0,1.0,5.0,0.0,0.0,3.0,0.0,0.0,2.0,0.0,0.0,0.0,0.0,1.0,0.0,4.0,6.0,0.0,0.0,0.0,0.0,0.0,0.0,0.0,0.0,0.0,5.0,0.0,0.0,0.0,0.0,0.0,0.0,0.0,0.0,0.0,0.0,0.0,0.0,0.0,0.0,0.0,0.0,0.0,0.0,0.0,0.0,0.0,0.0,0.0,0.0,0.0,0.0,0.0,0.0,0.0,0.0,0.0,0.0,0.0,0.0,0.0,0.0,0.0,0.0,27.0
-14664_6814,0.0,1.0,2.0,3.0,0.0,4.0,0.0,5.0,0.0,0.0,0.0,0.0,0.0,0.0,0.0,0.0,0.0,0.0,0.0,2.0,0.0,0.0,0.0,1.0,0.0,0.0,13.0,1.0,0.0,0.0,0.0,0.0,0.0,0.0,0.0,0.0,0.0,0.0,0.0,0.0,0.0,0.0,0.0,0.0,0.0,0.0,0.0,0.0,0.0,0.0,0.0,0.0,0.0,0.0,0.0,0.0,0.0,0.0,0.0,0.0,0.0,0.0,0.0,0.0,0.0,32.0
-14664_6815,0.0,0.0,0.0,0.0,0.0,1.0,0.0,0.0,0.0,0.0,0.0,0.0,0.0,0.0,0.0,0.0,0.0,0.0,0.0,1.0,0.0,0.0,0.0,0.0,0.0,0.0,0.0,0.0,0.0,0.0,0.0,0.0,0.0,0.0,0.0,0.0,0.0,0.0,0.0,0.0,0.0,0.0,0.0,0.0,0.0,0.0,0.0,1.0,0.0,0.0,0.0,0.0,0.0,0.0,0.0,0.0,0.0,0.0,0.0,0.0,0.0,0.0,1.0,1.0,0.0,2.0
-14664_6816,0.0,0.0,0.0,1.0,0.0,1.0,0.0,0.0,0.0,0.0,0.0,0.0,0.0,0.0,0.0,0.0,0.0,0.0,0.0,0.0,0.0,0.0,0.0,0.0,0.0,0.0,0.0,0.0,0.0,0.0,0.0,0.0,0.0,0.0,0.0,0.0,0.0,0.0,0.0,0.0,0.0,0.0,0.0,0.0,0.0,0.0,0.0,0.0,0.0,0.0,0.0,0.0,0.0,0.0,0.0,0.0,0.0,0.0,0.0,0.0,0.0,0.0,0.0,0.0,0.0,2.0
-14664_6817,0.0,0.0,0.0,0.0,0.0,0.0,0.0,0.0,0.0,0.0,0.0,0.0,0.0,0.0,0.0,0.0,0.0,0.0,0.0,0.0,0.0,0.0,0.0,0.0,0.0,0.0,0.0,0.0,0.0,0.0,0.0,0.0,0.0,0.0,0.0,0.0,0.0,0.0,0.0,0.0,0.0,0.0,0.0,0.0,0.0,0.0,0.0,1.0,0.0,0.0,0.0,0.0,0.0,0.0,0.0,0.0,0.0,0.0,0.0,0.0,0.0,0.0,1.0,1.0,0.0,0.0
-14664_6818,1.0,3.0,9.0,13.0,0.0,8.0,0.0,2.0,2.0,2.0,0.0,0.0,0.0,0.0,1.0,5.0,7.0,0.0,0.0,2.0,0.0,0.0,0.0,0.0,0.0,0.0,28.0,2.0,0.0,0.0,0.0,0.0,0.0,0.0,0.0,0.0,0.0,0.0,0.0,0.0,0.0,0.0,0.0,0.0,0.0,0.0,0.0,0.0,0.0,0.0,0.0,0.0,0.0,0.0,0.0,0.0,0.0,0.0,0.0,0.0,0.0,0.0,0.0,0.0,0.0,85.0
-14664_6819,0.0,0.0,4.0,1.0,0.0,3.0,0.0,0.0,0.0,0.0,0.0,0.0,0.0,0.0,0.0,1.0,9.0,0.0,0.0,2.0,0.0,0.0,0.0,1.0,0.0,0.0,4.0,0.0,0.0,0.0,0.0,0.0,0.0,0.0,0.0,0.0,0.0,0.0,0.0,0.0,0.0,0.0,0.0,0.0,0.0,0.0,0.0,0.0,0.0,0.0,0.0,0.0,0.0,0.0,0.0,0.0,0.0,0.0,0.0,0.0,0.0,0.0,0.0,0.0,0.0,25.0
-14664_6820,0.0,0.0,0.0,0.0,0.0,1.0,0.0,0.0,0.0,0.0,0.0,0.0,0.0,0.0,0.0,0.0,0.0,0.0,0.0,0.0,0.0,0.0,0.0,0.0,0.0,0.0,0.0,0.0,0.0,0.0,0.0,0.0,0.0,0.0,0.0,0.0,0.0,0.0,0.0,0.0,0.0,0.0,0.0,0.0,0.0,0.0,0.0,0.0,0.0,0.0,0.0,0.0,0.0,0.0,0.0,0.0,0.0,0.0,0.0,0.0,0.0,0.0,0.0,0.0,0.0,1.0
-14664_6821,0.0,2.0,19.0,7.0,0.0,2.0,0.0,0.0,0.0,0.0,0.0,0.0,0.0,0.0,0.0,3.0,2.0,0.0,0.0,4.0,0.0,0.0,1.0,0.0,0.0,0.0,2.0,0.0,0.0,0.0,0.0,0.0,0.0,0.0,0.0,0.0,0.0,0.0,0.0,0.0,0.0,0.0,0.0,0.0,0.0,0.0,0.0,0.0,0.0,0.0,0.0,0.0,0.0,0.0,0.0,0.0,0.0,0.0,0.0,0.0,0.0,0.0,0.0,0.0,0.0,42.0
-14664_6822,6.0,103.0,255.0,92.0,0.0,310.0,3.0,36.0,36.0,3.0,0.0,1.0,2.0,12.0,10.0,83.0,89.0,1.0,10.0,130.0,1.0,0.0,18.0,27.0,5.0,1.0,173.0,42.0,4.0,3.0,0.0,0.0,0.0,2.0,0.0,0.0,0.0,0.0,0.0,0.0,0.0,0.0,0.0,0.0,0.0,0.0,0.0,0.0,0.0,0.0,0.0,0.0,0.0,0.0,0.0,0.0,0.0,0.0,0.0,0.0,0.0,0.0,2.0,0.0,2.0,1456.0
-14664_6823,10.0,222.0,478.0,231.0,1.0,515.0,1.0,56.0,57.0,7.0,0.0,0.0,3.0,2.0,8.0,168.0,186.0,0.0,31.0,213.0,0.0,0.0,19.0,35.0,12.0,2.0,316.0,72.0,0.0,12.0,0.0,0.0,0.0,0.0,0.0,0.0,0.0,0.0,0.0,0.0,0.0,0.0,0.0,0.0,0.0,0.0,0.0,0.0,0.0,0.0,0.0,0.0,0.0,0.0,0.0,0.0,0.0,0.0,0.0,0.0,0.0,0.0,0.0,0.0,0.0,2657.0
-14664_6824,13.0,328.0,663.0,223.0,0.0,665.0,3.0,66.0,85.0,7.0,0.0,6.0,6.0,5.0,6.0,230.0,243.0,1.0,44.0,268.0,1.0,0.0,21.0,72.0,12.0,0.0,440.0,84.0,0.0,14.0,0.0,0.0,0.0,0.0,0.0,0.0,0.0,0.0,0.0,0.0,0.0,0.0,1.0,0.0,0.0,0.0,0.0,1.0,0.0,0.0,2.0,0.0,0.0,0.0,0.0,0.0,0.0,1.0,0.0,0.0,0.0,0.0,5.0,4.0,0.0,3506.0
-14664_6825,11.0,346.0,815.0,180.0,1.0,777.0,5.0,76.0,77.0,9.0,0.0,20.0,1.0,11.0,26.0,209.0,305.0,0.0,48.0,280.0,1.0,0.0,46.0,64.0,18.0,2.0,427.0,101.0,2.0,12.0,0.0,0.0,0.0,0.0,0.0,0.0,0.0,0.0,0.0,0.0,0.0,0.0,0.0,0.0,0.0,0.0,0.0,1.0,0.0,0.0,2.0,2.0,0.0,0.0,0.0,0.0,0.0,1.0,0.0,0.0,1.0,0.0,7.0,6.0,0.0,3870.0
-14664_6826,0.0,2.0,10.0,0.0,0.0,0.0,0.0,0.0,0.0,0.0,0.0,0.0,0.0,0.0,1.0,1.0,6.0,0.0,0.0,0.0,0.0,0.0,2.0,0.0,0.0,0.0,3.0,5.0,0.0,0.0,0.0,0.0,0.0,0.0,0.0,0.0,0.0,0.0,0.0,0.0,0.0,0.0,0.0,0.0,0.0,0.0,0.0,0.0,0.0,0.0,0.0,0.0,1.0,0.0,0.0,0.0,0.0,0.0,0.0,0.0,0.0,0.0,1.0,1.0,0.0,30.0
-14665_6810,0.0,0.0,0.0,0.0,0.0,0.0,0.0,0.0,0.0,0.0,0.0,0.0,0.0,0.0,0.0,0.0,0.0,0.0,0.0,0.0,0.0,0.0,0.0,0.0,0.0,0.0,1.0,2.0,0.0,0.0,0.0,0.0,0.0,0.0,0.0,0.0,0.0,0.0,0.0,0.0,0.0,0.0,0.0,0.0,0.0,0.0,0.0,0.0,0.0,0.0,0.0,0.0,0.0,0.0,0.0,0.0,0.0,0.0,0.0,0.0,0.0,0.0,0.0,0.0,0.0,3.0
-14665_6811,0.0,0.0,1.0,0.0,0.0,0.0,0.0,0.0,0.0,0.0,0.0,0.0,0.0,0.0,0.0,0.0,0.0,0.0,0.0,0.0,0.0,0.0,0.0,0.0,0.0,0.0,0.0,0.0,0.0,0.0,0.0,0.0,0.0,0.0,0.0,0.0,0.0,0.0,0.0,0.0,0.0,0.0,0.0,0.0,0.0,0.0,0.0,0.0,0.0,0.0,0.0,0.0,0.0,0.0,0.0,0.0,0.0,0.0,0.0,0.0,0.0,0.0,0.0,0.0,0.0,1.0
-14665_6812,0.0,1.0,6.0,0.0,0.0,6.0,0.0,1.0,0.0,0.0,0.0,0.0,0.0,0.0,0.0,1.0,0.0,0.0,2.0,1.0,0.0,0.0,0.0,0.0,0.0,0.0,6.0,0.0,0.0,0.0,0.0,0.0,0.0,0.0,0.0,0.0,0.0,0.0,0.0,0.0,0.0,0.0,0.0,0.0,0.0,0.0,0.0,0.0,0.0,0.0,0.0,0.0,0.0,0.0,0.0,0.0,0.0,0.0,0.0,0.0,0.0,0.0,0.0,0.0,0.0,24.0
-14665_6813,0.0,9.0,27.0,0.0,0.0,3.0,1.0,0.0,0.0,0.0,0.0,0.0,0.0,0.0,0.0,1.0,0.0,0.0,1.0,4.0,0.0,0.0,2.0,1.0,0.0,0.0,8.0,2.0,0.0,0.0,0.0,0.0,0.0,0.0,0.0,0.0,0.0,0.0,0.0,0.0,0.0,0.0,0.0,0.0,0.0,0.0,0.0,0.0,0.0,0.0,0.0,0.0,0.0,0.0,0.0,0.0,0.0,1.0,0.0,0.0,0.0,0.0,1.0,1.0,0.0,59.0
-14665_6814,0.0,2.0,23.0,12.0,0.0,10.0,0.0,3.0,6.0,0.0,0.0,1.0,0.0,0.0,0.0,25.0,7.0,0.0,0.0,8.0,0.0,0.0,1.0,5.0,0.0,0.0,38.0,1.0,0.0,1.0,0.0,0.0,0.0,0.0,0.0,0.0,0.0,0.0,0.0,0.0,0.0,0.0,0.0,0.0,0.0,0.0,0.0,0.0,0.0,0.0,0.0,0.0,0.0,0.0,0.0,0.0,0.0,0.0,0.0,0.0,0.0,0.0,0.0,0.0,0.0,143.0
-14665_6815,0.0,0.0,0.0,0.0,0.0,0.0,0.0,0.0,0.0,0.0,0.0,0.0,0.0,0.0,0.0,1.0,0.0,0.0,0.0,0.0,0.0,0.0,0.0,0.0,0.0,0.0,0.0,0.0,0.0,0.0,0.0,0.0,0.0,0.0,0.0,0.0,0.0,0.0,0.0,0.0,0.0,0.0,0.0,0.0,0.0,0.0,0.0,0.0,0.0,0.0,0.0,0.0,0.0,0.0,0.0,0.0,0.0,0.0,0.0,0.0,0.0,0.0,0.0,0.0,0.0,1.0
-14665_6816,1.0,12.0,10.0,20.0,0.0,11.0,0.0,8.0,4.0,1.0,0.0,0.0,0.0,0.0,0.0,16.0,5.0,0.0,0.0,8.0,0.0,0.0,1.0,3.0,0.0,0.0,25.0,2.0,0.0,2.0,0.0,0.0,0.0,0.0,0.0,0.0,0.0,0.0,0.0,0.0,0.0,0.0,0.0,0.0,0.0,0.0,0.0,0.0,0.0,0.0,0.0,0.0,0.0,0.0,0.0,0.0,0.0,0.0,0.0,0.0,0.0,0.0,0.0,0.0,0.0,129.0
-14665_6819,0.0,0.0,1.0,0.0,0.0,1.0,0.0,0.0,0.0,2.0,0.0,0.0,0.0,0.0,0.0,0.0,0.0,0.0,0.0,0.0,0.0,0.0,0.0,0.0,0.0,0.0,0.0,0.0,0.0,0.0,0.0,0.0,0.0,0.0,0.0,0.0,0.0,0.0,0.0,0.0,0.0,0.0,0.0,0.0,0.0,0.0,0.0,0.0,0.0,0.0,0.0,0.0,0.0,0.0,0.0,0.0,0.0,0.0,0.0,0.0,0.0,0.0,0.0,0.0,0.0,4.0
-14665_6820,0.0,4.0,2.0,7.0,0.0,12.0,0.0,4.0,0.0,0.0,0.0,0.0,0.0,0.0,0.0,6.0,6.0,0.0,0.0,3.0,0.0,0.0,0.0,0.0,0.0,0.0,13.0,0.0,0.0,0.0,0.0,0.0,0.0,0.0,0.0,0.0,0.0,0.0,0.0,0.0,0.0,0.0,0.0,0.0,0.0,0.0,0.0,0.0,0.0,0.0,0.0,0.0,0.0,0.0,0.0,0.0,0.0,0.0,0.0,0.0,0.0,0.0,0.0,0.0,0.0,57.0
-14665_6821,0.0,11.0,48.0,5.0,0.0,33.0,0.0,4.0,9.0,0.0,0.0,1.0,0.0,0.0,0.0,16.0,11.0,0.0,2.0,15.0,0.0,0.0,0.0,7.0,0.0,0.0,13.0,4.0,1.0,2.0,0.0,0.0,0.0,0.0,0.0,0.0,0.0,0.0,0.0,0.0,0.0,0.0,0.0,0.0,0.0,0.0,0.0,0.0,0.0,0.0,0.0,0.0,0.0,0.0,0.0,0.0,0.0,0.0,0.0,0.0,0.0,0.0,0.0,0.0,0.0,182.0
-14665_6822,1.0,7.0,8.0,7.0,0.0,15.0,0.0,7.0,5.0,0.0,0.0,1.0,0.0,0.0,0.0,9.0,28.0,0.0,1.0,6.0,0.0,0.0,3.0,1.0,0.0,0.0,32.0,7.0,0.0,1.0,0.0,0.0,0.0,0.0,0.0,0.0,0.0,0.0,0.0,0.0,0.0,0.0,0.0,0.0,0.0,0.0,0.0,0.0,0.0,0.0,0.0,0.0,0.0,0.0,0.0,0.0,0.0,0.0,0.0,0.0,0.0,0.0,0.0,0.0,0.0,139.0
-14665_6823,0.0,0.0,0.0,1.0,0.0,1.0,0.0,1.0,3.0,0.0,0.0,0.0,0.0,0.0,0.0,0.0,0.0,0.0,0.0,1.0,0.0,0.0,0.0,0.0,0.0,0.0,1.0,0.0,0.0,0.0,0.0,0.0,0.0,0.0,0.0,0.0,0.0,0.0,0.0,0.0,0.0,0.0,0.0,0.0,0.0,0.0,0.0,0.0,0.0,0.0,0.0,0.0,0.0,0.0,0.0,0.0,0.0,0.0,0.0,0.0,0.0,0.0,0.0,0.0,0.0,8.0
-14665_6824,0.0,3.0,5.0,3.0,0.0,13.0,0.0,3.0,2.0,0.0,0.0,0.0,0.0,0.0,0.0,5.0,8.0,0.0,0.0,4.0,1.0,0.0,0.0,2.0,0.0,0.0,10.0,5.0,0.0,0.0,0.0,0.0,0.0,0.0,0.0,0.0,0.0,0.0,0.0,0.0,0.0,0.0,0.0,0.0,0.0,0.0,0.0,0.0,0.0,0.0,0.0,0.0,0.0,0.0,0.0,0.0,0.0,0.0,0.0,0.0,0.0,0.0,0.0,0.0,0.0,64.0
-14665_6825,7.0,152.0,297.0,98.0,0.0,317.0,0.0,26.0,28.0,1.0,0.0,4.0,2.0,0.0,2.0,90.0,92.0,0.0,18.0,101.0,0.0,0.0,14.0,32.0,5.0,1.0,166.0,42.0,0.0,4.0,0.0,0.0,0.0,0.0,0.0,0.0,0.0,0.0,0.0,0.0,0.0,0.0,0.0,0.0,0.0,0.0,0.0,0.0,0.0,0.0,0.0,1.0,0.0,0.0,0.0,0.0,0.0,0.0,0.0,0.0,0.0,0.0,1.0,1.0,0.0,1499.0
-14665_6826,13.0,329.0,796.0,225.0,0.0,605.0,10.0,54.0,84.0,5.0,0.0,7.0,1.0,2.0,10.0,195.0,270.0,0.0,47.0,300.0,2.0,0.0,23.0,55.0,13.0,2.0,408.0,88.0,0.0,14.0,0.0,0.0,0.0,0.0,0.0,0.0,0.0,0.0,0.0,0.0,0.0,0.0,0.0,0.0,0.0,0.0,0.0,1.0,0.0,0.0,1.0,0.0,0.0,0.0,0.0,0.0,0.0,1.0,0.0,0.0,0.0,0.0,3.0,3.0,0.0,3558.0
-14666_6810,0.0,0.0,0.0,0.0,0.0,0.0,0.0,2.0,1.0,0.0,0.0,0.0,0.0,0.0,0.0,0.0,0.0,0.0,0.0,0.0,0.0,0.0,0.0,0.0,0.0,0.0,1.0,0.0,0.0,0.0,0.0,0.0,0.0,0.0,0.0,0.0,0.0,0.0,0.0,0.0,0.0,0.0,0.0,0.0,0.0,0.0,0.0,0.0,0.0,0.0,0.0,0.0,0.0,0.0,0.0,0.0,0.0,0.0,0.0,0.0,0.0,0.0,0.0,0.0,0.0,4.0
-14666_6811,1.0,3.0,5.0,0.0,0.0,2.0,0.0,1.0,0.0,0.0,0.0,0.0,0.0,0.0,0.0,3.0,0.0,0.0,0.0,2.0,0.0,0.0,0.0,0.0,0.0,0.0,14.0,0.0,0.0,0.0,0.0,0.0,0.0,0.0,0.0,0.0,0.0,0.0,0.0,0.0,0.0,0.0,0.0,0.0,0.0,0.0,0.0,0.0,0.0,0.0,0.0,0.0,0.0,0.0,0.0,0.0,0.0,0.0,0.0,0.0,0.0,0.0,0.0,0.0,0.0,31.0
-14666_6812,2.0,371.0,925.0,78.0,0.0,328.0,3.0,77.0,26.0,8.0,0.0,3.0,1.0,4.0,3.0,63.0,175.0,0.0,38.0,138.0,0.0,0.0,20.0,65.0,10.0,5.0,229.0,56.0,4.0,7.0,0.0,0.0,0.0,0.0,0.0,0.0,0.0,0.0,0.0,0.0,0.0,0.0,0.0,0.0,0.0,0.0,0.0,1.0,0.0,0.0,3.0,5.0,0.0,0.0,0.0,0.0,0.0,2.0,0.0,0.0,0.0,0.0,11.0,11.0,0.0,2639.0
-14666_6813,8.0,708.0,1885.0,145.0,0.0,692.0,6.0,182.0,88.0,14.0,0.0,14.0,3.0,6.0,12.0,178.0,460.0,1.0,77.0,339.0,0.0,0.0,40.0,170.0,39.0,2.0,633.0,120.0,15.0,19.0,0.0,0.0,0.0,0.0,0.0,0.0,1.0,0.0,0.0,0.0,0.0,0.0,1.0,1.0,0.0,0.0,0.0,0.0,0.0,0.0,1.0,3.0,0.0,0.0,0.0,0.0,0.0,0.0,0.0,0.0,0.0,0.0,7.0,6.0,0.0,5856.0
-14666_6814,0.0,9.0,25.0,12.0,0.0,21.0,0.0,7.0,2.0,1.0,0.0,0.0,0.0,1.0,0.0,33.0,12.0,0.0,1.0,8.0,0.0,0.0,0.0,1.0,1.0,0.0,55.0,6.0,0.0,4.0,0.0,0.0,0.0,0.0,0.0,0.0,0.0,0.0,0.0,1.0,0.0,0.0,0.0,0.0,0.0,0.0,0.0,0.0,0.0,0.0,0.0,0.0,0.0,0.0,0.0,0.0,0.0,0.0,0.0,0.0,0.0,0.0,1.0,1.0,0.0,199.0
-14666_6815,0.0,0.0,0.0,0.0,0.0,1.0,0.0,0.0,0.0,0.0,0.0,0.0,0.0,0.0,0.0,0.0,0.0,0.0,0.0,0.0,0.0,0.0,0.0,0.0,0.0,0.0,0.0,0.0,0.0,0.0,0.0,0.0,0.0,0.0,0.0,0.0,0.0,0.0,0.0,0.0,0.0,0.0,0.0,0.0,0.0,0.0,0.0,0.0,0.0,0.0,0.0,0.0,0.0,0.0,0.0,0.0,0.0,0.0,0.0,0.0,0.0,0.0,0.0,0.0,0.0,1.0
-14666_6816,0.0,0.0,0.0,0.0,0.0,0.0,0.0,0.0,0.0,0.0,0.0,0.0,0.0,0.0,0.0,1.0,1.0,0.0,0.0,1.0,0.0,0.0,0.0,0.0,0.0,0.0,1.0,0.0,0.0,0.0,0.0,0.0,0.0,0.0,0.0,0.0,0.0,0.0,0.0,0.0,0.0,0.0,0.0,0.0,0.0,0.0,0.0,0.0,0.0,0.0,0.0,0.0,0.0,0.0,0.0,0.0,0.0,0.0,0.0,0.0,0.0,0.0,0.0,0.0,0.0,4.0
-14666_6817,0.0,0.0,0.0,0.0,0.0,0.0,0.0,0.0,1.0,0.0,0.0,0.0,0.0,0.0,0.0,0.0,1.0,0.0,0.0,0.0,0.0,0.0,1.0,0.0,0.0,0.0,0.0,0.0,0.0,0.0,0.0,0.0,0.0,0.0,0.0,0.0,0.0,0.0,0.0,0.0,0.0,0.0,0.0,0.0,0.0,0.0,0.0,0.0,0.0,0.0,0.0,0.0,0.0,0.0,0.0,0.0,0.0,0.0,0.0,0.0,0.0,0.0,0.0,0.0,0.0,3.0
-14666_6818,1.0,3.0,1.0,0.0,0.0,4.0,0.0,5.0,3.0,0.0,0.0,0.0,0.0,0.0,3.0,1.0,3.0,0.0,0.0,4.0,0.0,0.0,1.0,1.0,0.0,0.0,4.0,0.0,0.0,1.0,0.0,0.0,0.0,0.0,0.0,0.0,0.0,0.0,0.0,0.0,0.0,0.0,0.0,0.0,0.0,0.0,0.0,0.0,0.0,0.0,0.0,0.0,0.0,0.0,0.0,0.0,0.0,0.0,0.0,0.0,0.0,0.0,0.0,0.0,0.0,35.0
-14666_6819,0.0,0.0,0.0,0.0,0.0,0.0,0.0,0.0,0.0,0.0,0.0,0.0,0.0,0.0,0.0,0.0,0.0,0.0,0.0,0.0,0.0,0.0,0.0,0.0,0.0,0.0,0.0,0.0,0.0,0.0,0.0,0.0,0.0,0.0,0.0,0.0,0.0,0.0,0.0,0.0,0.0,0.0,0.0,0.0,0.0,0.0,0.0,2.0,0.0,0.0,0.0,1.0,0.0,0.0,0.0,0.0,0.0,0.0,0.0,0.0,0.0,0.0,3.0,3.0,0.0,0.0
-14666_6821,12.0,167.0,386.0,66.0,0.0,355.0,2.0,46.0,34.0,2.0,0.0,3.0,1.0,3.0,5.0,96.0,113.0,0.0,21.0,121.0,0.0,0.0,16.0,37.0,6.0,3.0,157.0,45.0,0.0,5.0,0.0,0.0,0.0,0.0,0.0,0.0,0.0,0.0,0.0,0.0,0.0,0.0,0.0,0.0,0.0,0.0,0.0,0.0,0.0,0.0,0.0,0.0,0.0,0.0,0.0,0.0,0.0,1.0,0.0,0.0,0.0,0.0,1.0,1.0,0.0,1702.0
-14666_6822,5.0,535.0,963.0,170.0,0.0,705.0,3.0,101.0,73.0,13.0,0.0,15.0,4.0,4.0,22.0,194.0,374.0,0.0,41.0,280.0,0.0,0.0,37.0,155.0,16.0,3.0,432.0,154.0,5.0,9.0,0.0,0.0,0.0,0.0,0.0,1.0,0.0,0.0,0.0,1.0,0.0,0.0,0.0,0.0,0.0,0.0,0.0,0.0,0.0,0.0,2.0,0.0,0.0,0.0,0.0,0.0,0.0,0.0,0.0,0.0,1.0,0.0,5.0,4.0,0.0,4313.0
-14666_6823,4.0,126.0,214.0,56.0,0.0,157.0,3.0,41.0,38.0,1.0,0.0,7.0,1.0,0.0,2.0,92.0,73.0,0.0,15.0,79.0,0.0,0.0,6.0,90.0,7.0,2.0,269.0,30.0,0.0,6.0,0.0,0.0,0.0,0.0,0.0,0.0,0.0,0.0,0.0,0.0,0.0,0.0,0.0,0.0,0.0,0.0,0.0,0.0,0.0,0.0,0.0,0.0,0.0,0.0,0.0,0.0,0.0,0.0,0.0,0.0,0.0,0.0,0.0,0.0,0.0,1319.0
-14666_6824,3.0,124.0,270.0,93.0,0.0,272.0,1.0,16.0,43.0,1.0,0.0,5.0,0.0,1.0,11.0,115.0,129.0,0.0,23.0,113.0,2.0,0.0,14.0,35.0,9.0,1.0,208.0,28.0,0.0,2.0,0.0,0.0,0.0,0.0,0.0,0.0,0.0,0.0,0.0,0.0,0.0,0.0,0.0,0.0,0.0,0.0,0.0,1.0,0.0,0.0,0.0,0.0,0.0,0.0,0.0,0.0,0.0,0.0,0.0,0.0,0.0,0.0,1.0,1.0,0.0,1519.0
-14666_6825,5.0,93.0,216.0,52.0,0.0,177.0,2.0,21.0,25.0,1.0,0.0,3.0,0.0,1.0,4.0,46.0,61.0,0.0,13.0,86.0,0.0,0.0,10.0,29.0,1.0,1.0,123.0,27.0,0.0,0.0,1.0,0.0,0.0,0.0,0.0,0.0,0.0,0.0,0.0,0.0,0.0,0.0,0.0,0.0,0.0,0.0,0.0,0.0,0.0,0.0,1.0,0.0,0.0,0.0,0.0,0.0,0.0,0.0,0.0,0.0,1.0,0.0,3.0,1.0,1.0,997.0
-14666_6826,0.0,11.0,9.0,8.0,0.0,20.0,0.0,6.0,4.0,0.0,0.0,3.0,0.0,1.0,0.0,5.0,22.0,0.0,0.0,7.0,0.0,0.0,0.0,7.0,0.0,0.0,24.0,6.0,0.0,1.0,0.0,0.0,0.0,0.0,0.0,0.0,0.0,0.0,0.0,0.0,0.0,0.0,0.0,0.0,0.0,0.0,0.0,0.0,0.0,0.0,0.0,0.0,0.0,0.0,0.0,0.0,0.0,0.0,0.0,0.0,0.0,0.0,0.0,0.0,0.0,134.0
-14666_6827,0.0,33.0,46.0,14.0,0.0,41.0,0.0,7.0,5.0,0.0,0.0,0.0,0.0,0.0,0.0,25.0,36.0,0.0,1.0,23.0,1.0,0.0,2.0,12.0,2.0,0.0,49.0,10.0,1.0,1.0,0.0,0.0,0.0,0.0,0.0,0.0,0.0,0.0,0.0,0.0,0.0,0.0,0.0,0.0,0.0,0.0,0.0,0.0,0.0,0.0,0.0,0.0,0.0,0.0,0.0,0.0,0.0,0.0,0.0,0.0,0.0,0.0,0.0,0.0,0.0,309.0
-14666_6828,0.0,1.0,2.0,1.0,0.0,1.0,0.0,0.0,0.0,0.0,0.0,0.0,0.0,0.0,0.0,0.0,0.0,0.0,0.0,2.0,0.0,0.0,0.0,0.0,0.0,0.0,4.0,2.0,0.0,0.0,0.0,0.0,0.0,0.0,0.0,0.0,0.0,0.0,0.0,0.0,0.0,0.0,0.0,0.0,0.0,0.0,0.0,0.0,0.0,0.0,0.0,0.0,0.0,0.0,0.0,0.0,0.0,0.0,0.0,0.0,0.0,0.0,0.0,0.0,0.0,13.0
-14666_6829,0.0,1.0,2.0,1.0,0.0,0.0,0.0,0.0,0.0,2.0,0.0,0.0,0.0,0.0,0.0,1.0,0.0,0.0,0.0,0.0,0.0,0.0,1.0,0.0,0.0,0.0,0.0,2.0,0.0,0.0,0.0,0.0,0.0,0.0,0.0,0.0,0.0,0.0,0.0,0.0,0.0,0.0,0.0,0.0,0.0,0.0,0.0,1.0,0.0,0.0,0.0,0.0,0.0,0.0,0.0,0.0,0.0,0.0,0.0,0.0,0.0,0.0,1.0,1.0,0.0,10.0
-14667_6810,0.0,10.0,20.0,21.0,0.0,21.0,0.0,2.0,5.0,1.0,0.0,0.0,0.0,0.0,0.0,11.0,0.0,0.0,1.0,1.0,0.0,0.0,0.0,6.0,0.0,1.0,48.0,1.0,0.0,0.0,0.0,0.0,0.0,0.0,0.0,0.0,0.0,0.0,0.0,0.0,0.0,0.0,0.0,0.0,0.0,0.0,0.0,0.0,0.0,0.0,0.0,0.0,0.0,0.0,0.0,0.0,0.0,0.0,0.0,0.0,0.0,0.0,0.0,0.0,0.0,149.0
-14667_6811,0.0,18.0,84.0,15.0,0.0,46.0,0.0,2.0,1.0,0.0,0.0,1.0,0.0,0.0,0.0,11.0,5.0,0.0,0.0,22.0,0.0,0.0,2.0,11.0,0.0,1.0,35.0,5.0,0.0,1.0,0.0,0.0,0.0,0.0,0.0,0.0,0.0,0.0,0.0,0.0,0.0,0.0,0.0,0.0,0.0,0.0,0.0,0.0,0.0,0.0,0.0,0.0,0.0,0.0,0.0,0.0,0.0,1.0,0.0,0.0,0.0,0.0,1.0,1.0,0.0,260.0
-14667_6812,9.0,470.0,1102.0,186.0,0.0,566.0,3.0,95.0,60.0,11.0,0.0,7.0,0.0,7.0,1.0,105.0,226.0,0.0,35.0,235.0,0.0,0.0,13.0,120.0,15.0,3.0,333.0,92.0,4.0,22.0,0.0,0.0,0.0,0.0,0.0,0.0,0.0,0.0,0.0,0.0,0.0,0.0,1.0,0.0,0.0,0.0,0.0,0.0,0.0,0.0,3.0,2.0,0.0,0.0,0.0,0.0,0.0,1.0,0.0,0.0,0.0,0.0,7.0,6.0,0.0,3720.0
-14667_6813,10.0,1370.0,3556.0,304.0,0.0,1645.0,18.0,381.0,163.0,35.0,1.0,35.0,4.0,3.0,3.0,373.0,876.0,2.0,121.0,764.0,1.0,0.0,56.0,397.0,43.0,14.0,1129.0,342.0,23.0,35.0,0.0,0.0,0.0,0.0,0.0,0.0,0.0,0.0,0.0,0.0,0.0,0.0,2.0,0.0,0.0,0.0,0.0,0.0,0.0,0.0,0.0,8.0,0.0,0.0,0.0,0.0,0.0,0.0,0.0,0.0,0.0,0.0,10.0,8.0,0.0,11704.0
-14667_6814,0.0,27.0,70.0,2.0,0.0,19.0,1.0,1.0,0.0,0.0,0.0,2.0,0.0,1.0,0.0,23.0,29.0,0.0,1.0,15.0,1.0,0.0,0.0,16.0,0.0,0.0,14.0,15.0,0.0,1.0,0.0,0.0,0.0,0.0,0.0,0.0,0.0,0.0,0.0,0.0,0.0,0.0,0.0,0.0,0.0,0.0,0.0,0.0,0.0,0.0,0.0,0.0,0.0,0.0,0.0,0.0,0.0,0.0,0.0,0.0,0.0,0.0,0.0,0.0,0.0,238.0
-14667_6815,0.0,0.0,3.0,0.0,0.0,3.0,0.0,0.0,0.0,1.0,0.0,0.0,0.0,0.0,0.0,3.0,0.0,0.0,0.0,1.0,0.0,0.0,0.0,0.0,0.0,0.0,4.0,0.0,0.0,0.0,0.0,0.0,0.0,0.0,0.0,0.0,0.0,0.0,0.0,0.0,0.0,0.0,0.0,0.0,0.0,0.0,0.0,0.0,0.0,0.0,0.0,0.0,0.0,0.0,0.0,0.0,0.0,0.0,0.0,0.0,0.0,0.0,0.0,0.0,0.0,15.0
-14667_6819,0.0,1.0,2.0,2.0,0.0,3.0,0.0,0.0,0.0,1.0,0.0,0.0,0.0,0.0,0.0,1.0,2.0,0.0,0.0,1.0,0.0,0.0,0.0,0.0,0.0,0.0,2.0,1.0,0.0,0.0,0.0,0.0,0.0,0.0,0.0,0.0,0.0,0.0,0.0,0.0,0.0,0.0,0.0,0.0,0.0,0.0,0.0,0.0,0.0,0.0,0.0,0.0,0.0,0.0,0.0,0.0,0.0,0.0,0.0,0.0,0.0,0.0,0.0,0.0,0.0,16.0
-14667_6820,1.0,0.0,1.0,0.0,0.0,2.0,0.0,0.0,0.0,0.0,0.0,0.0,0.0,0.0,0.0,1.0,1.0,0.0,1.0,2.0,1.0,0.0,0.0,0.0,0.0,0.0,1.0,0.0,0.0,0.0,0.0,0.0,0.0,0.0,0.0,0.0,0.0,0.0,0.0,0.0,0.0,0.0,0.0,0.0,0.0,0.0,0.0,0.0,0.0,0.0,0.0,0.0,0.0,0.0,0.0,0.0,0.0,0.0,0.0,0.0,0.0,0.0,0.0,0.0,0.0,11.0
-14667_6822,3.0,499.0,992.0,148.0,0.0,459.0,7.0,200.0,73.0,7.0,0.0,9.0,2.0,2.0,2.0,85.0,176.0,0.0,35.0,264.0,0.0,0.0,17.0,107.0,6.0,4.0,379.0,73.0,7.0,8.0,0.0,0.0,0.0,0.0,0.0,0.0,0.0,0.0,0.0,0.0,0.0,0.0,0.0,0.0,0.0,0.0,0.0,0.0,0.0,0.0,0.0,1.0,0.0,0.0,0.0,0.0,0.0,0.0,0.0,0.0,0.0,0.0,1.0,1.0,0.0,3564.0
-14667_6823,15.0,292.0,804.0,222.0,4.0,544.0,1.0,69.0,127.0,10.0,0.0,12.0,7.0,2.0,2.0,222.0,283.0,0.0,51.0,303.0,0.0,0.0,21.0,139.0,12.0,0.0,505.0,85.0,4.0,13.0,0.0,0.0,0.0,0.0,0.0,0.0,0.0,0.0,0.0,0.0,1.0,0.0,0.0,0.0,0.0,0.0,0.0,1.0,0.0,0.0,2.0,3.0,0.0,0.0,0.0,0.0,0.0,0.0,0.0,0.0,0.0,0.0,7.0,6.0,1.0,3749.0
-14667_6824,8.0,156.0,351.0,142.0,1.0,360.0,1.0,41.0,96.0,6.0,0.0,7.0,2.0,3.0,8.0,152.0,129.0,0.0,14.0,192.0,1.0,0.0,8.0,74.0,3.0,1.0,427.0,41.0,2.0,6.0,0.0,0.0,0.0,0.0,0.0,0.0,0.0,0.0,0.0,0.0,0.0,0.0,0.0,0.0,0.0,0.0,0.0,0.0,0.0,0.0,0.0,1.0,0.0,0.0,0.0,0.0,0.0,0.0,0.0,0.0,0.0,0.0,1.0,1.0,0.0,2232.0
-14667_6825,5.0,149.0,321.0,129.0,0.0,409.0,2.0,36.0,60.0,1.0,0.0,2.0,0.0,3.0,3.0,108.0,90.0,0.0,28.0,138.0,0.0,0.0,21.0,37.0,8.0,0.0,279.0,57.0,0.0,5.0,0.0,0.0,0.0,0.0,0.0,0.0,0.0,0.0,0.0,0.0,0.0,0.0,0.0,0.0,0.0,0.0,0.0,1.0,0.0,0.0,1.0,2.0,0.0,0.0,0.0,0.0,0.0,1.0,0.0,0.0,0.0,0.0,5.0,5.0,0.0,1891.0
-14667_6826,6.0,213.0,396.0,164.0,0.0,413.0,2.0,31.0,68.0,2.0,0.0,7.0,2.0,2.0,8.0,176.0,152.0,1.0,43.0,213.0,1.0,0.0,18.0,57.0,8.0,3.0,372.0,65.0,1.0,7.0,0.0,0.0,0.0,2.0,0.0,0.0,0.0,0.0,0.0,0.0,1.0,0.0,0.0,0.0,0.0,0.0,0.0,0.0,0.0,0.0,1.0,0.0,0.0,0.0,0.0,0.0,0.0,1.0,1.0,0.0,0.0,0.0,6.0,3.0,3.0,2431.0
-14667_6827,7.0,550.0,1105.0,235.0,0.0,965.0,8.0,173.0,490.0,8.0,0.0,20.0,4.0,9.0,16.0,283.0,319.0,1.0,42.0,394.0,6.0,0.0,35.0,373.0,18.0,5.0,1737.0,104.0,5.0,18.0,0.0,0.0,1.0,1.0,0.0,0.0,1.0,0.0,0.0,1.0,0.0,0.0,0.0,0.0,0.0,0.0,0.0,1.0,0.0,0.0,2.0,0.0,0.0,0.0,0.0,0.0,0.0,0.0,4.0,0.0,1.0,0.0,12.0,9.0,1.0,6930.0
-14667_6828,10.0,965.0,2199.0,366.0,0.0,957.0,5.0,283.0,122.0,13.0,0.0,13.0,4.0,6.0,10.0,253.0,675.0,0.0,135.0,536.0,9.0,0.0,36.0,178.0,27.0,4.0,741.0,132.0,20.0,34.0,0.0,0.0,0.0,0.0,0.0,0.0,0.0,0.0,0.0,0.0,0.0,0.0,0.0,0.0,0.0,0.0,0.0,2.0,0.0,0.0,7.0,1.0,0.0,0.0,0.0,0.0,0.0,3.0,0.0,0.0,0.0,0.0,13.0,13.0,0.0,7733.0
-14667_6829,2.0,15.0,31.0,5.0,1.0,18.0,1.0,3.0,1.0,0.0,0.0,1.0,0.0,1.0,1.0,10.0,20.0,0.0,2.0,13.0,0.0,0.0,1.0,3.0,0.0,0.0,21.0,9.0,0.0,0.0,0.0,0.0,0.0,0.0,0.0,0.0,0.0,0.0,0.0,0.0,0.0,0.0,0.0,0.0,0.0,0.0,0.0,0.0,0.0,0.0,0.0,0.0,0.0,0.0,0.0,0.0,0.0,0.0,0.0,0.0,0.0,0.0,0.0,0.0,0.0,159.0
-14667_6831,0.0,0.0,0.0,0.0,0.0,0.0,0.0,0.0,0.0,0.0,0.0,0.0,0.0,0.0,0.0,0.0,0.0,0.0,0.0,0.0,0.0,0.0,0.0,0.0,0.0,0.0,0.0,0.0,0.0,0.0,0.0,0.0,0.0,0.0,0.0,0.0,0.0,0.0,0.0,0.0,0.0,0.0,0.0,0.0,0.0,0.0,0.0,1.0,0.0,0.0,0.0,0.0,0.0,0.0,0.0,0.0,0.0,0.0,0.0,0.0,0.0,0.0,1.0,1.0,0.0,0.0
-14668_6811,6.0,120.0,242.0,125.0,0.0,145.0,1.0,37.0,22.0,3.0,0.0,1.0,1.0,3.0,0.0,57.0,48.0,0.0,17.0,70.0,2.0,0.0,7.0,40.0,7.0,0.0,161.0,27.0,1.0,6.0,0.0,0.0,0.0,0.0,0.0,0.0,0.0,0.0,0.0,0.0,0.0,0.0,0.0,0.0,0.0,0.0,0.0,0.0,0.0,0.0,0.0,0.0,0.0,0.0,0.0,0.0,0.0,0.0,0.0,0.0,0.0,0.0,0.0,0.0,0.0,1149.0
-14668_6812,11.0,330.0,911.0,194.0,0.0,494.0,9.0,61.0,78.0,13.0,0.0,10.0,2.0,3.0,5.0,197.0,197.0,0.0,36.0,209.0,2.0,0.0,16.0,136.0,12.0,1.0,350.0,107.0,1.0,10.0,0.0,0.0,0.0,0.0,0.0,0.0,0.0,0.0,0.0,0.0,0.0,0.0,0.0,0.0,0.0,0.0,0.0,0.0,0.0,0.0,0.0,1.0,0.0,0.0,0.0,0.0,0.0,1.0,0.0,0.0,0.0,0.0,2.0,2.0,0.0,3395.0
-14668_6813,11.0,485.0,1346.0,292.0,1.0,724.0,7.0,132.0,135.0,16.0,0.0,18.0,2.0,6.0,1.0,214.0,219.0,0.0,58.0,406.0,1.0,0.0,10.0,187.0,19.0,1.0,488.0,103.0,2.0,24.0,0.0,0.0,0.0,0.0,0.0,0.0,0.0,0.0,0.0,0.0,0.0,0.0,0.0,0.0,0.0,0.0,0.0,1.0,0.0,0.0,0.0,2.0,0.0,0.0,0.0,0.0,0.0,1.0,0.0,0.0,1.0,0.0,5.0,4.0,0.0,4908.0
-14668_6814,0.0,9.0,15.0,1.0,0.0,5.0,0.0,0.0,0.0,0.0,0.0,1.0,0.0,0.0,0.0,2.0,14.0,0.0,0.0,5.0,0.0,0.0,0.0,1.0,0.0,0.0,6.0,1.0,0.0,1.0,0.0,0.0,0.0,0.0,0.0,0.0,0.0,0.0,0.0,0.0,0.0,0.0,0.0,0.0,0.0,0.0,0.0,0.0,0.0,0.0,0.0,0.0,0.0,0.0,0.0,0.0,0.0,0.0,0.0,0.0,0.0,0.0,0.0,0.0,0.0,61.0
-14668_6815,0.0,0.0,0.0,3.0,0.0,1.0,0.0,0.0,0.0,0.0,0.0,0.0,0.0,0.0,0.0,2.0,0.0,0.0,0.0,0.0,0.0,0.0,0.0,0.0,0.0,0.0,2.0,0.0,0.0,0.0,0.0,0.0,0.0,0.0,0.0,0.0,0.0,0.0,0.0,0.0,0.0,0.0,0.0,0.0,0.0,0.0,0.0,0.0,0.0,0.0,0.0,0.0,0.0,0.0,0.0,0.0,0.0,0.0,0.0,0.0,0.0,0.0,0.0,0.0,0.0,8.0
-14668_6816,0.0,1.0,7.0,0.0,0.0,1.0,0.0,0.0,1.0,1.0,0.0,1.0,0.0,0.0,0.0,3.0,2.0,0.0,0.0,0.0,0.0,0.0,0.0,1.0,0.0,0.0,2.0,1.0,0.0,1.0,0.0,0.0,0.0,0.0,0.0,0.0,0.0,0.0,0.0,0.0,0.0,0.0,0.0,0.0,0.0,0.0,0.0,0.0,0.0,0.0,0.0,0.0,0.0,0.0,0.0,0.0,0.0,0.0,0.0,0.0,0.0,0.0,0.0,0.0,0.0,22.0
-14668_6821,1.0,0.0,2.0,2.0,0.0,3.0,0.0,1.0,0.0,1.0,0.0,0.0,0.0,0.0,0.0,1.0,2.0,0.0,0.0,1.0,0.0,0.0,1.0,2.0,0.0,0.0,0.0,0.0,0.0,0.0,0.0,0.0,0.0,0.0,0.0,0.0,0.0,0.0,0.0,0.0,0.0,0.0,0.0,0.0,0.0,0.0,0.0,0.0,0.0,0.0,0.0,0.0,0.0,0.0,0.0,0.0,0.0,0.0,0.0,0.0,0.0,0.0,0.0,0.0,0.0,17.0
-14668_6823,0.0,76.0,155.0,29.0,0.0,102.0,1.0,221.0,48.0,2.0,0.0,20.0,3.0,6.0,1.0,33.0,247.0,0.0,77.0,94.0,0.0,0.0,16.0,5.0,1.0,2.0,107.0,12.0,1.0,5.0,0.0,0.0,0.0,0.0,0.0,0.0,0.0,0.0,0.0,0.0,0.0,0.0,0.0,0.0,0.0,0.0,0.0,0.0,0.0,0.0,0.0,0.0,1.0,0.0,0.0,0.0,0.0,0.0,0.0,0.0,0.0,0.0,1.0,1.0,0.0,1264.0
-14668_6824,7.0,509.0,1082.0,243.0,1.0,720.0,5.0,85.0,147.0,8.0,0.0,7.0,9.0,5.0,2.0,263.0,250.0,0.0,55.0,340.0,0.0,0.0,37.0,131.0,14.0,1.0,561.0,87.0,24.0,17.0,0.0,0.0,0.0,0.0,0.0,0.0,0.0,0.0,0.0,0.0,0.0,0.0,0.0,1.0,0.0,0.0,0.0,1.0,0.0,0.0,4.0,2.0,0.0,0.0,0.0,0.0,0.0,1.0,0.0,0.0,0.0,0.0,9.0,9.0,0.0,4610.0
-14668_6825,3.0,328.0,803.0,257.0,0.0,594.0,1.0,70.0,118.0,9.0,0.0,5.0,1.0,7.0,3.0,196.0,130.0,0.0,43.0,389.0,0.0,0.0,11.0,75.0,10.0,7.0,442.0,49.0,4.0,17.0,0.0,0.0,0.0,0.0,0.0,0.0,0.0,0.0,0.0,0.0,0.0,0.0,0.0,0.0,0.0,0.0,0.0,1.0,0.0,0.0,1.0,1.0,0.0,0.0,0.0,0.0,0.0,1.0,0.0,0.0,0.0,0.0,4.0,4.0,0.0,3572.0
-14668_6826,4.0,149.0,288.0,125.0,0.0,263.0,2.0,47.0,68.0,2.0,0.0,5.0,1.0,2.0,0.0,120.0,78.0,0.0,23.0,163.0,0.0,0.0,5.0,53.0,8.0,1.0,320.0,43.0,0.0,2.0,0.0,0.0,0.0,0.0,0.0,1.0,0.0,0.0,0.0,0.0,0.0,0.0,0.0,0.0,0.0,0.0,0.0,0.0,0.0,0.0,2.0,0.0,0.0,0.0,0.0,0.0,0.0,0.0,0.0,0.0,0.0,0.0,3.0,3.0,0.0,1772.0
-14668_6827,11.0,468.0,1091.0,261.0,0.0,656.0,3.0,194.0,203.0,7.0,0.0,9.0,1.0,7.0,8.0,305.0,377.0,2.0,29.0,389.0,1.0,0.0,24.0,214.0,11.0,6.0,1558.0,95.0,15.0,14.0,0.0,0.0,0.0,0.0,0.0,2.0,0.0,0.0,0.0,0.0,0.0,0.0,0.0,0.0,0.0,0.0,0.0,0.0,0.0,1.0,1.0,0.0,0.0,0.0,0.0,0.0,0.0,0.0,0.0,0.0,0.0,0.0,4.0,3.0,0.0,5959.0
-14668_6828,23.0,1357.0,3053.0,662.0,0.0,1610.0,23.0,355.0,343.0,23.0,0.0,43.0,13.0,15.0,39.0,426.0,1140.0,2.0,146.0,790.0,232.0,0.0,150.0,615.0,54.0,10.0,2410.0,315.0,18.0,35.0,1.0,0.0,0.0,0.0,0.0,1.0,2.0,0.0,0.0,0.0,0.0,0.0,1.0,1.0,0.0,0.0,0.0,0.0,0.0,0.0,6.0,1.0,0.0,0.0,0.0,0.0,0.0,1.0,2.0,0.0,4.0,0.0,20.0,14.0,1.0,13902.0
-14668_6829,14.0,792.0,1915.0,303.0,2.0,977.0,15.0,249.0,232.0,19.0,0.0,32.0,14.0,6.0,27.0,325.0,587.0,0.0,115.0,669.0,33.0,0.0,53.0,282.0,28.0,5.0,882.0,200.0,3.0,27.0,1.0,0.0,0.0,0.0,0.0,0.0,0.0,0.0,0.0,0.0,0.0,0.0,0.0,0.0,0.0,0.0,0.0,0.0,0.0,0.0,1.0,0.0,0.0,0.0,0.0,0.0,0.0,0.0,0.0,0.0,0.0,0.0,2.0,1.0,1.0,7806.0
-14668_6830,15.0,774.0,2013.0,575.0,1.0,1106.0,11.0,100.0,145.0,14.0,0.0,17.0,9.0,6.0,15.0,270.0,520.0,1.0,121.0,530.0,2.0,0.0,48.0,135.0,25.0,6.0,741.0,159.0,4.0,32.0,0.0,0.0,0.0,0.0,0.0,0.0,0.0,0.0,0.0,0.0,0.0,0.0,0.0,0.0,0.0,0.0,0.0,0.0,0.0,0.0,0.0,1.0,0.0,0.0,0.0,0.0,0.0,1.0,1.0,0.0,0.0,0.0,3.0,3.0,0.0,7395.0
-14668_6831,0.0,2.0,3.0,1.0,0.0,1.0,0.0,0.0,1.0,0.0,0.0,0.0,0.0,0.0,0.0,1.0,4.0,0.0,0.0,6.0,0.0,0.0,0.0,0.0,0.0,0.0,0.0,3.0,0.0,0.0,0.0,0.0,0.0,0.0,0.0,0.0,0.0,0.0,0.0,0.0,0.0,0.0,0.0,0.0,0.0,0.0,0.0,0.0,0.0,0.0,0.0,0.0,0.0,0.0,0.0,0.0,0.0,0.0,0.0,0.0,0.0,0.0,0.0,0.0,0.0,22.0
-14669_6812,3.0,35.0,104.0,18.0,0.0,69.0,3.0,9.0,7.0,1.0,0.0,0.0,0.0,0.0,0.0,25.0,10.0,0.0,3.0,39.0,1.0,0.0,0.0,7.0,2.0,1.0,35.0,4.0,0.0,1.0,0.0,0.0,0.0,0.0,0.0,0.0,0.0,0.0,0.0,0.0,0.0,0.0,0.0,0.0,0.0,0.0,0.0,0.0,0.0,0.0,0.0,0.0,0.0,0.0,0.0,0.0,0.0,0.0,0.0,0.0,0.0,0.0,0.0,0.0,0.0,377.0
-14669_6813,1.0,270.0,747.0,179.0,0.0,463.0,4.0,186.0,43.0,6.0,0.0,12.0,2.0,2.0,0.0,154.0,84.0,0.0,35.0,285.0,0.0,0.0,11.0,108.0,10.0,5.0,272.0,70.0,1.0,21.0,0.0,0.0,0.0,0.0,0.0,0.0,0.0,0.0,0.0,0.0,0.0,0.0,0.0,0.0,0.0,0.0,0.0,0.0,0.0,0.0,0.0,2.0,0.0,0.0,0.0,0.0,0.0,0.0,0.0,0.0,0.0,0.0,2.0,2.0,0.0,2971.0
-14669_6814,1.0,30.0,55.0,19.0,0.0,32.0,0.0,11.0,2.0,3.0,0.0,4.0,0.0,0.0,0.0,19.0,20.0,0.0,1.0,33.0,0.0,0.0,3.0,11.0,0.0,0.0,18.0,21.0,0.0,0.0,0.0,0.0,0.0,0.0,0.0,0.0,0.0,0.0,0.0,0.0,0.0,0.0,0.0,0.0,0.0,0.0,0.0,0.0,0.0,0.0,0.0,0.0,0.0,0.0,0.0,0.0,0.0,0.0,0.0,0.0,0.0,0.0,0.0,0.0,0.0,283.0
-14669_6816,1.0,0.0,0.0,1.0,0.0,1.0,0.0,0.0,1.0,0.0,0.0,0.0,0.0,0.0,0.0,0.0,1.0,0.0,0.0,0.0,0.0,0.0,0.0,0.0,0.0,0.0,0.0,0.0,0.0,0.0,0.0,0.0,0.0,0.0,0.0,0.0,0.0,0.0,0.0,0.0,0.0,0.0,0.0,0.0,0.0,0.0,0.0,0.0,0.0,0.0,0.0,0.0,0.0,0.0,0.0,0.0,0.0,0.0,0.0,0.0,0.0,0.0,0.0,0.0,0.0,5.0
-14669_6817,0.0,19.0,155.0,15.0,0.0,22.0,0.0,18.0,14.0,0.0,0.0,0.0,0.0,0.0,1.0,39.0,7.0,0.0,0.0,18.0,0.0,1.0,3.0,6.0,2.0,0.0,119.0,8.0,0.0,1.0,0.0,0.0,0.0,0.0,0.0,0.0,0.0,0.0,0.0,0.0,0.0,0.0,0.0,0.0,0.0,0.0,0.0,0.0,0.0,0.0,0.0,0.0,0.0,0.0,0.0,0.0,0.0,0.0,0.0,1.0,0.0,0.0,1.0,0.0,1.0,448.0
-14669_6818,1.0,0.0,3.0,0.0,0.0,1.0,0.0,1.0,0.0,0.0,0.0,0.0,0.0,0.0,0.0,3.0,2.0,0.0,0.0,1.0,0.0,0.0,0.0,2.0,0.0,0.0,6.0,1.0,0.0,0.0,0.0,0.0,0.0,0.0,0.0,0.0,0.0,0.0,0.0,0.0,0.0,0.0,0.0,0.0,0.0,0.0,0.0,0.0,0.0,0.0,0.0,0.0,0.0,0.0,0.0,0.0,0.0,0.0,0.0,0.0,0.0,0.0,0.0,0.0,0.0,21.0
-14669_6822,0.0,1.0,2.0,1.0,0.0,0.0,0.0,0.0,0.0,0.0,0.0,0.0,0.0,0.0,0.0,0.0,3.0,0.0,0.0,0.0,0.0,0.0,0.0,1.0,0.0,0.0,0.0,0.0,0.0,0.0,0.0,0.0,0.0,0.0,0.0,0.0,0.0,0.0,0.0,0.0,0.0,0.0,0.0,0.0,0.0,0.0,0.0,0.0,0.0,0.0,0.0,0.0,0.0,0.0,0.0,0.0,0.0,0.0,0.0,0.0,0.0,0.0,0.0,0.0,0.0,8.0
-14669_6823,0.0,83.0,52.0,8.0,0.0,117.0,0.0,83.0,67.0,1.0,0.0,0.0,0.0,1.0,0.0,301.0,40.0,0.0,2.0,50.0,0.0,0.0,1.0,5.0,0.0,0.0,805.0,28.0,0.0,3.0,0.0,0.0,0.0,0.0,0.0,0.0,0.0,0.0,0.0,0.0,0.0,0.0,0.0,0.0,0.0,0.0,0.0,0.0,0.0,0.0,0.0,0.0,0.0,0.0,0.0,0.0,0.0,0.0,0.0,0.0,0.0,0.0,0.0,0.0,0.0,1647.0
-14669_6824,0.0,17.0,59.0,27.0,0.0,57.0,0.0,9.0,18.0,1.0,0.0,1.0,0.0,0.0,0.0,31.0,9.0,0.0,3.0,49.0,0.0,0.0,1.0,6.0,2.0,1.0,59.0,5.0,0.0,1.0,0.0,0.0,0.0,0.0,0.0,0.0,0.0,0.0,0.0,0.0,0.0,0.0,0.0,0.0,0.0,0.0,0.0,0.0,0.0,0.0,0.0,0.0,0.0,0.0,0.0,0.0,0.0,0.0,0.0,0.0,0.0,0.0,0.0,0.0,0.0,356.0
-14669_6825,10.0,460.0,1037.0,407.0,0.0,736.0,2.0,77.0,183.0,12.0,0.0,8.0,4.0,10.0,1.0,235.0,219.0,0.0,63.0,462.0,0.0,1.0,19.0,105.0,13.0,5.0,549.0,119.0,16.0,19.0,0.0,0.0,0.0,0.0,0.0,0.0,0.0,0.0,0.0,0.0,0.0,0.0,0.0,0.0,0.0,0.0,0.0,1.0,0.0,0.0,0.0,1.0,0.0,0.0,0.0,0.0,0.0,0.0,0.0,0.0,0.0,0.0,2.0,2.0,0.0,4772.0
-14669_6826,1.0,251.0,571.0,214.0,0.0,377.0,2.0,54.0,119.0,9.0,0.0,4.0,1.0,7.0,1.0,155.0,190.0,0.0,31.0,245.0,0.0,0.0,12.0,90.0,8.0,0.0,414.0,74.0,2.0,9.0,0.0,0.0,0.0,0.0,0.0,0.0,0.0,0.0,0.0,0.0,0.0,0.0,0.0,0.0,0.0,0.0,0.0,1.0,0.0,0.0,0.0,2.0,0.0,0.0,0.0,0.0,0.0,0.0,0.0,0.0,1.0,0.0,4.0,3.0,0.0,2841.0
-14669_6827,7.0,350.0,859.0,271.0,0.0,539.0,22.0,79.0,191.0,9.0,0.0,6.0,3.0,7.0,0.0,356.0,203.0,1.0,69.0,400.0,1.0,0.0,9.0,122.0,18.0,6.0,848.0,87.0,2.0,20.0,0.0,0.0,0.0,0.0,0.0,1.0,1.0,0.0,0.0,0.0,0.0,1.0,0.0,0.0,0.0,0.0,0.0,1.0,0.0,0.0,1.0,1.0,0.0,0.0,0.0,0.0,0.0,0.0,1.0,0.0,0.0,0.0,7.0,7.0,0.0,4485.0
-14669_6828,5.0,536.0,1209.0,184.0,2.0,392.0,7.0,119.0,81.0,3.0,0.0,10.0,2.0,1.0,5.0,189.0,390.0,0.0,33.0,211.0,0.0,0.0,119.0,121.0,18.0,0.0,591.0,132.0,0.0,13.0,0.0,0.0,0.0,0.0,0.0,0.0,0.0,0.0,0.0,0.0,1.0,0.0,0.0,0.0,0.0,0.0,0.0,1.0,0.0,0.0,1.0,1.0,0.0,0.0,0.0,0.0,0.0,3.0,0.0,0.0,0.0,0.0,7.0,6.0,1.0,4373.0
-14669_6829,24.0,915.0,2590.0,712.0,1.0,1530.0,10.0,198.0,221.0,28.0,0.0,28.0,10.0,15.0,11.0,451.0,1186.0,0.0,130.0,820.0,9.0,0.0,97.0,402.0,46.0,10.0,1134.0,253.0,26.0,49.0,0.0,0.0,0.0,0.0,0.0,0.0,0.0,0.0,0.0,0.0,0.0,0.0,0.0,0.0,0.0,0.0,0.0,0.0,0.0,0.0,2.0,0.0,0.0,0.0,0.0,0.0,0.0,1.0,0.0,0.0,0.0,0.0,3.0,3.0,0.0,10906.0
-14669_6830,17.0,753.0,1869.0,526.0,0.0,1113.0,4.0,368.0,151.0,24.0,1.0,45.0,7.0,14.0,15.0,410.0,989.0,0.0,82.0,556.0,25.0,0.0,71.0,344.0,31.0,8.0,1253.0,244.0,20.0,28.0,0.0,0.0,0.0,0.0,0.0,0.0,0.0,0.0,0.0,0.0,1.0,0.0,0.0,0.0,0.0,0.0,0.0,1.0,0.0,0.0,2.0,3.0,0.0,0.0,0.0,0.0,0.0,1.0,0.0,0.0,1.0,0.0,9.0,7.0,1.0,8968.0
-14669_6831,23.0,616.0,1707.0,627.0,0.0,1103.0,5.0,129.0,150.0,26.0,0.0,6.0,1.0,7.0,15.0,347.0,573.0,0.0,96.0,473.0,6.0,0.0,58.0,231.0,26.0,3.0,985.0,164.0,14.0,24.0,0.0,0.0,0.0,0.0,0.0,0.0,0.0,0.0,0.0,0.0,0.0,0.0,0.0,0.0,0.0,0.0,0.0,0.0,0.0,0.0,3.0,0.0,0.0,0.0,0.0,0.0,0.0,2.0,0.0,0.0,0.0,0.0,5.0,5.0,0.0,7415.0
-14669_6832,6.0,106.0,271.0,46.0,0.0,119.0,2.0,48.0,36.0,6.0,0.0,3.0,0.0,2.0,3.0,58.0,156.0,0.0,9.0,67.0,0.0,0.0,3.0,74.0,8.0,1.0,170.0,27.0,1.0,10.0,0.0,0.0,0.0,0.0,0.0,0.0,0.0,0.0,0.0,0.0,0.0,0.0,0.0,0.0,0.0,0.0,0.0,1.0,0.0,0.0,0.0,0.0,0.0,0.0,0.0,0.0,0.0,0.0,0.0,0.0,0.0,0.0,1.0,1.0,0.0,1232.0
-14669_6833,0.0,0.0,1.0,0.0,0.0,0.0,0.0,1.0,1.0,0.0,0.0,0.0,0.0,0.0,0.0,0.0,0.0,0.0,0.0,1.0,0.0,0.0,0.0,0.0,0.0,0.0,0.0,0.0,0.0,0.0,0.0,0.0,0.0,0.0,0.0,0.0,0.0,0.0,0.0,0.0,0.0,0.0,0.0,0.0,0.0,0.0,0.0,0.0,0.0,0.0,0.0,0.0,0.0,0.0,0.0,0.0,0.0,0.0,0.0,0.0,0.0,0.0,0.0,0.0,0.0,4.0
-14670_6814,1.0,62.0,137.0,53.0,1.0,102.0,0.0,25.0,51.0,3.0,0.0,6.0,0.0,2.0,1.0,75.0,66.0,0.0,3.0,58.0,0.0,0.0,3.0,65.0,2.0,0.0,123.0,53.0,0.0,11.0,0.0,0.0,0.0,0.0,0.0,0.0,0.0,0.0,0.0,0.0,0.0,0.0,0.0,0.0,0.0,0.0,0.0,0.0,0.0,0.0,3.0,0.0,0.0,0.0,0.0,0.0,0.0,0.0,0.0,0.0,0.0,0.0,3.0,3.0,0.0,903.0
-14670_6815,2.0,105.0,325.0,112.0,0.0,228.0,1.0,24.0,55.0,5.0,0.0,3.0,0.0,0.0,1.0,106.0,41.0,0.0,25.0,129.0,1.0,0.0,5.0,57.0,7.0,2.0,255.0,36.0,0.0,2.0,0.0,0.0,0.0,0.0,0.0,0.0,0.0,0.0,0.0,0.0,0.0,0.0,0.0,0.0,0.0,0.0,0.0,0.0,0.0,0.0,1.0,0.0,0.0,0.0,0.0,0.0,0.0,0.0,0.0,0.0,0.0,0.0,1.0,1.0,0.0,1527.0
-14670_6816,4.0,309.0,810.0,99.0,0.0,391.0,2.0,42.0,65.0,10.0,0.0,4.0,0.0,0.0,0.0,124.0,79.0,0.0,32.0,278.0,2.0,0.0,9.0,44.0,11.0,2.0,309.0,39.0,3.0,10.0,0.0,0.0,0.0,0.0,0.0,0.0,0.0,0.0,0.0,0.0,0.0,0.0,0.0,0.0,0.0,0.0,0.0,0.0,0.0,0.0,0.0,0.0,0.0,0.0,0.0,0.0,0.0,0.0,0.0,0.0,0.0,0.0,0.0,0.0,0.0,2678.0
-14670_6817,0.0,2.0,2.0,4.0,0.0,6.0,0.0,0.0,0.0,0.0,0.0,0.0,0.0,0.0,0.0,1.0,1.0,0.0,0.0,2.0,0.0,0.0,0.0,0.0,1.0,0.0,18.0,1.0,0.0,0.0,0.0,0.0,0.0,0.0,0.0,0.0,0.0,0.0,0.0,0.0,0.0,0.0,0.0,0.0,0.0,0.0,0.0,0.0,0.0,0.0,0.0,0.0,0.0,0.0,0.0,0.0,0.0,0.0,0.0,0.0,0.0,0.0,0.0,0.0,0.0,38.0
-14670_6818,0.0,4.0,15.0,2.0,0.0,5.0,0.0,2.0,0.0,0.0,0.0,1.0,0.0,0.0,0.0,12.0,4.0,0.0,4.0,1.0,0.0,0.0,0.0,1.0,0.0,0.0,15.0,1.0,0.0,1.0,0.0,0.0,0.0,0.0,0.0,0.0,0.0,0.0,0.0,0.0,0.0,0.0,0.0,0.0,0.0,0.0,0.0,0.0,0.0,0.0,0.0,0.0,0.0,0.0,0.0,0.0,0.0,0.0,0.0,0.0,0.0,0.0,0.0,0.0,0.0,68.0
-14670_6819,1.0,47.0,144.0,25.0,0.0,82.0,1.0,17.0,21.0,0.0,0.0,2.0,1.0,1.0,1.0,61.0,33.0,0.0,9.0,71.0,0.0,0.0,2.0,17.0,3.0,0.0,151.0,24.0,0.0,5.0,0.0,0.0,0.0,0.0,0.0,0.0,0.0,0.0,0.0,0.0,0.0,0.0,0.0,0.0,0.0,0.0,0.0,1.0,0.0,0.0,1.0,0.0,0.0,0.0,0.0,0.0,0.0,0.0,0.0,0.0,0.0,0.0,2.0,2.0,0.0,719.0
-14670_6820,1.0,53.0,81.0,8.0,1.0,62.0,1.0,37.0,211.0,1.0,0.0,4.0,1.0,0.0,1.0,81.0,29.0,0.0,4.0,45.0,0.0,0.0,1.0,20.0,2.0,0.0,193.0,21.0,1.0,0.0,0.0,0.0,0.0,0.0,0.0,0.0,0.0,0.0,0.0,0.0,1.0,0.0,0.0,0.0,0.0,0.0,0.0,0.0,0.0,0.0,0.0,0.0,0.0,0.0,0.0,0.0,0.0,0.0,0.0,0.0,0.0,0.0,1.0,0.0,1.0,859.0
-14670_6821,0.0,88.0,127.0,10.0,1.0,84.0,1.0,32.0,118.0,0.0,0.0,0.0,0.0,0.0,0.0,48.0,13.0,0.0,8.0,39.0,0.0,1.0,2.0,17.0,3.0,1.0,2076.0,11.0,0.0,0.0,0.0,0.0,0.0,0.0,0.0,0.0,0.0,0.0,0.0,0.0,0.0,0.0,0.0,0.0,0.0,0.0,0.0,0.0,0.0,1.0,0.0,0.0,0.0,0.0,0.0,0.0,0.0,0.0,0.0,0.0,0.0,0.0,1.0,0.0,0.0,2680.0
-14670_6822,0.0,10.0,4.0,2.0,0.0,16.0,0.0,1.0,0.0,0.0,0.0,0.0,0.0,0.0,0.0,11.0,0.0,0.0,1.0,6.0,0.0,0.0,0.0,0.0,0.0,0.0,15.0,2.0,0.0,0.0,0.0,0.0,0.0,0.0,0.0,0.0,0.0,0.0,0.0,0.0,0.0,0.0,0.0,0.0,0.0,0.0,0.0,0.0,0.0,0.0,0.0,0.0,0.0,0.0,0.0,0.0,0.0,0.0,0.0,0.0,0.0,0.0,0.0,0.0,0.0,68.0
-14670_6823,0.0,36.0,26.0,0.0,0.0,20.0,0.0,7.0,6.0,0.0,0.0,1.0,0.0,0.0,0.0,18.0,23.0,0.0,2.0,27.0,0.0,0.0,1.0,6.0,0.0,0.0,38.0,11.0,0.0,0.0,0.0,0.0,0.0,0.0,0.0,0.0,0.0,0.0,0.0,0.0,0.0,0.0,0.0,0.0,0.0,0.0,0.0,0.0,0.0,0.0,0.0,0.0,0.0,0.0,0.0,0.0,0.0,0.0,0.0,0.0,0.0,0.0,0.0,0.0,0.0,222.0
-14670_6824,0.0,7.0,3.0,2.0,0.0,9.0,0.0,1.0,2.0,0.0,0.0,0.0,0.0,0.0,0.0,3.0,1.0,0.0,0.0,2.0,0.0,0.0,0.0,1.0,0.0,0.0,35.0,2.0,0.0,0.0,0.0,0.0,0.0,0.0,0.0,0.0,0.0,0.0,0.0,0.0,0.0,0.0,0.0,0.0,0.0,0.0,0.0,0.0,0.0,0.0,0.0,0.0,0.0,0.0,0.0,0.0,0.0,0.0,0.0,0.0,0.0,0.0,0.0,0.0,0.0,68.0
-14670_6825,0.0,45.0,90.0,36.0,0.0,70.0,0.0,4.0,13.0,1.0,0.0,2.0,0.0,0.0,0.0,30.0,11.0,0.0,5.0,40.0,0.0,0.0,1.0,16.0,1.0,1.0,46.0,5.0,0.0,1.0,0.0,0.0,0.0,0.0,0.0,0.0,0.0,0.0,0.0,0.0,0.0,0.0,0.0,0.0,0.0,0.0,0.0,0.0,0.0,0.0,0.0,2.0,0.0,0.0,0.0,0.0,0.0,0.0,0.0,0.0,0.0,0.0,2.0,2.0,0.0,418.0
-14670_6826,9.0,570.0,1073.0,320.0,1.0,702.0,5.0,161.0,425.0,13.0,0.0,13.0,2.0,7.0,7.0,259.0,211.0,2.0,34.0,394.0,0.0,0.0,28.0,489.0,12.0,7.0,1285.0,101.0,2.0,14.0,0.0,0.0,0.0,0.0,0.0,0.0,0.0,0.0,0.0,0.0,1.0,0.0,0.0,0.0,0.0,0.0,0.0,0.0,0.0,0.0,0.0,0.0,0.0,0.0,0.0,0.0,0.0,1.0,0.0,0.0,0.0,0.0,2.0,1.0,1.0,6146.0
-14670_6827,10.0,310.0,838.0,296.0,0.0,698.0,4.0,56.0,155.0,11.0,0.0,6.0,5.0,5.0,3.0,331.0,273.0,1.0,51.0,430.0,0.0,0.0,16.0,142.0,4.0,0.0,665.0,102.0,3.0,17.0,0.0,0.0,0.0,0.0,0.0,1.0,0.0,0.0,0.0,0.0,0.0,0.0,0.0,0.0,0.0,0.0,0.0,0.0,0.0,0.0,1.0,0.0,0.0,0.0,0.0,0.0,0.0,1.0,0.0,0.0,0.0,0.0,3.0,3.0,0.0,4432.0
-14670_6828,3.0,208.0,366.0,234.0,1.0,465.0,2.0,28.0,171.0,1.0,0.0,7.0,2.0,2.0,0.0,287.0,73.0,0.0,23.0,244.0,0.0,0.0,4.0,103.0,11.0,1.0,563.0,56.0,2.0,9.0,0.0,0.0,0.0,0.0,0.0,0.0,0.0,0.0,0.0,0.0,0.0,0.0,0.0,0.0,0.0,0.0,0.0,0.0,0.0,0.0,0.0,0.0,0.0,0.0,0.0,0.0,0.0,1.0,0.0,0.0,0.0,0.0,1.0,1.0,0.0,2866.0
-14670_6829,8.0,414.0,1053.0,368.0,1.0,771.0,7.0,86.0,175.0,21.0,0.0,18.0,2.0,4.0,6.0,368.0,425.0,1.0,73.0,433.0,0.0,0.0,24.0,176.0,15.0,2.0,740.0,123.0,5.0,21.0,0.0,0.0,0.0,0.0,0.0,0.0,0.0,0.0,0.0,0.0,0.0,0.0,0.0,0.0,0.0,0.0,0.0,0.0,0.0,0.0,3.0,0.0,0.0,0.0,0.0,0.0,0.0,2.0,0.0,0.0,0.0,0.0,5.0,5.0,0.0,5340.0
-14670_6830,36.0,960.0,2403.0,672.0,3.0,1579.0,8.0,165.0,348.0,32.0,0.0,33.0,11.0,10.0,20.0,550.0,927.0,2.0,119.0,821.0,1.0,0.0,62.0,296.0,37.0,1.0,1366.0,268.0,19.0,32.0,0.0,0.0,0.0,0.0,0.0,0.0,0.0,0.0,0.0,0.0,0.0,0.0,0.0,0.0,0.0,0.0,0.0,1.0,0.0,0.0,4.0,0.0,0.0,0.0,0.0,0.0,0.0,1.0,0.0,0.0,0.0,0.0,6.0,6.0,0.0,10781.0
-14670_6831,29.0,938.0,2612.0,721.0,1.0,1361.0,10.0,158.0,237.0,36.0,0.0,41.0,8.0,22.0,18.0,503.0,1202.0,0.0,126.0,753.0,37.0,0.0,74.0,385.0,38.0,4.0,1220.0,235.0,21.0,41.0,0.0,0.0,0.0,0.0,0.0,0.0,0.0,0.0,0.0,0.0,0.0,0.0,0.0,0.0,0.0,0.0,0.0,0.0,0.0,0.0,3.0,0.0,0.0,0.0,0.0,0.0,0.0,0.0,0.0,0.0,1.0,0.0,4.0,3.0,0.0,10831.0
-14670_6832,21.0,1234.0,3509.0,1079.0,2.0,1796.0,32.0,349.0,373.0,43.0,1.0,71.0,12.0,14.0,22.0,669.0,1625.0,1.0,120.0,1170.0,461.0,1.0,65.0,662.0,44.0,14.0,1861.0,313.0,23.0,62.0,0.0,0.0,0.0,0.0,0.0,0.0,0.0,0.0,0.0,0.0,0.0,0.0,0.0,0.0,0.0,0.0,0.0,0.0,0.0,0.0,4.0,0.0,0.0,0.0,0.0,0.0,0.0,2.0,0.0,0.0,0.0,0.0,6.0,6.0,0.0,15649.0
-14670_6833,0.0,14.0,76.0,7.0,2.0,27.0,5.0,7.0,4.0,0.0,0.0,9.0,0.0,0.0,2.0,11.0,29.0,0.0,1.0,21.0,0.0,0.0,6.0,23.0,2.0,0.0,56.0,23.0,0.0,2.0,0.0,0.0,0.0,0.0,0.0,0.0,0.0,0.0,0.0,0.0,0.0,0.0,0.0,0.0,0.0,0.0,0.0,1.0,0.0,0.0,0.0,0.0,0.0,0.0,0.0,0.0,0.0,0.0,0.0,0.0,0.0,0.0,1.0,1.0,0.0,327.0
-14671_6813,1.0,50.0,171.0,64.0,0.0,128.0,0.0,12.0,32.0,2.0,0.0,1.0,1.0,1.0,0.0,60.0,18.0,0.0,14.0,92.0,0.0,0.0,2.0,14.0,0.0,0.0,121.0,10.0,0.0,4.0,0.0,0.0,0.0,0.0,0.0,0.0,0.0,0.0,0.0,0.0,0.0,0.0,0.0,0.0,0.0,0.0,0.0,0.0,0.0,0.0,0.0,0.0,0.0,0.0,0.0,0.0,0.0,0.0,0.0,0.0,0.0,0.0,0.0,0.0,0.0,798.0
-14671_6814,2.0,83.0,231.0,82.0,2.0,157.0,1.0,22.0,51.0,2.0,0.0,5.0,1.0,4.0,0.0,104.0,56.0,0.0,7.0,76.0,0.0,0.0,3.0,38.0,3.0,1.0,167.0,33.0,0.0,0.0,0.0,0.0,0.0,0.0,0.0,0.0,0.0,0.0,0.0,0.0,1.0,0.0,0.0,0.0,0.0,0.0,0.0,0.0,0.0,0.0,0.0,0.0,0.0,0.0,0.0,0.0,0.0,0.0,0.0,0.0,0.0,0.0,1.0,0.0,1.0,1131.0
-14671_6815,9.0,325.0,747.0,321.0,0.0,649.0,4.0,38.0,163.0,4.0,0.0,9.0,2.0,14.0,0.0,260.0,149.0,1.0,48.0,319.0,0.0,0.0,15.0,113.0,17.0,3.0,576.0,117.0,0.0,8.0,0.0,0.0,0.0,0.0,0.0,0.0,0.0,0.0,0.0,0.0,0.0,0.0,0.0,0.0,0.0,0.0,0.0,1.0,0.0,0.0,0.0,1.0,0.0,0.0,0.0,0.0,0.0,1.0,0.0,0.0,0.0,0.0,3.0,3.0,0.0,3911.0
-14671_6816,11.0,407.0,1015.0,402.0,0.0,760.0,3.0,66.0,150.0,11.0,0.0,16.0,4.0,6.0,7.0,331.0,284.0,0.0,51.0,408.0,4.0,0.0,25.0,202.0,19.0,5.0,644.0,126.0,1.0,11.0,1.0,0.0,0.0,0.0,0.0,0.0,0.0,0.0,0.0,0.0,0.0,0.0,0.0,0.0,0.0,0.0,0.0,0.0,0.0,0.0,1.0,1.0,0.0,0.0,0.0,0.0,0.0,0.0,0.0,0.0,0.0,0.0,3.0,2.0,1.0,4969.0
-14671_6817,24.0,739.0,2236.0,571.0,4.0,1199.0,5.0,200.0,175.0,29.0,0.0,47.0,5.0,9.0,29.0,369.0,1179.0,0.0,90.0,623.0,184.0,0.0,59.0,315.0,25.0,4.0,1130.0,197.0,20.0,45.0,0.0,0.0,0.0,0.0,0.0,0.0,0.0,0.0,0.0,0.0,0.0,0.0,0.0,0.0,0.0,0.0,0.0,1.0,0.0,0.0,3.0,1.0,0.0,0.0,0.0,0.0,0.0,1.0,0.0,0.0,0.0,0.0,6.0,6.0,0.0,9512.0
-14671_6818,12.0,339.0,779.0,142.0,0.0,564.0,2.0,33.0,61.0,10.0,0.0,6.0,3.0,2.0,7.0,163.0,211.0,0.0,24.0,196.0,3.0,0.0,12.0,48.0,13.0,1.0,327.0,125.0,0.0,10.0,0.0,0.0,0.0,0.0,0.0,0.0,0.0,0.0,0.0,0.0,0.0,0.0,0.0,0.0,0.0,0.0,0.0,0.0,0.0,0.0,1.0,0.0,0.0,0.0,0.0,0.0,0.0,0.0,0.0,0.0,1.0,0.0,2.0,1.0,0.0,3093.0
-14671_6819,7.0,433.0,938.0,226.0,1.0,814.0,7.0,64.0,107.0,8.0,0.0,10.0,3.0,5.0,2.0,441.0,156.0,3.0,53.0,344.0,2.0,0.0,9.0,140.0,12.0,6.0,980.0,96.0,0.0,23.0,0.0,0.0,0.0,0.0,0.0,1.0,0.0,0.0,0.0,0.0,0.0,0.0,0.0,0.0,0.0,0.0,0.0,0.0,0.0,0.0,3.0,1.0,0.0,0.0,0.0,0.0,0.0,2.0,0.0,0.0,0.0,0.0,7.0,7.0,0.0,4890.0
-14671_6820,3.0,585.0,710.0,132.0,4.0,541.0,9.0,264.0,188.0,3.0,0.0,71.0,41.0,23.0,1.0,172.0,368.0,0.0,111.0,512.0,1.0,1.0,41.0,82.0,13.0,19.0,642.0,62.0,0.0,10.0,0.0,0.0,0.0,0.0,0.0,0.0,0.0,1.0,0.0,0.0,1.0,0.0,0.0,0.0,0.0,0.0,0.0,4.0,0.0,0.0,1.0,1.0,1.0,0.0,0.0,0.0,0.0,0.0,1.0,0.0,0.0,0.0,10.0,8.0,1.0,4609.0
-14671_6821,0.0,36.0,81.0,23.0,0.0,41.0,0.0,4.0,5.0,3.0,0.0,0.0,1.0,0.0,0.0,12.0,15.0,0.0,4.0,19.0,0.0,0.0,1.0,6.0,0.0,1.0,38.0,7.0,0.0,1.0,0.0,0.0,0.0,0.0,0.0,0.0,0.0,0.0,0.0,0.0,0.0,0.0,0.0,0.0,0.0,0.0,0.0,0.0,0.0,0.0,0.0,0.0,0.0,0.0,0.0,0.0,0.0,0.0,0.0,0.0,1.0,0.0,1.0,0.0,0.0,298.0
-14671_6822,0.0,0.0,1.0,0.0,0.0,0.0,0.0,0.0,0.0,0.0,0.0,0.0,0.0,1.0,0.0,0.0,0.0,0.0,0.0,0.0,0.0,0.0,0.0,0.0,0.0,0.0,0.0,0.0,0.0,0.0,0.0,0.0,0.0,0.0,0.0,0.0,0.0,0.0,0.0,0.0,0.0,0.0,0.0,0.0,0.0,0.0,0.0,0.0,0.0,0.0,0.0,1.0,0.0,0.0,0.0,0.0,0.0,0.0,0.0,0.0,0.0,0.0,1.0,1.0,0.0,2.0
-14671_6823,0.0,23.0,37.0,10.0,1.0,15.0,0.0,4.0,6.0,0.0,0.0,1.0,0.0,0.0,0.0,35.0,7.0,0.0,0.0,12.0,0.0,0.0,1.0,6.0,2.0,0.0,49.0,4.0,0.0,1.0,0.0,0.0,0.0,0.0,0.0,0.0,0.0,0.0,0.0,0.0,0.0,0.0,0.0,0.0,0.0,0.0,0.0,0.0,0.0,0.0,0.0,0.0,0.0,0.0,0.0,0.0,0.0,0.0,0.0,0.0,0.0,0.0,0.0,0.0,0.0,214.0
-14671_6824,1.0,94.0,155.0,7.0,0.0,37.0,0.0,29.0,19.0,0.0,0.0,0.0,0.0,0.0,0.0,61.0,27.0,0.0,2.0,30.0,0.0,1.0,14.0,9.0,7.0,2.0,275.0,9.0,1.0,5.0,0.0,0.0,0.0,0.0,0.0,0.0,0.0,0.0,0.0,0.0,0.0,0.0,0.0,0.0,0.0,0.0,0.0,0.0,0.0,0.0,0.0,0.0,0.0,0.0,0.0,0.0,0.0,0.0,0.0,0.0,0.0,0.0,0.0,0.0,0.0,785.0
-14671_6825,0.0,10.0,9.0,5.0,0.0,12.0,0.0,1.0,2.0,0.0,0.0,0.0,0.0,0.0,0.0,11.0,4.0,0.0,0.0,9.0,0.0,0.0,0.0,1.0,1.0,0.0,75.0,5.0,0.0,0.0,0.0,0.0,0.0,0.0,0.0,0.0,0.0,0.0,0.0,0.0,0.0,0.0,0.0,0.0,0.0,0.0,0.0,0.0,0.0,0.0,0.0,0.0,0.0,0.0,0.0,0.0,0.0,0.0,0.0,0.0,0.0,0.0,0.0,0.0,0.0,145.0
-14671_6826,0.0,275.0,448.0,68.0,1.0,182.0,2.0,43.0,429.0,6.0,0.0,10.0,2.0,2.0,2.0,168.0,86.0,0.0,27.0,134.0,0.0,1.0,13.0,164.0,6.0,2.0,1583.0,69.0,0.0,5.0,0.0,0.0,0.0,0.0,0.0,0.0,0.0,0.0,0.0,0.0,1.0,0.0,0.0,0.0,0.0,0.0,0.0,0.0,0.0,0.0,0.0,0.0,0.0,0.0,0.0,0.0,0.0,0.0,1.0,0.0,1.0,0.0,3.0,1.0,1.0,3728.0
-14671_6827,3.0,238.0,454.0,229.0,0.0,422.0,2.0,56.0,108.0,1.0,0.0,3.0,0.0,5.0,2.0,195.0,67.0,0.0,26.0,223.0,0.0,0.0,10.0,92.0,9.0,6.0,472.0,34.0,0.0,7.0,0.0,0.0,0.0,0.0,0.0,0.0,0.0,0.0,0.0,0.0,0.0,0.0,0.0,0.0,0.0,0.0,0.0,0.0,0.0,0.0,1.0,0.0,0.0,0.0,0.0,0.0,0.0,2.0,0.0,0.0,0.0,0.0,3.0,3.0,0.0,2664.0
-14671_6828,1.0,158.0,363.0,201.0,0.0,422.0,2.0,31.0,157.0,2.0,0.0,1.0,1.0,16.0,1.0,270.0,67.0,0.0,31.0,217.0,0.0,0.0,5.0,139.0,10.0,2.0,534.0,37.0,0.0,4.0,0.0,0.0,0.0,0.0,0.0,0.0,0.0,0.0,0.0,0.0,0.0,0.0,0.0,0.0,0.0,0.0,0.0,1.0,0.0,0.0,0.0,1.0,0.0,0.0,0.0,0.0,0.0,1.0,0.0,0.0,0.0,0.0,3.0,3.0,0.0,2672.0
-14671_6829,17.0,495.0,1463.0,152.0,0.0,318.0,9.0,121.0,91.0,1.0,0.0,10.0,4.0,2.0,9.0,205.0,332.0,2.0,22.0,170.0,0.0,0.0,185.0,128.0,17.0,2.0,897.0,115.0,7.0,10.0,0.0,0.0,0.0,0.0,0.0,0.0,0.0,0.0,0.0,0.0,0.0,0.0,0.0,0.0,0.0,0.0,0.0,0.0,0.0,0.0,0.0,0.0,0.0,0.0,0.0,0.0,0.0,2.0,0.0,0.0,0.0,0.0,2.0,2.0,0.0,4784.0
-14671_6830,6.0,415.0,1087.0,458.0,0.0,786.0,4.0,64.0,194.0,14.0,0.0,18.0,3.0,15.0,3.0,453.0,210.0,0.0,67.0,470.0,0.0,0.0,30.0,194.0,20.0,4.0,889.0,119.0,3.0,19.0,0.0,0.0,0.0,0.0,0.0,0.0,0.0,0.0,0.0,0.0,0.0,0.0,0.0,0.0,0.0,0.0,0.0,0.0,0.0,0.0,2.0,0.0,0.0,0.0,0.0,0.0,0.0,1.0,0.0,0.0,0.0,0.0,3.0,3.0,0.0,5545.0
-14671_6831,8.0,542.0,1502.0,664.0,1.0,1148.0,8.0,110.0,216.0,12.0,0.0,19.0,7.0,7.0,3.0,536.0,381.0,1.0,66.0,662.0,0.0,0.0,24.0,231.0,21.0,6.0,1190.0,107.0,3.0,30.0,0.0,0.0,0.0,0.0,0.0,0.0,0.0,0.0,0.0,0.0,0.0,0.0,0.0,0.0,0.0,0.0,0.0,1.0,0.0,0.0,1.0,1.0,0.0,0.0,0.0,0.0,0.0,0.0,0.0,0.0,0.0,0.0,3.0,3.0,0.0,7505.0
-14671_6832,37.0,1741.0,4789.0,1294.0,1.0,2086.0,27.0,473.0,362.0,39.0,1.0,61.0,11.0,25.0,26.0,716.0,2477.0,4.0,171.0,1289.0,21.0,0.0,114.0,745.0,51.0,8.0,2580.0,391.0,28.0,73.0,0.0,0.0,0.0,0.0,0.0,0.0,0.0,0.0,0.0,0.0,0.0,0.0,0.0,0.0,0.0,0.0,0.0,0.0,0.0,0.0,4.0,0.0,0.0,0.0,0.0,0.0,0.0,1.0,0.0,0.0,0.0,0.0,5.0,5.0,0.0,19641.0
-14671_6833,22.0,1302.0,3743.0,961.0,1.0,1755.0,19.0,338.0,417.0,30.0,0.0,26.0,7.0,18.0,7.0,690.0,1052.0,0.0,155.0,992.0,638.0,0.0,56.0,656.0,45.0,15.0,1846.0,207.0,13.0,59.0,0.0,0.0,0.0,0.0,0.0,0.0,0.0,0.0,0.0,0.0,1.0,0.0,0.0,0.0,0.0,0.0,0.0,0.0,0.0,0.0,1.0,3.0,0.0,0.0,0.0,0.0,0.0,2.0,0.0,0.0,0.0,0.0,7.0,6.0,1.0,15070.0
-14671_6834,0.0,0.0,1.0,0.0,0.0,0.0,1.0,0.0,0.0,0.0,0.0,0.0,0.0,0.0,0.0,0.0,1.0,0.0,0.0,0.0,0.0,0.0,0.0,0.0,0.0,0.0,0.0,0.0,0.0,0.0,0.0,0.0,0.0,0.0,0.0,0.0,0.0,0.0,0.0,0.0,0.0,0.0,0.0,0.0,0.0,0.0,0.0,0.0,0.0,0.0,0.0,0.0,0.0,0.0,0.0,0.0,0.0,0.0,0.0,0.0,0.0,0.0,0.0,0.0,0.0,3.0
-14672_6813,3.0,82.0,176.0,63.0,0.0,157.0,1.0,14.0,42.0,2.0,0.0,2.0,0.0,0.0,0.0,113.0,23.0,0.0,8.0,113.0,0.0,0.0,3.0,35.0,6.0,0.0,147.0,20.0,0.0,5.0,0.0,0.0,0.0,0.0,0.0,0.0,0.0,0.0,0.0,0.0,0.0,0.0,0.0,0.0,0.0,0.0,0.0,0.0,0.0,0.0,0.0,0.0,0.0,0.0,0.0,0.0,0.0,0.0,0.0,0.0,0.0,0.0,0.0,0.0,0.0,1015.0
-14672_6814,10.0,370.0,924.0,320.0,5.0,677.0,2.0,47.0,148.0,8.0,0.0,13.0,7.0,5.0,0.0,285.0,150.0,0.0,42.0,406.0,0.0,0.0,26.0,182.0,14.0,6.0,630.0,116.0,10.0,22.0,0.0,0.0,0.0,0.0,0.0,0.0,0.0,0.0,0.0,0.0,0.0,0.0,0.0,0.0,0.0,0.0,0.0,0.0,0.0,0.0,1.0,1.0,0.0,0.0,0.0,0.0,0.0,1.0,0.0,0.0,0.0,0.0,3.0,3.0,0.0,4425.0
-14672_6815,7.0,374.0,1110.0,305.0,0.0,603.0,6.0,65.0,130.0,8.0,0.0,7.0,2.0,7.0,1.0,266.0,163.0,1.0,46.0,332.0,0.0,0.0,20.0,83.0,18.0,6.0,527.0,93.0,8.0,17.0,0.0,0.0,0.0,0.0,0.0,0.0,0.0,0.0,0.0,0.0,0.0,0.0,0.0,0.0,0.0,0.0,0.0,0.0,0.0,0.0,0.0,1.0,0.0,0.0,0.0,0.0,0.0,1.0,0.0,0.0,0.0,0.0,2.0,2.0,0.0,4205.0
-14672_6816,11.0,383.0,820.0,428.0,0.0,690.0,4.0,75.0,138.0,17.0,0.0,10.0,3.0,11.0,0.0,305.0,151.0,0.0,55.0,389.0,3.0,0.0,9.0,127.0,18.0,11.0,614.0,103.0,3.0,23.0,0.0,0.0,0.0,0.0,0.0,0.0,0.0,0.0,0.0,0.0,0.0,0.0,0.0,0.0,0.0,0.0,0.0,1.0,0.0,0.0,0.0,1.0,0.0,0.0,0.0,0.0,0.0,0.0,0.0,0.0,0.0,0.0,2.0,2.0,0.0,4401.0
-14672_6817,26.0,682.0,2265.0,742.0,1.0,1221.0,7.0,177.0,174.0,35.0,0.0,46.0,8.0,10.0,10.0,415.0,1704.0,0.0,84.0,654.0,172.0,0.0,62.0,284.0,20.0,6.0,968.0,304.0,19.0,34.0,0.0,0.0,0.0,0.0,0.0,0.0,0.0,0.0,0.0,1.0,0.0,0.0,0.0,0.0,0.0,0.0,0.0,1.0,0.0,0.0,3.0,0.0,0.0,0.0,0.0,0.0,0.0,0.0,0.0,0.0,0.0,0.0,5.0,5.0,0.0,10130.0
-14672_6818,30.0,939.0,2340.0,538.0,1.0,1140.0,8.0,281.0,172.0,24.0,0.0,66.0,3.0,11.0,10.0,395.0,1080.0,0.0,69.0,610.0,452.0,0.0,75.0,372.0,30.0,6.0,1174.0,304.0,21.0,40.0,0.0,0.0,0.0,0.0,0.0,0.0,0.0,0.0,0.0,0.0,1.0,0.0,0.0,0.0,0.0,0.0,0.0,0.0,0.0,0.0,4.0,0.0,0.0,0.0,0.0,0.0,0.0,1.0,1.0,0.0,0.0,0.0,7.0,6.0,1.0,10191.0
-14672_6819,26.0,863.0,2166.0,562.0,0.0,1199.0,8.0,154.0,230.0,31.0,0.0,44.0,4.0,11.0,5.0,466.0,929.0,1.0,72.0,613.0,90.0,0.0,40.0,363.0,43.0,4.0,1472.0,231.0,8.0,39.0,0.0,0.0,0.0,0.0,0.0,1.0,0.0,0.0,0.0,1.0,0.0,0.0,0.0,0.0,0.0,0.0,0.0,0.0,0.0,1.0,12.0,0.0,0.0,0.0,0.0,0.0,0.0,4.0,0.0,0.0,0.0,0.0,19.0,18.0,0.0,9674.0
-14672_6820,8.0,708.0,1747.0,365.0,0.0,806.0,8.0,135.0,113.0,22.0,0.0,29.0,1.0,4.0,3.0,260.0,397.0,1.0,63.0,495.0,1.0,0.0,22.0,215.0,28.0,4.0,883.0,176.0,7.0,27.0,0.0,0.0,0.0,0.0,0.0,0.0,0.0,0.0,0.0,0.0,0.0,0.0,0.0,0.0,0.0,0.0,0.0,1.0,0.0,0.0,2.0,1.0,0.0,0.0,0.0,0.0,0.0,1.0,0.0,0.0,0.0,0.0,5.0,5.0,0.0,6528.0
-14672_6821,4.0,400.0,1061.0,419.0,0.0,746.0,4.0,76.0,150.0,7.0,0.0,7.0,2.0,6.0,0.0,289.0,198.0,1.0,59.0,441.0,1.0,0.0,10.0,143.0,22.0,3.0,666.0,88.0,5.0,13.0,0.0,0.0,0.0,0.0,0.0,0.0,0.0,0.0,0.0,0.0,0.0,0.0,0.0,0.0,0.0,0.0,0.0,0.0,0.0,0.0,2.0,0.0,0.0,0.0,0.0,0.0,0.0,0.0,0.0,0.0,0.0,0.0,2.0,2.0,0.0,4821.0
-14672_6822,13.0,434.0,1258.0,301.0,1.0,750.0,7.0,81.0,156.0,12.0,0.0,10.0,3.0,8.0,1.0,260.0,365.0,0.0,71.0,414.0,0.0,0.0,14.0,169.0,20.0,6.0,661.0,119.0,9.0,16.0,0.0,0.0,0.0,0.0,0.0,0.0,0.0,0.0,0.0,0.0,0.0,0.0,0.0,0.0,0.0,0.0,0.0,1.0,0.0,0.0,0.0,2.0,0.0,0.0,0.0,0.0,0.0,1.0,0.0,0.0,0.0,0.0,4.0,4.0,0.0,5159.0
-14672_6823,7.0,897.0,1993.0,141.0,1.0,498.0,8.0,238.0,125.0,13.0,0.0,25.0,8.0,5.0,5.0,213.0,286.0,0.0,64.0,418.0,1.0,0.0,128.0,193.0,36.0,8.0,961.0,160.0,12.0,23.0,0.0,0.0,0.0,0.0,0.0,0.0,0.0,0.0,0.0,0.0,1.0,0.0,0.0,0.0,0.0,0.0,0.0,1.0,0.0,0.0,1.0,1.0,0.0,0.0,0.0,0.0,0.0,2.0,0.0,0.0,0.0,0.0,6.0,5.0,1.0,6467.0
-14672_6824,0.0,146.0,340.0,81.0,0.0,285.0,5.0,34.0,109.0,2.0,0.0,2.0,2.0,6.0,0.0,144.0,21.0,1.0,16.0,198.0,0.0,0.0,3.0,29.0,3.0,2.0,223.0,9.0,0.0,6.0,0.0,0.0,0.0,0.0,0.0,0.0,0.0,0.0,0.0,0.0,0.0,0.0,0.0,0.0,0.0,0.0,0.0,0.0,0.0,0.0,0.0,0.0,0.0,0.0,0.0,0.0,0.0,0.0,0.0,0.0,0.0,0.0,0.0,0.0,0.0,1667.0
-14672_6825,4.0,218.0,532.0,187.0,0.0,396.0,2.0,56.0,98.0,3.0,0.0,5.0,1.0,4.0,2.0,176.0,61.0,0.0,29.0,198.0,0.0,0.0,13.0,58.0,14.0,3.0,404.0,48.0,3.0,6.0,0.0,0.0,0.0,0.0,0.0,0.0,0.0,0.0,0.0,0.0,0.0,0.0,0.0,0.0,0.0,0.0,0.0,0.0,0.0,0.0,1.0,2.0,0.0,0.0,0.0,0.0,0.0,1.0,0.0,0.0,0.0,0.0,4.0,4.0,0.0,2521.0
-14672_6826,6.0,114.0,251.0,65.0,0.0,221.0,4.0,25.0,58.0,4.0,0.0,6.0,1.0,0.0,0.0,128.0,61.0,0.0,21.0,103.0,0.0,0.0,10.0,53.0,5.0,1.0,240.0,46.0,2.0,5.0,0.0,0.0,0.0,0.0,0.0,0.0,0.0,0.0,0.0,0.0,0.0,0.0,0.0,0.0,0.0,0.0,0.0,0.0,0.0,0.0,0.0,0.0,0.0,0.0,0.0,0.0,0.0,0.0,0.0,0.0,0.0,0.0,0.0,0.0,0.0,1430.0
-14672_6827,11.0,393.0,1017.0,269.0,3.0,662.0,17.0,153.0,304.0,20.0,0.0,16.0,3.0,6.0,14.0,420.0,529.0,0.0,35.0,340.0,0.0,0.0,25.0,299.0,22.0,6.0,899.0,152.0,14.0,46.0,0.0,0.0,0.0,0.0,0.0,0.0,0.0,0.0,0.0,0.0,1.0,0.0,0.0,0.0,0.0,0.0,0.0,0.0,0.0,0.0,3.0,0.0,0.0,0.0,0.0,0.0,0.0,1.0,0.0,0.0,0.0,0.0,5.0,4.0,1.0,5675.0
-14672_6828,3.0,280.0,694.0,278.0,0.0,558.0,7.0,99.0,201.0,7.0,1.0,7.0,2.0,3.0,26.0,469.0,126.0,1.0,18.0,320.0,0.0,0.0,17.0,317.0,11.0,4.0,1317.0,72.0,0.0,12.0,0.0,0.0,0.0,1.0,0.0,0.0,0.0,0.0,0.0,0.0,0.0,0.0,0.0,0.0,0.0,0.0,0.0,0.0,0.0,0.0,1.0,0.0,0.0,0.0,0.0,0.0,0.0,0.0,0.0,0.0,0.0,0.0,2.0,1.0,1.0,4850.0
-14672_6829,10.0,468.0,1022.0,305.0,0.0,679.0,6.0,83.0,225.0,15.0,0.0,10.0,4.0,5.0,3.0,356.0,226.0,0.0,47.0,407.0,0.0,0.0,46.0,353.0,18.0,3.0,978.0,118.0,9.0,19.0,0.0,0.0,0.0,0.0,0.0,0.0,0.0,0.0,0.0,0.0,1.0,0.0,0.0,0.0,0.0,0.0,0.0,0.0,0.0,0.0,1.0,1.0,0.0,0.0,0.0,0.0,0.0,2.0,0.0,0.0,0.0,0.0,5.0,4.0,1.0,5415.0
-14672_6830,4.0,249.0,607.0,264.0,1.0,458.0,4.0,50.0,128.0,10.0,0.0,8.0,0.0,5.0,6.0,301.0,153.0,0.0,32.0,291.0,0.0,0.0,12.0,162.0,10.0,4.0,654.0,74.0,1.0,10.0,0.0,0.0,0.0,0.0,0.0,0.0,0.0,0.0,0.0,0.0,0.0,0.0,0.0,0.0,0.0,0.0,0.0,0.0,0.0,0.0,2.0,0.0,0.0,0.0,0.0,0.0,0.0,1.0,0.0,0.0,0.0,0.0,3.0,3.0,0.0,3498.0
-14672_6831,8.0,475.0,1061.0,514.0,0.0,759.0,9.0,100.0,187.0,8.0,0.0,7.0,1.0,8.0,2.0,529.0,105.0,0.0,50.0,469.0,1.0,0.0,15.0,220.0,20.0,6.0,1076.0,75.0,4.0,24.0,0.0,0.0,0.0,0.0,0.0,0.0,0.0,0.0,0.0,0.0,0.0,1.0,0.0,0.0,0.0,0.0,0.0,0.0,0.0,0.0,0.0,0.0,0.0,0.0,0.0,0.0,0.0,1.0,0.0,0.0,0.0,0.0,2.0,2.0,0.0,5733.0
-14672_6832,17.0,1325.0,3625.0,1071.0,2.0,1880.0,28.0,423.0,424.0,41.0,0.0,55.0,10.0,18.0,17.0,830.0,2005.0,0.0,144.0,1113.0,48.0,0.0,69.0,818.0,53.0,13.0,2156.0,301.0,51.0,68.0,0.0,0.0,0.0,0.0,0.0,1.0,0.0,0.0,0.0,0.0,2.0,0.0,0.0,0.0,0.0,0.0,0.0,0.0,0.0,0.0,2.0,0.0,0.0,0.0,0.0,0.0,0.0,0.0,0.0,0.0,0.0,0.0,5.0,3.0,2.0,16605.0
-14672_6833,42.0,2266.0,6702.0,1949.0,2.0,2953.0,40.0,632.0,639.0,50.0,1.0,81.0,15.0,23.0,34.0,1190.0,3219.0,1.0,244.0,1783.0,76.0,0.0,122.0,1003.0,91.0,16.0,3161.0,427.0,34.0,90.0,0.0,0.0,0.0,0.0,0.0,0.0,1.0,0.0,0.0,0.0,1.0,0.0,0.0,0.0,0.0,0.0,0.0,0.0,0.0,0.0,5.0,0.0,0.0,0.0,0.0,0.0,0.0,0.0,3.0,0.0,0.0,0.0,10.0,9.0,1.0,26886.0
-14672_6834,11.0,904.0,2976.0,756.0,0.0,1509.0,25.0,198.0,463.0,19.0,0.0,18.0,8.0,10.0,5.0,727.0,520.0,1.0,116.0,1205.0,106.0,0.0,41.0,418.0,62.0,16.0,2046.0,96.0,13.0,67.0,0.0,0.0,0.0,0.0,0.0,0.0,0.0,0.0,0.0,1.0,0.0,0.0,0.0,1.0,0.0,0.0,0.0,1.0,0.0,0.0,2.0,1.0,0.0,0.0,0.0,0.0,0.0,0.0,1.0,0.0,0.0,0.0,7.0,7.0,0.0,12336.0
-14673_6813,1.0,7.0,9.0,8.0,0.0,27.0,0.0,3.0,8.0,0.0,0.0,0.0,0.0,0.0,0.0,5.0,0.0,0.0,0.0,13.0,0.0,0.0,0.0,2.0,0.0,1.0,20.0,1.0,0.0,0.0,0.0,0.0,0.0,0.0,0.0,0.0,0.0,0.0,0.0,0.0,0.0,0.0,0.0,0.0,0.0,0.0,0.0,0.0,0.0,0.0,0.0,0.0,0.0,0.0,0.0,0.0,0.0,0.0,0.0,0.0,0.0,0.0,0.0,0.0,0.0,105.0
-14673_6814,6.0,162.0,372.0,178.0,0.0,255.0,0.0,34.0,70.0,3.0,0.0,1.0,0.0,4.0,0.0,149.0,31.0,0.0,34.0,181.0,0.0,0.0,9.0,87.0,5.0,2.0,257.0,41.0,0.0,12.0,0.0,0.0,0.0,0.0,0.0,0.0,0.0,0.0,0.0,0.0,0.0,0.0,0.0,0.0,0.0,0.0,0.0,0.0,0.0,0.0,0.0,0.0,0.0,0.0,0.0,0.0,0.0,0.0,0.0,0.0,0.0,0.0,0.0,0.0,0.0,1893.0
-14673_6815,6.0,230.0,662.0,191.0,2.0,421.0,4.0,66.0,118.0,12.0,0.0,17.0,2.0,3.0,1.0,194.0,483.0,0.0,32.0,288.0,0.0,0.0,20.0,162.0,13.0,3.0,582.0,131.0,5.0,13.0,0.0,0.0,0.0,0.0,0.0,0.0,0.0,0.0,0.0,0.0,0.0,0.0,0.0,0.0,0.0,0.0,0.0,0.0,0.0,0.0,1.0,0.0,0.0,0.0,0.0,0.0,0.0,0.0,0.0,0.0,0.0,0.0,1.0,1.0,0.0,3661.0
-14673_6816,25.0,599.0,1684.0,420.0,2.0,930.0,11.0,83.0,144.0,19.0,0.0,24.0,5.0,11.0,3.0,311.0,696.0,0.0,80.0,473.0,11.0,0.0,28.0,205.0,29.0,7.0,672.0,196.0,14.0,35.0,0.0,0.0,0.0,1.0,0.0,0.0,0.0,0.0,0.0,0.0,0.0,0.0,0.0,0.0,0.0,0.0,0.0,0.0,0.0,0.0,2.0,0.0,0.0,0.0,0.0,0.0,0.0,1.0,0.0,0.0,0.0,0.0,4.0,3.0,1.0,6717.0
-14673_6817,25.0,849.0,2110.0,732.0,1.0,1257.0,10.0,180.0,208.0,23.0,0.0,30.0,9.0,12.0,7.0,450.0,1301.0,0.0,76.0,545.0,110.0,0.0,71.0,334.0,48.0,4.0,982.0,326.0,24.0,28.0,0.0,0.0,0.0,0.0,0.0,0.0,0.0,0.0,0.0,0.0,0.0,0.0,0.0,0.0,0.0,0.0,0.0,0.0,0.0,0.0,9.0,2.0,0.0,0.0,0.0,0.0,0.0,1.0,0.0,0.0,0.0,0.0,12.0,12.0,0.0,9752.0
-14673_6818,32.0,750.0,2258.0,699.0,0.0,1411.0,11.0,129.0,193.0,23.0,0.0,33.0,3.0,13.0,6.0,362.0,1326.0,0.0,95.0,580.0,4.0,0.0,44.0,250.0,25.0,3.0,817.0,249.0,11.0,29.0,0.0,0.0,0.0,0.0,0.0,0.0,0.0,0.0,0.0,0.0,0.0,0.0,0.0,0.0,0.0,0.0,0.0,0.0,0.0,0.0,0.0,0.0,0.0,0.0,0.0,0.0,0.0,0.0,0.0,0.0,0.0,0.0,0.0,0.0,0.0,9356.0
-14673_6819,20.0,768.0,2128.0,563.0,4.0,1103.0,9.0,152.0,156.0,26.0,1.0,40.0,4.0,7.0,8.0,401.0,1380.0,0.0,80.0,614.0,13.0,0.0,42.0,293.0,26.0,6.0,956.0,276.0,42.0,35.0,0.0,0.0,0.0,0.0,0.0,0.0,0.0,0.0,0.0,0.0,0.0,0.0,0.0,0.0,0.0,0.0,0.0,0.0,0.0,0.0,3.0,0.0,0.0,0.0,0.0,0.0,0.0,2.0,0.0,0.0,0.0,0.0,5.0,5.0,0.0,9153.0
-14673_6820,30.0,1430.0,3423.0,603.0,2.0,1577.0,26.0,636.0,491.0,34.0,1.0,98.0,11.0,12.0,8.0,576.0,2072.0,0.0,105.0,906.0,240.0,1.0,107.0,926.0,56.0,8.0,3214.0,387.0,44.0,58.0,0.0,0.0,0.0,0.0,0.0,0.0,0.0,0.0,0.0,0.0,2.0,1.0,0.0,0.0,0.0,0.0,0.0,0.0,0.0,0.0,8.0,0.0,0.0,0.0,0.0,0.0,0.0,1.0,0.0,0.0,0.0,0.0,12.0,10.0,2.0,17082.0
-14673_6821,17.0,633.0,1771.0,602.0,1.0,1001.0,14.0,141.0,187.0,22.0,0.0,39.0,7.0,10.0,5.0,441.0,835.0,1.0,75.0,537.0,387.0,0.0,38.0,334.0,27.0,3.0,1100.0,158.0,20.0,41.0,0.0,0.0,0.0,0.0,0.0,0.0,0.0,0.0,0.0,0.0,0.0,0.0,0.0,1.0,0.0,0.0,0.0,0.0,0.0,0.0,7.0,0.0,0.0,0.0,0.0,0.0,0.0,0.0,0.0,0.0,0.0,0.0,8.0,8.0,0.0,8447.0
-14673_6822,6.0,308.0,827.0,385.0,0.0,604.0,3.0,56.0,173.0,5.0,1.0,7.0,0.0,4.0,1.0,314.0,126.0,0.0,35.0,457.0,3.0,0.0,7.0,153.0,14.0,6.0,731.0,60.0,1.0,11.0,0.0,0.0,0.0,0.0,0.0,0.0,0.0,0.0,0.0,0.0,0.0,0.0,0.0,0.0,0.0,0.0,0.0,0.0,0.0,0.0,1.0,0.0,0.0,0.0,0.0,0.0,0.0,2.0,0.0,0.0,0.0,0.0,3.0,3.0,0.0,4298.0
-14673_6823,13.0,361.0,1028.0,405.0,3.0,716.0,5.0,95.0,169.0,7.0,0.0,10.0,1.0,5.0,10.0,388.0,240.0,0.0,43.0,444.0,3.0,0.0,27.0,321.0,14.0,6.0,970.0,106.0,3.0,18.0,0.0,0.0,0.0,0.0,0.0,0.0,0.0,0.0,0.0,0.0,1.0,0.0,0.0,0.0,0.0,0.0,0.0,0.0,0.0,0.0,3.0,1.0,0.0,0.0,0.0,0.0,0.0,0.0,0.0,0.0,0.0,0.0,5.0,4.0,1.0,5411.0
-14673_6824,2.0,185.0,397.0,154.0,0.0,321.0,2.0,37.0,100.0,3.0,0.0,4.0,1.0,4.0,0.0,170.0,47.0,1.0,23.0,231.0,1.0,0.0,7.0,84.0,5.0,2.0,332.0,32.0,0.0,4.0,0.0,0.0,0.0,0.0,0.0,0.0,0.0,0.0,0.0,0.0,0.0,0.0,0.0,0.0,0.0,0.0,0.0,0.0,0.0,0.0,0.0,0.0,0.0,0.0,0.0,0.0,0.0,0.0,0.0,0.0,0.0,0.0,0.0,0.0,0.0,2149.0
-14673_6825,6.0,185.0,368.0,130.0,0.0,259.0,1.0,21.0,64.0,5.0,0.0,2.0,3.0,2.0,3.0,117.0,80.0,0.0,18.0,170.0,3.0,0.0,5.0,56.0,4.0,3.0,264.0,37.0,0.0,9.0,0.0,0.0,0.0,0.0,0.0,0.0,0.0,0.0,0.0,0.0,0.0,0.0,0.0,0.0,0.0,0.0,0.0,0.0,0.0,0.0,0.0,0.0,0.0,0.0,0.0,0.0,0.0,0.0,0.0,0.0,0.0,0.0,0.0,0.0,0.0,1815.0
-14673_6826,3.0,116.0,302.0,226.0,0.0,303.0,1.0,27.0,57.0,6.0,0.0,2.0,1.0,4.0,0.0,107.0,74.0,0.0,15.0,134.0,0.0,0.0,7.0,60.0,2.0,1.0,467.0,41.0,6.0,4.0,0.0,0.0,0.0,0.0,0.0,0.0,0.0,0.0,0.0,0.0,0.0,0.0,0.0,0.0,0.0,0.0,0.0,1.0,0.0,0.0,3.0,1.0,0.0,0.0,0.0,0.0,0.0,0.0,0.0,0.0,0.0,0.0,5.0,5.0,0.0,1966.0
-14673_6827,24.0,513.0,1315.0,461.0,1.0,857.0,5.0,111.0,154.0,19.0,0.0,12.0,2.0,4.0,8.0,302.0,594.0,1.0,62.0,419.0,3.0,0.0,47.0,179.0,15.0,6.0,726.0,141.0,37.0,28.0,0.0,0.0,0.0,0.0,0.0,0.0,0.0,0.0,0.0,0.0,0.0,0.0,0.0,0.0,0.0,0.0,0.0,0.0,0.0,0.0,3.0,1.0,0.0,0.0,0.0,0.0,0.0,2.0,0.0,0.0,0.0,0.0,6.0,6.0,0.0,6046.0
-14673_6828,2.0,179.0,413.0,180.0,0.0,410.0,3.0,37.0,127.0,3.0,0.0,0.0,2.0,2.0,0.0,311.0,59.0,1.0,38.0,240.0,0.0,0.0,8.0,128.0,9.0,4.0,454.0,35.0,1.0,8.0,0.0,0.0,0.0,0.0,0.0,0.0,0.0,0.0,0.0,0.0,0.0,0.0,0.0,0.0,0.0,0.0,0.0,0.0,0.0,0.0,0.0,0.0,0.0,0.0,0.0,0.0,0.0,1.0,0.0,0.0,0.0,0.0,1.0,1.0,0.0,2654.0
-14673_6829,6.0,603.0,996.0,456.0,2.0,764.0,2.0,146.0,631.0,5.0,0.0,21.0,4.0,9.0,2.0,498.0,241.0,1.0,32.0,458.0,1.0,0.0,20.0,593.0,17.0,8.0,2146.0,91.0,1.0,12.0,0.0,0.0,0.0,0.0,0.0,1.0,0.0,0.0,0.0,0.0,2.0,0.0,0.0,0.0,0.0,0.0,0.0,0.0,0.0,2.0,2.0,0.0,0.0,0.0,0.0,0.0,0.0,0.0,0.0,0.0,1.0,0.0,8.0,3.0,2.0,7766.0
-14673_6830,6.0,321.0,775.0,347.0,1.0,649.0,4.0,78.0,294.0,15.0,0.0,11.0,4.0,11.0,3.0,417.0,239.0,1.0,36.0,379.0,0.0,0.0,15.0,301.0,13.0,3.0,844.0,116.0,1.0,16.0,0.0,0.0,1.0,0.0,0.0,0.0,0.0,0.0,0.0,0.0,1.0,0.0,0.0,0.0,0.0,0.0,0.0,0.0,0.0,0.0,3.0,0.0,0.0,0.0,0.0,0.0,0.0,0.0,0.0,0.0,0.0,0.0,5.0,3.0,1.0,4900.0
-14673_6831,9.0,252.0,569.0,171.0,0.0,425.0,7.0,51.0,100.0,5.0,0.0,6.0,1.0,7.0,2.0,272.0,121.0,0.0,38.0,285.0,6.0,0.0,17.0,120.0,13.0,2.0,556.0,57.0,0.0,14.0,0.0,0.0,0.0,0.0,0.0,0.0,0.0,0.0,0.0,0.0,0.0,0.0,0.0,0.0,0.0,0.0,0.0,1.0,0.0,0.0,3.0,2.0,0.0,0.0,0.0,0.0,0.0,0.0,0.0,0.0,0.0,0.0,6.0,6.0,0.0,3106.0
-14673_6832,12.0,785.0,1874.0,700.0,1.0,1198.0,7.0,168.0,325.0,19.0,0.0,20.0,4.0,5.0,6.0,610.0,774.0,3.0,81.0,731.0,13.0,0.0,53.0,663.0,30.0,5.0,1953.0,153.0,29.0,37.0,0.0,0.0,0.0,0.0,0.0,0.0,0.0,0.0,0.0,0.0,0.0,0.0,0.0,0.0,0.0,0.0,0.0,0.0,0.0,0.0,4.0,0.0,0.0,0.0,0.0,0.0,0.0,1.0,0.0,0.0,0.0,0.0,5.0,5.0,0.0,10259.0
-14673_6833,10.0,432.0,1093.0,425.0,0.0,787.0,4.0,119.0,194.0,20.0,0.0,26.0,1.0,6.0,5.0,408.0,479.0,1.0,59.0,497.0,2.0,0.0,26.0,276.0,17.0,5.0,982.0,134.0,17.0,25.0,0.0,0.0,0.0,0.0,0.0,0.0,0.0,0.0,0.0,0.0,0.0,0.0,0.0,0.0,0.0,0.0,0.0,0.0,0.0,0.0,0.0,0.0,0.0,0.0,0.0,0.0,0.0,0.0,0.0,0.0,0.0,0.0,0.0,0.0,0.0,6050.0
-14673_6834,13.0,859.0,2400.0,961.0,0.0,1413.0,9.0,185.0,332.0,30.0,0.0,12.0,9.0,18.0,6.0,619.0,589.0,2.0,100.0,880.0,29.0,2.0,51.0,511.0,35.0,9.0,1714.0,174.0,16.0,38.0,0.0,0.0,0.0,1.0,0.0,0.0,0.0,0.0,0.0,0.0,0.0,0.0,0.0,0.0,0.0,0.0,0.0,0.0,0.0,0.0,1.0,0.0,0.0,0.0,0.0,0.0,0.0,0.0,0.0,0.0,0.0,0.0,2.0,1.0,1.0,11016.0
-14673_6835,6.0,387.0,1161.0,362.0,0.0,753.0,22.0,81.0,219.0,10.0,0.0,4.0,5.0,4.0,0.0,346.0,94.0,0.0,45.0,494.0,0.0,0.0,14.0,208.0,17.0,14.0,1144.0,38.0,0.0,34.0,0.0,0.0,0.0,0.0,0.0,1.0,1.0,0.0,0.0,0.0,0.0,0.0,0.0,0.0,0.0,0.0,1.0,1.0,0.0,0.0,0.0,0.0,1.0,0.0,0.0,0.0,0.0,1.0,0.0,0.0,0.0,0.0,6.0,5.0,0.0,5462.0
-14674_6815,0.0,0.0,2.0,0.0,0.0,0.0,0.0,0.0,0.0,0.0,0.0,1.0,0.0,0.0,0.0,0.0,0.0,0.0,0.0,0.0,0.0,0.0,0.0,0.0,0.0,0.0,0.0,0.0,0.0,0.0,0.0,0.0,0.0,0.0,0.0,0.0,0.0,0.0,0.0,0.0,0.0,0.0,0.0,0.0,0.0,0.0,0.0,0.0,0.0,0.0,0.0,0.0,0.0,0.0,0.0,0.0,0.0,0.0,0.0,0.0,0.0,0.0,0.0,0.0,0.0,3.0
-14674_6816,5.0,261.0,750.0,180.0,0.0,384.0,4.0,50.0,81.0,15.0,0.0,16.0,1.0,3.0,3.0,167.0,464.0,0.0,35.0,216.0,6.0,0.0,17.0,136.0,8.0,2.0,339.0,96.0,11.0,11.0,0.0,0.0,0.0,0.0,0.0,0.0,0.0,0.0,0.0,0.0,0.0,0.0,0.0,0.0,0.0,0.0,0.0,0.0,0.0,0.0,0.0,0.0,0.0,0.0,0.0,0.0,0.0,0.0,0.0,0.0,0.0,0.0,0.0,0.0,0.0,3261.0
-14674_6817,14.0,617.0,1301.0,368.0,2.0,838.0,7.0,153.0,191.0,15.0,0.0,30.0,7.0,6.0,4.0,358.0,937.0,0.0,37.0,425.0,191.0,1.0,35.0,324.0,16.0,5.0,1072.0,167.0,13.0,28.0,0.0,0.0,0.0,0.0,0.0,0.0,0.0,0.0,0.0,0.0,0.0,0.0,0.0,1.0,0.0,0.0,0.0,0.0,0.0,0.0,2.0,0.0,0.0,0.0,0.0,0.0,0.0,0.0,0.0,0.0,0.0,0.0,3.0,3.0,0.0,7162.0
-14674_6818,23.0,494.0,1384.0,435.0,0.0,921.0,4.0,106.0,149.0,29.0,0.0,11.0,5.0,5.0,1.0,301.0,398.0,0.0,61.0,442.0,1.0,0.0,28.0,240.0,29.0,4.0,672.0,148.0,3.0,25.0,0.0,0.0,0.0,0.0,0.0,0.0,0.0,0.0,0.0,0.0,0.0,0.0,0.0,0.0,0.0,0.0,0.0,0.0,0.0,0.0,1.0,0.0,0.0,0.0,0.0,0.0,0.0,2.0,0.0,0.0,0.0,0.0,3.0,3.0,0.0,5919.0
-14674_6819,11.0,630.0,1699.0,472.0,0.0,972.0,12.0,128.0,179.0,15.0,0.0,16.0,4.0,15.0,5.0,308.0,563.0,0.0,75.0,510.0,3.0,0.0,47.0,255.0,34.0,5.0,934.0,166.0,10.0,13.0,0.0,0.0,0.0,0.0,0.0,0.0,0.0,0.0,0.0,0.0,0.0,0.0,0.0,0.0,0.0,0.0,0.0,0.0,0.0,0.0,2.0,0.0,0.0,0.0,0.0,0.0,0.0,1.0,0.0,0.0,0.0,0.0,3.0,3.0,0.0,7081.0
-14674_6820,25.0,784.0,1934.0,504.0,0.0,1013.0,9.0,125.0,177.0,20.0,0.0,42.0,6.0,14.0,2.0,331.0,868.0,0.0,67.0,536.0,9.0,0.0,45.0,238.0,28.0,4.0,918.0,198.0,27.0,30.0,0.0,0.0,0.0,0.0,0.0,1.0,0.0,0.0,0.0,0.0,0.0,0.0,0.0,0.0,0.0,0.0,0.0,0.0,0.0,0.0,3.0,0.0,0.0,0.0,0.0,0.0,0.0,0.0,0.0,0.0,0.0,0.0,4.0,4.0,0.0,7954.0
-14674_6821,36.0,1038.0,2913.0,734.0,0.0,1354.0,13.0,143.0,224.0,32.0,0.0,55.0,2.0,10.0,2.0,444.0,1130.0,2.0,103.0,662.0,24.0,0.0,62.0,310.0,28.0,5.0,1057.0,287.0,25.0,45.0,0.0,0.0,0.0,0.0,0.0,0.0,0.0,0.0,0.0,0.0,0.0,0.0,0.0,0.0,0.0,0.0,0.0,0.0,0.0,0.0,3.0,0.0,0.0,0.0,0.0,0.0,0.0,2.0,0.0,0.0,0.0,0.0,5.0,5.0,0.0,10740.0
-14674_6822,35.0,1079.0,2832.0,666.0,2.0,1394.0,6.0,222.0,253.0,37.0,1.0,55.0,8.0,10.0,7.0,481.0,1112.0,2.0,101.0,908.0,267.0,0.0,71.0,393.0,25.0,9.0,1196.0,313.0,28.0,46.0,0.0,0.0,0.0,0.0,0.0,0.0,0.0,0.0,0.0,0.0,0.0,0.0,0.0,0.0,0.0,0.0,0.0,0.0,0.0,0.0,3.0,1.0,0.0,0.0,0.0,0.0,0.0,0.0,2.0,0.0,0.0,0.0,6.0,6.0,0.0,11559.0
-14674_6823,12.0,687.0,1509.0,407.0,2.0,898.0,5.0,288.0,381.0,12.0,0.0,29.0,3.0,17.0,6.0,416.0,804.0,2.0,67.0,512.0,259.0,1.0,46.0,547.0,24.0,7.0,1936.0,152.0,13.0,33.0,0.0,0.0,0.0,0.0,0.0,0.0,0.0,0.0,0.0,0.0,0.0,0.0,0.0,0.0,0.0,0.0,0.0,0.0,0.0,1.0,2.0,1.0,0.0,0.0,0.0,0.0,0.0,1.0,0.0,0.0,0.0,0.0,5.0,4.0,0.0,9075.0
-14674_6824,4.0,193.0,383.0,234.0,0.0,359.0,3.0,28.0,142.0,7.0,0.0,10.0,4.0,3.0,0.0,219.0,56.0,0.0,25.0,242.0,0.0,0.0,11.0,82.0,14.0,4.0,495.0,38.0,1.0,11.0,0.0,0.0,0.0,0.0,0.0,0.0,0.0,0.0,0.0,0.0,0.0,0.0,0.0,0.0,0.0,0.0,0.0,0.0,0.0,0.0,0.0,1.0,0.0,0.0,0.0,0.0,0.0,0.0,0.0,0.0,0.0,0.0,1.0,1.0,0.0,2568.0
-14674_6825,1.0,5.0,33.0,25.0,0.0,24.0,1.0,4.0,6.0,0.0,0.0,1.0,0.0,0.0,0.0,12.0,5.0,0.0,3.0,34.0,0.0,0.0,1.0,11.0,0.0,0.0,51.0,1.0,0.0,0.0,0.0,0.0,0.0,0.0,0.0,0.0,0.0,0.0,0.0,0.0,0.0,0.0,0.0,1.0,0.0,0.0,0.0,0.0,0.0,0.0,0.0,0.0,1.0,0.0,0.0,0.0,0.0,0.0,0.0,0.0,0.0,0.0,2.0,2.0,0.0,218.0
-14674_6826,4.0,247.0,669.0,181.0,1.0,383.0,3.0,104.0,112.0,13.0,0.0,10.0,1.0,3.0,6.0,198.0,418.0,0.0,19.0,172.0,3.0,0.0,15.0,204.0,12.0,2.0,487.0,112.0,12.0,21.0,1.0,0.0,0.0,0.0,0.0,0.0,0.0,0.0,0.0,0.0,1.0,0.0,0.0,0.0,0.0,0.0,0.0,1.0,0.0,0.0,1.0,0.0,0.0,0.0,0.0,0.0,0.0,0.0,0.0,0.0,0.0,0.0,4.0,2.0,2.0,3412.0
-14674_6827,16.0,708.0,1893.0,482.0,2.0,1123.0,26.0,132.0,220.0,30.0,0.0,24.0,4.0,8.0,11.0,454.0,690.0,1.0,87.0,599.0,103.0,0.0,22.0,408.0,36.0,5.0,975.0,197.0,21.0,41.0,0.0,0.0,0.0,0.0,0.0,0.0,0.0,0.0,0.0,1.0,0.0,0.0,0.0,0.0,0.0,0.0,0.0,0.0,0.0,0.0,7.0,0.0,0.0,0.0,0.0,0.0,0.0,0.0,1.0,0.0,0.0,0.0,9.0,9.0,0.0,8318.0
-14674_6828,11.0,240.0,512.0,211.0,0.0,369.0,2.0,30.0,85.0,3.0,0.0,3.0,2.0,0.0,0.0,196.0,84.0,0.0,22.0,240.0,0.0,0.0,16.0,76.0,10.0,4.0,365.0,29.0,3.0,6.0,0.0,0.0,0.0,0.0,0.0,0.0,0.0,0.0,0.0,0.0,0.0,0.0,0.0,0.0,0.0,0.0,0.0,1.0,0.0,0.0,0.0,1.0,0.0,0.0,0.0,0.0,0.0,0.0,0.0,0.0,0.0,0.0,2.0,2.0,0.0,2519.0
-14674_6829,3.0,184.0,398.0,217.0,1.0,320.0,1.0,39.0,103.0,3.0,0.0,4.0,1.0,3.0,5.0,167.0,50.0,0.0,19.0,201.0,0.0,0.0,11.0,198.0,4.0,5.0,552.0,34.0,0.0,5.0,0.0,0.0,0.0,0.0,0.0,1.0,0.0,0.0,0.0,0.0,0.0,0.0,0.0,0.0,0.0,0.0,0.0,0.0,0.0,0.0,0.0,0.0,0.0,0.0,0.0,0.0,0.0,0.0,0.0,0.0,0.0,0.0,1.0,1.0,0.0,2528.0
-14674_6830,7.0,187.0,415.0,226.0,0.0,389.0,2.0,39.0,128.0,7.0,0.0,2.0,2.0,1.0,0.0,238.0,60.0,0.0,25.0,261.0,0.0,0.0,9.0,118.0,9.0,7.0,569.0,36.0,0.0,6.0,0.0,0.0,0.0,0.0,0.0,0.0,0.0,0.0,0.0,0.0,0.0,0.0,0.0,0.0,0.0,0.0,0.0,0.0,0.0,0.0,2.0,1.0,0.0,0.0,0.0,0.0,0.0,2.0,0.0,0.0,0.0,0.0,5.0,5.0,0.0,2743.0
-14674_6831,9.0,415.0,841.0,349.0,0.0,715.0,9.0,85.0,179.0,15.0,0.0,13.0,4.0,5.0,2.0,373.0,198.0,1.0,42.0,406.0,2.0,1.0,11.0,263.0,18.0,2.0,1037.0,101.0,3.0,44.0,0.0,0.0,0.0,0.0,0.0,0.0,0.0,0.0,0.0,0.0,0.0,0.0,0.0,1.0,0.0,0.0,0.0,0.0,0.0,0.0,2.0,0.0,0.0,0.0,0.0,0.0,0.0,0.0,0.0,0.0,0.0,0.0,3.0,3.0,0.0,5143.0
-14674_6832,16.0,1072.0,3123.0,768.0,3.0,1608.0,20.0,307.0,438.0,40.0,1.0,44.0,4.0,19.0,22.0,738.0,1354.0,2.0,112.0,997.0,13.0,0.0,63.0,624.0,38.0,10.0,1922.0,241.0,27.0,48.0,0.0,0.0,0.0,0.0,0.0,0.0,0.0,0.0,0.0,1.0,0.0,0.0,0.0,0.0,0.0,0.0,0.0,0.0,0.0,0.0,4.0,0.0,0.0,0.0,0.0,0.0,0.0,0.0,2.0,0.0,0.0,0.0,7.0,7.0,0.0,13674.0
-14674_6833,17.0,788.0,1944.0,442.0,0.0,881.0,16.0,230.0,244.0,8.0,0.0,8.0,1.0,11.0,5.0,436.0,683.0,1.0,46.0,468.0,1.0,0.0,117.0,503.0,35.0,9.0,1414.0,266.0,12.0,24.0,0.0,0.0,0.0,0.0,0.0,0.0,0.0,0.0,0.0,0.0,2.0,0.0,0.0,0.0,0.0,0.0,0.0,1.0,0.0,0.0,2.0,1.0,0.0,0.0,0.0,0.0,0.0,1.0,0.0,0.0,0.0,0.0,7.0,5.0,2.0,8610.0
-14674_6834,15.0,1038.0,2703.0,923.0,0.0,1506.0,25.0,269.0,399.0,25.0,0.0,22.0,7.0,11.0,5.0,725.0,593.0,1.0,104.0,956.0,10.0,0.0,66.0,574.0,37.0,10.0,2009.0,188.0,12.0,38.0,0.0,0.0,0.0,0.0,0.0,0.0,0.0,0.0,0.0,0.0,0.0,0.0,0.0,0.0,0.0,0.0,0.0,0.0,0.0,0.0,4.0,0.0,0.0,0.0,0.0,0.0,0.0,2.0,0.0,0.0,1.0,0.0,7.0,6.0,0.0,12271.0
-14674_6835,24.0,1683.0,4486.0,1515.0,0.0,2565.0,39.0,707.0,672.0,57.0,0.0,50.0,12.0,21.0,13.0,1089.0,1661.0,3.0,194.0,1637.0,3.0,0.0,102.0,898.0,60.0,18.0,4783.0,335.0,77.0,62.0,0.0,0.0,0.0,0.0,0.0,0.0,0.0,0.0,0.0,0.0,0.0,0.0,0.0,0.0,0.0,0.0,0.0,0.0,0.0,0.0,1.0,0.0,0.0,0.0,0.0,0.0,0.0,1.0,0.0,0.0,0.0,0.0,2.0,2.0,0.0,22766.0
-14674_6836,1.0,291.0,762.0,357.0,0.0,719.0,11.0,73.0,242.0,7.0,0.0,2.0,1.0,1.0,2.0,420.0,43.0,1.0,39.0,436.0,0.0,0.0,16.0,176.0,9.0,8.0,1034.0,26.0,0.0,20.0,0.0,0.0,0.0,0.0,0.0,0.0,0.0,0.0,0.0,0.0,0.0,0.0,0.0,0.0,0.0,0.0,0.0,1.0,0.0,0.0,0.0,1.0,0.0,0.0,0.0,0.0,0.0,0.0,1.0,0.0,0.0,0.0,3.0,3.0,0.0,4697.0
-14675_6815,0.0,0.0,4.0,6.0,0.0,5.0,0.0,0.0,2.0,0.0,0.0,0.0,0.0,0.0,0.0,5.0,0.0,0.0,0.0,1.0,0.0,0.0,0.0,1.0,0.0,0.0,6.0,1.0,0.0,0.0,0.0,0.0,0.0,0.0,0.0,0.0,0.0,0.0,0.0,0.0,0.0,0.0,0.0,0.0,0.0,0.0,0.0,0.0,0.0,0.0,0.0,0.0,0.0,0.0,0.0,0.0,0.0,0.0,0.0,0.0,0.0,0.0,0.0,0.0,0.0,31.0
-14675_6816,4.0,251.0,518.0,173.0,0.0,338.0,5.0,35.0,72.0,8.0,0.0,3.0,0.0,7.0,0.0,112.0,64.0,0.0,33.0,234.0,0.0,0.0,13.0,55.0,10.0,3.0,274.0,47.0,0.0,9.0,0.0,0.0,0.0,0.0,0.0,0.0,0.0,0.0,0.0,0.0,0.0,0.0,0.0,0.0,0.0,0.0,0.0,1.0,0.0,0.0,0.0,3.0,0.0,0.0,0.0,0.0,0.0,1.0,0.0,0.0,0.0,0.0,5.0,5.0,0.0,2268.0
-14675_6817,1.0,101.0,203.0,84.0,0.0,123.0,3.0,27.0,22.0,1.0,0.0,5.0,0.0,3.0,1.0,63.0,60.0,0.0,5.0,59.0,1.0,0.0,4.0,27.0,3.0,0.0,377.0,20.0,2.0,6.0,0.0,0.0,0.0,0.0,0.0,0.0,1.0,0.0,0.0,1.0,0.0,0.0,0.0,0.0,0.0,0.0,0.0,0.0,0.0,0.0,1.0,0.0,0.0,0.0,0.0,0.0,0.0,0.0,0.0,0.0,0.0,0.0,3.0,3.0,0.0,1201.0
-14675_6818,13.0,560.0,1401.0,426.0,2.0,742.0,7.0,99.0,241.0,20.0,0.0,15.0,2.0,4.0,3.0,209.0,395.0,1.0,50.0,349.0,3.0,0.0,40.0,296.0,16.0,1.0,710.0,155.0,13.0,22.0,0.0,0.0,0.0,0.0,0.0,0.0,0.0,0.0,0.0,0.0,0.0,0.0,0.0,0.0,0.0,0.0,0.0,1.0,0.0,0.0,0.0,3.0,0.0,0.0,0.0,0.0,0.0,1.0,1.0,0.0,1.0,0.0,7.0,6.0,0.0,5795.0
-14675_6819,4.0,439.0,827.0,330.0,1.0,592.0,4.0,224.0,335.0,14.0,0.0,28.0,5.0,12.0,6.0,285.0,431.0,0.0,19.0,350.0,10.0,0.0,29.0,374.0,16.0,4.0,1644.0,109.0,5.0,21.0,0.0,0.0,0.0,0.0,0.0,1.0,0.0,0.0,0.0,0.0,2.0,0.0,0.0,0.0,0.0,0.0,0.0,1.0,0.0,1.0,2.0,0.0,0.0,0.0,0.0,0.0,0.0,0.0,0.0,0.0,0.0,0.0,7.0,4.0,2.0,6118.0
-14675_6820,15.0,786.0,2143.0,369.0,0.0,887.0,6.0,259.0,179.0,12.0,0.0,14.0,10.0,4.0,7.0,336.0,746.0,1.0,39.0,438.0,0.0,0.0,164.0,250.0,35.0,5.0,1109.0,193.0,6.0,26.0,0.0,0.0,0.0,0.0,0.0,0.0,0.0,0.0,0.0,0.0,0.0,0.0,0.0,0.0,0.0,0.0,0.0,0.0,0.0,0.0,1.0,0.0,0.0,0.0,0.0,0.0,0.0,1.0,0.0,0.0,0.0,0.0,2.0,2.0,0.0,8039.0
-14675_6821,14.0,313.0,837.0,345.0,2.0,722.0,5.0,72.0,120.0,16.0,0.0,11.0,1.0,4.0,1.0,262.0,225.0,1.0,46.0,344.0,1.0,0.0,15.0,112.0,17.0,1.0,620.0,72.0,1.0,17.0,0.0,0.0,0.0,0.0,0.0,0.0,0.0,0.0,0.0,0.0,0.0,0.0,0.0,0.0,0.0,0.0,0.0,0.0,0.0,0.0,1.0,0.0,0.0,0.0,0.0,0.0,0.0,2.0,0.0,0.0,0.0,0.0,3.0,3.0,0.0,4197.0
-14675_6822,21.0,754.0,2148.0,581.0,1.0,894.0,8.0,133.0,147.0,35.0,0.0,44.0,3.0,5.0,8.0,252.0,1224.0,1.0,85.0,533.0,10.0,0.0,46.0,193.0,22.0,6.0,739.0,227.0,19.0,33.0,0.0,0.0,0.0,0.0,0.0,0.0,0.0,0.0,0.0,0.0,0.0,0.0,0.0,0.0,0.0,0.0,0.0,0.0,0.0,0.0,0.0,0.0,0.0,0.0,0.0,0.0,0.0,0.0,0.0,0.0,0.0,0.0,0.0,0.0,0.0,8172.0
-14675_6823,29.0,786.0,2268.0,398.0,4.0,1060.0,12.0,551.0,195.0,28.0,0.0,61.0,8.0,8.0,18.0,453.0,1985.0,1.0,65.0,636.0,235.0,0.0,73.0,458.0,23.0,1.0,1047.0,362.0,42.0,36.0,0.0,0.0,0.0,0.0,0.0,0.0,0.0,0.0,0.0,0.0,1.0,0.0,0.0,0.0,0.0,0.0,0.0,0.0,0.0,0.0,5.0,2.0,0.0,0.0,0.0,0.0,0.0,1.0,0.0,0.0,0.0,0.0,9.0,8.0,1.0,10843.0
-14675_6824,16.0,438.0,1178.0,238.0,3.0,643.0,8.0,140.0,153.0,19.0,0.0,20.0,7.0,4.0,11.0,305.0,619.0,0.0,46.0,410.0,11.0,0.0,23.0,220.0,17.0,2.0,638.0,179.0,17.0,22.0,0.0,0.0,0.0,0.0,0.0,0.0,0.0,0.0,0.0,0.0,1.0,0.0,0.0,0.0,0.0,0.0,0.0,0.0,0.0,0.0,1.0,0.0,0.0,0.0,0.0,0.0,0.0,1.0,0.0,0.0,0.0,0.0,3.0,2.0,1.0,5387.0
-14675_6825,9.0,480.0,1068.0,306.0,0.0,547.0,7.0,145.0,151.0,6.0,0.0,5.0,1.0,6.0,2.0,264.0,209.0,0.0,29.0,263.0,1.0,0.0,69.0,154.0,12.0,3.0,964.0,55.0,5.0,13.0,0.0,0.0,0.0,0.0,0.0,0.0,0.0,0.0,0.0,0.0,0.0,0.0,0.0,0.0,0.0,0.0,0.0,0.0,0.0,0.0,0.0,1.0,0.0,0.0,0.0,0.0,0.0,1.0,0.0,0.0,0.0,0.0,2.0,2.0,0.0,4774.0
-14675_6826,8.0,348.0,681.0,266.0,1.0,622.0,11.0,79.0,275.0,9.0,0.0,9.0,5.0,5.0,0.0,410.0,166.0,0.0,33.0,365.0,0.0,0.0,24.0,300.0,18.0,4.0,1003.0,96.0,3.0,11.0,0.0,0.0,0.0,0.0,0.0,0.0,0.0,0.0,0.0,0.0,1.0,0.0,0.0,0.0,0.0,0.0,0.0,0.0,0.0,0.0,0.0,0.0,0.0,0.0,0.0,0.0,0.0,0.0,0.0,0.0,0.0,0.0,1.0,0.0,1.0,4752.0
-14675_6827,11.0,284.0,703.0,266.0,0.0,518.0,1.0,61.0,112.0,11.0,0.0,6.0,4.0,2.0,4.0,259.0,138.0,2.0,39.0,332.0,0.0,0.0,18.0,111.0,17.0,2.0,425.0,111.0,3.0,22.0,0.0,0.0,0.0,0.0,0.0,0.0,0.0,0.0,0.0,0.0,0.0,0.0,0.0,0.0,0.0,0.0,0.0,1.0,0.0,0.0,2.0,2.0,0.0,0.0,0.0,0.0,0.0,1.0,0.0,0.0,0.0,0.0,6.0,6.0,0.0,3462.0
-14675_6828,10.0,685.0,1690.0,448.0,2.0,1020.0,8.0,106.0,214.0,26.0,0.0,14.0,3.0,6.0,1.0,467.0,440.0,0.0,65.0,614.0,30.0,0.0,36.0,279.0,28.0,6.0,954.0,158.0,6.0,36.0,0.0,0.0,0.0,0.0,0.0,0.0,0.0,0.0,0.0,0.0,0.0,0.0,0.0,0.0,0.0,0.0,0.0,0.0,0.0,0.0,4.0,0.0,0.0,0.0,0.0,0.0,0.0,1.0,0.0,0.0,0.0,0.0,5.0,5.0,0.0,7352.0
-14675_6829,11.0,972.0,1850.0,538.0,2.0,1130.0,14.0,308.0,573.0,13.0,0.0,31.0,3.0,10.0,2.0,466.0,506.0,0.0,74.0,587.0,23.0,0.0,47.0,632.0,27.0,15.0,5104.0,175.0,4.0,31.0,0.0,0.0,0.0,0.0,0.0,0.0,0.0,0.0,0.0,0.0,1.0,0.0,0.0,0.0,0.0,0.0,0.0,0.0,0.0,1.0,1.0,1.0,0.0,0.0,0.0,0.0,0.0,1.0,0.0,0.0,0.0,0.0,5.0,3.0,1.0,13148.0
-14675_6830,15.0,631.0,1965.0,547.0,0.0,1012.0,11.0,92.0,208.0,21.0,1.0,8.0,3.0,13.0,5.0,526.0,351.0,0.0,76.0,633.0,3.0,0.0,23.0,243.0,23.0,8.0,962.0,105.0,2.0,29.0,0.0,0.0,0.0,0.0,0.0,0.0,0.0,0.0,0.0,0.0,0.0,0.0,0.0,0.0,0.0,0.0,0.0,1.0,0.0,0.0,2.0,1.0,0.0,0.0,0.0,0.0,0.0,0.0,0.0,0.0,0.0,0.0,4.0,4.0,0.0,7516.0
-14675_6831,8.0,619.0,1618.0,486.0,1.0,842.0,5.0,96.0,171.0,13.0,0.0,4.0,15.0,9.0,4.0,386.0,248.0,1.0,86.0,463.0,0.0,0.0,29.0,215.0,23.0,4.0,829.0,148.0,8.0,25.0,0.0,0.0,0.0,0.0,0.0,0.0,0.0,0.0,0.0,0.0,0.0,0.0,0.0,0.0,0.0,0.0,0.0,0.0,0.0,0.0,0.0,1.0,0.0,0.0,0.0,0.0,0.0,1.0,0.0,0.0,0.0,0.0,2.0,2.0,0.0,6356.0
-14675_6832,15.0,416.0,931.0,323.0,0.0,560.0,9.0,77.0,186.0,9.0,0.0,18.0,4.0,6.0,3.0,306.0,289.0,0.0,44.0,358.0,1.0,0.0,28.0,285.0,16.0,6.0,1519.0,96.0,10.0,17.0,0.0,0.0,0.0,0.0,0.0,0.0,0.0,0.0,0.0,0.0,0.0,0.0,0.0,0.0,0.0,0.0,0.0,1.0,0.0,0.0,1.0,1.0,0.0,0.0,0.0,0.0,0.0,0.0,0.0,0.0,1.0,0.0,4.0,3.0,0.0,5532.0
-14675_6833,18.0,1185.0,2676.0,639.0,0.0,1381.0,23.0,427.0,670.0,27.0,0.0,49.0,3.0,17.0,9.0,696.0,798.0,1.0,85.0,738.0,4.0,0.0,71.0,773.0,47.0,10.0,3860.0,256.0,16.0,65.0,0.0,0.0,0.0,1.0,0.0,0.0,0.0,0.0,0.0,0.0,1.0,1.0,0.0,0.0,0.0,0.0,0.0,0.0,0.0,0.0,2.0,1.0,0.0,0.0,0.0,0.0,0.0,2.0,0.0,0.0,1.0,0.0,9.0,6.0,2.0,14544.0
-14675_6834,24.0,1172.0,3278.0,1111.0,2.0,1901.0,15.0,251.0,488.0,34.0,0.0,22.0,6.0,11.0,1.0,776.0,686.0,0.0,143.0,1099.0,4.0,0.0,36.0,666.0,40.0,10.0,2331.0,212.0,22.0,51.0,0.0,0.0,0.0,0.0,0.0,0.0,0.0,0.0,0.0,0.0,0.0,0.0,0.0,0.0,0.0,0.0,0.0,2.0,0.0,0.0,2.0,1.0,0.0,0.0,0.0,0.0,0.0,2.0,0.0,0.0,1.0,0.0,8.0,7.0,0.0,14392.0
-14675_6835,22.0,1298.0,3373.0,990.0,2.0,1743.0,24.0,514.0,642.0,42.0,0.0,48.0,4.0,7.0,9.0,622.0,1279.0,1.0,89.0,1053.0,24.0,0.0,82.0,832.0,60.0,9.0,3029.0,280.0,28.0,53.0,0.0,0.0,0.0,1.0,0.0,0.0,1.0,0.0,0.0,0.0,0.0,0.0,0.0,0.0,0.0,0.0,0.0,1.0,0.0,0.0,1.0,1.0,0.0,0.0,0.0,0.0,0.0,0.0,2.0,0.0,0.0,0.0,7.0,6.0,1.0,16159.0
-14675_6836,15.0,855.0,2615.0,1137.0,3.0,1511.0,14.0,248.0,410.0,32.0,1.0,21.0,4.0,14.0,1.0,794.0,418.0,1.0,100.0,977.0,1.0,0.0,37.0,695.0,35.0,8.0,1841.0,190.0,16.0,42.0,0.0,0.0,0.0,0.0,0.0,0.0,0.0,0.0,0.0,0.0,2.0,0.0,0.0,0.0,0.0,0.0,0.0,0.0,0.0,0.0,0.0,1.0,0.0,0.0,0.0,0.0,0.0,0.0,0.0,0.0,0.0,0.0,3.0,1.0,2.0,12036.0
-14675_6837,0.0,19.0,78.0,5.0,1.0,30.0,5.0,5.0,11.0,2.0,0.0,9.0,0.0,1.0,1.0,26.0,58.0,1.0,2.0,36.0,1.0,0.0,2.0,7.0,5.0,0.0,122.0,79.0,0.0,4.0,0.0,0.0,0.0,0.0,0.0,0.0,0.0,0.0,0.0,0.0,0.0,1.0,0.0,0.0,0.0,0.0,0.0,0.0,0.0,0.0,0.0,1.0,0.0,0.0,0.0,0.0,0.0,0.0,0.0,0.0,0.0,0.0,2.0,2.0,0.0,510.0
-14676_6816,3.0,63.0,160.0,52.0,0.0,128.0,0.0,20.0,63.0,4.0,1.0,2.0,0.0,1.0,0.0,71.0,21.0,0.0,18.0,96.0,0.0,0.0,2.0,26.0,2.0,0.0,183.0,21.0,2.0,8.0,0.0,0.0,0.0,0.0,0.0,0.0,0.0,0.0,0.0,0.0,0.0,0.0,0.0,0.0,0.0,0.0,0.0,0.0,0.0,0.0,0.0,0.0,0.0,0.0,0.0,0.0,0.0,0.0,0.0,0.0,0.0,0.0,0.0,0.0,0.0,947.0
-14676_6817,4.0,149.0,303.0,116.0,2.0,247.0,1.0,18.0,80.0,1.0,0.0,5.0,1.0,3.0,2.0,131.0,29.0,0.0,26.0,149.0,2.0,0.0,7.0,40.0,6.0,3.0,296.0,20.0,0.0,5.0,0.0,0.0,0.0,0.0,0.0,0.0,0.0,0.0,0.0,0.0,0.0,0.0,0.0,0.0,0.0,0.0,0.0,0.0,0.0,0.0,1.0,1.0,0.0,0.0,0.0,0.0,0.0,1.0,1.0,0.0,0.0,0.0,4.0,4.0,0.0,1646.0
-14676_6818,8.0,397.0,869.0,287.0,2.0,650.0,3.0,68.0,164.0,10.0,0.0,7.0,4.0,15.0,2.0,262.0,214.0,0.0,37.0,394.0,0.0,0.0,13.0,102.0,18.0,2.0,633.0,98.0,5.0,18.0,0.0,0.0,0.0,0.0,0.0,0.0,0.0,0.0,0.0,0.0,0.0,0.0,0.0,0.0,0.0,0.0,0.0,1.0,0.0,0.0,1.0,2.0,0.0,0.0,0.0,0.0,0.0,1.0,0.0,0.0,0.0,0.0,5.0,5.0,0.0,4282.0
-14676_6819,10.0,345.0,971.0,282.0,0.0,630.0,2.0,57.0,157.0,18.0,0.0,13.0,5.0,5.0,1.0,272.0,416.0,0.0,46.0,381.0,0.0,0.0,20.0,113.0,16.0,1.0,535.0,100.0,6.0,20.0,0.0,0.0,0.0,0.0,0.0,0.0,0.0,0.0,0.0,0.0,0.0,0.0,0.0,0.0,0.0,0.0,0.0,0.0,0.0,0.0,0.0,0.0,0.0,0.0,0.0,0.0,0.0,0.0,0.0,0.0,0.0,0.0,0.0,0.0,0.0,4422.0
-14676_6820,10.0,308.0,620.0,275.0,2.0,547.0,4.0,133.0,244.0,1.0,0.0,13.0,0.0,3.0,2.0,218.0,354.0,0.0,29.0,331.0,1.0,0.0,15.0,191.0,18.0,3.0,835.0,81.0,8.0,11.0,0.0,0.0,0.0,0.0,0.0,0.0,0.0,0.0,0.0,0.0,1.0,0.0,0.0,0.0,0.0,0.0,0.0,0.0,0.0,0.0,0.0,0.0,0.0,0.0,0.0,0.0,0.0,0.0,0.0,0.0,0.0,0.0,1.0,0.0,1.0,4257.0
-14676_6821,7.0,282.0,725.0,289.0,0.0,585.0,5.0,72.0,186.0,5.0,1.0,5.0,2.0,1.0,1.0,253.0,221.0,0.0,32.0,285.0,0.0,0.0,24.0,205.0,17.0,2.0,950.0,58.0,0.0,14.0,0.0,0.0,0.0,0.0,0.0,1.0,0.0,0.0,0.0,0.0,2.0,0.0,0.0,0.0,0.0,0.0,0.0,0.0,0.0,0.0,3.0,2.0,0.0,0.0,0.0,0.0,0.0,2.0,0.0,0.0,1.0,0.0,11.0,8.0,2.0,4227.0
-14676_6822,5.0,236.0,538.0,284.0,1.0,589.0,5.0,67.0,148.0,7.0,0.0,6.0,2.0,8.0,0.0,262.0,165.0,0.0,34.0,285.0,1.0,0.0,13.0,114.0,18.0,1.0,661.0,63.0,8.0,13.0,0.0,0.0,0.0,0.0,0.0,0.0,0.0,0.0,0.0,0.0,0.0,0.0,0.0,0.0,0.0,0.0,0.0,1.0,0.0,0.0,1.0,1.0,0.0,0.0,0.0,0.0,0.0,0.0,0.0,0.0,0.0,0.0,3.0,3.0,0.0,3534.0
-14676_6823,11.0,312.0,902.0,250.0,1.0,608.0,5.0,78.0,137.0,14.0,1.0,9.0,1.0,11.0,0.0,243.0,371.0,0.0,46.0,379.0,20.0,0.0,10.0,217.0,18.0,2.0,638.0,112.0,1.0,15.0,0.0,0.0,0.0,0.0,0.0,0.0,0.0,0.0,0.0,1.0,0.0,0.0,0.0,0.0,0.0,0.0,0.0,1.0,0.0,0.0,6.0,0.0,0.0,0.0,0.0,0.0,0.0,0.0,0.0,0.0,0.0,0.0,8.0,8.0,0.0,4412.0
-14676_6824,20.0,376.0,967.0,368.0,2.0,777.0,3.0,67.0,142.0,13.0,0.0,13.0,4.0,4.0,1.0,352.0,338.0,0.0,50.0,468.0,0.0,0.0,16.0,148.0,12.0,3.0,662.0,145.0,9.0,14.0,0.0,0.0,0.0,0.0,0.0,0.0,0.0,0.0,0.0,0.0,0.0,0.0,0.0,0.0,0.0,0.0,0.0,2.0,0.0,0.0,0.0,1.0,0.0,0.0,0.0,0.0,0.0,0.0,0.0,0.0,0.0,0.0,3.0,3.0,0.0,4974.0
-14676_6825,3.0,141.0,357.0,136.0,0.0,965.0,4.0,33.0,83.0,5.0,0.0,2.0,0.0,1.0,0.0,224.0,89.0,0.0,27.0,147.0,1.0,0.0,5.0,95.0,8.0,4.0,381.0,32.0,0.0,6.0,0.0,0.0,0.0,0.0,0.0,0.0,0.0,0.0,0.0,0.0,0.0,0.0,0.0,0.0,0.0,0.0,0.0,0.0,0.0,0.0,0.0,0.0,0.0,0.0,0.0,0.0,0.0,0.0,0.0,0.0,0.0,0.0,0.0,0.0,0.0,2749.0
-14676_6826,10.0,804.0,2256.0,219.0,1.0,854.0,20.0,663.0,1062.0,8.0,0.0,85.0,3.0,24.0,8.0,592.0,1328.0,1.0,61.0,275.0,4.0,0.0,91.0,1098.0,67.0,4.0,2340.0,196.0,6.0,54.0,0.0,0.0,0.0,0.0,0.0,0.0,0.0,0.0,0.0,0.0,0.0,0.0,0.0,0.0,0.0,0.0,0.0,1.0,0.0,0.0,4.0,1.0,0.0,0.0,0.0,0.0,0.0,1.0,1.0,0.0,0.0,0.0,8.0,8.0,0.0,12134.0
-14676_6827,3.0,223.0,525.0,213.0,0.0,476.0,2.0,56.0,142.0,1.0,0.0,5.0,0.0,4.0,0.0,193.0,67.0,0.0,20.0,308.0,0.0,0.0,8.0,113.0,4.0,5.0,551.0,58.0,1.0,9.0,0.0,0.0,0.0,0.0,0.0,0.0,0.0,0.0,0.0,0.0,0.0,0.0,0.0,0.0,0.0,0.0,0.0,0.0,0.0,0.0,0.0,0.0,0.0,0.0,0.0,0.0,0.0,0.0,0.0,0.0,0.0,0.0,0.0,0.0,0.0,2987.0
-14676_6828,7.0,217.0,448.0,301.0,0.0,465.0,2.0,53.0,159.0,11.0,0.0,6.0,0.0,3.0,1.0,256.0,106.0,0.0,23.0,294.0,0.0,0.0,6.0,164.0,11.0,4.0,555.0,68.0,3.0,10.0,0.0,0.0,0.0,0.0,0.0,0.0,0.0,0.0,0.0,0.0,0.0,0.0,0.0,0.0,0.0,0.0,0.0,0.0,0.0,0.0,0.0,1.0,0.0,0.0,0.0,0.0,0.0,0.0,0.0,0.0,0.0,0.0,1.0,1.0,0.0,3173.0
-14676_6829,4.0,291.0,645.0,277.0,3.0,459.0,3.0,59.0,327.0,13.0,0.0,9.0,1.0,5.0,0.0,279.0,184.0,1.0,28.0,289.0,1.0,0.0,8.0,228.0,5.0,8.0,636.0,67.0,4.0,10.0,0.0,0.0,0.0,2.0,0.0,0.0,0.0,0.0,0.0,0.0,1.0,0.0,0.0,0.0,0.0,0.0,0.0,1.0,0.0,0.0,0.0,1.0,0.0,0.0,0.0,0.0,0.0,0.0,0.0,0.0,0.0,0.0,5.0,2.0,3.0,3844.0
-14676_6830,19.0,816.0,1730.0,564.0,2.0,1145.0,12.0,212.0,423.0,23.0,1.0,43.0,4.0,5.0,9.0,611.0,502.0,0.0,57.0,663.0,51.0,1.0,31.0,519.0,26.0,13.0,1589.0,166.0,6.0,27.0,0.0,0.0,0.0,0.0,0.0,0.0,0.0,0.0,0.0,0.0,1.0,0.0,0.0,0.0,0.0,0.0,0.0,0.0,0.0,0.0,3.0,1.0,0.0,0.0,0.0,0.0,0.0,1.0,1.0,0.0,0.0,0.0,7.0,6.0,1.0,9270.0
-14676_6831,66.0,2747.0,8478.0,2317.0,3.0,3759.0,53.0,567.0,783.0,97.0,0.0,83.0,19.0,24.0,18.0,1416.0,2945.0,2.0,311.0,2602.0,238.0,1.0,131.0,1381.0,85.0,36.0,4052.0,603.0,60.0,124.0,0.0,0.0,0.0,0.0,0.0,0.0,0.0,0.0,0.0,0.0,1.0,0.0,0.0,0.0,0.0,0.0,0.0,0.0,0.0,0.0,0.0,0.0,0.0,0.0,0.0,0.0,0.0,0.0,0.0,0.0,0.0,0.0,1.0,0.0,1.0,33001.0
-14676_6832,26.0,1253.0,3297.0,668.0,2.0,1283.0,18.0,214.0,237.0,36.0,0.0,43.0,12.0,3.0,21.0,517.0,1420.0,0.0,120.0,807.0,17.0,0.0,223.0,555.0,32.0,16.0,1617.0,266.0,27.0,51.0,0.0,0.0,0.0,0.0,0.0,0.0,0.0,0.0,0.0,0.0,0.0,0.0,0.0,0.0,0.0,1.0,0.0,1.0,0.0,0.0,2.0,0.0,0.0,0.0,0.0,0.0,0.0,2.0,1.0,0.0,0.0,0.0,7.0,6.0,1.0,12781.0
-14676_6833,9.0,345.0,882.0,263.0,1.0,522.0,7.0,111.0,120.0,20.0,0.0,14.0,4.0,8.0,4.0,292.0,390.0,0.0,32.0,283.0,0.0,0.0,24.0,255.0,7.0,8.0,623.0,123.0,7.0,20.0,0.0,0.0,0.0,0.0,0.0,0.0,0.0,0.0,0.0,0.0,2.0,0.0,0.0,0.0,0.0,0.0,0.0,0.0,0.0,0.0,5.0,0.0,0.0,0.0,0.0,0.0,0.0,0.0,1.0,0.0,0.0,0.0,8.0,6.0,2.0,4374.0
-14676_6834,30.0,830.0,2168.0,824.0,2.0,1359.0,9.0,149.0,251.0,32.0,0.0,27.0,10.0,2.0,7.0,488.0,735.0,0.0,115.0,678.0,1.0,0.0,50.0,306.0,29.0,7.0,1131.0,206.0,14.0,34.0,0.0,0.0,0.0,0.0,0.0,0.0,0.0,0.0,0.0,0.0,0.0,0.0,0.0,0.0,0.0,0.0,0.0,0.0,0.0,0.0,1.0,0.0,0.0,0.0,0.0,0.0,0.0,1.0,1.0,0.0,1.0,0.0,4.0,3.0,0.0,9494.0
-14676_6835,19.0,1007.0,2530.0,810.0,0.0,1500.0,8.0,362.0,728.0,19.0,0.0,27.0,6.0,7.0,1.0,672.0,544.0,0.0,92.0,788.0,11.0,0.0,66.0,568.0,42.0,14.0,2120.0,243.0,22.0,48.0,0.0,0.0,0.0,0.0,0.0,0.0,0.0,0.0,0.0,0.0,1.0,0.0,0.0,0.0,0.0,0.0,0.0,1.0,0.0,0.0,1.0,3.0,0.0,0.0,0.0,0.0,0.0,2.0,1.0,0.0,0.0,0.0,9.0,8.0,1.0,12254.0
-14676_6836,11.0,1126.0,3172.0,990.0,3.0,1734.0,20.0,400.0,803.0,29.0,0.0,53.0,10.0,14.0,5.0,602.0,959.0,1.0,112.0,1018.0,2.0,0.0,83.0,631.0,28.0,16.0,1840.0,250.0,87.0,56.0,0.0,0.0,0.0,0.0,0.0,0.0,0.0,0.0,0.0,0.0,0.0,0.0,1.0,0.0,0.0,0.0,0.0,1.0,0.0,0.0,0.0,1.0,0.0,0.0,0.0,0.0,0.0,0.0,1.0,0.0,0.0,0.0,4.0,3.0,0.0,14055.0
-14676_6837,0.0,18.0,46.0,45.0,0.0,29.0,1.0,11.0,5.0,0.0,0.0,2.0,0.0,0.0,1.0,19.0,17.0,0.0,0.0,5.0,21.0,0.0,2.0,12.0,6.0,1.0,49.0,11.0,0.0,1.0,0.0,0.0,0.0,0.0,0.0,0.0,0.0,0.0,0.0,0.0,0.0,0.0,0.0,0.0,0.0,0.0,0.0,0.0,0.0,0.0,0.0,0.0,0.0,0.0,0.0,0.0,0.0,0.0,0.0,0.0,0.0,0.0,0.0,0.0,0.0,302.0
-14676_6838,0.0,43.0,113.0,14.0,1.0,29.0,1.0,5.0,7.0,0.0,0.0,9.0,0.0,0.0,0.0,18.0,26.0,0.0,3.0,23.0,4.0,0.0,6.0,16.0,13.0,0.0,111.0,34.0,0.0,3.0,0.0,0.0,0.0,0.0,0.0,0.0,0.0,0.0,0.0,0.0,0.0,0.0,0.0,0.0,0.0,0.0,0.0,0.0,0.0,0.0,0.0,0.0,0.0,0.0,1.0,0.0,0.0,0.0,0.0,0.0,0.0,0.0,1.0,0.0,1.0,479.0
-14677_6817,1.0,91.0,114.0,31.0,0.0,76.0,0.0,18.0,97.0,3.0,0.0,2.0,2.0,1.0,0.0,63.0,22.0,0.0,0.0,36.0,0.0,0.0,1.0,45.0,3.0,0.0,698.0,10.0,0.0,0.0,0.0,0.0,0.0,0.0,0.0,0.0,0.0,0.0,0.0,0.0,0.0,0.0,0.0,0.0,0.0,0.0,0.0,0.0,0.0,0.0,0.0,0.0,0.0,0.0,0.0,0.0,0.0,0.0,0.0,0.0,1.0,0.0,1.0,0.0,0.0,1314.0
-14677_6818,8.0,367.0,735.0,184.0,0.0,510.0,5.0,108.0,277.0,9.0,0.0,7.0,4.0,1.0,3.0,259.0,277.0,1.0,29.0,269.0,0.0,1.0,22.0,147.0,16.0,4.0,1657.0,65.0,0.0,9.0,0.0,0.0,0.0,0.0,0.0,0.0,0.0,0.0,0.0,0.0,0.0,0.0,0.0,0.0,0.0,0.0,0.0,0.0,0.0,0.0,1.0,0.0,0.0,0.0,0.0,0.0,0.0,0.0,0.0,0.0,0.0,0.0,1.0,1.0,0.0,4974.0
-14677_6819,3.0,284.0,880.0,262.0,0.0,561.0,4.0,65.0,143.0,7.0,0.0,6.0,1.0,10.0,2.0,271.0,403.0,0.0,35.0,323.0,0.0,0.0,17.0,119.0,15.0,3.0,608.0,66.0,7.0,15.0,0.0,0.0,0.0,0.0,0.0,0.0,0.0,0.0,0.0,0.0,0.0,0.0,0.0,0.0,0.0,0.0,0.0,1.0,0.0,0.0,3.0,1.0,0.0,0.0,0.0,0.0,0.0,0.0,0.0,0.0,0.0,0.0,5.0,5.0,0.0,4110.0
-14677_6820,7.0,471.0,1303.0,418.0,1.0,951.0,5.0,124.0,179.0,17.0,0.0,21.0,7.0,13.0,4.0,359.0,657.0,0.0,64.0,516.0,4.0,0.0,37.0,188.0,15.0,4.0,842.0,142.0,15.0,22.0,0.0,0.0,0.0,0.0,0.0,0.0,0.0,0.0,0.0,0.0,1.0,0.0,0.0,0.0,0.0,0.0,0.0,0.0,0.0,0.0,4.0,0.0,0.0,0.0,0.0,0.0,0.0,2.0,0.0,0.0,0.0,0.0,7.0,6.0,1.0,6386.0
-14677_6821,5.0,191.0,532.0,160.0,0.0,404.0,3.0,40.0,172.0,5.0,0.0,4.0,0.0,8.0,1.0,174.0,189.0,1.0,22.0,302.0,0.0,0.0,15.0,79.0,6.0,3.0,404.0,42.0,1.0,9.0,0.0,0.0,0.0,0.0,0.0,0.0,0.0,0.0,0.0,0.0,0.0,0.0,0.0,0.0,0.0,0.0,0.0,0.0,0.0,0.0,0.0,0.0,0.0,0.0,0.0,0.0,0.0,0.0,0.0,0.0,0.0,0.0,0.0,0.0,0.0,2772.0
-14677_6822,4.0,314.0,824.0,277.0,1.0,572.0,1.0,116.0,159.0,17.0,0.0,18.0,3.0,6.0,1.0,235.0,485.0,0.0,29.0,357.0,1.0,0.0,19.0,197.0,12.0,1.0,798.0,85.0,2.0,14.0,0.0,0.0,0.0,0.0,0.0,1.0,0.0,0.0,0.0,0.0,0.0,0.0,0.0,0.0,0.0,0.0,0.0,1.0,0.0,0.0,0.0,1.0,0.0,0.0,0.0,0.0,0.0,1.0,0.0,0.0,0.0,0.0,4.0,4.0,0.0,4548.0
-14677_6823,11.0,468.0,1180.0,424.0,0.0,821.0,8.0,93.0,309.0,14.0,1.0,22.0,5.0,10.0,1.0,421.0,582.0,0.0,45.0,468.0,12.0,0.0,41.0,470.0,25.0,4.0,1192.0,146.0,5.0,21.0,0.0,0.0,1.0,0.0,0.0,0.0,0.0,0.0,0.0,0.0,0.0,0.0,0.0,0.0,0.0,0.0,0.0,0.0,0.0,0.0,3.0,0.0,0.0,0.0,0.0,0.0,0.0,0.0,1.0,0.0,0.0,0.0,5.0,4.0,0.0,6799.0
-14677_6824,13.0,370.0,844.0,268.0,1.0,591.0,10.0,59.0,146.0,4.0,0.0,13.0,2.0,8.0,0.0,309.0,406.0,0.0,46.0,329.0,0.0,0.0,23.0,128.0,12.0,5.0,575.0,101.0,15.0,19.0,0.0,0.0,0.0,0.0,0.0,0.0,0.0,0.0,0.0,0.0,0.0,0.0,0.0,0.0,0.0,0.0,0.0,0.0,0.0,0.0,1.0,1.0,0.0,0.0,0.0,0.0,0.0,2.0,0.0,0.0,0.0,0.0,4.0,4.0,0.0,4297.0
-14677_6825,10.0,191.0,458.0,211.0,0.0,449.0,1.0,36.0,121.0,4.0,0.0,1.0,1.0,5.0,3.0,272.0,130.0,0.0,36.0,251.0,0.0,0.0,9.0,105.0,13.0,1.0,482.0,32.0,4.0,12.0,0.0,0.0,0.0,0.0,0.0,0.0,0.0,0.0,0.0,0.0,0.0,0.0,0.0,0.0,0.0,0.0,0.0,0.0,0.0,0.0,1.0,1.0,0.0,0.0,0.0,0.0,0.0,0.0,0.0,0.0,0.0,0.0,2.0,2.0,0.0,2838.0
-14677_6826,10.0,821.0,2155.0,345.0,0.0,1218.0,12.0,233.0,191.0,27.0,0.0,31.0,11.0,14.0,10.0,462.0,2041.0,0.0,87.0,633.0,5.0,0.0,54.0,443.0,24.0,6.0,1231.0,205.0,30.0,40.0,0.0,0.0,0.0,0.0,0.0,0.0,0.0,0.0,0.0,0.0,0.0,0.0,0.0,0.0,0.0,0.0,0.0,0.0,0.0,0.0,1.0,3.0,0.0,0.0,0.0,0.0,0.0,1.0,0.0,0.0,0.0,0.0,5.0,5.0,0.0,10339.0
-14677_6827,8.0,295.0,749.0,245.0,1.0,646.0,6.0,64.0,155.0,9.0,0.0,8.0,2.0,6.0,1.0,300.0,260.0,0.0,32.0,369.0,1.0,0.0,14.0,179.0,15.0,7.0,604.0,71.0,2.0,20.0,0.0,0.0,0.0,0.0,0.0,0.0,0.0,0.0,0.0,0.0,0.0,0.0,0.0,0.0,0.0,0.0,0.0,0.0,0.0,0.0,1.0,0.0,0.0,0.0,0.0,0.0,0.0,0.0,0.0,0.0,0.0,0.0,1.0,1.0,0.0,4069.0
-14677_6828,7.0,174.0,399.0,239.0,0.0,422.0,2.0,45.0,151.0,6.0,0.0,2.0,1.0,5.0,1.0,324.0,122.0,1.0,27.0,178.0,0.0,0.0,11.0,147.0,7.0,2.0,802.0,52.0,5.0,10.0,0.0,0.0,0.0,0.0,0.0,0.0,0.0,0.0,0.0,0.0,0.0,0.0,0.0,0.0,0.0,0.0,0.0,0.0,0.0,0.0,0.0,1.0,0.0,0.0,0.0,0.0,0.0,0.0,0.0,0.0,0.0,0.0,1.0,1.0,0.0,3142.0
-14677_6829,3.0,238.0,519.0,222.0,0.0,366.0,4.0,60.0,190.0,6.0,0.0,9.0,0.0,6.0,1.0,292.0,117.0,0.0,36.0,261.0,1.0,0.0,15.0,244.0,9.0,4.0,865.0,68.0,5.0,19.0,0.0,0.0,0.0,0.0,0.0,0.0,0.0,0.0,0.0,0.0,0.0,0.0,0.0,0.0,0.0,0.0,0.0,1.0,0.0,0.0,1.0,2.0,0.0,0.0,0.0,0.0,0.0,2.0,0.0,0.0,0.0,0.0,6.0,6.0,0.0,3560.0
-14677_6830,9.0,385.0,833.0,401.0,0.0,704.0,7.0,79.0,208.0,7.0,0.0,14.0,4.0,5.0,0.0,375.0,138.0,0.0,49.0,378.0,1.0,0.0,25.0,261.0,14.0,8.0,868.0,80.0,2.0,10.0,0.0,0.0,0.0,0.0,0.0,0.0,0.0,0.0,0.0,0.0,0.0,0.0,0.0,0.0,0.0,0.0,0.0,0.0,0.0,0.0,2.0,1.0,0.0,0.0,0.0,0.0,0.0,2.0,0.0,0.0,0.0,0.0,5.0,5.0,0.0,4865.0
-14677_6831,14.0,650.0,1898.0,720.0,1.0,1350.0,12.0,130.0,355.0,19.0,0.0,16.0,3.0,12.0,0.0,806.0,370.0,0.0,95.0,904.0,2.0,0.0,28.0,447.0,26.0,11.0,1643.0,154.0,2.0,26.0,0.0,0.0,0.0,0.0,0.0,0.0,0.0,0.0,0.0,0.0,0.0,0.0,0.0,0.0,0.0,0.0,0.0,0.0,0.0,0.0,1.0,0.0,0.0,0.0,0.0,0.0,0.0,0.0,0.0,0.0,0.0,0.0,1.0,1.0,0.0,9694.0
-14677_6832,31.0,1644.0,4416.0,942.0,3.0,1956.0,26.0,825.0,746.0,62.0,0.0,102.0,9.0,8.0,33.0,823.0,3090.0,0.0,115.0,1198.0,111.0,1.0,149.0,1139.0,62.0,14.0,2484.0,418.0,58.0,59.0,1.0,0.0,1.0,0.0,0.0,0.0,0.0,0.0,0.0,0.0,1.0,0.0,0.0,0.0,0.0,0.0,0.0,0.0,0.0,0.0,2.0,0.0,0.0,0.0,0.0,0.0,0.0,0.0,0.0,0.0,0.0,0.0,5.0,2.0,2.0,20524.0
-14677_6833,16.0,701.0,2152.0,466.0,3.0,974.0,20.0,193.0,272.0,25.0,2.0,25.0,3.0,5.0,14.0,497.0,725.0,2.0,70.0,613.0,47.0,1.0,41.0,483.0,28.0,9.0,1234.0,202.0,8.0,45.0,0.0,0.0,0.0,2.0,0.0,0.0,0.0,0.0,0.0,0.0,1.0,0.0,0.0,0.0,0.0,0.0,0.0,2.0,0.0,0.0,10.0,2.0,0.0,0.0,0.0,0.0,0.0,0.0,0.0,0.0,0.0,0.0,17.0,14.0,3.0,8876.0
-14677_6834,12.0,715.0,1909.0,347.0,1.0,905.0,4.0,120.0,162.0,22.0,0.0,17.0,7.0,5.0,3.0,323.0,894.0,1.0,96.0,531.0,7.0,0.0,45.0,254.0,27.0,8.0,754.0,154.0,11.0,28.0,0.0,0.0,0.0,0.0,0.0,0.0,0.0,0.0,0.0,0.0,1.0,0.0,0.0,1.0,0.0,1.0,0.0,1.0,0.0,0.0,2.0,1.0,0.0,0.0,0.0,0.0,0.0,2.0,2.0,0.0,0.0,0.0,11.0,9.0,2.0,7362.0
-14677_6835,12.0,425.0,1290.0,282.0,0.0,572.0,6.0,107.0,124.0,19.0,0.0,12.0,4.0,8.0,11.0,178.0,465.0,0.0,44.0,334.0,3.0,0.0,31.0,180.0,14.0,1.0,471.0,127.0,24.0,18.0,0.0,0.0,0.0,0.0,0.0,0.0,0.0,0.0,0.0,0.0,0.0,0.0,0.0,0.0,0.0,0.0,0.0,0.0,0.0,0.0,0.0,0.0,0.0,0.0,0.0,0.0,0.0,0.0,0.0,0.0,0.0,0.0,0.0,0.0,0.0,4762.0
-14677_6836,15.0,891.0,2497.0,650.0,2.0,1304.0,8.0,320.0,235.0,23.0,0.0,22.0,7.0,3.0,15.0,480.0,1101.0,1.0,111.0,762.0,2.0,0.0,54.0,417.0,29.0,8.0,1417.0,229.0,38.0,34.0,1.0,0.0,0.0,0.0,0.0,0.0,0.0,0.0,0.0,1.0,0.0,0.0,0.0,0.0,0.0,0.0,0.0,0.0,0.0,1.0,2.0,2.0,0.0,0.0,0.0,0.0,0.0,1.0,0.0,0.0,0.0,0.0,8.0,6.0,1.0,10675.0
-14677_6837,3.0,563.0,1378.0,184.0,2.0,596.0,4.0,250.0,207.0,9.0,0.0,7.0,4.0,4.0,1.0,352.0,261.0,1.0,57.0,325.0,13.0,1.0,73.0,360.0,26.0,4.0,1536.0,89.0,3.0,28.0,0.0,0.0,0.0,0.0,0.0,0.0,0.0,0.0,0.0,0.0,1.0,0.0,0.0,0.0,0.0,0.0,0.0,1.0,0.0,0.0,0.0,2.0,0.0,0.0,0.0,0.0,0.0,1.0,1.0,0.0,0.0,0.0,6.0,5.0,1.0,6341.0
-14677_6838,6.0,367.0,824.0,17.0,1.0,117.0,4.0,228.0,13.0,2.0,0.0,11.0,10.0,4.0,5.0,46.0,168.0,0.0,7.0,49.0,46.0,0.0,189.0,97.0,36.0,1.0,496.0,54.0,15.0,10.0,0.0,0.0,0.0,0.0,0.0,0.0,0.0,0.0,0.0,0.0,0.0,0.0,0.0,0.0,0.0,0.0,0.0,3.0,0.0,0.0,0.0,1.0,0.0,0.0,0.0,0.0,0.0,0.0,0.0,0.0,0.0,0.0,4.0,4.0,0.0,2823.0
-14677_6839,0.0,10.0,36.0,8.0,1.0,12.0,4.0,2.0,3.0,0.0,0.0,0.0,0.0,0.0,0.0,10.0,11.0,0.0,0.0,5.0,0.0,0.0,0.0,9.0,2.0,0.0,60.0,8.0,0.0,5.0,0.0,0.0,0.0,0.0,0.0,0.0,0.0,0.0,0.0,0.0,0.0,0.0,0.0,0.0,0.0,0.0,0.0,1.0,0.0,0.0,0.0,0.0,0.0,0.0,0.0,0.0,0.0,0.0,0.0,0.0,0.0,0.0,1.0,1.0,0.0,186.0
-14678_6817,4.0,73.0,183.0,107.0,0.0,190.0,2.0,21.0,62.0,4.0,0.0,1.0,0.0,3.0,1.0,75.0,96.0,0.0,8.0,108.0,0.0,0.0,4.0,36.0,2.0,1.0,183.0,19.0,1.0,3.0,0.0,0.0,0.0,2.0,0.0,0.0,0.0,0.0,0.0,0.0,0.0,0.0,0.0,0.0,0.0,0.0,0.0,0.0,0.0,0.0,0.0,0.0,0.0,0.0,0.0,0.0,0.0,0.0,0.0,0.0,0.0,0.0,2.0,0.0,2.0,1187.0
-14678_6818,8.0,195.0,544.0,166.0,0.0,310.0,0.0,48.0,98.0,7.0,0.0,2.0,1.0,3.0,1.0,136.0,227.0,1.0,33.0,254.0,0.0,0.0,20.0,61.0,7.0,1.0,333.0,65.0,4.0,11.0,0.0,0.0,0.0,0.0,0.0,0.0,0.0,0.0,0.0,0.0,0.0,0.0,0.0,0.0,0.0,0.0,0.0,1.0,0.0,0.0,1.0,1.0,0.0,0.0,0.0,0.0,0.0,0.0,0.0,0.0,0.0,0.0,3.0,3.0,0.0,2536.0
-14678_6819,4.0,367.0,871.0,245.0,1.0,501.0,5.0,83.0,171.0,13.0,0.0,12.0,7.0,9.0,5.0,216.0,338.0,0.0,48.0,325.0,0.0,0.0,24.0,141.0,7.0,3.0,601.0,60.0,5.0,8.0,0.0,0.0,0.0,0.0,0.0,0.0,0.0,0.0,0.0,0.0,1.0,0.0,0.0,0.0,0.0,0.0,0.0,0.0,0.0,0.0,2.0,0.0,0.0,0.0,0.0,0.0,0.0,0.0,0.0,0.0,0.0,0.0,3.0,2.0,1.0,4070.0
-14678_6820,10.0,504.0,1191.0,178.0,1.0,502.0,2.0,207.0,120.0,8.0,0.0,19.0,5.0,9.0,3.0,260.0,648.0,0.0,37.0,296.0,2.0,0.0,50.0,199.0,16.0,3.0,704.0,103.0,12.0,9.0,0.0,0.0,0.0,0.0,0.0,0.0,0.0,0.0,0.0,0.0,1.0,0.0,0.0,0.0,0.0,0.0,0.0,0.0,0.0,0.0,3.0,3.0,0.0,0.0,0.0,0.0,0.0,1.0,0.0,0.0,0.0,0.0,8.0,7.0,1.0,5098.0
-14678_6821,4.0,257.0,642.0,247.0,0.0,467.0,3.0,59.0,112.0,5.0,1.0,11.0,3.0,5.0,0.0,166.0,262.0,0.0,43.0,274.0,1.0,0.0,15.0,68.0,8.0,1.0,396.0,79.0,4.0,14.0,0.0,0.0,0.0,0.0,0.0,0.0,0.0,0.0,0.0,0.0,0.0,0.0,0.0,0.0,0.0,0.0,0.0,1.0,0.0,0.0,1.0,2.0,0.0,0.0,0.0,0.0,0.0,0.0,0.0,0.0,0.0,0.0,4.0,4.0,0.0,3147.0
-14678_6822,2.0,151.0,435.0,165.0,0.0,263.0,1.0,35.0,79.0,0.0,0.0,4.0,0.0,0.0,1.0,80.0,268.0,1.0,15.0,161.0,0.0,0.0,13.0,59.0,6.0,1.0,302.0,39.0,9.0,4.0,0.0,0.0,0.0,0.0,0.0,0.0,0.0,0.0,0.0,0.0,0.0,0.0,0.0,0.0,0.0,0.0,0.0,0.0,0.0,0.0,1.0,0.0,0.0,0.0,0.0,0.0,0.0,0.0,0.0,0.0,0.0,0.0,1.0,1.0,0.0,2094.0
-14678_6823,6.0,435.0,1041.0,273.0,0.0,738.0,3.0,132.0,216.0,11.0,0.0,17.0,5.0,9.0,2.0,317.0,548.0,0.0,64.0,414.0,2.0,0.0,46.0,187.0,14.0,0.0,718.0,100.0,12.0,14.0,0.0,0.0,0.0,0.0,0.0,0.0,0.0,0.0,0.0,0.0,1.0,0.0,0.0,0.0,0.0,0.0,0.0,0.0,0.0,0.0,2.0,2.0,0.0,0.0,0.0,0.0,0.0,1.0,0.0,0.0,0.0,0.0,6.0,5.0,1.0,5324.0
-14678_6824,4.0,288.0,716.0,263.0,1.0,572.0,17.0,123.0,240.0,10.0,0.0,20.0,4.0,5.0,1.0,433.0,466.0,0.0,40.0,365.0,23.0,0.0,12.0,276.0,21.0,1.0,857.0,130.0,2.0,28.0,0.0,0.0,0.0,0.0,0.0,0.0,0.0,0.0,0.0,0.0,2.0,0.0,0.0,0.0,0.0,0.0,0.0,0.0,0.0,0.0,0.0,0.0,0.0,0.0,0.0,0.0,0.0,0.0,0.0,0.0,0.0,0.0,2.0,0.0,2.0,4918.0
-14678_6825,5.0,355.0,696.0,228.0,1.0,516.0,5.0,210.0,199.0,11.0,0.0,14.0,2.0,6.0,3.0,398.0,393.0,1.0,33.0,340.0,9.0,0.0,15.0,212.0,22.0,3.0,770.0,119.0,4.0,11.0,0.0,0.0,0.0,0.0,0.0,0.0,0.0,0.0,0.0,0.0,2.0,0.0,0.0,0.0,0.0,0.0,0.0,1.0,0.0,0.0,0.0,1.0,0.0,0.0,0.0,0.0,0.0,1.0,0.0,0.0,0.0,0.0,5.0,3.0,2.0,4581.0
-14678_6826,12.0,299.0,698.0,252.0,0.0,586.0,4.0,57.0,136.0,6.0,0.0,5.0,3.0,5.0,0.0,311.0,250.0,1.0,34.0,288.0,1.0,0.0,16.0,172.0,7.0,5.0,681.0,57.0,0.0,16.0,0.0,0.0,0.0,0.0,0.0,0.0,0.0,0.0,0.0,0.0,0.0,0.0,0.0,0.0,0.0,0.0,0.0,0.0,0.0,0.0,1.0,1.0,0.0,0.0,0.0,0.0,0.0,1.0,0.0,0.0,0.0,0.0,3.0,3.0,0.0,3902.0
-14678_6827,2.0,397.0,953.0,288.0,0.0,685.0,6.0,54.0,163.0,10.0,0.0,4.0,2.0,5.0,0.0,291.0,152.0,1.0,63.0,400.0,0.0,0.0,10.0,92.0,24.0,4.0,564.0,43.0,9.0,17.0,0.0,0.0,0.0,0.0,0.0,0.0,0.0,0.0,0.0,0.0,0.0,0.0,0.0,0.0,0.0,0.0,0.0,1.0,0.0,0.0,1.0,1.0,0.0,0.0,0.0,0.0,0.0,1.0,0.0,0.0,0.0,0.0,4.0,4.0,0.0,4239.0
-14678_6828,6.0,124.0,331.0,55.0,0.0,141.0,3.0,21.0,52.0,5.0,0.0,4.0,0.0,4.0,0.0,54.0,107.0,0.0,16.0,79.0,0.0,0.0,11.0,28.0,4.0,0.0,112.0,68.0,4.0,5.0,0.0,0.0,0.0,0.0,0.0,0.0,0.0,0.0,0.0,0.0,0.0,0.0,0.0,0.0,0.0,0.0,0.0,0.0,0.0,0.0,1.0,0.0,0.0,0.0,0.0,0.0,0.0,0.0,0.0,0.0,0.0,0.0,1.0,1.0,0.0,1234.0
-14678_6829,9.0,1103.0,1903.0,159.0,1.0,971.0,10.0,675.0,1187.0,20.0,0.0,32.0,4.0,13.0,6.0,1694.0,574.0,1.0,51.0,366.0,3.0,2.0,81.0,1000.0,42.0,9.0,8421.0,170.0,5.0,28.0,0.0,0.0,0.0,0.0,0.0,0.0,0.0,0.0,0.0,0.0,2.0,0.0,0.0,0.0,0.0,0.0,0.0,0.0,0.0,0.0,2.0,0.0,0.0,0.0,0.0,0.0,0.0,1.0,0.0,0.0,2.0,0.0,7.0,3.0,2.0,18540.0
-14678_6830,6.0,238.0,447.0,349.0,0.0,486.0,4.0,57.0,153.0,4.0,0.0,8.0,2.0,5.0,1.0,376.0,155.0,0.0,25.0,275.0,1.0,0.0,17.0,201.0,9.0,3.0,694.0,72.0,0.0,12.0,0.0,0.0,0.0,0.0,0.0,0.0,0.0,0.0,0.0,0.0,1.0,0.0,0.0,0.0,0.0,0.0,0.0,0.0,0.0,0.0,2.0,0.0,0.0,0.0,0.0,0.0,0.0,1.0,0.0,0.0,0.0,0.0,4.0,3.0,1.0,3600.0
-14678_6831,8.0,249.0,675.0,360.0,1.0,640.0,3.0,54.0,155.0,11.0,0.0,6.0,0.0,7.0,0.0,483.0,98.0,0.0,44.0,369.0,1.0,0.0,9.0,260.0,11.0,6.0,815.0,47.0,3.0,14.0,0.0,0.0,0.0,0.0,0.0,0.0,0.0,0.0,0.0,0.0,0.0,0.0,0.0,0.0,0.0,0.0,0.0,0.0,0.0,0.0,3.0,0.0,0.0,0.0,0.0,0.0,0.0,0.0,0.0,0.0,0.0,0.0,3.0,3.0,0.0,4329.0
-14678_6832,11.0,838.0,1869.0,636.0,1.0,1125.0,8.0,212.0,329.0,30.0,0.0,36.0,4.0,18.0,10.0,467.0,830.0,1.0,66.0,641.0,1.0,0.0,57.0,684.0,30.0,11.0,1850.0,212.0,26.0,30.0,0.0,0.0,0.0,0.0,0.0,0.0,0.0,0.0,0.0,0.0,1.0,0.0,0.0,1.0,0.0,0.0,0.0,0.0,0.0,0.0,3.0,2.0,0.0,0.0,0.0,0.0,0.0,2.0,0.0,0.0,0.0,0.0,9.0,8.0,1.0,10033.0
-14678_6833,22.0,950.0,2576.0,673.0,4.0,1583.0,26.0,214.0,331.0,48.0,0.0,47.0,7.0,11.0,28.0,795.0,856.0,1.0,102.0,871.0,4.0,0.0,69.0,525.0,40.0,14.0,1795.0,296.0,22.0,62.0,0.0,0.0,0.0,1.0,0.0,0.0,0.0,0.0,0.0,0.0,0.0,0.0,0.0,0.0,0.0,0.0,0.0,0.0,0.0,0.0,2.0,0.0,0.0,0.0,0.0,0.0,0.0,0.0,0.0,0.0,0.0,0.0,3.0,2.0,1.0,11972.0
-14678_6834,14.0,688.0,1761.0,444.0,0.0,1003.0,6.0,98.0,204.0,12.0,0.0,23.0,2.0,13.0,9.0,462.0,392.0,0.0,70.0,616.0,164.0,0.0,42.0,328.0,27.0,4.0,963.0,172.0,13.0,34.0,0.0,0.0,0.0,0.0,0.0,1.0,0.0,0.0,0.0,0.0,0.0,0.0,0.0,0.0,0.0,0.0,0.0,1.0,0.0,0.0,4.0,1.0,0.0,0.0,0.0,0.0,0.0,1.0,0.0,0.0,0.0,0.0,8.0,8.0,0.0,7564.0
-14678_6835,2.0,231.0,470.0,71.0,1.0,266.0,3.0,324.0,89.0,2.0,1.0,47.0,3.0,17.0,1.0,106.0,367.0,0.0,207.0,269.0,6.0,0.0,46.0,78.0,6.0,1.0,299.0,56.0,0.0,10.0,0.0,0.0,0.0,0.0,0.0,0.0,0.0,0.0,0.0,0.0,0.0,0.0,0.0,0.0,0.0,0.0,0.0,0.0,0.0,0.0,1.0,0.0,1.0,0.0,0.0,0.0,0.0,1.0,0.0,0.0,0.0,0.0,3.0,3.0,0.0,2979.0
-14678_6836,2.0,375.0,1026.0,443.0,0.0,750.0,7.0,92.0,141.0,8.0,0.0,10.0,1.0,3.0,0.0,267.0,247.0,0.0,53.0,419.0,1.0,0.0,25.0,181.0,29.0,7.0,672.0,73.0,13.0,16.0,0.0,0.0,0.0,0.0,0.0,0.0,0.0,0.0,0.0,0.0,0.0,0.0,0.0,0.0,0.0,0.0,0.0,2.0,0.0,0.0,0.0,4.0,0.0,0.0,0.0,0.0,0.0,1.0,0.0,0.0,0.0,0.0,7.0,7.0,0.0,4861.0
-14678_6837,10.0,438.0,1134.0,549.0,0.0,972.0,6.0,129.0,214.0,14.0,0.0,11.0,6.0,8.0,0.0,432.0,222.0,2.0,58.0,418.0,2.0,0.0,33.0,261.0,28.0,5.0,1324.0,86.0,15.0,7.0,0.0,0.0,0.0,0.0,0.0,1.0,0.0,0.0,0.0,0.0,0.0,0.0,0.0,0.0,0.0,0.0,0.0,3.0,0.0,0.0,5.0,3.0,0.0,0.0,0.0,0.0,0.0,0.0,0.0,0.0,0.0,0.0,12.0,12.0,0.0,6384.0
-14678_6838,8.0,654.0,1796.0,310.0,0.0,949.0,20.0,131.0,296.0,7.0,0.0,9.0,7.0,9.0,4.0,492.0,183.0,0.0,80.0,742.0,4.0,0.0,35.0,255.0,42.0,14.0,1358.0,103.0,11.0,33.0,0.0,0.0,0.0,0.0,0.0,0.0,0.0,0.0,0.0,0.0,0.0,0.0,0.0,1.0,0.0,0.0,0.0,1.0,0.0,0.0,0.0,2.0,0.0,0.0,0.0,0.0,0.0,2.0,1.0,0.0,0.0,0.0,7.0,7.0,0.0,7552.0
-14678_6839,0.0,55.0,143.0,97.0,0.0,207.0,1.0,33.0,82.0,0.0,0.0,4.0,1.0,0.0,0.0,191.0,21.0,0.0,9.0,61.0,0.0,0.0,4.0,108.0,6.0,1.0,432.0,11.0,0.0,6.0,0.0,0.0,0.0,0.0,0.0,0.0,0.0,0.0,0.0,0.0,0.0,0.0,0.0,0.0,0.0,0.0,0.0,3.0,0.0,0.0,0.0,2.0,0.0,0.0,0.0,0.0,0.0,1.0,0.0,0.0,0.0,0.0,6.0,6.0,0.0,1473.0
-14678_6840,2.0,311.0,666.0,274.0,1.0,620.0,8.0,61.0,364.0,4.0,0.0,1.0,6.0,2.0,6.0,435.0,66.0,2.0,37.0,343.0,2.0,1.0,14.0,244.0,38.0,4.0,1813.0,44.0,0.0,14.0,0.0,0.0,1.0,1.0,0.0,0.0,0.0,0.0,0.0,0.0,0.0,0.0,0.0,0.0,0.0,0.0,0.0,0.0,0.0,0.0,0.0,4.0,0.0,0.0,0.0,0.0,0.0,1.0,1.0,0.0,1.0,0.0,9.0,6.0,1.0,5383.0
-14678_6841,0.0,54.0,143.0,74.0,0.0,234.0,0.0,22.0,85.0,1.0,0.0,0.0,1.0,0.0,2.0,164.0,42.0,0.0,5.0,91.0,0.0,0.0,2.0,70.0,15.0,0.0,509.0,12.0,1.0,5.0,0.0,0.0,0.0,0.0,0.0,0.0,0.0,0.0,0.0,0.0,0.0,0.0,0.0,0.0,0.0,0.0,0.0,0.0,0.0,0.0,0.0,1.0,0.0,0.0,0.0,0.0,0.0,0.0,0.0,0.0,0.0,0.0,1.0,1.0,0.0,1532.0
-14679_6817,0.0,69.0,85.0,60.0,0.0,105.0,1.0,64.0,94.0,1.0,0.0,0.0,1.0,1.0,5.0,39.0,24.0,0.0,4.0,63.0,2.0,0.0,2.0,50.0,4.0,1.0,507.0,5.0,0.0,1.0,0.0,0.0,0.0,0.0,0.0,0.0,0.0,0.0,0.0,0.0,0.0,0.0,0.0,0.0,0.0,0.0,0.0,0.0,0.0,1.0,1.0,0.0,0.0,0.0,0.0,0.0,0.0,1.0,0.0,0.0,0.0,0.0,3.0,2.0,0.0,1188.0
-14679_6818,3.0,77.0,130.0,63.0,0.0,143.0,0.0,27.0,82.0,1.0,0.0,0.0,3.0,1.0,0.0,51.0,14.0,0.0,15.0,142.0,0.0,0.0,6.0,15.0,4.0,3.0,187.0,5.0,0.0,4.0,0.0,0.0,0.0,0.0,0.0,0.0,0.0,0.0,0.0,0.0,0.0,0.0,0.0,0.0,0.0,0.0,0.0,2.0,0.0,0.0,0.0,0.0,0.0,0.0,0.0,0.0,0.0,0.0,1.0,0.0,0.0,0.0,3.0,3.0,0.0,976.0
-14679_6819,2.0,114.0,246.0,132.0,0.0,246.0,2.0,29.0,84.0,3.0,0.0,1.0,1.0,5.0,0.0,95.0,51.0,0.0,27.0,187.0,0.0,0.0,11.0,40.0,6.0,0.0,279.0,16.0,1.0,8.0,0.0,0.0,0.0,0.0,0.0,0.0,0.0,0.0,0.0,0.0,0.0,0.0,0.0,0.0,0.0,0.0,0.0,0.0,0.0,0.0,0.0,1.0,0.0,0.0,0.0,0.0,0.0,1.0,0.0,0.0,0.0,0.0,2.0,2.0,0.0,1586.0
-14679_6820,6.0,570.0,1429.0,139.0,1.0,540.0,6.0,131.0,185.0,4.0,0.0,26.0,10.0,16.0,0.0,164.0,348.0,3.0,154.0,416.0,0.0,0.0,151.0,115.0,33.0,4.0,1092.0,70.0,9.0,9.0,0.0,0.0,0.0,0.0,0.0,0.0,0.0,0.0,0.0,1.0,0.0,0.0,0.0,0.0,0.0,0.0,0.0,2.0,0.0,0.0,3.0,0.0,1.0,0.0,0.0,0.0,0.0,2.0,0.0,0.0,0.0,0.0,9.0,9.0,0.0,5631.0
-14679_6821,1.0,86.0,253.0,115.0,0.0,235.0,1.0,36.0,117.0,1.0,0.0,4.0,3.0,4.0,0.0,75.0,84.0,0.0,50.0,188.0,0.0,0.0,11.0,27.0,1.0,2.0,274.0,19.0,0.0,4.0,0.0,0.0,0.0,0.0,0.0,0.0,0.0,0.0,0.0,0.0,0.0,0.0,0.0,0.0,0.0,0.0,0.0,0.0,0.0,0.0,0.0,0.0,0.0,0.0,0.0,0.0,0.0,0.0,0.0,0.0,0.0,0.0,0.0,0.0,0.0,1591.0
-14679_6822,0.0,116.0,245.0,108.0,0.0,224.0,2.0,34.0,84.0,1.0,0.0,4.0,0.0,5.0,0.0,97.0,65.0,1.0,21.0,210.0,0.0,0.0,7.0,36.0,9.0,2.0,275.0,21.0,0.0,5.0,0.0,0.0,0.0,0.0,0.0,0.0,0.0,0.0,0.0,0.0,0.0,0.0,0.0,0.0,0.0,0.0,0.0,0.0,0.0,0.0,0.0,0.0,0.0,0.0,0.0,0.0,0.0,0.0,0.0,0.0,0.0,0.0,0.0,0.0,0.0,1572.0
-14679_6823,5.0,574.0,1342.0,146.0,1.0,401.0,2.0,151.0,232.0,3.0,0.0,9.0,5.0,4.0,2.0,160.0,388.0,1.0,56.0,260.0,0.0,0.0,171.0,131.0,22.0,3.0,845.0,93.0,16.0,9.0,0.0,0.0,0.0,0.0,0.0,0.0,0.0,0.0,0.0,1.0,0.0,0.0,0.0,0.0,0.0,0.0,0.0,1.0,0.0,0.0,0.0,2.0,0.0,0.0,0.0,0.0,0.0,2.0,0.0,0.0,0.0,0.0,6.0,6.0,0.0,5032.0
-14679_6824,8.0,193.0,558.0,145.0,1.0,380.0,5.0,96.0,106.0,4.0,0.0,10.0,1.0,1.0,1.0,212.0,373.0,0.0,31.0,251.0,0.0,0.0,9.0,93.0,13.0,1.0,405.0,57.0,3.0,9.0,0.0,0.0,0.0,0.0,0.0,1.0,0.0,0.0,0.0,0.0,0.0,0.0,0.0,0.0,0.0,0.0,0.0,0.0,0.0,0.0,4.0,1.0,0.0,0.0,0.0,0.0,0.0,2.0,0.0,0.0,0.0,0.0,8.0,8.0,0.0,2966.0
-14679_6825,6.0,211.0,482.0,163.0,1.0,388.0,0.0,41.0,103.0,14.0,0.0,5.0,2.0,5.0,3.0,177.0,127.0,0.0,27.0,227.0,0.0,0.0,16.0,64.0,9.0,3.0,428.0,49.0,1.0,5.0,0.0,0.0,0.0,0.0,0.0,0.0,0.0,0.0,0.0,0.0,0.0,0.0,0.0,0.0,0.0,0.0,0.0,1.0,0.0,0.0,0.0,1.0,0.0,0.0,0.0,0.0,0.0,2.0,0.0,0.0,0.0,0.0,4.0,4.0,0.0,2557.0
-14679_6826,4.0,475.0,960.0,267.0,1.0,661.0,6.0,233.0,219.0,8.0,0.0,19.0,1.0,13.0,2.0,321.0,329.0,0.0,43.0,441.0,9.0,1.0,19.0,266.0,35.0,4.0,1062.0,100.0,3.0,19.0,0.0,0.0,0.0,0.0,0.0,0.0,0.0,0.0,0.0,0.0,0.0,0.0,0.0,1.0,0.0,0.0,1.0,0.0,0.0,0.0,3.0,0.0,0.0,0.0,0.0,0.0,0.0,0.0,0.0,0.0,0.0,0.0,5.0,4.0,0.0,5521.0
-14679_6827,5.0,247.0,654.0,241.0,1.0,558.0,2.0,54.0,202.0,14.0,0.0,10.0,0.0,6.0,0.0,322.0,276.0,0.0,41.0,354.0,10.0,0.0,16.0,113.0,15.0,3.0,732.0,76.0,10.0,11.0,0.0,0.0,0.0,0.0,0.0,0.0,0.0,0.0,0.0,0.0,0.0,0.0,0.0,0.0,0.0,0.0,0.0,1.0,0.0,0.0,1.0,1.0,0.0,0.0,0.0,0.0,0.0,0.0,0.0,0.0,0.0,0.0,3.0,3.0,0.0,3973.0
-14679_6828,18.0,517.0,1328.0,389.0,1.0,760.0,7.0,104.0,189.0,17.0,0.0,20.0,1.0,12.0,0.0,295.0,546.0,0.0,84.0,526.0,1.0,0.0,22.0,178.0,21.0,4.0,824.0,93.0,28.0,22.0,0.0,0.0,0.0,0.0,0.0,0.0,0.0,0.0,0.0,0.0,0.0,0.0,0.0,0.0,0.0,0.0,0.0,0.0,0.0,0.0,0.0,1.0,0.0,0.0,0.0,0.0,0.0,1.0,0.0,0.0,0.0,0.0,2.0,2.0,0.0,6007.0
-14679_6829,3.0,95.0,258.0,110.0,0.0,228.0,0.0,32.0,67.0,5.0,0.0,2.0,1.0,1.0,0.0,90.0,53.0,0.0,7.0,85.0,0.0,0.0,4.0,105.0,3.0,1.0,243.0,26.0,0.0,1.0,0.0,0.0,0.0,0.0,0.0,1.0,0.0,0.0,0.0,0.0,0.0,0.0,0.0,0.0,0.0,0.0,0.0,0.0,0.0,0.0,1.0,0.0,0.0,0.0,0.0,0.0,0.0,0.0,0.0,0.0,1.0,0.0,3.0,2.0,0.0,1420.0
-14679_6830,2.0,155.0,278.0,138.0,1.0,255.0,3.0,24.0,270.0,11.0,0.0,9.0,0.0,3.0,3.0,141.0,68.0,0.0,7.0,133.0,0.0,0.0,11.0,126.0,3.0,2.0,989.0,52.0,6.0,5.0,0.0,0.0,0.0,0.0,0.0,0.0,0.0,0.0,0.0,0.0,0.0,0.0,0.0,0.0,0.0,0.0,0.0,1.0,0.0,0.0,0.0,1.0,0.0,0.0,0.0,0.0,0.0,0.0,0.0,0.0,0.0,0.0,2.0,2.0,0.0,2695.0
-14679_6831,15.0,322.0,926.0,408.0,3.0,729.0,13.0,393.0,197.0,10.0,0.0,15.0,3.0,11.0,0.0,476.0,473.0,0.0,34.0,335.0,1.0,0.0,28.0,313.0,20.0,10.0,971.0,110.0,4.0,18.0,0.0,0.0,0.0,0.0,0.0,0.0,0.0,0.0,0.0,0.0,1.0,0.0,0.0,0.0,0.0,0.0,0.0,1.0,0.0,0.0,1.0,1.0,0.0,0.0,0.0,0.0,0.0,1.0,0.0,0.0,0.0,0.0,5.0,4.0,1.0,5838.0
-14679_6832,9.0,702.0,1792.0,511.0,4.0,999.0,11.0,416.0,1429.0,22.0,0.0,49.0,6.0,15.0,18.0,645.0,1057.0,1.0,73.0,534.0,1.0,2.0,71.0,899.0,38.0,12.0,1797.0,205.0,10.0,40.0,0.0,0.0,0.0,0.0,0.0,0.0,0.0,0.0,0.0,1.0,1.0,0.0,0.0,0.0,0.0,0.0,0.0,0.0,0.0,0.0,2.0,0.0,0.0,0.0,0.0,0.0,0.0,0.0,0.0,0.0,0.0,0.0,4.0,3.0,1.0,11368.0
-14679_6833,14.0,546.0,1512.0,538.0,6.0,954.0,8.0,127.0,350.0,15.0,0.0,38.0,3.0,6.0,10.0,722.0,692.0,0.0,44.0,568.0,2.0,0.0,32.0,576.0,23.0,3.0,1284.0,204.0,1.0,25.0,0.0,0.0,0.0,1.0,0.0,0.0,0.0,0.0,0.0,0.0,1.0,0.0,0.0,0.0,0.0,0.0,0.0,0.0,0.0,0.0,2.0,0.0,0.0,0.0,0.0,0.0,0.0,0.0,0.0,0.0,1.0,0.0,5.0,2.0,2.0,8303.0
-14679_6834,18.0,679.0,1798.0,595.0,1.0,1212.0,6.0,204.0,278.0,19.0,0.0,18.0,4.0,8.0,11.0,633.0,727.0,0.0,66.0,736.0,4.0,0.0,48.0,461.0,31.0,6.0,1334.0,206.0,12.0,25.0,0.0,0.0,0.0,0.0,0.0,0.0,1.0,0.0,0.0,0.0,0.0,0.0,0.0,0.0,0.0,0.0,0.0,1.0,0.0,0.0,1.0,3.0,0.0,0.0,0.0,0.0,0.0,0.0,0.0,0.0,0.0,0.0,6.0,6.0,0.0,9140.0
-14679_6835,14.0,788.0,2161.0,506.0,4.0,1041.0,12.0,196.0,216.0,22.0,0.0,22.0,9.0,10.0,16.0,507.0,867.0,1.0,75.0,678.0,6.0,0.0,65.0,340.0,26.0,8.0,1027.0,214.0,28.0,31.0,0.0,0.0,0.0,0.0,0.0,0.0,0.0,0.0,0.0,0.0,0.0,0.0,0.0,0.0,0.0,0.0,0.0,0.0,0.0,0.0,3.0,0.0,0.0,0.0,0.0,0.0,0.0,1.0,0.0,0.0,0.0,0.0,4.0,4.0,0.0,8890.0
-14679_6836,28.0,962.0,2717.0,657.0,1.0,1194.0,11.0,389.0,331.0,29.0,0.0,55.0,10.0,11.0,22.0,416.0,1529.0,0.0,98.0,818.0,22.0,0.0,80.0,598.0,32.0,4.0,1587.0,274.0,56.0,42.0,0.0,0.0,0.0,0.0,0.0,0.0,0.0,0.0,0.0,0.0,1.0,0.0,0.0,0.0,0.0,0.0,0.0,0.0,0.0,0.0,3.0,1.0,0.0,0.0,0.0,0.0,0.0,0.0,1.0,0.0,1.0,0.0,7.0,5.0,1.0,11973.0
-14679_6837,16.0,1064.0,2663.0,1041.0,1.0,1727.0,16.0,404.0,371.0,32.0,0.0,39.0,10.0,14.0,11.0,580.0,1070.0,0.0,99.0,1017.0,10.0,0.0,105.0,567.0,46.0,23.0,1961.0,329.0,72.0,48.0,0.0,0.0,0.0,1.0,0.0,0.0,1.0,0.0,0.0,0.0,0.0,0.0,1.0,0.0,0.0,0.0,0.0,2.0,0.0,0.0,3.0,2.0,0.0,0.0,0.0,0.0,0.0,1.0,0.0,0.0,0.0,0.0,11.0,9.0,1.0,13336.0
-14679_6838,4.0,319.0,878.0,511.0,0.0,701.0,8.0,64.0,173.0,10.0,0.0,5.0,2.0,16.0,2.0,336.0,145.0,2.0,56.0,414.0,4.0,0.0,14.0,214.0,18.0,5.0,1039.0,49.0,9.0,22.0,0.0,0.0,0.0,0.0,0.0,0.0,0.0,0.0,0.0,0.0,0.0,0.0,0.0,1.0,0.0,0.0,0.0,1.0,0.0,0.0,3.0,3.0,0.0,0.0,0.0,0.0,0.0,3.0,0.0,0.0,0.0,0.0,11.0,11.0,0.0,5020.0
-14679_6839,1.0,26.0,56.0,66.0,1.0,133.0,1.0,41.0,60.0,1.0,0.0,1.0,0.0,2.0,0.0,152.0,14.0,1.0,0.0,55.0,0.0,0.0,5.0,76.0,1.0,0.0,526.0,9.0,0.0,4.0,0.0,0.0,0.0,1.0,0.0,0.0,0.0,0.0,0.0,0.0,0.0,0.0,0.0,0.0,0.0,0.0,0.0,1.0,0.0,0.0,1.0,2.0,0.0,0.0,0.0,0.0,0.0,1.0,0.0,0.0,0.0,0.0,6.0,5.0,1.0,1232.0
-14679_6840,0.0,152.0,280.0,305.0,0.0,410.0,3.0,60.0,425.0,0.0,0.0,4.0,0.0,2.0,0.0,268.0,37.0,1.0,15.0,212.0,0.0,0.0,4.0,359.0,16.0,9.0,1202.0,16.0,0.0,10.0,0.0,0.0,2.0,0.0,0.0,1.0,0.0,0.0,0.0,0.0,0.0,0.0,0.0,0.0,0.0,0.0,0.0,1.0,0.0,0.0,0.0,4.0,0.0,0.0,0.0,0.0,0.0,1.0,0.0,0.0,0.0,0.0,9.0,7.0,0.0,3790.0
-14679_6841,6.0,849.0,1582.0,601.0,0.0,944.0,15.0,317.0,988.0,5.0,1.0,11.0,4.0,7.0,18.0,521.0,238.0,0.0,54.0,739.0,2.0,1.0,41.0,540.0,36.0,14.0,4011.0,62.0,4.0,33.0,0.0,0.0,2.0,2.0,0.0,0.0,0.0,0.0,0.0,0.0,0.0,0.0,0.0,0.0,0.0,0.0,0.0,2.0,0.0,2.0,1.0,1.0,0.0,0.0,0.0,0.0,0.0,1.0,0.0,0.0,1.0,0.0,12.0,5.0,2.0,11644.0
-14679_6842,3.0,254.0,613.0,200.0,0.0,543.0,9.0,69.0,379.0,7.0,0.0,3.0,2.0,0.0,3.0,472.0,49.0,1.0,28.0,400.0,1.0,0.0,5.0,171.0,21.0,9.0,1536.0,23.0,0.0,15.0,0.0,1.0,0.0,0.0,0.0,0.0,0.0,0.0,0.0,0.0,1.0,0.0,0.0,0.0,0.0,0.0,0.0,1.0,0.0,0.0,2.0,1.0,0.0,0.0,0.0,0.0,0.0,0.0,0.0,0.0,0.0,0.0,6.0,5.0,1.0,4816.0
-14680_6817,0.0,3.0,8.0,19.0,0.0,24.0,2.0,2.0,7.0,0.0,0.0,0.0,0.0,0.0,1.0,5.0,2.0,0.0,1.0,17.0,0.0,0.0,1.0,4.0,0.0,0.0,20.0,1.0,0.0,0.0,0.0,0.0,0.0,0.0,0.0,0.0,0.0,0.0,0.0,0.0,0.0,0.0,0.0,0.0,0.0,0.0,0.0,0.0,0.0,0.0,0.0,0.0,0.0,0.0,0.0,0.0,0.0,0.0,0.0,0.0,0.0,0.0,0.0,0.0,0.0,117.0
-14680_6818,4.0,79.0,188.0,157.0,0.0,223.0,3.0,38.0,120.0,1.0,0.0,2.0,0.0,0.0,5.0,78.0,19.0,0.0,15.0,145.0,0.0,0.0,6.0,26.0,5.0,3.0,308.0,4.0,0.0,1.0,0.0,0.0,0.0,0.0,0.0,0.0,0.0,0.0,0.0,0.0,0.0,0.0,0.0,0.0,0.0,0.0,0.0,0.0,0.0,0.0,0.0,0.0,0.0,0.0,0.0,0.0,0.0,0.0,0.0,0.0,0.0,0.0,0.0,0.0,0.0,1430.0
-14680_6819,1.0,110.0,321.0,62.0,0.0,128.0,2.0,30.0,140.0,0.0,0.0,8.0,1.0,3.0,9.0,60.0,30.0,1.0,10.0,133.0,1.0,0.0,9.0,27.0,4.0,5.0,335.0,3.0,0.0,4.0,0.0,0.0,0.0,0.0,0.0,0.0,0.0,0.0,0.0,0.0,0.0,0.0,0.0,0.0,0.0,0.0,0.0,2.0,0.0,0.0,1.0,1.0,0.0,0.0,0.0,0.0,0.0,1.0,2.0,0.0,0.0,0.0,7.0,7.0,0.0,1437.0
-14680_6820,1.0,139.0,324.0,124.0,0.0,264.0,3.0,53.0,157.0,3.0,0.0,1.0,1.0,7.0,0.0,114.0,38.0,2.0,24.0,212.0,0.0,1.0,10.0,45.0,19.0,1.0,507.0,12.0,0.0,4.0,0.0,0.0,0.0,0.0,0.0,0.0,0.0,0.0,0.0,0.0,0.0,0.0,0.0,1.0,0.0,0.0,0.0,0.0,0.0,0.0,3.0,3.0,0.0,0.0,0.0,0.0,0.0,2.0,0.0,0.0,1.0,0.0,10.0,9.0,0.0,2066.0
-14680_6821,0.0,40.0,89.0,76.0,0.0,142.0,0.0,28.0,67.0,0.0,0.0,1.0,0.0,1.0,2.0,64.0,12.0,0.0,30.0,132.0,0.0,0.0,0.0,22.0,3.0,0.0,273.0,4.0,0.0,4.0,0.0,0.0,0.0,0.0,0.0,0.0,0.0,0.0,0.0,0.0,0.0,0.0,0.0,0.0,0.0,0.0,0.0,0.0,0.0,0.0,0.0,0.0,0.0,0.0,0.0,0.0,0.0,0.0,0.0,0.0,0.0,0.0,0.0,0.0,0.0,990.0
-14680_6822,1.0,128.0,310.0,248.0,0.0,319.0,6.0,37.0,139.0,3.0,0.0,1.0,1.0,2.0,2.0,178.0,27.0,0.0,17.0,239.0,0.0,0.0,5.0,55.0,13.0,5.0,448.0,15.0,0.0,6.0,0.0,0.0,0.0,0.0,0.0,0.0,0.0,0.0,0.0,0.0,0.0,0.0,0.0,0.0,0.0,0.0,0.0,1.0,0.0,0.0,0.0,1.0,0.0,0.0,0.0,0.0,0.0,0.0,0.0,0.0,0.0,0.0,2.0,2.0,0.0,2205.0
-14680_6823,0.0,106.0,205.0,106.0,0.0,270.0,4.0,35.0,96.0,1.0,0.0,2.0,1.0,2.0,0.0,84.0,31.0,0.0,24.0,168.0,0.0,0.0,4.0,32.0,7.0,2.0,320.0,9.0,1.0,5.0,0.0,0.0,0.0,0.0,0.0,0.0,0.0,0.0,0.0,0.0,0.0,0.0,0.0,0.0,0.0,0.0,0.0,0.0,0.0,0.0,1.0,0.0,0.0,0.0,0.0,0.0,0.0,0.0,0.0,0.0,0.0,0.0,1.0,1.0,0.0,1515.0
-14680_6824,7.0,167.0,361.0,152.0,0.0,314.0,2.0,42.0,120.0,1.0,0.0,4.0,3.0,5.0,0.0,143.0,98.0,0.0,33.0,244.0,1.0,0.0,14.0,41.0,8.0,1.0,348.0,22.0,4.0,7.0,0.0,0.0,0.0,0.0,0.0,0.0,0.0,0.0,0.0,0.0,0.0,0.0,0.0,0.0,0.0,0.0,0.0,0.0,0.0,0.0,3.0,0.0,0.0,0.0,0.0,0.0,0.0,1.0,0.0,0.0,0.0,0.0,4.0,4.0,0.0,2142.0
-14680_6825,4.0,308.0,799.0,140.0,1.0,508.0,3.0,53.0,158.0,7.0,0.0,12.0,2.0,7.0,4.0,227.0,293.0,0.0,56.0,373.0,1.0,0.0,16.0,74.0,11.0,5.0,494.0,62.0,16.0,15.0,0.0,0.0,0.0,0.0,0.0,0.0,0.0,0.0,0.0,0.0,0.0,0.0,0.0,0.0,0.0,0.0,0.0,0.0,0.0,0.0,0.0,2.0,0.0,0.0,0.0,0.0,0.0,1.0,0.0,0.0,0.0,0.0,3.0,3.0,0.0,3649.0
-14680_6826,7.0,447.0,1137.0,289.0,4.0,562.0,14.0,114.0,179.0,9.0,0.0,8.0,5.0,8.0,0.0,292.0,360.0,0.0,51.0,344.0,4.0,0.0,21.0,296.0,26.0,4.0,1053.0,107.0,4.0,33.0,0.0,0.0,0.0,0.0,0.0,0.0,0.0,0.0,0.0,0.0,0.0,0.0,0.0,0.0,0.0,0.0,0.0,0.0,0.0,0.0,0.0,0.0,0.0,0.0,0.0,0.0,0.0,1.0,0.0,0.0,0.0,0.0,1.0,1.0,0.0,5378.0
-14680_6827,9.0,262.0,635.0,299.0,0.0,545.0,4.0,56.0,189.0,13.0,0.0,8.0,1.0,3.0,1.0,276.0,282.0,0.0,52.0,340.0,0.0,0.0,14.0,102.0,13.0,4.0,608.0,55.0,3.0,11.0,0.0,0.0,0.0,0.0,0.0,0.0,0.0,0.0,0.0,0.0,0.0,0.0,0.0,0.0,0.0,0.0,0.0,0.0,0.0,0.0,0.0,0.0,0.0,0.0,0.0,0.0,0.0,1.0,0.0,0.0,0.0,0.0,1.0,1.0,0.0,3785.0
-14680_6828,8.0,266.0,691.0,165.0,1.0,414.0,6.0,55.0,112.0,4.0,0.0,16.0,1.0,4.0,3.0,225.0,334.0,0.0,38.0,275.0,8.0,0.0,16.0,148.0,12.0,0.0,558.0,74.0,1.0,9.0,0.0,0.0,0.0,0.0,0.0,0.0,0.0,0.0,0.0,0.0,0.0,0.0,0.0,0.0,0.0,0.0,0.0,0.0,0.0,0.0,1.0,1.0,0.0,0.0,0.0,0.0,0.0,1.0,0.0,0.0,0.0,0.0,3.0,3.0,0.0,3444.0
-14680_6829,17.0,596.0,1452.0,394.0,0.0,905.0,6.0,156.0,331.0,18.0,1.0,26.0,5.0,5.0,4.0,498.0,403.0,0.0,66.0,449.0,6.0,0.0,45.0,390.0,19.0,5.0,1251.0,182.0,7.0,24.0,0.0,0.0,0.0,0.0,0.0,0.0,0.0,0.0,0.0,1.0,1.0,0.0,0.0,0.0,0.0,0.0,0.0,0.0,0.0,0.0,2.0,0.0,0.0,0.0,0.0,0.0,0.0,0.0,0.0,0.0,0.0,0.0,4.0,3.0,1.0,7261.0
-14680_6830,6.0,381.0,901.0,146.0,0.0,402.0,3.0,188.0,224.0,15.0,0.0,6.0,0.0,1.0,4.0,222.0,258.0,0.0,33.0,217.0,0.0,1.0,22.0,132.0,20.0,2.0,2189.0,76.0,11.0,13.0,0.0,0.0,0.0,0.0,0.0,0.0,0.0,0.0,0.0,0.0,0.0,0.0,0.0,0.0,0.0,0.0,0.0,1.0,0.0,0.0,0.0,2.0,0.0,0.0,0.0,0.0,0.0,0.0,0.0,0.0,0.0,0.0,3.0,3.0,0.0,5473.0
-14680_6831,16.0,793.0,1879.0,336.0,4.0,865.0,11.0,185.0,391.0,27.0,0.0,24.0,6.0,7.0,8.0,361.0,551.0,2.0,64.0,527.0,2.0,0.0,73.0,452.0,31.0,4.0,1401.0,195.0,9.0,27.0,0.0,0.0,0.0,0.0,0.0,0.0,0.0,0.0,0.0,0.0,0.0,0.0,0.0,0.0,0.0,0.0,0.0,0.0,0.0,0.0,2.0,3.0,0.0,0.0,0.0,0.0,0.0,2.0,0.0,0.0,0.0,0.0,7.0,7.0,0.0,8251.0
-14680_6832,8.0,329.0,610.0,144.0,4.0,388.0,2.0,122.0,287.0,7.0,0.0,21.0,0.0,5.0,1.0,213.0,256.0,0.0,15.0,184.0,3.0,0.0,16.0,332.0,13.0,7.0,1539.0,77.0,2.0,11.0,0.0,0.0,0.0,0.0,0.0,0.0,0.0,0.0,0.0,0.0,0.0,0.0,0.0,0.0,0.0,0.0,0.0,0.0,0.0,0.0,1.0,0.0,0.0,0.0,0.0,0.0,0.0,0.0,0.0,0.0,0.0,0.0,1.0,1.0,0.0,4596.0
-14680_6833,8.0,521.0,1252.0,370.0,6.0,782.0,12.0,302.0,340.0,23.0,1.0,38.0,6.0,8.0,12.0,680.0,567.0,1.0,38.0,447.0,1.0,0.0,45.0,508.0,14.0,5.0,1996.0,270.0,5.0,27.0,0.0,0.0,0.0,0.0,0.0,0.0,0.0,0.0,0.0,0.0,3.0,0.0,0.0,0.0,0.0,0.0,0.0,0.0,0.0,0.0,0.0,0.0,0.0,0.0,0.0,0.0,0.0,0.0,0.0,0.0,0.0,0.0,3.0,0.0,3.0,8285.0
-14680_6834,11.0,723.0,1482.0,539.0,0.0,1001.0,8.0,208.0,269.0,18.0,1.0,23.0,1.0,8.0,17.0,666.0,454.0,0.0,51.0,463.0,2.0,0.0,46.0,479.0,23.0,7.0,1586.0,153.0,4.0,12.0,0.0,0.0,0.0,0.0,0.0,0.0,0.0,0.0,0.0,0.0,0.0,0.0,0.0,0.0,0.0,0.0,0.0,0.0,0.0,0.0,5.0,0.0,0.0,0.0,0.0,0.0,0.0,1.0,0.0,0.0,1.0,0.0,7.0,6.0,0.0,8255.0
-14680_6835,28.0,1055.0,2877.0,1019.0,1.0,1624.0,14.0,251.0,309.0,41.0,0.0,35.0,8.0,10.0,14.0,725.0,1149.0,0.0,104.0,925.0,9.0,0.0,65.0,635.0,35.0,9.0,1684.0,330.0,18.0,54.0,0.0,0.0,0.0,0.0,0.0,0.0,0.0,0.0,0.0,0.0,2.0,0.0,0.0,0.0,0.0,0.0,0.0,0.0,0.0,0.0,8.0,0.0,0.0,0.0,0.0,0.0,0.0,1.0,0.0,0.0,1.0,0.0,12.0,9.0,2.0,13028.0
-14680_6836,24.0,761.0,2303.0,653.0,0.0,1169.0,8.0,212.0,192.0,28.0,1.0,37.0,4.0,5.0,5.0,561.0,1373.0,1.0,82.0,705.0,348.0,1.0,60.0,451.0,28.0,3.0,1169.0,278.0,29.0,49.0,0.0,0.0,0.0,0.0,0.0,0.0,1.0,0.0,0.0,1.0,1.0,0.0,0.0,0.0,0.0,0.0,0.0,0.0,0.0,0.0,2.0,0.0,0.0,0.0,0.0,0.0,0.0,0.0,1.0,0.0,0.0,0.0,6.0,5.0,1.0,10540.0
-14680_6837,29.0,1099.0,3418.0,932.0,3.0,1660.0,10.0,281.0,269.0,31.0,0.0,38.0,4.0,21.0,9.0,530.0,1738.0,0.0,102.0,852.0,46.0,0.0,102.0,456.0,44.0,7.0,1380.0,266.0,63.0,64.0,0.0,0.0,0.0,0.0,0.0,0.0,0.0,0.0,0.0,0.0,0.0,0.0,0.0,0.0,0.0,0.0,0.0,0.0,0.0,0.0,4.0,1.0,0.0,0.0,0.0,0.0,0.0,1.0,0.0,0.0,0.0,0.0,6.0,6.0,0.0,13454.0
-14680_6838,29.0,1752.0,4527.0,922.0,1.0,2180.0,24.0,2008.0,551.0,30.0,0.0,42.0,16.0,15.0,10.0,681.0,2421.0,2.0,132.0,1364.0,25.0,0.0,135.0,802.0,55.0,9.0,2673.0,325.0,63.0,66.0,0.0,0.0,0.0,0.0,0.0,1.0,1.0,0.0,0.0,0.0,1.0,0.0,0.0,1.0,0.0,0.0,0.0,0.0,0.0,0.0,1.0,2.0,1.0,0.0,0.0,0.0,0.0,1.0,2.0,0.0,1.0,0.0,12.0,10.0,1.0,20860.0
-14680_6839,5.0,145.0,310.0,59.0,0.0,257.0,18.0,176.0,166.0,0.0,1.0,3.0,1.0,0.0,1.0,341.0,75.0,0.0,32.0,201.0,0.0,0.0,11.0,98.0,24.0,1.0,1436.0,16.0,0.0,30.0,0.0,0.0,3.0,0.0,0.0,0.0,0.0,0.0,0.0,0.0,0.0,1.0,0.0,2.0,0.0,0.0,0.0,0.0,0.0,0.0,1.0,0.0,0.0,0.0,0.0,0.0,0.0,0.0,0.0,0.0,0.0,0.0,7.0,4.0,0.0,3407.0
-14680_6840,3.0,86.0,196.0,150.0,0.0,235.0,1.0,100.0,150.0,0.0,0.0,2.0,2.0,3.0,1.0,157.0,30.0,0.0,8.0,75.0,0.0,0.0,6.0,145.0,17.0,3.0,1108.0,7.0,0.0,15.0,0.0,1.0,3.0,1.0,0.0,0.0,0.0,0.0,0.0,1.0,0.0,0.0,0.0,4.0,0.0,0.0,0.0,0.0,0.0,0.0,6.0,0.0,0.0,0.0,0.0,0.0,0.0,0.0,1.0,0.0,0.0,0.0,17.0,13.0,1.0,2500.0
-14680_6841,5.0,387.0,687.0,503.0,0.0,624.0,7.0,196.0,517.0,5.0,0.0,4.0,3.0,5.0,7.0,330.0,94.0,0.0,30.0,285.0,1.0,1.0,20.0,510.0,22.0,10.0,2218.0,20.0,2.0,14.0,1.0,1.0,0.0,1.0,0.0,0.0,1.0,0.0,0.0,0.0,0.0,0.0,0.0,0.0,0.0,0.0,0.0,3.0,0.0,1.0,1.0,6.0,0.0,0.0,0.0,0.0,0.0,2.0,0.0,0.0,0.0,0.0,17.0,14.0,2.0,6507.0
-14680_6842,4.0,710.0,1509.0,375.0,0.0,944.0,13.0,234.0,428.0,7.0,0.0,6.0,5.0,8.0,2.0,462.0,296.0,0.0,61.0,561.0,0.0,1.0,43.0,433.0,41.0,15.0,3283.0,68.0,8.0,25.0,0.0,0.0,0.0,1.0,0.0,0.0,0.0,0.0,0.0,0.0,1.0,0.0,0.0,1.0,0.0,0.0,0.0,2.0,0.0,0.0,2.0,1.0,0.0,0.0,0.0,0.0,0.0,1.0,0.0,0.0,1.0,1.0,11.0,7.0,3.0,9542.0
-14680_6843,0.0,128.0,321.0,56.0,0.0,265.0,2.0,31.0,231.0,1.0,0.0,2.0,1.0,1.0,0.0,209.0,27.0,0.0,21.0,273.0,0.0,0.0,5.0,87.0,9.0,5.0,768.0,9.0,0.0,8.0,0.0,0.0,0.0,0.0,0.0,0.0,0.0,0.0,0.0,0.0,0.0,0.0,0.0,0.0,0.0,0.0,0.0,0.0,0.0,0.0,0.0,1.0,0.0,0.0,0.0,0.0,0.0,0.0,0.0,0.0,0.0,0.0,1.0,1.0,0.0,2460.0
-14681_6818,0.0,1.0,0.0,0.0,0.0,1.0,0.0,0.0,0.0,0.0,0.0,0.0,0.0,0.0,0.0,0.0,1.0,0.0,0.0,0.0,0.0,0.0,1.0,0.0,0.0,0.0,0.0,0.0,0.0,0.0,0.0,0.0,0.0,0.0,0.0,0.0,0.0,0.0,0.0,0.0,0.0,0.0,0.0,0.0,0.0,0.0,0.0,0.0,0.0,0.0,0.0,0.0,0.0,0.0,0.0,0.0,0.0,0.0,0.0,0.0,0.0,0.0,0.0,0.0,0.0,4.0
-14681_6819,1.0,37.0,88.0,54.0,0.0,128.0,0.0,29.0,59.0,1.0,0.0,0.0,0.0,5.0,3.0,33.0,8.0,1.0,5.0,60.0,1.0,0.0,1.0,7.0,1.0,1.0,234.0,2.0,0.0,1.0,0.0,0.0,0.0,0.0,0.0,0.0,0.0,0.0,0.0,0.0,0.0,0.0,0.0,0.0,0.0,0.0,0.0,0.0,0.0,0.0,0.0,1.0,0.0,0.0,0.0,0.0,0.0,0.0,0.0,0.0,0.0,0.0,1.0,1.0,0.0,760.0
-14681_6820,2.0,148.0,293.0,160.0,1.0,319.0,2.0,70.0,207.0,1.0,0.0,3.0,4.0,14.0,11.0,98.0,64.0,0.0,34.0,199.0,3.0,0.0,9.0,59.0,6.0,3.0,719.0,19.0,1.0,3.0,0.0,1.0,0.0,1.0,0.0,0.0,0.0,0.0,0.0,0.0,1.0,0.0,0.0,0.0,0.0,0.0,0.0,0.0,0.0,0.0,0.0,0.0,0.0,0.0,1.0,0.0,0.0,0.0,1.0,0.0,0.0,0.0,5.0,2.0,3.0,2452.0
-14681_6821,1.0,112.0,214.0,134.0,0.0,250.0,2.0,39.0,198.0,0.0,0.0,5.0,0.0,1.0,10.0,91.0,56.0,1.0,6.0,145.0,2.0,0.0,5.0,59.0,7.0,1.0,484.0,13.0,0.0,5.0,0.0,0.0,0.0,0.0,0.0,0.0,0.0,0.0,0.0,0.0,0.0,0.0,0.0,0.0,0.0,0.0,0.0,2.0,0.0,0.0,1.0,1.0,0.0,0.0,0.0,0.0,0.0,0.0,0.0,0.0,1.0,0.0,5.0,4.0,0.0,1841.0
-14681_6822,1.0,31.0,56.0,89.0,0.0,155.0,0.0,29.0,79.0,0.0,0.0,0.0,0.0,6.0,5.0,64.0,9.0,0.0,8.0,87.0,0.0,0.0,2.0,24.0,3.0,2.0,272.0,1.0,0.0,0.0,0.0,0.0,0.0,0.0,0.0,0.0,0.0,0.0,0.0,0.0,0.0,0.0,0.0,0.0,0.0,0.0,0.0,0.0,0.0,0.0,2.0,0.0,0.0,0.0,0.0,0.0,0.0,0.0,0.0,0.0,0.0,0.0,2.0,2.0,0.0,923.0
-14681_6823,1.0,72.0,152.0,118.0,0.0,186.0,0.0,45.0,104.0,0.0,0.0,0.0,0.0,2.0,2.0,67.0,28.0,0.0,10.0,113.0,0.0,0.0,5.0,48.0,2.0,2.0,489.0,2.0,0.0,1.0,0.0,0.0,0.0,0.0,0.0,0.0,0.0,0.0,0.0,0.0,0.0,0.0,0.0,0.0,0.0,0.0,0.0,0.0,0.0,1.0,2.0,0.0,0.0,0.0,0.0,0.0,0.0,0.0,0.0,0.0,0.0,0.0,3.0,2.0,0.0,1449.0
-14681_6824,2.0,77.0,127.0,117.0,0.0,189.0,0.0,31.0,96.0,1.0,0.0,0.0,1.0,8.0,0.0,83.0,17.0,0.0,15.0,104.0,1.0,1.0,8.0,49.0,3.0,2.0,291.0,6.0,0.0,1.0,0.0,0.0,0.0,0.0,0.0,0.0,0.0,0.0,0.0,0.0,0.0,0.0,0.0,0.0,0.0,0.0,0.0,1.0,0.0,0.0,1.0,1.0,0.0,0.0,0.0,0.0,0.0,1.0,0.0,0.0,0.0,0.0,4.0,4.0,0.0,1230.0
-14681_6825,1.0,90.0,192.0,112.0,1.0,178.0,1.0,29.0,94.0,2.0,0.0,0.0,3.0,2.0,0.0,79.0,26.0,1.0,17.0,167.0,0.0,0.0,2.0,30.0,7.0,0.0,268.0,17.0,0.0,1.0,0.0,0.0,0.0,0.0,0.0,0.0,0.0,0.0,0.0,0.0,0.0,0.0,0.0,0.0,0.0,0.0,0.0,1.0,0.0,0.0,1.0,1.0,0.0,0.0,0.0,0.0,0.0,0.0,0.0,0.0,0.0,0.0,3.0,3.0,0.0,1320.0
-14681_6826,9.0,637.0,1325.0,337.0,1.0,809.0,6.0,421.0,570.0,9.0,0.0,15.0,0.0,5.0,13.0,342.0,680.0,2.0,52.0,473.0,23.0,1.0,35.0,475.0,27.0,8.0,2760.0,101.0,15.0,15.0,0.0,0.0,0.0,0.0,0.0,0.0,0.0,0.0,0.0,0.0,0.0,0.0,0.0,0.0,0.0,0.0,0.0,0.0,0.0,1.0,3.0,0.0,0.0,0.0,0.0,0.0,0.0,0.0,0.0,0.0,1.0,0.0,5.0,3.0,0.0,9166.0
-14681_6827,8.0,558.0,1416.0,478.0,1.0,1050.0,6.0,91.0,271.0,11.0,0.0,16.0,2.0,14.0,5.0,521.0,375.0,1.0,84.0,708.0,2.0,0.0,36.0,207.0,34.0,11.0,992.0,117.0,6.0,20.0,0.0,0.0,0.0,0.0,0.0,0.0,0.0,0.0,0.0,0.0,0.0,0.0,0.0,0.0,0.0,0.0,0.0,1.0,0.0,0.0,1.0,1.0,0.0,0.0,0.0,0.0,0.0,1.0,0.0,0.0,0.0,0.0,4.0,4.0,0.0,7041.0
-14681_6828,12.0,514.0,1433.0,535.0,1.0,989.0,15.0,115.0,209.0,14.0,0.0,19.0,3.0,9.0,2.0,432.0,675.0,1.0,76.0,569.0,3.0,0.0,26.0,289.0,13.0,5.0,946.0,139.0,10.0,18.0,0.0,0.0,0.0,0.0,0.0,0.0,0.0,0.0,0.0,0.0,1.0,0.0,0.0,0.0,0.0,0.0,0.0,0.0,0.0,0.0,1.0,0.0,0.0,0.0,0.0,0.0,0.0,1.0,0.0,0.0,0.0,0.0,3.0,2.0,1.0,7072.0
-14681_6829,20.0,849.0,2068.0,527.0,1.0,1268.0,8.0,240.0,253.0,39.0,0.0,37.0,5.0,9.0,16.0,479.0,1249.0,1.0,80.0,631.0,4.0,0.0,73.0,381.0,23.0,9.0,1098.0,326.0,33.0,29.0,0.0,0.0,0.0,0.0,0.0,0.0,0.0,0.0,0.0,0.0,1.0,0.0,1.0,0.0,0.0,0.0,0.0,0.0,0.0,0.0,1.0,1.0,0.0,0.0,0.0,0.0,0.0,2.0,0.0,0.0,0.0,0.0,6.0,4.0,1.0,9756.0
-14681_6830,13.0,595.0,1726.0,582.0,4.0,927.0,10.0,163.0,243.0,19.0,0.0,27.0,3.0,6.0,7.0,513.0,775.0,0.0,75.0,627.0,213.0,0.0,39.0,347.0,19.0,9.0,1108.0,178.0,17.0,33.0,0.0,0.0,0.0,0.0,0.0,0.0,0.0,0.0,0.0,0.0,1.0,0.0,0.0,0.0,0.0,0.0,0.0,1.0,0.0,0.0,2.0,0.0,0.0,0.0,0.0,0.0,0.0,0.0,0.0,0.0,0.0,0.0,4.0,3.0,1.0,8278.0
-14681_6831,16.0,578.0,1586.0,337.0,4.0,837.0,8.0,132.0,163.0,15.0,0.0,50.0,2.0,4.0,17.0,418.0,1178.0,1.0,57.0,505.0,34.0,0.0,53.0,377.0,22.0,7.0,1067.0,248.0,24.0,26.0,0.0,0.0,0.0,0.0,0.0,0.0,0.0,0.0,0.0,0.0,1.0,0.0,0.0,0.0,0.0,0.0,0.0,1.0,0.0,0.0,0.0,0.0,0.0,0.0,0.0,0.0,0.0,0.0,0.0,0.0,0.0,0.0,2.0,1.0,1.0,7766.0
-14681_6832,12.0,664.0,1943.0,528.0,2.0,1040.0,4.0,190.0,178.0,18.0,0.0,34.0,7.0,2.0,7.0,426.0,765.0,1.0,90.0,595.0,11.0,0.0,33.0,319.0,23.0,9.0,938.0,165.0,23.0,29.0,0.0,0.0,0.0,0.0,0.0,0.0,0.0,0.0,0.0,0.0,0.0,0.0,0.0,0.0,0.0,0.0,0.0,3.0,0.0,0.0,2.0,0.0,0.0,0.0,0.0,0.0,0.0,0.0,0.0,0.0,0.0,0.0,5.0,5.0,0.0,8056.0
-14681_6833,23.0,1284.0,3850.0,677.0,3.0,1529.0,14.0,290.0,341.0,34.0,0.0,48.0,6.0,13.0,16.0,701.0,1254.0,1.0,104.0,829.0,4.0,0.0,54.0,458.0,53.0,10.0,1479.0,364.0,65.0,46.0,1.0,0.0,1.0,0.0,0.0,0.0,0.0,0.0,0.0,0.0,1.0,0.0,0.0,0.0,0.0,0.0,0.0,0.0,0.0,0.0,7.0,0.0,0.0,0.0,0.0,0.0,0.0,1.0,0.0,0.0,0.0,0.0,11.0,8.0,2.0,13550.0
-14681_6834,21.0,1037.0,2708.0,641.0,2.0,1367.0,21.0,218.0,267.0,29.0,0.0,37.0,6.0,12.0,0.0,747.0,801.0,0.0,98.0,712.0,3.0,0.0,29.0,436.0,35.0,11.0,1416.0,262.0,29.0,51.0,0.0,0.0,0.0,0.0,0.0,0.0,0.0,0.0,0.0,0.0,1.0,0.0,0.0,0.0,0.0,0.0,0.0,1.0,0.0,0.0,2.0,1.0,0.0,0.0,0.0,0.0,0.0,1.0,1.0,0.0,0.0,0.0,7.0,6.0,1.0,10996.0
-14681_6835,12.0,1166.0,2927.0,417.0,4.0,1242.0,20.0,539.0,947.0,33.0,0.0,67.0,4.0,21.0,7.0,961.0,1345.0,0.0,75.0,719.0,2.0,2.0,82.0,1370.0,49.0,2.0,2309.0,319.0,26.0,38.0,0.0,0.0,0.0,0.0,0.0,0.0,0.0,0.0,0.0,0.0,2.0,0.0,0.0,0.0,0.0,0.0,0.0,0.0,0.0,0.0,2.0,0.0,0.0,0.0,0.0,0.0,0.0,2.0,0.0,0.0,0.0,0.0,6.0,4.0,2.0,14705.0
-14681_6836,28.0,800.0,2083.0,710.0,0.0,1141.0,9.0,153.0,249.0,33.0,0.0,15.0,3.0,5.0,1.0,636.0,478.0,1.0,71.0,717.0,4.0,0.0,46.0,350.0,21.0,6.0,1114.0,202.0,8.0,41.0,0.0,0.0,0.0,0.0,0.0,0.0,0.0,0.0,0.0,0.0,1.0,0.0,0.0,0.0,0.0,0.0,0.0,0.0,0.0,0.0,0.0,1.0,0.0,0.0,0.0,0.0,0.0,1.0,1.0,0.0,0.0,0.0,4.0,3.0,1.0,8925.0
-14681_6837,19.0,1561.0,5254.0,622.0,2.0,1892.0,29.0,2404.0,300.0,33.0,0.0,51.0,9.0,18.0,5.0,542.0,1526.0,0.0,234.0,1217.0,225.0,0.0,99.0,729.0,49.0,8.0,2362.0,359.0,30.0,74.0,0.0,0.0,0.0,0.0,0.0,0.0,0.0,0.0,0.0,0.0,0.0,0.0,0.0,0.0,0.0,0.0,0.0,0.0,0.0,0.0,0.0,3.0,0.0,0.0,0.0,0.0,0.0,1.0,0.0,0.0,0.0,0.0,4.0,4.0,0.0,19653.0
-14681_6838,22.0,1702.0,5624.0,1200.0,2.0,2395.0,29.0,1304.0,481.0,49.0,1.0,80.0,11.0,15.0,25.0,844.0,4724.0,1.0,147.0,1502.0,217.0,0.0,172.0,1175.0,77.0,7.0,2590.0,440.0,132.0,99.0,0.0,0.0,0.0,0.0,0.0,0.0,0.0,0.0,0.0,0.0,0.0,0.0,0.0,0.0,0.0,0.0,0.0,0.0,0.0,0.0,2.0,0.0,0.0,0.0,0.0,0.0,0.0,0.0,0.0,0.0,1.0,0.0,3.0,2.0,0.0,25067.0
-14681_6839,5.0,171.0,595.0,184.0,0.0,365.0,0.0,60.0,66.0,5.0,0.0,5.0,0.0,0.0,0.0,268.0,292.0,1.0,22.0,184.0,10.0,0.0,8.0,100.0,5.0,2.0,533.0,31.0,10.0,10.0,0.0,0.0,0.0,0.0,0.0,0.0,0.0,0.0,0.0,0.0,0.0,0.0,0.0,0.0,0.0,0.0,0.0,0.0,0.0,0.0,1.0,3.0,0.0,0.0,0.0,0.0,0.0,0.0,0.0,0.0,0.0,0.0,4.0,4.0,0.0,2932.0
-14681_6840,1.0,118.0,350.0,87.0,0.0,445.0,51.0,32.0,75.0,1.0,1.0,5.0,1.0,3.0,2.0,380.0,75.0,0.0,15.0,118.0,34.0,0.0,5.0,112.0,18.0,0.0,1155.0,28.0,1.0,18.0,0.0,0.0,1.0,0.0,0.0,1.0,0.0,0.0,0.0,0.0,0.0,0.0,0.0,0.0,0.0,0.0,0.0,0.0,0.0,0.0,0.0,1.0,0.0,0.0,0.0,0.0,0.0,0.0,0.0,0.0,0.0,0.0,3.0,2.0,0.0,3131.0
-14681_6841,7.0,486.0,1316.0,830.0,0.0,975.0,15.0,151.0,277.0,9.0,0.0,10.0,1.0,10.0,2.0,495.0,228.0,5.0,63.0,610.0,2.0,0.0,19.0,349.0,28.0,6.0,1771.0,45.0,24.0,39.0,0.0,0.0,0.0,0.0,0.0,0.0,0.0,0.0,0.0,0.0,0.0,0.0,0.0,0.0,0.0,0.0,0.0,2.0,0.0,0.0,0.0,4.0,0.0,0.0,0.0,0.0,0.0,1.0,1.0,0.0,1.0,0.0,9.0,8.0,0.0,7773.0
-14681_6842,5.0,183.0,460.0,464.0,0.0,618.0,4.0,98.0,250.0,1.0,0.0,2.0,2.0,0.0,1.0,344.0,54.0,0.0,31.0,358.0,0.0,0.0,9.0,266.0,19.0,5.0,1327.0,15.0,0.0,13.0,0.0,0.0,0.0,0.0,0.0,0.0,0.0,0.0,0.0,0.0,0.0,0.0,0.0,0.0,0.0,0.0,0.0,1.0,0.0,0.0,2.0,1.0,0.0,0.0,0.0,0.0,0.0,1.0,0.0,0.0,0.0,0.0,5.0,5.0,0.0,4529.0
-14681_6843,5.0,546.0,1101.0,356.0,0.0,771.0,6.0,195.0,404.0,9.0,0.0,4.0,3.0,2.0,3.0,453.0,185.0,2.0,52.0,467.0,2.0,0.0,19.0,336.0,26.0,6.0,2385.0,36.0,3.0,21.0,1.0,0.0,0.0,0.0,0.0,0.0,0.0,0.0,0.0,0.0,1.0,0.0,0.0,0.0,0.0,0.0,0.0,0.0,0.0,1.0,1.0,2.0,0.0,0.0,0.0,0.0,0.0,2.0,0.0,0.0,0.0,0.0,8.0,5.0,2.0,7398.0
-14681_6844,0.0,42.0,90.0,39.0,0.0,72.0,1.0,10.0,17.0,1.0,0.0,1.0,0.0,1.0,0.0,38.0,8.0,0.0,3.0,35.0,0.0,0.0,0.0,30.0,3.0,0.0,110.0,4.0,0.0,4.0,0.0,0.0,0.0,0.0,0.0,0.0,0.0,0.0,0.0,0.0,0.0,0.0,1.0,0.0,0.0,0.0,0.0,0.0,0.0,0.0,0.0,0.0,0.0,0.0,0.0,0.0,0.0,0.0,0.0,0.0,0.0,0.0,1.0,0.0,0.0,509.0
-14682_6818,0.0,6.0,8.0,0.0,0.0,7.0,0.0,0.0,1.0,0.0,0.0,1.0,0.0,0.0,0.0,0.0,6.0,0.0,0.0,3.0,0.0,0.0,0.0,0.0,0.0,0.0,14.0,1.0,0.0,0.0,0.0,0.0,0.0,0.0,0.0,0.0,0.0,0.0,0.0,0.0,0.0,0.0,0.0,0.0,0.0,0.0,0.0,0.0,0.0,0.0,0.0,0.0,0.0,0.0,0.0,0.0,0.0,0.0,0.0,0.0,0.0,0.0,0.0,0.0,0.0,47.0
-14682_6819,1.0,15.0,48.0,14.0,0.0,59.0,1.0,5.0,15.0,1.0,0.0,0.0,0.0,1.0,0.0,7.0,1.0,1.0,3.0,25.0,0.0,0.0,0.0,2.0,0.0,0.0,58.0,0.0,0.0,0.0,0.0,0.0,0.0,0.0,0.0,0.0,0.0,0.0,0.0,0.0,0.0,0.0,0.0,0.0,0.0,0.0,0.0,0.0,0.0,0.0,0.0,0.0,0.0,0.0,0.0,0.0,0.0,0.0,0.0,0.0,0.0,0.0,0.0,0.0,0.0,257.0
-14682_6820,1.0,24.0,95.0,19.0,0.0,96.0,0.0,14.0,54.0,1.0,0.0,1.0,2.0,2.0,2.0,13.0,19.0,0.0,3.0,38.0,0.0,0.0,3.0,4.0,3.0,0.0,100.0,1.0,0.0,2.0,0.0,0.0,0.0,0.0,0.0,0.0,0.0,0.0,0.0,0.0,0.0,0.0,0.0,0.0,0.0,0.0,0.0,0.0,0.0,0.0,0.0,0.0,0.0,0.0,0.0,0.0,0.0,0.0,0.0,0.0,0.0,0.0,0.0,0.0,0.0,497.0
-14682_6821,0.0,25.0,58.0,57.0,0.0,134.0,1.0,33.0,89.0,0.0,0.0,1.0,0.0,1.0,0.0,38.0,8.0,0.0,12.0,74.0,0.0,0.0,0.0,4.0,3.0,0.0,190.0,3.0,0.0,0.0,0.0,0.0,0.0,0.0,0.0,0.0,0.0,0.0,0.0,0.0,0.0,0.0,0.0,0.0,0.0,0.0,0.0,0.0,0.0,0.0,0.0,0.0,0.0,0.0,0.0,0.0,0.0,0.0,0.0,0.0,0.0,0.0,0.0,0.0,0.0,731.0
-14682_6822,3.0,60.0,188.0,108.0,0.0,313.0,0.0,50.0,128.0,0.0,0.0,2.0,1.0,5.0,34.0,72.0,48.0,0.0,11.0,92.0,1.0,0.0,11.0,54.0,6.0,1.0,379.0,10.0,0.0,2.0,0.0,0.0,0.0,1.0,0.0,0.0,1.0,0.0,0.0,0.0,0.0,0.0,0.0,0.0,0.0,0.0,0.0,1.0,0.0,0.0,0.0,2.0,0.0,0.0,1.0,0.0,0.0,0.0,0.0,0.0,0.0,0.0,6.0,4.0,2.0,1579.0
-14682_6823,2.0,106.0,271.0,107.0,0.0,272.0,2.0,52.0,182.0,0.0,0.0,4.0,0.0,10.0,10.0,96.0,71.0,1.0,12.0,113.0,0.0,0.0,11.0,84.0,3.0,2.0,629.0,13.0,0.0,3.0,0.0,0.0,0.0,1.0,0.0,0.0,0.0,0.0,0.0,0.0,1.0,0.0,0.0,0.0,0.0,0.0,0.0,0.0,0.0,1.0,0.0,0.0,0.0,0.0,0.0,0.0,0.0,1.0,0.0,0.0,0.0,0.0,4.0,1.0,2.0,2056.0
-14682_6824,3.0,44.0,125.0,68.0,0.0,132.0,0.0,21.0,83.0,0.0,0.0,0.0,1.0,9.0,2.0,39.0,14.0,0.0,14.0,95.0,0.0,0.0,5.0,34.0,2.0,1.0,236.0,4.0,0.0,2.0,0.0,0.0,0.0,0.0,0.0,0.0,0.0,0.0,0.0,0.0,0.0,0.0,0.0,0.0,0.0,0.0,0.0,0.0,0.0,0.0,0.0,1.0,0.0,0.0,0.0,0.0,0.0,1.0,0.0,0.0,0.0,0.0,2.0,2.0,0.0,934.0
-14682_6825,0.0,46.0,112.0,132.0,0.0,171.0,0.0,36.0,114.0,0.0,0.0,0.0,0.0,3.0,1.0,86.0,17.0,0.0,12.0,99.0,0.0,0.0,4.0,42.0,6.0,2.0,360.0,7.0,0.0,2.0,0.0,0.0,0.0,0.0,0.0,0.0,0.0,0.0,0.0,0.0,0.0,0.0,0.0,0.0,0.0,0.0,0.0,0.0,0.0,0.0,0.0,1.0,0.0,0.0,0.0,0.0,0.0,0.0,0.0,0.0,0.0,0.0,1.0,1.0,0.0,1252.0
-14682_6826,2.0,133.0,196.0,138.0,0.0,299.0,1.0,60.0,100.0,1.0,0.0,4.0,2.0,5.0,1.0,102.0,19.0,1.0,20.0,119.0,0.0,0.0,9.0,62.0,7.0,1.0,508.0,11.0,0.0,5.0,0.0,0.0,0.0,0.0,0.0,0.0,0.0,0.0,0.0,1.0,0.0,0.0,0.0,1.0,0.0,0.0,0.0,0.0,0.0,0.0,2.0,0.0,0.0,0.0,0.0,0.0,0.0,1.0,0.0,0.0,0.0,0.0,5.0,5.0,0.0,1806.0
-14682_6827,8.0,331.0,917.0,373.0,3.0,735.0,2.0,82.0,205.0,22.0,0.0,18.0,0.0,8.0,12.0,344.0,509.0,0.0,26.0,410.0,22.0,0.0,32.0,181.0,14.0,1.0,1042.0,113.0,19.0,10.0,0.0,0.0,0.0,1.0,0.0,0.0,0.0,0.0,0.0,0.0,0.0,0.0,0.0,0.0,0.0,0.0,0.0,1.0,0.0,0.0,3.0,1.0,0.0,0.0,0.0,0.0,0.0,0.0,0.0,0.0,0.0,0.0,6.0,5.0,1.0,5439.0
-14682_6828,8.0,567.0,1516.0,488.0,0.0,1062.0,9.0,202.0,299.0,18.0,0.0,28.0,5.0,10.0,10.0,534.0,743.0,1.0,72.0,588.0,41.0,0.0,36.0,297.0,14.0,8.0,1727.0,150.0,13.0,33.0,0.0,0.0,0.0,0.0,0.0,0.0,0.0,0.0,0.0,0.0,1.0,0.0,0.0,1.0,0.0,0.0,0.0,0.0,0.0,0.0,0.0,0.0,0.0,0.0,0.0,0.0,0.0,0.0,0.0,0.0,0.0,0.0,2.0,1.0,1.0,8479.0
-14682_6829,16.0,584.0,1607.0,510.0,0.0,1005.0,8.0,329.0,332.0,17.0,0.0,24.0,1.0,4.0,16.0,468.0,1049.0,0.0,46.0,561.0,13.0,0.0,39.0,467.0,16.0,6.0,1618.0,182.0,20.0,28.0,0.0,0.0,0.0,0.0,0.0,0.0,0.0,0.0,0.0,0.0,1.0,0.0,0.0,0.0,0.0,0.0,0.0,0.0,0.0,0.0,3.0,0.0,0.0,0.0,0.0,0.0,0.0,1.0,0.0,0.0,1.0,0.0,6.0,4.0,1.0,8966.0
-14682_6830,13.0,641.0,1712.0,581.0,3.0,1108.0,6.0,141.0,287.0,13.0,0.0,29.0,3.0,16.0,3.0,533.0,526.0,0.0,88.0,561.0,49.0,0.0,44.0,335.0,30.0,8.0,1193.0,136.0,5.0,40.0,0.0,0.0,0.0,0.0,0.0,0.0,0.0,0.0,0.0,0.0,0.0,0.0,0.0,0.0,0.0,0.0,0.0,0.0,0.0,0.0,5.0,1.0,0.0,0.0,0.0,0.0,0.0,1.0,0.0,0.0,0.0,0.0,7.0,7.0,0.0,8104.0
-14682_6831,15.0,868.0,2401.0,530.0,2.0,1185.0,13.0,304.0,241.0,9.0,0.0,34.0,5.0,8.0,14.0,505.0,619.0,2.0,82.0,714.0,6.0,1.0,85.0,421.0,57.0,8.0,1358.0,226.0,22.0,37.0,0.0,0.0,0.0,0.0,0.0,0.0,0.0,0.0,0.0,0.0,0.0,0.0,0.0,0.0,0.0,0.0,0.0,0.0,0.0,0.0,2.0,0.0,0.0,0.0,0.0,0.0,0.0,1.0,0.0,0.0,0.0,0.0,3.0,3.0,0.0,9772.0
-14682_6832,25.0,1746.0,4338.0,804.0,3.0,1801.0,14.0,799.0,644.0,23.0,1.0,124.0,12.0,36.0,38.0,715.0,2166.0,1.0,234.0,1113.0,54.0,1.0,188.0,861.0,74.0,15.0,3054.0,482.0,43.0,60.0,0.0,0.0,0.0,0.0,0.0,1.0,0.0,0.0,0.0,0.0,0.0,0.0,0.0,0.0,0.0,0.0,0.0,2.0,0.0,0.0,2.0,0.0,1.0,0.0,0.0,0.0,0.0,2.0,1.0,0.0,0.0,0.0,9.0,9.0,0.0,19469.0
-14682_6833,25.0,795.0,2371.0,571.0,3.0,1208.0,14.0,277.0,225.0,29.0,0.0,50.0,5.0,8.0,12.0,443.0,1036.0,0.0,83.0,659.0,556.0,1.0,41.0,519.0,28.0,8.0,1112.0,316.0,27.0,57.0,0.0,0.0,0.0,0.0,0.0,0.0,0.0,0.0,0.0,0.0,1.0,0.0,0.0,0.0,0.0,0.0,0.0,1.0,0.0,0.0,1.0,2.0,0.0,0.0,0.0,0.0,0.0,0.0,1.0,0.0,0.0,0.0,6.0,5.0,1.0,10479.0
-14682_6834,26.0,673.0,2174.0,474.0,0.0,869.0,10.0,83.0,143.0,19.0,0.0,25.0,3.0,4.0,3.0,373.0,583.0,1.0,58.0,508.0,14.0,0.0,21.0,239.0,21.0,6.0,771.0,178.0,18.0,34.0,0.0,0.0,0.0,0.0,0.0,0.0,0.0,0.0,0.0,1.0,0.0,0.0,0.0,0.0,0.0,0.0,0.0,2.0,0.0,0.0,1.0,2.0,0.0,0.0,0.0,0.0,0.0,0.0,0.0,0.0,0.0,0.0,6.0,6.0,0.0,7331.0
-14682_6835,24.0,798.0,2571.0,537.0,1.0,1113.0,6.0,117.0,177.0,24.0,0.0,34.0,4.0,14.0,4.0,457.0,970.0,0.0,76.0,556.0,5.0,0.0,81.0,383.0,54.0,10.0,1054.0,216.0,20.0,46.0,0.0,0.0,0.0,0.0,0.0,0.0,0.0,0.0,0.0,0.0,0.0,0.0,0.0,0.0,0.0,0.0,0.0,0.0,0.0,0.0,4.0,1.0,0.0,0.0,0.0,0.0,0.0,2.0,0.0,0.0,0.0,0.0,7.0,7.0,0.0,9352.0
-14682_6836,13.0,544.0,1574.0,371.0,1.0,730.0,5.0,72.0,117.0,9.0,0.0,19.0,2.0,5.0,0.0,463.0,286.0,0.0,68.0,495.0,3.0,0.0,24.0,227.0,16.0,2.0,899.0,129.0,9.0,28.0,0.0,0.0,0.0,0.0,0.0,0.0,0.0,0.0,0.0,0.0,1.0,0.0,0.0,0.0,0.0,0.0,0.0,1.0,0.0,0.0,1.0,1.0,0.0,0.0,0.0,0.0,0.0,0.0,0.0,0.0,0.0,0.0,4.0,3.0,1.0,6111.0
-14682_6837,1.0,70.0,165.0,25.0,0.0,61.0,0.0,25.0,37.0,3.0,0.0,6.0,0.0,1.0,1.0,73.0,55.0,0.0,3.0,43.0,0.0,0.0,6.0,133.0,2.0,0.0,203.0,34.0,0.0,2.0,0.0,0.0,0.0,0.0,0.0,0.0,0.0,0.0,0.0,0.0,0.0,0.0,0.0,0.0,0.0,0.0,0.0,0.0,0.0,0.0,0.0,0.0,0.0,0.0,0.0,0.0,0.0,0.0,0.0,0.0,0.0,0.0,0.0,0.0,0.0,949.0
-14682_6838,20.0,1116.0,3088.0,643.0,1.0,1476.0,20.0,258.0,269.0,29.0,2.0,27.0,9.0,16.0,6.0,746.0,639.0,2.0,135.0,880.0,6.0,0.0,52.0,468.0,34.0,17.0,1387.0,207.0,21.0,37.0,0.0,0.0,0.0,0.0,0.0,0.0,0.0,0.0,0.0,0.0,0.0,0.0,0.0,0.0,0.0,0.0,0.0,0.0,0.0,0.0,4.0,2.0,0.0,0.0,0.0,0.0,0.0,1.0,0.0,0.0,0.0,0.0,7.0,7.0,0.0,11611.0
-14682_6839,14.0,836.0,2650.0,747.0,0.0,1389.0,11.0,277.0,254.0,22.0,1.0,28.0,3.0,7.0,13.0,717.0,1037.0,1.0,81.0,762.0,286.0,0.0,40.0,430.0,32.0,7.0,1377.0,246.0,47.0,41.0,0.0,0.0,0.0,0.0,0.0,0.0,0.0,0.0,0.0,0.0,0.0,0.0,0.0,0.0,0.0,0.0,0.0,0.0,0.0,0.0,3.0,0.0,0.0,0.0,0.0,0.0,0.0,0.0,0.0,0.0,0.0,0.0,3.0,3.0,0.0,11356.0
-14682_6840,7.0,402.0,1440.0,214.0,1.0,561.0,8.0,112.0,112.0,12.0,1.0,10.0,1.0,5.0,2.0,318.0,275.0,2.0,25.0,293.0,95.0,0.0,26.0,334.0,19.0,3.0,899.0,97.0,14.0,29.0,0.0,1.0,0.0,0.0,0.0,0.0,0.0,0.0,0.0,0.0,1.0,0.0,0.0,0.0,0.0,0.0,0.0,2.0,0.0,0.0,0.0,1.0,0.0,0.0,0.0,0.0,0.0,0.0,0.0,0.0,0.0,0.0,5.0,4.0,1.0,5317.0
-14682_6841,0.0,7.0,44.0,0.0,0.0,15.0,1.0,1.0,3.0,0.0,0.0,0.0,0.0,0.0,0.0,20.0,19.0,0.0,0.0,3.0,0.0,0.0,2.0,17.0,1.0,0.0,49.0,2.0,3.0,5.0,0.0,0.0,0.0,0.0,0.0,0.0,0.0,0.0,0.0,0.0,0.0,0.0,0.0,0.0,0.0,0.0,0.0,0.0,0.0,0.0,0.0,0.0,0.0,0.0,0.0,0.0,0.0,0.0,0.0,0.0,0.0,0.0,0.0,0.0,0.0,192.0
-14682_6842,8.0,701.0,1766.0,501.0,0.0,1125.0,4.0,179.0,326.0,16.0,1.0,13.0,5.0,11.0,2.0,553.0,441.0,1.0,48.0,606.0,4.0,0.0,43.0,392.0,26.0,13.0,2194.0,127.0,43.0,19.0,0.0,0.0,0.0,0.0,0.0,0.0,1.0,0.0,0.0,0.0,0.0,0.0,0.0,0.0,0.0,0.0,0.0,2.0,0.0,1.0,1.0,2.0,0.0,0.0,0.0,0.0,0.0,1.0,0.0,0.0,0.0,0.0,8.0,7.0,0.0,9168.0
-14682_6843,22.0,1029.0,2659.0,625.0,0.0,1525.0,21.0,299.0,534.0,11.0,0.0,17.0,10.0,10.0,9.0,644.0,845.0,2.0,86.0,1027.0,2.0,0.0,32.0,410.0,35.0,9.0,1977.0,116.0,19.0,45.0,0.0,1.0,0.0,0.0,0.0,1.0,0.0,0.0,0.0,0.0,0.0,0.0,0.0,0.0,0.0,0.0,0.0,0.0,0.0,0.0,1.0,0.0,0.0,0.0,0.0,0.0,0.0,0.0,0.0,0.0,0.0,0.0,3.0,3.0,0.0,12020.0
-14682_6844,4.0,362.0,865.0,387.0,0.0,768.0,4.0,100.0,238.0,3.0,0.0,2.0,1.0,10.0,1.0,383.0,119.0,1.0,55.0,545.0,1.0,0.0,12.0,226.0,14.0,6.0,1186.0,53.0,7.0,15.0,0.0,0.0,0.0,0.0,0.0,0.0,0.0,0.0,0.0,0.0,0.0,0.0,0.0,0.0,0.0,0.0,0.0,3.0,0.0,0.0,2.0,6.0,0.0,0.0,0.0,0.0,0.0,1.0,0.0,0.0,0.0,0.0,12.0,12.0,0.0,5368.0
-14682_6845,0.0,102.0,153.0,24.0,0.0,65.0,2.0,72.0,58.0,3.0,0.0,1.0,1.0,0.0,3.0,46.0,52.0,1.0,2.0,45.0,0.0,0.0,5.0,57.0,2.0,0.0,274.0,18.0,0.0,3.0,0.0,0.0,0.0,0.0,0.0,0.0,0.0,0.0,0.0,0.0,0.0,0.0,0.0,0.0,0.0,0.0,0.0,2.0,0.0,0.0,0.0,2.0,0.0,0.0,0.0,0.0,0.0,1.0,0.0,0.0,1.0,0.0,6.0,5.0,0.0,989.0
-14683_6818,0.0,85.0,124.0,45.0,0.0,148.0,1.0,21.0,46.0,0.0,0.0,0.0,1.0,6.0,0.0,26.0,16.0,0.0,18.0,110.0,0.0,0.0,3.0,4.0,4.0,4.0,120.0,0.0,0.0,0.0,0.0,0.0,0.0,0.0,0.0,0.0,0.0,0.0,0.0,0.0,0.0,0.0,0.0,0.0,0.0,0.0,0.0,0.0,0.0,0.0,0.0,0.0,0.0,0.0,0.0,0.0,0.0,0.0,0.0,0.0,0.0,0.0,0.0,0.0,0.0,782.0
-14683_6819,2.0,88.0,193.0,33.0,0.0,206.0,0.0,34.0,84.0,0.0,0.0,1.0,2.0,13.0,2.0,27.0,33.0,1.0,18.0,124.0,0.0,0.0,6.0,10.0,10.0,3.0,174.0,5.0,0.0,2.0,0.0,0.0,0.0,0.0,0.0,0.0,0.0,0.0,0.0,0.0,0.0,0.0,0.0,0.0,0.0,0.0,0.0,0.0,0.0,0.0,0.0,1.0,0.0,0.0,0.0,0.0,0.0,1.0,0.0,0.0,0.0,0.0,2.0,2.0,0.0,1071.0
-14683_6820,4.0,221.0,485.0,100.0,0.0,344.0,1.0,69.0,284.0,1.0,0.0,5.0,6.0,18.0,28.0,68.0,103.0,1.0,61.0,272.0,2.0,0.0,19.0,55.0,10.0,5.0,599.0,15.0,1.0,4.0,0.0,0.0,0.0,0.0,0.0,0.0,0.0,0.0,0.0,1.0,0.0,0.0,0.0,1.0,0.0,0.0,0.0,0.0,0.0,1.0,0.0,0.0,0.0,0.0,0.0,0.0,0.0,0.0,0.0,0.0,0.0,0.0,3.0,2.0,0.0,2781.0
-14683_6821,2.0,39.0,128.0,30.0,0.0,137.0,0.0,19.0,42.0,0.0,0.0,2.0,1.0,2.0,3.0,15.0,22.0,1.0,10.0,76.0,0.0,0.0,4.0,6.0,3.0,0.0,121.0,4.0,0.0,2.0,0.0,0.0,0.0,0.0,0.0,0.0,0.0,0.0,0.0,0.0,0.0,0.0,0.0,0.0,0.0,0.0,0.0,0.0,0.0,0.0,0.0,1.0,0.0,0.0,0.0,0.0,0.0,1.0,0.0,0.0,0.0,0.0,2.0,2.0,0.0,669.0
-14683_6822,0.0,3.0,5.0,12.0,0.0,21.0,0.0,6.0,7.0,0.0,0.0,1.0,0.0,0.0,1.0,1.0,1.0,0.0,1.0,5.0,0.0,0.0,0.0,2.0,0.0,1.0,18.0,0.0,0.0,1.0,0.0,0.0,0.0,0.0,0.0,0.0,0.0,0.0,0.0,0.0,0.0,0.0,0.0,0.0,0.0,0.0,0.0,0.0,0.0,0.0,0.0,0.0,0.0,0.0,0.0,0.0,0.0,0.0,0.0,0.0,0.0,0.0,0.0,0.0,0.0,86.0
-14683_6823,1.0,33.0,81.0,62.0,0.0,128.0,0.0,34.0,64.0,0.0,0.0,1.0,4.0,7.0,10.0,31.0,29.0,0.0,16.0,103.0,0.0,0.0,9.0,5.0,6.0,1.0,157.0,7.0,0.0,2.0,0.0,0.0,0.0,0.0,0.0,0.0,0.0,0.0,0.0,0.0,0.0,0.0,0.0,0.0,0.0,0.0,0.0,1.0,0.0,0.0,2.0,0.0,0.0,0.0,0.0,0.0,0.0,1.0,0.0,0.0,0.0,0.0,4.0,4.0,0.0,791.0
-14683_6824,5.0,76.0,124.0,109.0,0.0,161.0,2.0,35.0,188.0,1.0,0.0,1.0,0.0,1.0,14.0,71.0,38.0,0.0,18.0,97.0,0.0,0.0,6.0,45.0,5.0,0.0,341.0,7.0,1.0,1.0,0.0,0.0,0.0,0.0,0.0,0.0,0.0,0.0,0.0,0.0,1.0,0.0,0.0,0.0,0.0,0.0,0.0,0.0,0.0,0.0,0.0,1.0,0.0,0.0,0.0,0.0,0.0,0.0,0.0,0.0,0.0,0.0,2.0,1.0,1.0,1347.0
-14683_6825,2.0,74.0,101.0,90.0,1.0,138.0,0.0,33.0,123.0,0.0,0.0,3.0,3.0,1.0,0.0,72.0,21.0,0.0,9.0,159.0,0.0,0.0,4.0,18.0,4.0,1.0,300.0,4.0,0.0,2.0,0.0,0.0,0.0,0.0,0.0,1.0,0.0,0.0,0.0,0.0,0.0,0.0,0.0,0.0,0.0,0.0,0.0,0.0,0.0,0.0,0.0,0.0,0.0,0.0,0.0,0.0,0.0,0.0,0.0,0.0,0.0,0.0,1.0,1.0,0.0,1163.0
-14683_6826,0.0,117.0,138.0,231.0,0.0,263.0,2.0,90.0,196.0,1.0,0.0,1.0,0.0,7.0,0.0,82.0,31.0,0.0,19.0,138.0,0.0,0.0,6.0,92.0,7.0,3.0,763.0,8.0,0.0,2.0,0.0,0.0,0.0,0.0,0.0,0.0,0.0,0.0,0.0,0.0,0.0,0.0,0.0,0.0,0.0,0.0,0.0,0.0,0.0,0.0,2.0,0.0,0.0,0.0,0.0,0.0,0.0,1.0,0.0,0.0,0.0,0.0,3.0,3.0,0.0,2197.0
-14683_6827,1.0,19.0,27.0,115.0,0.0,90.0,1.0,27.0,44.0,0.0,0.0,1.0,0.0,0.0,1.0,16.0,4.0,0.0,6.0,56.0,0.0,0.0,1.0,19.0,7.0,1.0,198.0,1.0,0.0,1.0,0.0,0.0,0.0,0.0,0.0,0.0,0.0,0.0,0.0,0.0,0.0,0.0,0.0,0.0,0.0,0.0,0.0,0.0,0.0,0.0,0.0,0.0,0.0,0.0,0.0,0.0,0.0,1.0,0.0,0.0,0.0,0.0,1.0,1.0,0.0,636.0
-14683_6828,4.0,240.0,633.0,300.0,0.0,469.0,3.0,45.0,183.0,14.0,0.0,5.0,3.0,4.0,2.0,232.0,171.0,0.0,38.0,296.0,2.0,1.0,10.0,87.0,14.0,4.0,566.0,49.0,5.0,9.0,0.0,0.0,0.0,0.0,0.0,0.0,0.0,0.0,0.0,0.0,0.0,0.0,0.0,0.0,0.0,0.0,0.0,0.0,0.0,0.0,2.0,0.0,0.0,0.0,0.0,0.0,0.0,1.0,0.0,0.0,0.0,0.0,3.0,3.0,0.0,3389.0
-14683_6829,7.0,569.0,1434.0,434.0,2.0,914.0,7.0,334.0,307.0,23.0,0.0,22.0,6.0,16.0,22.0,400.0,742.0,1.0,66.0,517.0,111.0,1.0,32.0,446.0,25.0,9.0,1502.0,139.0,9.0,24.0,0.0,0.0,0.0,0.0,0.0,0.0,0.0,0.0,0.0,0.0,2.0,0.0,0.0,0.0,0.0,0.0,0.0,1.0,0.0,0.0,4.0,1.0,0.0,0.0,0.0,0.0,0.0,1.0,0.0,0.0,0.0,0.0,9.0,7.0,2.0,8121.0
-14683_6830,13.0,663.0,1692.0,551.0,0.0,974.0,10.0,125.0,392.0,17.0,0.0,34.0,4.0,18.0,3.0,429.0,546.0,0.0,68.0,675.0,50.0,0.0,47.0,442.0,26.0,5.0,1319.0,162.0,7.0,34.0,0.0,0.0,0.0,0.0,0.0,0.0,0.0,0.0,0.0,0.0,0.0,0.0,0.0,0.0,0.0,0.0,0.0,1.0,0.0,0.0,1.0,2.0,0.0,0.0,0.0,0.0,0.0,0.0,0.0,0.0,0.0,0.0,4.0,4.0,0.0,8306.0
-14683_6831,21.0,1064.0,3062.0,881.0,2.0,1604.0,14.0,285.0,340.0,24.0,0.0,52.0,9.0,21.0,11.0,712.0,1273.0,0.0,143.0,916.0,40.0,0.0,72.0,551.0,42.0,8.0,1610.0,275.0,29.0,45.0,0.0,0.0,0.0,0.0,0.0,0.0,0.0,0.0,0.0,0.0,1.0,0.0,0.0,0.0,0.0,0.0,0.0,0.0,0.0,0.0,1.0,0.0,0.0,0.0,0.0,0.0,0.0,1.0,0.0,0.0,0.0,0.0,3.0,2.0,1.0,13106.0
-14683_6832,24.0,1085.0,3063.0,797.0,0.0,1564.0,27.0,254.0,335.0,35.0,0.0,39.0,7.0,19.0,10.0,676.0,823.0,4.0,150.0,942.0,10.0,0.0,63.0,620.0,35.0,17.0,2220.0,288.0,24.0,48.0,0.0,0.0,0.0,0.0,0.0,0.0,1.0,0.0,0.0,0.0,0.0,0.0,0.0,0.0,0.0,0.0,0.0,1.0,0.0,1.0,7.0,2.0,0.0,0.0,0.0,0.0,0.0,1.0,3.0,0.0,0.0,0.0,16.0,15.0,0.0,13179.0
-14683_6833,20.0,902.0,2631.0,700.0,3.0,1338.0,8.0,165.0,232.0,25.0,0.0,35.0,7.0,11.0,8.0,600.0,642.0,1.0,88.0,739.0,77.0,0.0,69.0,382.0,36.0,8.0,1268.0,269.0,22.0,51.0,0.0,0.0,0.0,0.0,0.0,0.0,0.0,0.0,0.0,0.0,0.0,0.0,0.0,0.0,0.0,0.0,0.0,0.0,0.0,0.0,1.0,1.0,0.0,0.0,0.0,0.0,0.0,1.0,0.0,0.0,0.0,0.0,3.0,3.0,0.0,10337.0
-14683_6834,45.0,1107.0,3587.0,825.0,3.0,1670.0,25.0,288.0,331.0,39.0,0.0,59.0,9.0,12.0,14.0,653.0,1495.0,1.0,100.0,887.0,907.0,0.0,94.0,774.0,46.0,16.0,1604.0,398.0,23.0,74.0,0.0,0.0,0.0,0.0,0.0,0.0,0.0,0.0,0.0,0.0,1.0,0.0,0.0,0.0,0.0,0.0,0.0,0.0,0.0,0.0,6.0,1.0,0.0,0.0,0.0,0.0,0.0,1.0,0.0,0.0,0.0,0.0,9.0,8.0,1.0,15086.0
-14683_6835,17.0,875.0,2731.0,572.0,2.0,1142.0,15.0,241.0,235.0,25.0,0.0,45.0,7.0,8.0,17.0,460.0,1159.0,1.0,73.0,616.0,249.0,0.0,64.0,613.0,35.0,6.0,1167.0,234.0,32.0,32.0,0.0,0.0,0.0,0.0,0.0,0.0,0.0,0.0,0.0,0.0,0.0,0.0,0.0,0.0,0.0,0.0,0.0,0.0,0.0,0.0,7.0,0.0,0.0,0.0,0.0,0.0,0.0,1.0,0.0,0.0,0.0,0.0,8.0,8.0,0.0,10673.0
-14683_6836,28.0,1003.0,2786.0,508.0,2.0,1100.0,5.0,142.0,176.0,24.0,0.0,17.0,5.0,11.0,2.0,447.0,581.0,1.0,81.0,528.0,4.0,0.0,137.0,320.0,43.0,3.0,1210.0,276.0,22.0,36.0,0.0,0.0,0.0,0.0,0.0,0.0,0.0,0.0,0.0,0.0,0.0,0.0,0.0,0.0,0.0,0.0,0.0,1.0,0.0,0.0,3.0,0.0,0.0,0.0,0.0,0.0,0.0,1.0,0.0,0.0,0.0,0.0,5.0,5.0,0.0,9498.0
-14683_6837,7.0,938.0,2540.0,428.0,5.0,985.0,32.0,238.0,255.0,19.0,0.0,29.0,4.0,5.0,6.0,623.0,599.0,0.0,66.0,502.0,3.0,0.0,70.0,572.0,55.0,12.0,1741.0,183.0,24.0,63.0,0.0,0.0,0.0,0.0,0.0,0.0,0.0,0.0,0.0,0.0,1.0,1.0,0.0,0.0,0.0,0.0,0.0,1.0,0.0,0.0,3.0,2.0,0.0,0.0,0.0,0.0,0.0,2.0,0.0,0.0,0.0,0.0,10.0,9.0,1.0,10004.0
-14683_6838,1.0,237.0,734.0,126.0,1.0,309.0,5.0,123.0,195.0,6.0,0.0,16.0,1.0,2.0,4.0,191.0,257.0,0.0,14.0,111.0,4.0,0.0,24.0,369.0,19.0,2.0,592.0,70.0,0.0,15.0,0.0,0.0,0.0,0.0,0.0,0.0,0.0,0.0,0.0,0.0,1.0,0.0,0.0,0.0,0.0,0.0,0.0,0.0,0.0,0.0,1.0,0.0,0.0,0.0,0.0,0.0,0.0,0.0,0.0,0.0,0.0,0.0,2.0,1.0,1.0,3428.0
-14683_6839,16.0,708.0,2217.0,565.0,0.0,1008.0,8.0,270.0,234.0,29.0,0.0,21.0,7.0,7.0,24.0,459.0,790.0,0.0,68.0,520.0,17.0,0.0,47.0,366.0,34.0,7.0,990.0,193.0,37.0,36.0,0.0,1.0,0.0,0.0,0.0,0.0,0.0,0.0,0.0,1.0,0.0,0.0,0.0,0.0,0.0,0.0,0.0,0.0,0.0,0.0,6.0,1.0,0.0,0.0,0.0,0.0,0.0,1.0,0.0,0.0,0.0,0.0,10.0,10.0,0.0,8678.0
-14683_6840,14.0,1582.0,4474.0,1045.0,1.0,2004.0,13.0,875.0,400.0,47.0,0.0,49.0,8.0,12.0,21.0,889.0,1529.0,2.0,150.0,1006.0,439.0,0.0,97.0,828.0,42.0,7.0,2378.0,368.0,81.0,49.0,0.0,1.0,0.0,1.0,0.0,0.0,1.0,0.0,0.0,0.0,1.0,0.0,0.0,0.0,0.0,0.0,0.0,1.0,0.0,0.0,5.0,0.0,0.0,0.0,0.0,0.0,0.0,0.0,2.0,0.0,0.0,0.0,12.0,10.0,2.0,18410.0
-14683_6841,7.0,628.0,1918.0,353.0,0.0,1007.0,17.0,127.0,167.0,21.0,1.0,10.0,2.0,4.0,0.0,444.0,466.0,0.0,60.0,593.0,306.0,1.0,13.0,318.0,20.0,13.0,911.0,132.0,14.0,38.0,0.0,0.0,0.0,0.0,0.0,1.0,0.0,0.0,0.0,0.0,0.0,0.0,0.0,0.0,0.0,0.0,0.0,0.0,0.0,0.0,2.0,3.0,0.0,0.0,0.0,0.0,0.0,1.0,1.0,0.0,0.0,0.0,8.0,8.0,0.0,7591.0
-14683_6842,13.0,1019.0,2521.0,453.0,0.0,1220.0,12.0,279.0,237.0,21.0,0.0,24.0,3.0,7.0,2.0,675.0,589.0,2.0,79.0,840.0,110.0,0.0,68.0,367.0,40.0,10.0,1763.0,196.0,34.0,42.0,0.0,0.0,0.0,0.0,0.0,1.0,0.0,0.0,0.0,0.0,0.0,1.0,0.0,0.0,0.0,0.0,0.0,0.0,0.0,1.0,3.0,0.0,0.0,0.0,0.0,0.0,0.0,2.0,0.0,0.0,0.0,0.0,8.0,7.0,0.0,10626.0
-14683_6843,11.0,888.0,2323.0,670.0,0.0,1307.0,10.0,402.0,433.0,27.0,0.0,29.0,2.0,7.0,19.0,657.0,1217.0,0.0,76.0,828.0,20.0,1.0,48.0,535.0,33.0,18.0,2468.0,175.0,24.0,41.0,0.0,0.0,0.0,0.0,0.0,1.0,0.0,0.0,0.0,0.0,0.0,0.0,0.0,0.0,0.0,0.0,0.0,1.0,0.0,0.0,0.0,1.0,0.0,0.0,0.0,0.0,0.0,0.0,0.0,0.0,0.0,0.0,3.0,3.0,0.0,12269.0
-14683_6844,12.0,1026.0,2797.0,606.0,0.0,1344.0,19.0,293.0,375.0,21.0,0.0,12.0,5.0,5.0,5.0,532.0,957.0,1.0,106.0,874.0,6.0,0.0,53.0,438.0,39.0,10.0,1961.0,206.0,19.0,31.0,0.0,0.0,0.0,0.0,0.0,0.0,0.0,0.0,0.0,1.0,0.0,0.0,0.0,0.0,0.0,0.0,0.0,1.0,0.0,0.0,3.0,2.0,0.0,0.0,0.0,0.0,0.0,3.0,2.0,0.0,0.0,0.0,12.0,12.0,0.0,11753.0
-14683_6845,7.0,478.0,1036.0,333.0,0.0,696.0,7.0,93.0,176.0,3.0,0.0,3.0,6.0,5.0,5.0,458.0,171.0,0.0,43.0,382.0,1.0,0.0,21.0,192.0,15.0,11.0,1036.0,73.0,7.0,9.0,0.0,0.0,0.0,1.0,0.0,0.0,0.0,0.0,0.0,0.0,0.0,0.0,0.0,0.0,0.0,0.0,0.0,2.0,0.0,0.0,2.0,3.0,0.0,0.0,0.0,0.0,0.0,1.0,1.0,0.0,0.0,0.0,10.0,9.0,1.0,5267.0
-14683_6846,1.0,185.0,416.0,58.0,1.0,202.0,2.0,36.0,65.0,4.0,0.0,4.0,0.0,1.0,0.0,86.0,55.0,1.0,23.0,193.0,0.0,0.0,6.0,32.0,4.0,2.0,297.0,32.0,0.0,4.0,0.0,0.0,0.0,0.0,0.0,0.0,0.0,0.0,0.0,0.0,0.0,0.0,0.0,0.0,0.0,0.0,0.0,2.0,0.0,0.0,0.0,3.0,0.0,0.0,0.0,0.0,0.0,0.0,0.0,0.0,0.0,0.0,5.0,5.0,0.0,1710.0
-14684_6818,0.0,3.0,6.0,3.0,1.0,8.0,0.0,3.0,3.0,0.0,0.0,0.0,0.0,0.0,0.0,0.0,6.0,0.0,2.0,7.0,0.0,0.0,0.0,5.0,1.0,0.0,12.0,1.0,0.0,0.0,0.0,0.0,0.0,0.0,0.0,0.0,0.0,0.0,0.0,0.0,0.0,0.0,0.0,0.0,0.0,0.0,0.0,0.0,0.0,0.0,0.0,0.0,0.0,0.0,0.0,0.0,0.0,0.0,0.0,0.0,0.0,0.0,0.0,0.0,0.0,61.0
-14684_6819,1.0,51.0,92.0,43.0,0.0,137.0,1.0,31.0,106.0,0.0,0.0,1.0,2.0,8.0,3.0,11.0,18.0,0.0,9.0,102.0,0.0,0.0,5.0,6.0,3.0,2.0,139.0,1.0,0.0,0.0,0.0,0.0,0.0,0.0,0.0,0.0,0.0,0.0,0.0,0.0,0.0,0.0,0.0,0.0,0.0,0.0,0.0,1.0,0.0,0.0,1.0,0.0,0.0,0.0,0.0,0.0,0.0,0.0,0.0,0.0,0.0,0.0,2.0,2.0,0.0,772.0
-14684_6820,1.0,92.0,219.0,106.0,0.0,275.0,0.0,40.0,98.0,0.0,0.0,0.0,3.0,13.0,8.0,51.0,40.0,0.0,15.0,144.0,0.0,0.0,9.0,20.0,5.0,2.0,246.0,4.0,0.0,3.0,0.0,0.0,0.0,0.0,0.0,2.0,0.0,0.0,0.0,0.0,0.0,0.0,0.0,0.0,0.0,0.0,0.0,0.0,0.0,0.0,4.0,0.0,0.0,0.0,0.0,0.0,0.0,1.0,0.0,0.0,0.0,0.0,7.0,7.0,0.0,1394.0
-14684_6821,0.0,88.0,178.0,39.0,0.0,179.0,2.0,23.0,86.0,0.0,0.0,1.0,1.0,4.0,3.0,22.0,35.0,0.0,21.0,106.0,0.0,0.0,3.0,7.0,12.0,0.0,169.0,8.0,0.0,4.0,0.0,0.0,0.0,0.0,0.0,0.0,0.0,0.0,0.0,0.0,0.0,0.0,0.0,0.0,0.0,0.0,0.0,1.0,0.0,0.0,0.0,3.0,0.0,0.0,0.0,0.0,0.0,1.0,0.0,0.0,0.0,0.0,5.0,5.0,0.0,991.0
-14684_6822,3.0,60.0,129.0,74.0,0.0,218.0,0.0,32.0,99.0,0.0,0.0,2.0,2.0,9.0,7.0,29.0,27.0,1.0,26.0,129.0,0.0,0.0,2.0,5.0,5.0,1.0,254.0,3.0,0.0,0.0,0.0,0.0,0.0,0.0,0.0,0.0,0.0,0.0,0.0,0.0,0.0,0.0,0.0,0.0,0.0,0.0,0.0,0.0,0.0,0.0,1.0,0.0,0.0,0.0,0.0,0.0,0.0,0.0,0.0,0.0,0.0,0.0,1.0,1.0,0.0,1117.0
-14684_6823,0.0,36.0,50.0,17.0,0.0,56.0,0.0,15.0,66.0,0.0,0.0,0.0,0.0,2.0,3.0,12.0,23.0,0.0,6.0,36.0,0.0,0.0,2.0,13.0,2.0,0.0,301.0,2.0,0.0,2.0,0.0,0.0,0.0,0.0,0.0,0.0,0.0,0.0,0.0,0.0,0.0,0.0,0.0,0.0,0.0,0.0,0.0,0.0,0.0,0.0,0.0,0.0,0.0,0.0,0.0,0.0,0.0,0.0,0.0,0.0,0.0,0.0,0.0,0.0,0.0,644.0
-14684_6824,0.0,19.0,47.0,47.0,0.0,39.0,1.0,6.0,29.0,0.0,0.0,0.0,0.0,0.0,0.0,18.0,1.0,0.0,3.0,41.0,0.0,0.0,3.0,3.0,2.0,1.0,62.0,1.0,0.0,0.0,0.0,0.0,0.0,0.0,0.0,0.0,0.0,0.0,0.0,0.0,0.0,0.0,0.0,0.0,0.0,0.0,0.0,0.0,0.0,0.0,0.0,0.0,0.0,0.0,0.0,0.0,0.0,0.0,0.0,0.0,0.0,0.0,0.0,0.0,0.0,323.0
-14684_6826,1.0,56.0,64.0,23.0,1.0,73.0,1.0,11.0,153.0,0.0,0.0,1.0,1.0,0.0,0.0,22.0,20.0,0.0,3.0,41.0,0.0,0.0,2.0,35.0,2.0,0.0,254.0,7.0,1.0,2.0,0.0,0.0,0.0,0.0,0.0,1.0,0.0,0.0,0.0,0.0,0.0,0.0,0.0,0.0,0.0,0.0,0.0,0.0,0.0,0.0,0.0,0.0,0.0,0.0,0.0,0.0,0.0,0.0,0.0,0.0,0.0,0.0,1.0,1.0,0.0,774.0
-14684_6827,2.0,49.0,85.0,69.0,0.0,103.0,0.0,33.0,100.0,1.0,0.0,0.0,0.0,2.0,0.0,78.0,11.0,1.0,6.0,89.0,0.0,0.0,5.0,21.0,5.0,0.0,287.0,6.0,0.0,1.0,0.0,0.0,0.0,0.0,0.0,0.0,0.0,0.0,0.0,0.0,0.0,0.0,0.0,0.0,0.0,0.0,0.0,0.0,0.0,0.0,0.0,1.0,0.0,0.0,0.0,0.0,0.0,0.0,0.0,0.0,0.0,0.0,1.0,1.0,0.0,954.0
-14684_6828,0.0,8.0,33.0,64.0,0.0,48.0,0.0,19.0,36.0,0.0,0.0,0.0,0.0,1.0,0.0,10.0,5.0,1.0,1.0,20.0,0.0,0.0,2.0,9.0,0.0,0.0,97.0,2.0,0.0,1.0,0.0,0.0,0.0,0.0,0.0,0.0,0.0,0.0,0.0,0.0,0.0,0.0,0.0,0.0,0.0,0.0,0.0,0.0,0.0,0.0,0.0,0.0,0.0,0.0,0.0,0.0,0.0,0.0,0.0,0.0,0.0,0.0,0.0,0.0,0.0,357.0
-14684_6829,8.0,194.0,410.0,254.0,0.0,381.0,3.0,41.0,130.0,10.0,0.0,7.0,0.0,4.0,2.0,170.0,106.0,1.0,26.0,231.0,0.0,0.0,5.0,110.0,8.0,3.0,491.0,35.0,2.0,5.0,0.0,0.0,0.0,0.0,0.0,0.0,0.0,0.0,0.0,0.0,0.0,0.0,0.0,0.0,0.0,0.0,0.0,0.0,0.0,0.0,2.0,0.0,0.0,0.0,0.0,0.0,0.0,1.0,0.0,0.0,0.0,0.0,3.0,3.0,0.0,2637.0
-14684_6830,3.0,353.0,990.0,390.0,2.0,674.0,5.0,95.0,223.0,13.0,1.0,10.0,1.0,2.0,1.0,295.0,339.0,0.0,67.0,419.0,0.0,0.0,23.0,130.0,15.0,3.0,692.0,93.0,5.0,15.0,0.0,0.0,0.0,0.0,0.0,0.0,0.0,0.0,0.0,0.0,0.0,0.0,0.0,0.0,0.0,0.0,0.0,1.0,0.0,0.0,1.0,2.0,0.0,0.0,0.0,0.0,0.0,2.0,0.0,0.0,0.0,0.0,6.0,6.0,0.0,4859.0
-14684_6831,23.0,1614.0,4578.0,1456.0,2.0,2246.0,28.0,646.0,707.0,54.0,1.0,69.0,14.0,20.0,19.0,848.0,2157.0,0.0,171.0,1337.0,39.0,0.0,114.0,1128.0,63.0,9.0,3294.0,380.0,67.0,73.0,1.0,0.0,0.0,0.0,0.0,0.0,0.0,0.0,0.0,1.0,2.0,0.0,0.0,0.0,0.0,0.0,0.0,0.0,0.0,0.0,4.0,0.0,0.0,0.0,0.0,0.0,0.0,0.0,0.0,0.0,0.0,0.0,8.0,5.0,3.0,21157.0
-14684_6832,23.0,1100.0,3109.0,995.0,3.0,1501.0,15.0,431.0,303.0,38.0,0.0,36.0,7.0,11.0,16.0,645.0,1964.0,1.0,100.0,920.0,25.0,0.0,70.0,643.0,31.0,17.0,1685.0,264.0,57.0,52.0,0.0,0.0,0.0,0.0,0.0,0.0,0.0,0.0,0.0,0.0,0.0,0.0,0.0,0.0,0.0,0.0,0.0,0.0,0.0,0.0,16.0,0.0,0.0,0.0,0.0,0.0,0.0,0.0,0.0,0.0,0.0,0.0,16.0,16.0,0.0,14062.0
-14684_6833,16.0,686.0,1683.0,302.0,5.0,878.0,7.0,245.0,151.0,15.0,1.0,27.0,10.0,10.0,12.0,484.0,496.0,0.0,70.0,501.0,2.0,0.0,46.0,308.0,22.0,6.0,1201.0,184.0,13.0,26.0,0.0,0.0,0.0,0.0,0.0,0.0,0.0,0.0,0.0,0.0,0.0,0.0,0.0,1.0,0.0,0.0,0.0,1.0,0.0,0.0,1.0,0.0,0.0,0.0,0.0,0.0,0.0,0.0,0.0,0.0,0.0,0.0,3.0,3.0,0.0,7407.0
-14684_6834,22.0,899.0,2769.0,717.0,6.0,1384.0,13.0,136.0,190.0,35.0,0.0,47.0,2.0,11.0,11.0,512.0,1070.0,1.0,72.0,648.0,7.0,0.0,81.0,366.0,29.0,6.0,1201.0,340.0,48.0,36.0,0.0,0.0,0.0,0.0,0.0,0.0,0.0,0.0,0.0,0.0,0.0,0.0,0.0,0.0,0.0,0.0,0.0,0.0,0.0,0.0,10.0,0.0,0.0,0.0,0.0,0.0,0.0,1.0,0.0,0.0,0.0,0.0,11.0,11.0,0.0,10659.0
-14684_6835,35.0,1271.0,3707.0,913.0,4.0,1774.0,16.0,187.0,236.0,47.0,0.0,44.0,4.0,10.0,11.0,697.0,1178.0,1.0,124.0,815.0,10.0,1.0,92.0,498.0,44.0,6.0,1908.0,422.0,56.0,61.0,0.0,0.0,0.0,0.0,0.0,0.0,1.0,0.0,0.0,0.0,0.0,0.0,0.0,0.0,0.0,0.0,0.0,0.0,0.0,0.0,5.0,2.0,0.0,0.0,0.0,0.0,0.0,0.0,1.0,0.0,0.0,0.0,9.0,9.0,0.0,14172.0
-14684_6836,35.0,1286.0,3414.0,624.0,2.0,1510.0,13.0,688.0,317.0,38.0,0.0,66.0,5.0,13.0,14.0,550.0,1976.0,1.0,113.0,849.0,163.0,0.0,110.0,661.0,43.0,6.0,2020.0,402.0,61.0,51.0,0.0,0.0,0.0,0.0,0.0,1.0,1.0,0.0,0.0,0.0,2.0,0.0,0.0,0.0,0.0,0.0,0.0,0.0,0.0,0.0,3.0,1.0,0.0,0.0,0.0,0.0,0.0,0.0,1.0,0.0,0.0,0.0,9.0,7.0,2.0,15031.0
-14684_6837,20.0,1236.0,3093.0,404.0,2.0,1141.0,12.0,370.0,338.0,11.0,0.0,28.0,5.0,8.0,6.0,515.0,560.0,1.0,92.0,656.0,19.0,1.0,54.0,703.0,55.0,10.0,2704.0,189.0,17.0,36.0,0.0,0.0,1.0,0.0,0.0,2.0,0.0,0.0,0.0,0.0,0.0,0.0,0.0,0.0,0.0,0.0,0.0,0.0,0.0,1.0,1.0,0.0,0.0,0.0,0.0,0.0,0.0,1.0,1.0,0.0,1.0,0.0,8.0,5.0,0.0,12286.0
-14684_6838,23.0,752.0,1797.0,464.0,1.0,835.0,9.0,100.0,173.0,17.0,0.0,13.0,7.0,6.0,1.0,309.0,500.0,0.0,50.0,417.0,3.0,0.0,57.0,285.0,37.0,8.0,991.0,147.0,14.0,38.0,0.0,0.0,0.0,0.0,0.0,0.0,0.0,0.0,0.0,0.0,0.0,0.0,0.0,1.0,0.0,0.0,0.0,0.0,0.0,0.0,0.0,0.0,0.0,0.0,0.0,0.0,0.0,1.0,0.0,0.0,0.0,0.0,2.0,2.0,0.0,7054.0
-14684_6839,25.0,325.0,1005.0,305.0,0.0,583.0,3.0,69.0,104.0,16.0,0.0,11.0,2.0,3.0,0.0,322.0,420.0,0.0,25.0,266.0,4.0,0.0,14.0,167.0,11.0,0.0,573.0,116.0,9.0,20.0,0.0,0.0,0.0,0.0,0.0,0.0,0.0,0.0,0.0,0.0,2.0,0.0,0.0,0.0,0.0,0.0,0.0,1.0,0.0,0.0,2.0,1.0,0.0,0.0,0.0,0.0,0.0,1.0,0.0,0.0,0.0,0.0,7.0,5.0,2.0,4398.0
-14684_6840,15.0,685.0,2000.0,258.0,2.0,860.0,12.0,609.0,609.0,27.0,1.0,40.0,3.0,14.0,5.0,489.0,1077.0,2.0,36.0,411.0,6.0,1.0,65.0,816.0,29.0,3.0,1541.0,224.0,19.0,27.0,1.0,0.0,0.0,0.0,0.0,0.0,0.0,0.0,0.0,0.0,2.0,0.0,0.0,0.0,0.0,0.0,0.0,1.0,0.0,0.0,4.0,0.0,0.0,0.0,0.0,0.0,0.0,1.0,0.0,0.0,0.0,0.0,9.0,6.0,3.0,9886.0
-14684_6841,6.0,406.0,990.0,203.0,0.0,466.0,5.0,68.0,79.0,10.0,0.0,6.0,1.0,4.0,1.0,216.0,163.0,0.0,46.0,225.0,3.0,0.0,25.0,139.0,23.0,6.0,626.0,58.0,2.0,16.0,0.0,0.0,0.0,0.0,0.0,1.0,0.0,0.0,0.0,0.0,0.0,0.0,0.0,0.0,0.0,0.0,0.0,0.0,0.0,0.0,5.0,1.0,0.0,0.0,0.0,0.0,0.0,3.0,0.0,0.0,0.0,0.0,10.0,10.0,0.0,3793.0
-14684_6842,17.0,1279.0,3792.0,684.0,2.0,1293.0,23.0,495.0,347.0,32.0,0.0,43.0,5.0,9.0,26.0,625.0,1385.0,2.0,72.0,687.0,367.0,0.0,108.0,746.0,49.0,10.0,2252.0,232.0,48.0,48.0,0.0,0.0,0.0,0.0,0.0,0.0,0.0,0.0,0.0,0.0,1.0,0.0,0.0,0.0,0.0,0.0,0.0,0.0,0.0,0.0,6.0,3.0,0.0,0.0,0.0,0.0,0.0,3.0,1.0,0.0,0.0,0.0,14.0,13.0,1.0,14678.0
-14684_6843,15.0,950.0,2820.0,570.0,1.0,1309.0,14.0,327.0,436.0,26.0,0.0,45.0,5.0,10.0,14.0,793.0,1419.0,1.0,64.0,844.0,853.0,1.0,70.0,756.0,42.0,14.0,2249.0,263.0,34.0,45.0,1.0,0.0,0.0,1.0,0.0,0.0,0.0,0.0,0.0,0.0,0.0,0.0,0.0,0.0,0.0,0.0,0.0,1.0,0.0,0.0,5.0,1.0,0.0,0.0,0.0,0.0,0.0,1.0,0.0,0.0,1.0,0.0,11.0,8.0,2.0,13990.0
-14684_6844,4.0,475.0,1307.0,514.0,2.0,989.0,2.0,123.0,252.0,10.0,0.0,5.0,4.0,5.0,1.0,507.0,299.0,3.0,48.0,468.0,30.0,1.0,27.0,223.0,16.0,6.0,1132.0,108.0,5.0,27.0,0.0,0.0,0.0,0.0,0.0,0.0,0.0,0.0,0.0,0.0,0.0,0.0,0.0,0.0,0.0,0.0,0.0,1.0,0.0,0.0,1.0,2.0,0.0,0.0,0.0,0.0,0.0,2.0,0.0,0.0,0.0,0.0,6.0,6.0,0.0,6593.0
-14684_6845,10.0,864.0,1852.0,511.0,1.0,1032.0,7.0,256.0,297.0,17.0,0.0,14.0,4.0,8.0,7.0,518.0,764.0,1.0,44.0,633.0,18.0,1.0,28.0,314.0,29.0,6.0,1509.0,121.0,34.0,27.0,0.0,0.0,0.0,0.0,0.0,1.0,0.0,0.0,0.0,0.0,0.0,0.0,0.0,0.0,0.0,0.0,0.0,3.0,0.0,0.0,1.0,2.0,0.0,0.0,0.0,0.0,0.0,1.0,1.0,0.0,0.0,0.0,9.0,9.0,0.0,8927.0
-14684_6846,7.0,577.0,1379.0,347.0,0.0,913.0,4.0,229.0,270.0,13.0,0.0,8.0,5.0,3.0,0.0,495.0,367.0,1.0,62.0,526.0,1.0,0.0,24.0,232.0,20.0,11.0,1239.0,119.0,18.0,22.0,0.0,0.0,0.0,0.0,0.0,0.0,0.0,0.0,0.0,0.0,0.0,0.0,0.0,0.0,0.0,0.0,0.0,2.0,0.0,0.0,3.0,1.0,0.0,0.0,0.0,0.0,0.0,1.0,0.0,0.0,0.0,0.0,7.0,7.0,0.0,6892.0
-14684_6847,5.0,54.0,133.0,22.0,2.0,113.0,1.0,6.0,18.0,2.0,0.0,3.0,0.0,0.0,0.0,67.0,53.0,0.0,4.0,48.0,0.0,0.0,5.0,30.0,2.0,0.0,164.0,11.0,0.0,1.0,0.0,0.0,0.0,0.0,0.0,0.0,0.0,0.0,0.0,0.0,0.0,0.0,0.0,0.0,0.0,0.0,0.0,0.0,0.0,0.0,0.0,0.0,0.0,0.0,0.0,0.0,0.0,1.0,0.0,0.0,0.0,0.0,1.0,1.0,0.0,744.0
-14684_6848,0.0,0.0,0.0,0.0,0.0,0.0,0.0,0.0,0.0,0.0,0.0,0.0,0.0,0.0,0.0,0.0,0.0,0.0,0.0,0.0,0.0,0.0,0.0,0.0,0.0,0.0,0.0,0.0,0.0,0.0,0.0,0.0,0.0,0.0,0.0,0.0,0.0,0.0,0.0,0.0,0.0,0.0,0.0,0.0,0.0,0.0,0.0,1.0,0.0,0.0,0.0,0.0,0.0,0.0,0.0,0.0,0.0,0.0,0.0,0.0,0.0,0.0,1.0,1.0,0.0,0.0
-14685_6818,1.0,98.0,271.0,58.0,0.0,171.0,4.0,13.0,62.0,0.0,0.0,0.0,0.0,2.0,3.0,86.0,14.0,0.0,16.0,151.0,0.0,0.0,5.0,18.0,12.0,4.0,266.0,4.0,0.0,7.0,0.0,0.0,0.0,0.0,0.0,0.0,0.0,0.0,0.0,0.0,0.0,0.0,0.0,0.0,0.0,0.0,0.0,0.0,0.0,0.0,0.0,0.0,0.0,0.0,0.0,0.0,0.0,0.0,0.0,0.0,0.0,0.0,0.0,0.0,0.0,1266.0
-14685_6819,0.0,4.0,5.0,1.0,0.0,25.0,0.0,0.0,15.0,0.0,0.0,0.0,0.0,0.0,1.0,20.0,3.0,0.0,1.0,7.0,0.0,0.0,2.0,2.0,1.0,0.0,51.0,1.0,0.0,1.0,0.0,0.0,0.0,0.0,0.0,0.0,0.0,0.0,0.0,0.0,0.0,0.0,0.0,0.0,0.0,0.0,0.0,0.0,0.0,0.0,0.0,0.0,0.0,0.0,0.0,0.0,0.0,1.0,0.0,0.0,0.0,0.0,1.0,1.0,0.0,140.0
-14685_6820,1.0,149.0,292.0,62.0,0.0,205.0,1.0,37.0,56.0,0.0,0.0,3.0,3.0,3.0,14.0,26.0,75.0,0.0,21.0,99.0,0.0,0.0,15.0,8.0,14.0,2.0,438.0,17.0,2.0,6.0,0.0,0.0,0.0,0.0,0.0,0.0,0.0,0.0,0.0,0.0,1.0,0.0,0.0,0.0,0.0,0.0,0.0,0.0,0.0,0.0,0.0,1.0,0.0,0.0,0.0,0.0,0.0,0.0,0.0,0.0,0.0,0.0,2.0,1.0,1.0,1549.0
-14685_6821,1.0,48.0,86.0,48.0,0.0,115.0,0.0,23.0,77.0,1.0,0.0,0.0,0.0,4.0,2.0,12.0,28.0,0.0,5.0,91.0,0.0,0.0,4.0,4.0,2.0,0.0,143.0,3.0,0.0,0.0,0.0,0.0,0.0,0.0,0.0,0.0,0.0,0.0,0.0,0.0,0.0,0.0,0.0,0.0,0.0,0.0,0.0,0.0,0.0,0.0,0.0,0.0,0.0,0.0,0.0,0.0,0.0,0.0,0.0,0.0,0.0,0.0,0.0,0.0,0.0,697.0
-14685_6822,0.0,41.0,78.0,30.0,0.0,117.0,0.0,26.0,90.0,0.0,0.0,1.0,0.0,8.0,3.0,12.0,12.0,0.0,9.0,96.0,1.0,0.0,1.0,0.0,1.0,1.0,143.0,1.0,0.0,1.0,0.0,0.0,0.0,0.0,0.0,0.0,0.0,0.0,0.0,0.0,0.0,0.0,0.0,0.0,0.0,0.0,0.0,0.0,0.0,0.0,0.0,0.0,0.0,0.0,0.0,0.0,0.0,0.0,0.0,0.0,0.0,0.0,0.0,0.0,0.0,672.0
-14685_6823,1.0,50.0,75.0,25.0,0.0,87.0,0.0,25.0,61.0,0.0,0.0,1.0,0.0,11.0,8.0,22.0,33.0,0.0,22.0,61.0,0.0,0.0,1.0,44.0,4.0,0.0,266.0,5.0,0.0,4.0,0.0,0.0,0.0,0.0,0.0,0.0,0.0,0.0,0.0,0.0,0.0,0.0,0.0,0.0,0.0,0.0,0.0,0.0,0.0,0.0,0.0,1.0,0.0,0.0,0.0,0.0,0.0,0.0,0.0,0.0,1.0,0.0,2.0,1.0,0.0,806.0
-14685_6828,0.0,7.0,16.0,0.0,0.0,13.0,0.0,0.0,7.0,0.0,0.0,0.0,0.0,0.0,1.0,10.0,6.0,0.0,0.0,4.0,0.0,0.0,3.0,5.0,2.0,0.0,18.0,0.0,0.0,3.0,0.0,0.0,0.0,0.0,0.0,0.0,0.0,0.0,0.0,0.0,0.0,0.0,0.0,0.0,0.0,0.0,0.0,0.0,0.0,0.0,0.0,0.0,0.0,0.0,0.0,0.0,0.0,0.0,0.0,0.0,0.0,0.0,0.0,0.0,0.0,95.0
-14685_6829,0.0,25.0,36.0,0.0,0.0,18.0,1.0,1.0,2.0,0.0,0.0,0.0,0.0,1.0,0.0,12.0,29.0,0.0,2.0,10.0,0.0,0.0,2.0,8.0,2.0,0.0,20.0,7.0,0.0,2.0,0.0,0.0,0.0,0.0,0.0,0.0,0.0,0.0,0.0,0.0,0.0,0.0,0.0,0.0,0.0,0.0,0.0,0.0,0.0,0.0,0.0,1.0,0.0,0.0,0.0,0.0,0.0,0.0,0.0,0.0,0.0,0.0,1.0,1.0,0.0,178.0
-14685_6830,3.0,115.0,319.0,171.0,0.0,285.0,4.0,33.0,104.0,5.0,0.0,2.0,1.0,3.0,0.0,125.0,84.0,0.0,16.0,173.0,0.0,0.0,4.0,47.0,6.0,7.0,332.0,21.0,1.0,10.0,0.0,0.0,0.0,0.0,0.0,0.0,0.0,0.0,0.0,0.0,0.0,0.0,0.0,0.0,0.0,0.0,0.0,0.0,0.0,0.0,0.0,0.0,0.0,0.0,0.0,0.0,0.0,0.0,0.0,0.0,0.0,0.0,0.0,0.0,0.0,1871.0
-14685_6831,8.0,507.0,1216.0,431.0,1.0,737.0,3.0,161.0,214.0,6.0,0.0,8.0,5.0,4.0,3.0,328.0,370.0,0.0,65.0,403.0,1.0,0.0,55.0,302.0,22.0,11.0,1085.0,95.0,5.0,19.0,0.0,0.0,0.0,0.0,0.0,0.0,0.0,0.0,0.0,0.0,1.0,0.0,0.0,0.0,0.0,0.0,0.0,1.0,0.0,0.0,0.0,1.0,0.0,0.0,0.0,0.0,0.0,1.0,0.0,0.0,0.0,0.0,4.0,3.0,1.0,6065.0
-14685_6832,14.0,883.0,2604.0,723.0,1.0,1347.0,11.0,211.0,309.0,24.0,0.0,34.0,8.0,8.0,4.0,525.0,1084.0,0.0,105.0,767.0,3.0,0.0,68.0,413.0,36.0,4.0,1231.0,223.0,56.0,35.0,0.0,0.0,0.0,0.0,0.0,0.0,0.0,0.0,0.0,0.0,0.0,0.0,0.0,0.0,0.0,0.0,0.0,0.0,0.0,0.0,3.0,0.0,0.0,0.0,0.0,0.0,0.0,2.0,0.0,0.0,2.0,0.0,7.0,5.0,0.0,10731.0
-14685_6833,5.0,467.0,971.0,318.0,2.0,617.0,4.0,96.0,206.0,7.0,0.0,19.0,6.0,12.0,4.0,352.0,272.0,0.0,30.0,375.0,60.0,0.0,13.0,327.0,14.0,6.0,1385.0,96.0,3.0,25.0,0.0,0.0,0.0,0.0,0.0,0.0,0.0,0.0,0.0,0.0,0.0,0.0,0.0,0.0,0.0,0.0,0.0,0.0,0.0,0.0,3.0,0.0,0.0,0.0,0.0,0.0,0.0,0.0,0.0,0.0,1.0,0.0,4.0,3.0,0.0,5692.0
-14685_6834,24.0,766.0,2135.0,690.0,5.0,1172.0,8.0,444.0,280.0,32.0,0.0,39.0,3.0,14.0,7.0,604.0,805.0,2.0,56.0,672.0,121.0,0.0,45.0,459.0,24.0,7.0,1473.0,298.0,16.0,35.0,0.0,0.0,0.0,0.0,0.0,0.0,0.0,0.0,0.0,0.0,1.0,0.0,0.0,0.0,0.0,0.0,0.0,0.0,0.0,0.0,7.0,0.0,0.0,0.0,0.0,0.0,0.0,0.0,0.0,0.0,0.0,0.0,8.0,7.0,1.0,10236.0
-14685_6835,30.0,1131.0,3426.0,652.0,4.0,1522.0,5.0,144.0,207.0,35.0,0.0,66.0,5.0,9.0,18.0,542.0,1919.0,0.0,90.0,766.0,5.0,0.0,80.0,507.0,33.0,2.0,1490.0,410.0,69.0,56.0,0.0,0.0,0.0,0.0,0.0,1.0,0.0,0.0,0.0,0.0,0.0,0.0,0.0,0.0,0.0,0.0,0.0,0.0,0.0,0.0,7.0,1.0,0.0,0.0,0.0,0.0,0.0,2.0,1.0,0.0,0.0,0.0,12.0,12.0,0.0,13223.0
-14685_6836,31.0,912.0,2782.0,696.0,7.0,1204.0,6.0,120.0,186.0,19.0,0.0,44.0,5.0,6.0,2.0,534.0,799.0,0.0,95.0,645.0,1.0,0.0,68.0,436.0,35.0,5.0,1417.0,272.0,22.0,43.0,0.0,0.0,0.0,0.0,0.0,0.0,0.0,0.0,0.0,0.0,0.0,0.0,0.0,0.0,0.0,0.0,0.0,0.0,0.0,0.0,3.0,2.0,0.0,0.0,0.0,0.0,0.0,1.0,0.0,0.0,0.0,0.0,6.0,6.0,0.0,10392.0
-14685_6837,32.0,1029.0,2757.0,681.0,4.0,1263.0,12.0,171.0,280.0,31.0,0.0,35.0,5.0,9.0,7.0,521.0,891.0,0.0,55.0,705.0,15.0,0.0,55.0,492.0,38.0,5.0,1605.0,283.0,23.0,45.0,0.0,0.0,1.0,0.0,0.0,1.0,0.0,0.0,0.0,0.0,0.0,0.0,0.0,0.0,0.0,0.0,0.0,0.0,0.0,0.0,3.0,1.0,0.0,0.0,0.0,0.0,0.0,0.0,1.0,0.0,0.0,0.0,7.0,6.0,0.0,11049.0
-14685_6838,13.0,749.0,1803.0,372.0,2.0,831.0,11.0,85.0,255.0,14.0,1.0,26.0,4.0,8.0,3.0,303.0,509.0,1.0,66.0,464.0,36.0,0.0,26.0,306.0,26.0,4.0,1203.0,153.0,9.0,26.0,0.0,0.0,1.0,0.0,0.0,0.0,1.0,0.0,0.0,0.0,0.0,0.0,0.0,0.0,0.0,0.0,0.0,1.0,0.0,1.0,3.0,1.0,0.0,0.0,0.0,0.0,0.0,1.0,1.0,0.0,1.0,0.0,11.0,8.0,0.0,7309.0
-14685_6839,11.0,448.0,1830.0,431.0,5.0,689.0,6.0,107.0,119.0,32.0,0.0,22.0,4.0,7.0,16.0,320.0,827.0,1.0,41.0,425.0,166.0,0.0,33.0,300.0,19.0,3.0,827.0,158.0,17.0,28.0,0.0,0.0,0.0,0.0,0.0,0.0,0.0,0.0,0.0,0.0,1.0,0.0,0.0,0.0,0.0,0.0,0.0,0.0,0.0,0.0,2.0,0.0,0.0,0.0,0.0,0.0,0.0,0.0,0.0,0.0,0.0,0.0,3.0,2.0,1.0,6892.0
-14685_6840,14.0,436.0,1400.0,270.0,1.0,576.0,0.0,131.0,74.0,15.0,0.0,20.0,2.0,3.0,7.0,188.0,1241.0,1.0,38.0,298.0,3.0,0.0,50.0,162.0,13.0,3.0,568.0,169.0,37.0,11.0,0.0,0.0,0.0,0.0,0.0,0.0,0.0,0.0,0.0,0.0,0.0,0.0,0.0,0.0,0.0,0.0,0.0,0.0,0.0,0.0,0.0,0.0,0.0,0.0,0.0,0.0,0.0,2.0,0.0,0.0,0.0,0.0,2.0,2.0,0.0,5731.0
-14685_6841,7.0,378.0,875.0,176.0,1.0,452.0,0.0,135.0,264.0,13.0,0.0,16.0,6.0,5.0,1.0,243.0,511.0,1.0,19.0,227.0,3.0,0.0,40.0,200.0,11.0,3.0,1621.0,98.0,7.0,17.0,0.0,0.0,0.0,0.0,0.0,0.0,0.0,0.0,0.0,0.0,1.0,0.0,0.0,0.0,0.0,0.0,0.0,1.0,0.0,0.0,0.0,0.0,0.0,0.0,0.0,0.0,0.0,0.0,0.0,0.0,0.0,0.0,2.0,1.0,1.0,5330.0
-14685_6842,4.0,520.0,1510.0,138.0,2.0,553.0,3.0,299.0,95.0,4.0,1.0,57.0,31.0,8.0,3.0,150.0,867.0,0.0,136.0,356.0,3.0,0.0,51.0,112.0,21.0,8.0,495.0,101.0,10.0,25.0,0.0,0.0,0.0,0.0,0.0,1.0,0.0,0.0,0.0,0.0,0.0,0.0,0.0,0.0,0.0,0.0,0.0,1.0,0.0,0.0,0.0,1.0,1.0,0.0,0.0,0.0,0.0,0.0,0.0,0.0,0.0,0.0,4.0,4.0,0.0,5563.0
-14685_6843,12.0,719.0,1992.0,246.0,0.0,716.0,6.0,210.0,241.0,16.0,0.0,19.0,7.0,7.0,5.0,379.0,759.0,1.0,35.0,311.0,23.0,0.0,41.0,422.0,29.0,4.0,1079.0,129.0,23.0,22.0,0.0,0.0,0.0,0.0,0.0,0.0,0.0,0.0,0.0,0.0,1.0,0.0,0.0,1.0,0.0,0.0,0.0,2.0,0.0,0.0,4.0,2.0,0.0,0.0,0.0,0.0,0.0,4.0,0.0,0.0,0.0,0.0,14.0,13.0,1.0,7453.0
-14685_6844,8.0,662.0,1912.0,601.0,1.0,1186.0,8.0,172.0,273.0,12.0,0.0,16.0,4.0,9.0,3.0,706.0,568.0,3.0,78.0,738.0,463.0,1.0,21.0,311.0,29.0,11.0,1536.0,124.0,16.0,29.0,0.0,0.0,0.0,0.0,0.0,0.0,0.0,0.0,0.0,0.0,0.0,0.0,0.0,0.0,0.0,0.0,0.0,0.0,0.0,0.0,3.0,0.0,0.0,0.0,0.0,0.0,0.0,0.0,0.0,0.0,0.0,0.0,3.0,3.0,0.0,9501.0
-14685_6845,5.0,612.0,1985.0,569.0,0.0,1177.0,10.0,335.0,380.0,18.0,0.0,26.0,9.0,5.0,10.0,811.0,1022.0,1.0,59.0,678.0,654.0,0.0,43.0,451.0,25.0,7.0,1933.0,144.0,13.0,43.0,0.0,0.0,0.0,0.0,0.0,0.0,0.0,0.0,0.0,0.0,0.0,0.0,0.0,0.0,0.0,0.0,0.0,2.0,0.0,0.0,1.0,2.0,0.0,0.0,0.0,0.0,0.0,0.0,2.0,0.0,0.0,0.0,7.0,7.0,0.0,11025.0
-14685_6846,11.0,931.0,2392.0,392.0,0.0,1105.0,14.0,665.0,290.0,14.0,0.0,20.0,4.0,4.0,12.0,560.0,1434.0,3.0,45.0,661.0,14.0,0.0,54.0,451.0,23.0,7.0,2209.0,161.0,40.0,37.0,0.0,0.0,0.0,0.0,0.0,0.0,1.0,0.0,0.0,0.0,1.0,0.0,0.0,0.0,0.0,0.0,0.0,0.0,0.0,0.0,2.0,2.0,0.0,0.0,0.0,0.0,0.0,1.0,0.0,0.0,1.0,0.0,8.0,6.0,1.0,11553.0
-14685_6847,16.0,814.0,2862.0,294.0,0.0,1028.0,7.0,1163.0,229.0,9.0,0.0,21.0,10.0,11.0,5.0,436.0,3558.0,1.0,82.0,650.0,3.0,1.0,31.0,318.0,35.0,7.0,1040.0,144.0,36.0,37.0,0.0,0.0,0.0,0.0,0.0,1.0,1.0,0.0,0.0,0.0,0.0,0.0,0.0,0.0,0.0,0.0,0.0,3.0,0.0,0.0,1.0,5.0,0.0,0.0,0.0,0.0,0.0,1.0,0.0,0.0,0.0,0.0,12.0,12.0,0.0,12848.0
-14685_6848,2.0,101.0,417.0,55.0,1.0,170.0,3.0,29.0,84.0,2.0,0.0,0.0,1.0,2.0,1.0,97.0,51.0,0.0,27.0,178.0,0.0,0.0,4.0,57.0,11.0,0.0,255.0,20.0,0.0,6.0,0.0,0.0,0.0,1.0,0.0,0.0,0.0,0.0,0.0,0.0,0.0,0.0,0.0,0.0,0.0,0.0,0.0,2.0,0.0,0.0,1.0,1.0,0.0,0.0,0.0,0.0,0.0,0.0,0.0,0.0,0.0,0.0,5.0,4.0,1.0,1574.0
-14686_6818,0.0,2.0,2.0,0.0,0.0,2.0,0.0,0.0,0.0,0.0,0.0,0.0,0.0,0.0,0.0,0.0,0.0,0.0,0.0,1.0,0.0,0.0,0.0,1.0,0.0,0.0,2.0,0.0,0.0,0.0,0.0,0.0,0.0,0.0,0.0,0.0,0.0,0.0,0.0,0.0,0.0,0.0,0.0,0.0,0.0,0.0,0.0,0.0,0.0,0.0,0.0,0.0,0.0,0.0,0.0,0.0,0.0,0.0,0.0,0.0,0.0,0.0,0.0,0.0,0.0,10.0
-14686_6819,0.0,0.0,0.0,0.0,0.0,0.0,0.0,0.0,0.0,0.0,0.0,0.0,0.0,0.0,0.0,0.0,0.0,0.0,0.0,0.0,0.0,0.0,0.0,0.0,0.0,0.0,0.0,0.0,0.0,0.0,0.0,0.0,0.0,0.0,0.0,0.0,0.0,0.0,0.0,0.0,0.0,0.0,0.0,0.0,0.0,0.0,0.0,0.0,0.0,0.0,0.0,0.0,0.0,0.0,0.0,0.0,0.0,1.0,0.0,0.0,0.0,0.0,1.0,1.0,0.0,0.0
-14686_6820,0.0,24.0,32.0,9.0,0.0,19.0,1.0,4.0,12.0,0.0,0.0,0.0,0.0,0.0,1.0,9.0,5.0,0.0,3.0,27.0,0.0,0.0,1.0,3.0,3.0,0.0,32.0,3.0,0.0,0.0,0.0,0.0,0.0,0.0,0.0,0.0,0.0,0.0,0.0,0.0,0.0,0.0,0.0,0.0,0.0,0.0,0.0,0.0,0.0,0.0,0.0,0.0,0.0,0.0,0.0,0.0,0.0,0.0,0.0,0.0,0.0,0.0,0.0,0.0,0.0,188.0
-14686_6821,0.0,42.0,91.0,27.0,1.0,77.0,1.0,21.0,55.0,0.0,0.0,0.0,0.0,4.0,10.0,10.0,15.0,1.0,9.0,76.0,0.0,0.0,1.0,8.0,2.0,1.0,144.0,2.0,0.0,2.0,0.0,0.0,0.0,1.0,0.0,0.0,0.0,0.0,0.0,0.0,0.0,0.0,0.0,0.0,0.0,0.0,0.0,0.0,0.0,0.0,1.0,0.0,0.0,0.0,0.0,0.0,0.0,0.0,0.0,0.0,0.0,0.0,2.0,1.0,1.0,600.0
-14686_6822,1.0,30.0,55.0,9.0,0.0,86.0,0.0,23.0,97.0,0.0,0.0,0.0,0.0,6.0,2.0,13.0,12.0,0.0,14.0,85.0,0.0,0.0,3.0,4.0,4.0,1.0,127.0,0.0,0.0,1.0,0.0,0.0,0.0,0.0,0.0,0.0,0.0,0.0,0.0,0.0,0.0,0.0,0.0,0.0,0.0,0.0,0.0,0.0,0.0,0.0,0.0,0.0,0.0,0.0,0.0,0.0,0.0,0.0,0.0,0.0,0.0,0.0,0.0,0.0,0.0,573.0
-14686_6823,0.0,32.0,76.0,12.0,0.0,136.0,5.0,28.0,65.0,0.0,0.0,1.0,0.0,2.0,2.0,14.0,37.0,0.0,2.0,50.0,3.0,0.0,3.0,3.0,9.0,2.0,228.0,1.0,0.0,7.0,0.0,0.0,0.0,0.0,0.0,0.0,0.0,0.0,0.0,0.0,0.0,0.0,0.0,0.0,0.0,0.0,0.0,1.0,0.0,0.0,1.0,0.0,0.0,0.0,0.0,0.0,0.0,0.0,0.0,0.0,0.0,0.0,2.0,2.0,0.0,718.0
-14686_6824,0.0,0.0,0.0,0.0,0.0,1.0,0.0,0.0,0.0,0.0,0.0,0.0,0.0,0.0,0.0,0.0,0.0,0.0,0.0,1.0,0.0,0.0,0.0,0.0,0.0,0.0,1.0,0.0,0.0,0.0,0.0,0.0,0.0,0.0,0.0,0.0,0.0,0.0,0.0,0.0,0.0,0.0,0.0,0.0,0.0,0.0,0.0,0.0,0.0,0.0,0.0,0.0,0.0,0.0,0.0,0.0,0.0,0.0,0.0,0.0,0.0,0.0,0.0,0.0,0.0,3.0
-14686_6828,0.0,3.0,12.0,1.0,0.0,10.0,0.0,1.0,6.0,0.0,0.0,0.0,0.0,1.0,0.0,8.0,3.0,0.0,1.0,8.0,0.0,0.0,1.0,5.0,0.0,0.0,22.0,1.0,0.0,0.0,0.0,0.0,0.0,0.0,0.0,1.0,0.0,0.0,0.0,0.0,0.0,0.0,0.0,0.0,0.0,0.0,0.0,0.0,0.0,0.0,0.0,0.0,0.0,0.0,0.0,0.0,0.0,0.0,0.0,0.0,0.0,0.0,1.0,1.0,0.0,83.0
-14686_6829,1.0,64.0,148.0,73.0,0.0,129.0,3.0,16.0,79.0,1.0,0.0,0.0,1.0,1.0,0.0,54.0,13.0,4.0,6.0,102.0,0.0,0.0,1.0,20.0,0.0,1.0,217.0,7.0,0.0,2.0,0.0,0.0,0.0,0.0,0.0,0.0,0.0,0.0,0.0,0.0,0.0,0.0,0.0,0.0,0.0,0.0,0.0,0.0,0.0,0.0,0.0,0.0,0.0,0.0,0.0,0.0,0.0,0.0,0.0,0.0,0.0,0.0,0.0,0.0,0.0,943.0
-14686_6830,1.0,65.0,160.0,112.0,0.0,183.0,5.0,20.0,68.0,2.0,0.0,0.0,2.0,2.0,1.0,86.0,26.0,0.0,3.0,59.0,6.0,0.0,2.0,55.0,5.0,0.0,236.0,21.0,0.0,2.0,0.0,0.0,0.0,0.0,0.0,0.0,0.0,0.0,0.0,0.0,1.0,0.0,0.0,0.0,0.0,0.0,0.0,0.0,0.0,0.0,0.0,0.0,0.0,0.0,0.0,0.0,0.0,0.0,0.0,0.0,0.0,0.0,1.0,0.0,1.0,1122.0
-14686_6831,10.0,302.0,701.0,257.0,0.0,462.0,10.0,59.0,148.0,5.0,0.0,4.0,2.0,2.0,2.0,219.0,110.0,0.0,30.0,253.0,11.0,0.0,10.0,191.0,13.0,6.0,764.0,33.0,1.0,19.0,0.0,0.0,0.0,0.0,0.0,1.0,0.0,0.0,0.0,0.0,0.0,0.0,0.0,0.0,0.0,0.0,0.0,0.0,0.0,0.0,2.0,0.0,0.0,0.0,0.0,0.0,0.0,0.0,1.0,0.0,0.0,0.0,4.0,4.0,0.0,3624.0
-14686_6832,5.0,291.0,634.0,236.0,0.0,445.0,2.0,172.0,138.0,10.0,1.0,13.0,2.0,1.0,6.0,212.0,293.0,0.0,38.0,314.0,1.0,0.0,13.0,132.0,8.0,1.0,718.0,94.0,7.0,11.0,0.0,0.0,0.0,0.0,0.0,0.0,0.0,0.0,0.0,0.0,0.0,0.0,0.0,0.0,0.0,0.0,0.0,0.0,0.0,0.0,2.0,0.0,0.0,0.0,0.0,0.0,0.0,0.0,0.0,0.0,0.0,0.0,2.0,2.0,0.0,3798.0
-14686_6833,8.0,313.0,750.0,290.0,1.0,574.0,1.0,59.0,111.0,9.0,0.0,17.0,2.0,7.0,3.0,240.0,184.0,2.0,38.0,307.0,1.0,0.0,16.0,113.0,9.0,3.0,502.0,108.0,4.0,17.0,0.0,0.0,0.0,0.0,0.0,0.0,0.0,0.0,0.0,0.0,0.0,0.0,0.0,0.0,0.0,0.0,0.0,0.0,0.0,0.0,0.0,0.0,0.0,0.0,0.0,0.0,0.0,0.0,0.0,0.0,0.0,0.0,0.0,0.0,0.0,3689.0
-14686_6834,18.0,754.0,2398.0,687.0,3.0,1224.0,16.0,96.0,214.0,26.0,0.0,33.0,3.0,10.0,6.0,466.0,676.0,2.0,75.0,682.0,4.0,0.0,66.0,235.0,37.0,7.0,1022.0,304.0,35.0,52.0,0.0,0.0,0.0,0.0,0.0,0.0,0.0,0.0,0.0,0.0,0.0,0.0,0.0,0.0,0.0,0.0,0.0,1.0,0.0,0.0,1.0,0.0,0.0,0.0,0.0,0.0,0.0,1.0,0.0,0.0,0.0,0.0,3.0,3.0,0.0,9151.0
-14686_6835,26.0,1082.0,3019.0,702.0,2.0,1333.0,8.0,382.0,609.0,35.0,0.0,67.0,2.0,10.0,15.0,527.0,1765.0,1.0,80.0,736.0,46.0,1.0,87.0,880.0,31.0,10.0,2863.0,390.0,79.0,48.0,0.0,0.0,0.0,0.0,0.0,0.0,0.0,0.0,0.0,0.0,2.0,0.0,0.0,0.0,0.0,0.0,0.0,0.0,0.0,0.0,7.0,0.0,0.0,0.0,0.0,0.0,0.0,1.0,0.0,0.0,1.0,0.0,11.0,8.0,2.0,14836.0
-14686_6836,28.0,944.0,2903.0,781.0,8.0,1442.0,14.0,160.0,251.0,22.0,0.0,40.0,5.0,12.0,11.0,542.0,1139.0,1.0,97.0,773.0,45.0,0.0,61.0,479.0,35.0,4.0,1511.0,318.0,30.0,49.0,0.0,0.0,0.0,0.0,0.0,0.0,0.0,0.0,0.0,0.0,1.0,0.0,0.0,0.0,0.0,0.0,0.0,0.0,0.0,0.0,4.0,2.0,0.0,0.0,0.0,0.0,0.0,0.0,0.0,0.0,0.0,0.0,7.0,6.0,1.0,11705.0
-14686_6837,17.0,798.0,2216.0,591.0,4.0,1424.0,15.0,245.0,197.0,15.0,0.0,42.0,4.0,8.0,4.0,462.0,701.0,1.0,48.0,534.0,16.0,0.0,50.0,403.0,26.0,6.0,1406.0,222.0,15.0,35.0,0.0,0.0,0.0,0.0,0.0,0.0,0.0,0.0,0.0,0.0,1.0,0.0,0.0,0.0,0.0,0.0,0.0,2.0,0.0,0.0,4.0,1.0,1.0,0.0,0.0,0.0,0.0,0.0,1.0,0.0,1.0,0.0,11.0,9.0,1.0,9505.0
-14686_6838,32.0,926.0,3063.0,766.0,6.0,1324.0,15.0,193.0,185.0,35.0,0.0,61.0,6.0,13.0,18.0,439.0,1148.0,0.0,90.0,657.0,4.0,1.0,103.0,323.0,28.0,4.0,1380.0,286.0,76.0,39.0,0.0,0.0,0.0,0.0,0.0,0.0,0.0,0.0,0.0,0.0,0.0,0.0,0.0,0.0,0.0,0.0,0.0,1.0,0.0,0.0,5.0,0.0,0.0,0.0,0.0,0.0,0.0,1.0,0.0,0.0,0.0,0.0,7.0,7.0,0.0,11221.0
-14686_6839,31.0,947.0,3186.0,766.0,8.0,1320.0,14.0,401.0,250.0,53.0,0.0,48.0,5.0,6.0,20.0,472.0,1988.0,0.0,91.0,713.0,137.0,0.0,78.0,446.0,21.0,8.0,1377.0,356.0,44.0,53.0,0.0,0.0,0.0,0.0,0.0,0.0,0.0,0.0,0.0,0.0,1.0,0.0,0.0,0.0,0.0,0.0,0.0,0.0,0.0,0.0,6.0,0.0,0.0,0.0,0.0,0.0,0.0,0.0,0.0,0.0,0.0,0.0,7.0,6.0,1.0,12839.0
-14686_6840,20.0,800.0,2508.0,558.0,3.0,1107.0,20.0,371.0,235.0,31.0,1.0,43.0,5.0,9.0,13.0,449.0,1855.0,2.0,56.0,675.0,143.0,0.0,77.0,671.0,27.0,6.0,1558.0,286.0,46.0,51.0,0.0,0.0,0.0,0.0,0.0,1.0,0.0,0.0,0.0,0.0,1.0,0.0,0.0,0.0,0.0,0.0,0.0,2.0,0.0,0.0,3.0,1.0,0.0,0.0,0.0,0.0,0.0,1.0,1.0,0.0,0.0,0.0,10.0,9.0,1.0,11626.0
-14686_6841,12.0,232.0,797.0,187.0,0.0,283.0,0.0,35.0,61.0,9.0,0.0,12.0,2.0,4.0,4.0,137.0,388.0,1.0,18.0,215.0,80.0,0.0,11.0,85.0,12.0,2.0,371.0,74.0,4.0,14.0,0.0,0.0,0.0,0.0,0.0,0.0,0.0,0.0,0.0,0.0,0.0,0.0,0.0,0.0,0.0,0.0,0.0,1.0,0.0,0.0,0.0,1.0,0.0,0.0,0.0,0.0,0.0,1.0,0.0,0.0,0.0,0.0,3.0,3.0,0.0,3050.0
-14686_6842,1.0,31.0,78.0,20.0,0.0,36.0,0.0,7.0,14.0,0.0,0.0,0.0,0.0,1.0,0.0,19.0,35.0,1.0,6.0,29.0,1.0,0.0,2.0,14.0,1.0,0.0,63.0,13.0,0.0,1.0,0.0,0.0,0.0,0.0,0.0,0.0,0.0,0.0,0.0,0.0,0.0,0.0,0.0,0.0,0.0,0.0,0.0,0.0,0.0,0.0,0.0,0.0,0.0,0.0,0.0,0.0,0.0,0.0,0.0,0.0,0.0,0.0,0.0,0.0,0.0,373.0
-14686_6843,7.0,251.0,917.0,175.0,0.0,409.0,2.0,85.0,118.0,13.0,0.0,16.0,1.0,4.0,3.0,308.0,812.0,0.0,14.0,163.0,6.0,0.0,28.0,413.0,16.0,0.0,859.0,105.0,11.0,18.0,0.0,0.0,0.0,0.0,0.0,0.0,0.0,0.0,0.0,0.0,0.0,0.0,0.0,0.0,0.0,0.0,0.0,0.0,0.0,0.0,0.0,0.0,0.0,0.0,0.0,0.0,0.0,0.0,0.0,0.0,0.0,0.0,0.0,0.0,0.0,4754.0
-14686_6844,12.0,312.0,1456.0,182.0,0.0,527.0,2.0,536.0,70.0,10.0,0.0,10.0,1.0,2.0,3.0,208.0,2271.0,0.0,36.0,216.0,10.0,0.0,18.0,188.0,17.0,7.0,508.0,117.0,20.0,22.0,0.0,0.0,0.0,0.0,0.0,0.0,0.0,0.0,0.0,0.0,0.0,0.0,0.0,0.0,0.0,0.0,0.0,0.0,0.0,0.0,1.0,1.0,0.0,0.0,0.0,0.0,0.0,1.0,0.0,0.0,0.0,0.0,3.0,3.0,0.0,6761.0
-14686_6845,9.0,685.0,1821.0,294.0,3.0,812.0,21.0,220.0,226.0,20.0,0.0,14.0,2.0,4.0,5.0,495.0,641.0,1.0,52.0,513.0,20.0,0.0,37.0,327.0,27.0,3.0,1162.0,167.0,22.0,21.0,0.0,0.0,0.0,0.0,0.0,0.0,0.0,0.0,0.0,0.0,1.0,0.0,0.0,0.0,0.0,0.0,0.0,3.0,0.0,0.0,3.0,3.0,0.0,0.0,0.0,0.0,0.0,5.0,0.0,0.0,0.0,0.0,15.0,14.0,1.0,7624.0
-14686_6846,9.0,830.0,2217.0,293.0,2.0,968.0,20.0,282.0,212.0,23.0,1.0,23.0,7.0,6.0,6.0,461.0,767.0,2.0,49.0,466.0,117.0,0.0,57.0,389.0,40.0,6.0,1548.0,177.0,25.0,51.0,1.0,1.0,0.0,0.0,0.0,0.0,1.0,0.0,0.0,1.0,0.0,0.0,0.0,0.0,0.0,0.0,0.0,2.0,0.0,0.0,2.0,1.0,0.0,0.0,0.0,0.0,0.0,1.0,2.0,0.0,0.0,0.0,12.0,11.0,1.0,9054.0
-14686_6847,12.0,1205.0,2995.0,468.0,2.0,1403.0,19.0,617.0,414.0,16.0,0.0,18.0,6.0,6.0,4.0,675.0,902.0,4.0,95.0,967.0,5.0,0.0,58.0,403.0,41.0,15.0,1926.0,144.0,25.0,47.0,0.0,0.0,0.0,0.0,0.0,0.0,0.0,0.0,0.0,0.0,0.0,0.0,0.0,0.0,0.0,0.0,0.0,1.0,0.0,0.0,1.0,1.0,0.0,0.0,0.0,0.0,0.0,2.0,2.0,0.0,0.0,0.0,7.0,7.0,0.0,12492.0
-14686_6848,5.0,1023.0,2118.0,204.0,1.0,874.0,10.0,584.0,820.0,5.0,0.0,15.0,3.0,14.0,3.0,731.0,703.0,0.0,58.0,653.0,3.0,0.0,53.0,652.0,34.0,9.0,4457.0,85.0,9.0,29.0,0.0,0.0,0.0,0.0,0.0,0.0,0.0,0.0,0.0,1.0,1.0,0.0,0.0,1.0,0.0,0.0,0.0,0.0,0.0,1.0,1.0,1.0,0.0,0.0,0.0,0.0,0.0,2.0,0.0,0.0,1.0,0.0,9.0,6.0,1.0,13155.0
-14686_6849,1.0,132.0,344.0,76.0,5.0,297.0,8.0,24.0,112.0,7.0,0.0,8.0,2.0,1.0,3.0,251.0,62.0,0.0,9.0,141.0,0.0,0.0,21.0,101.0,8.0,2.0,949.0,91.0,0.0,10.0,0.0,0.0,0.0,0.0,0.0,0.0,0.0,0.0,0.0,0.0,0.0,0.0,0.0,0.0,0.0,0.0,0.0,1.0,0.0,0.0,0.0,3.0,0.0,0.0,0.0,0.0,0.0,0.0,0.0,0.0,0.0,0.0,4.0,4.0,0.0,2665.0
-14686_6850,0.0,6.0,15.0,4.0,2.0,6.0,0.0,2.0,2.0,1.0,0.0,1.0,0.0,0.0,0.0,2.0,4.0,0.0,1.0,6.0,0.0,0.0,0.0,1.0,0.0,0.0,33.0,14.0,0.0,0.0,0.0,0.0,0.0,0.0,0.0,0.0,0.0,0.0,0.0,0.0,0.0,0.0,0.0,0.0,0.0,0.0,0.0,0.0,0.0,0.0,0.0,0.0,0.0,0.0,0.0,0.0,0.0,0.0,0.0,0.0,0.0,0.0,0.0,0.0,0.0,100.0
-14687_6818,0.0,1.0,2.0,0.0,0.0,2.0,0.0,0.0,0.0,0.0,0.0,0.0,0.0,0.0,0.0,0.0,1.0,0.0,0.0,0.0,0.0,0.0,0.0,0.0,0.0,0.0,0.0,0.0,0.0,0.0,0.0,0.0,0.0,0.0,0.0,0.0,0.0,0.0,0.0,0.0,0.0,0.0,0.0,0.0,0.0,0.0,0.0,0.0,0.0,0.0,0.0,0.0,0.0,0.0,0.0,0.0,0.0,0.0,0.0,0.0,0.0,0.0,0.0,0.0,0.0,6.0
-14687_6820,0.0,2.0,1.0,0.0,0.0,12.0,0.0,0.0,1.0,0.0,0.0,0.0,0.0,0.0,0.0,0.0,0.0,0.0,0.0,0.0,0.0,0.0,0.0,0.0,0.0,0.0,20.0,2.0,0.0,0.0,0.0,0.0,0.0,0.0,0.0,0.0,0.0,0.0,0.0,0.0,0.0,0.0,0.0,0.0,0.0,0.0,0.0,0.0,0.0,0.0,0.0,0.0,0.0,0.0,0.0,0.0,0.0,0.0,0.0,0.0,0.0,0.0,0.0,0.0,0.0,38.0
-14687_6822,0.0,13.0,23.0,14.0,0.0,23.0,0.0,5.0,21.0,0.0,0.0,0.0,0.0,1.0,1.0,2.0,3.0,0.0,2.0,17.0,0.0,0.0,0.0,3.0,0.0,0.0,54.0,2.0,0.0,1.0,0.0,0.0,0.0,0.0,0.0,0.0,0.0,0.0,0.0,0.0,0.0,0.0,0.0,0.0,0.0,0.0,0.0,0.0,0.0,0.0,0.0,0.0,0.0,0.0,0.0,0.0,0.0,0.0,0.0,0.0,0.0,0.0,0.0,0.0,0.0,185.0
-14687_6823,0.0,37.0,55.0,14.0,0.0,68.0,0.0,21.0,71.0,0.0,0.0,1.0,1.0,2.0,4.0,10.0,19.0,0.0,4.0,58.0,0.0,0.0,6.0,15.0,2.0,1.0,276.0,2.0,0.0,1.0,0.0,0.0,0.0,0.0,0.0,0.0,0.0,0.0,0.0,0.0,0.0,0.0,0.0,0.0,0.0,0.0,0.0,0.0,0.0,1.0,0.0,0.0,0.0,0.0,0.0,0.0,0.0,0.0,0.0,0.0,0.0,0.0,1.0,0.0,0.0,668.0
-14687_6824,0.0,6.0,15.0,1.0,0.0,12.0,0.0,6.0,5.0,0.0,0.0,0.0,0.0,1.0,0.0,3.0,1.0,0.0,1.0,5.0,0.0,0.0,1.0,1.0,1.0,1.0,40.0,0.0,0.0,1.0,0.0,0.0,0.0,0.0,0.0,0.0,0.0,0.0,0.0,0.0,0.0,0.0,0.0,0.0,0.0,0.0,0.0,0.0,0.0,0.0,0.0,0.0,0.0,0.0,0.0,0.0,0.0,4.0,1.0,0.0,0.0,0.0,5.0,5.0,0.0,101.0
-14687_6828,0.0,9.0,14.0,19.0,0.0,18.0,0.0,1.0,0.0,0.0,0.0,0.0,0.0,0.0,0.0,3.0,1.0,0.0,0.0,0.0,0.0,0.0,0.0,4.0,0.0,0.0,16.0,0.0,0.0,0.0,0.0,0.0,0.0,0.0,0.0,0.0,0.0,0.0,0.0,0.0,0.0,0.0,0.0,0.0,0.0,0.0,0.0,0.0,0.0,0.0,0.0,0.0,0.0,0.0,0.0,0.0,0.0,0.0,0.0,0.0,0.0,0.0,0.0,0.0,0.0,85.0
-14687_6829,0.0,141.0,248.0,100.0,1.0,189.0,0.0,39.0,83.0,3.0,0.0,3.0,0.0,2.0,0.0,77.0,24.0,1.0,13.0,137.0,0.0,0.0,6.0,42.0,3.0,2.0,322.0,20.0,4.0,6.0,0.0,0.0,0.0,0.0,0.0,0.0,0.0,0.0,0.0,0.0,0.0,0.0,0.0,0.0,0.0,0.0,0.0,1.0,0.0,0.0,0.0,0.0,0.0,0.0,0.0,0.0,0.0,0.0,1.0,0.0,0.0,0.0,2.0,2.0,0.0,1466.0
-14687_6830,3.0,190.0,357.0,235.0,0.0,408.0,2.0,28.0,148.0,5.0,0.0,0.0,3.0,1.0,0.0,177.0,28.0,2.0,34.0,218.0,1.0,0.0,8.0,77.0,9.0,6.0,466.0,32.0,1.0,4.0,0.0,0.0,0.0,0.0,0.0,0.0,0.0,0.0,0.0,0.0,0.0,0.0,0.0,0.0,0.0,0.0,0.0,0.0,0.0,0.0,0.0,2.0,0.0,0.0,0.0,0.0,0.0,1.0,0.0,0.0,0.0,0.0,3.0,3.0,0.0,2443.0
-14687_6831,4.0,207.0,553.0,359.0,0.0,572.0,4.0,52.0,149.0,6.0,0.0,3.0,2.0,8.0,2.0,260.0,111.0,1.0,22.0,291.0,0.0,0.0,16.0,163.0,7.0,3.0,599.0,53.0,5.0,14.0,0.0,0.0,0.0,0.0,0.0,0.0,0.0,0.0,0.0,0.0,0.0,0.0,0.0,0.0,0.0,0.0,0.0,0.0,0.0,0.0,2.0,1.0,0.0,0.0,0.0,0.0,0.0,1.0,0.0,0.0,0.0,0.0,4.0,4.0,0.0,3466.0
-14687_6832,6.0,244.0,484.0,178.0,0.0,351.0,1.0,111.0,129.0,11.0,0.0,8.0,2.0,5.0,5.0,159.0,208.0,1.0,7.0,155.0,5.0,0.0,16.0,243.0,9.0,3.0,697.0,42.0,15.0,8.0,0.0,0.0,1.0,0.0,0.0,0.0,0.0,0.0,0.0,0.0,1.0,0.0,0.0,0.0,0.0,0.0,0.0,0.0,0.0,0.0,0.0,0.0,0.0,0.0,0.0,0.0,0.0,1.0,0.0,0.0,0.0,0.0,3.0,1.0,1.0,3103.0
-14687_6833,4.0,161.0,341.0,121.0,0.0,248.0,3.0,25.0,103.0,6.0,1.0,3.0,1.0,4.0,0.0,203.0,112.0,0.0,11.0,135.0,2.0,0.0,11.0,54.0,4.0,0.0,361.0,24.0,7.0,5.0,0.0,0.0,0.0,0.0,0.0,0.0,0.0,0.0,0.0,0.0,0.0,0.0,0.0,0.0,0.0,0.0,0.0,0.0,0.0,0.0,1.0,0.0,0.0,0.0,0.0,0.0,0.0,0.0,0.0,0.0,0.0,0.0,1.0,1.0,0.0,1950.0
-14687_6834,13.0,585.0,1536.0,432.0,2.0,898.0,9.0,90.0,173.0,18.0,0.0,24.0,5.0,2.0,2.0,324.0,389.0,0.0,54.0,439.0,1.0,0.0,47.0,182.0,18.0,4.0,709.0,169.0,12.0,15.0,0.0,0.0,0.0,0.0,0.0,0.0,0.0,0.0,0.0,0.0,0.0,0.0,0.0,0.0,0.0,0.0,0.0,0.0,0.0,0.0,0.0,0.0,0.0,0.0,0.0,0.0,0.0,2.0,0.0,0.0,0.0,0.0,2.0,2.0,0.0,6152.0
-14687_6835,31.0,848.0,2891.0,612.0,1.0,1334.0,9.0,278.0,210.0,28.0,0.0,58.0,11.0,5.0,15.0,461.0,1645.0,1.0,72.0,646.0,11.0,1.0,59.0,312.0,38.0,7.0,1140.0,366.0,54.0,42.0,0.0,0.0,0.0,0.0,0.0,0.0,0.0,0.0,0.0,0.0,1.0,0.0,0.0,0.0,0.0,0.0,0.0,1.0,0.0,0.0,1.0,0.0,0.0,0.0,0.0,0.0,0.0,0.0,0.0,0.0,0.0,0.0,3.0,2.0,1.0,11186.0
-14687_6836,38.0,1121.0,3487.0,668.0,5.0,1549.0,10.0,179.0,220.0,26.0,0.0,34.0,8.0,15.0,3.0,498.0,1597.0,0.0,96.0,755.0,3.0,0.0,127.0,294.0,35.0,7.0,1408.0,435.0,67.0,48.0,0.0,0.0,0.0,0.0,0.0,0.0,0.0,0.0,0.0,0.0,0.0,0.0,0.0,0.0,0.0,0.0,0.0,1.0,0.0,0.0,4.0,1.0,0.0,0.0,0.0,0.0,0.0,2.0,0.0,0.0,0.0,0.0,8.0,8.0,0.0,12733.0
-14687_6837,29.0,1580.0,4099.0,693.0,3.0,1689.0,27.0,399.0,417.0,37.0,1.0,71.0,10.0,15.0,22.0,614.0,1937.0,0.0,105.0,909.0,576.0,0.0,112.0,1162.0,57.0,6.0,2819.0,396.0,45.0,83.0,0.0,0.0,0.0,0.0,0.0,0.0,0.0,0.0,0.0,0.0,0.0,0.0,0.0,1.0,0.0,0.0,0.0,0.0,0.0,0.0,12.0,0.0,0.0,0.0,0.0,0.0,0.0,1.0,1.0,0.0,0.0,0.0,15.0,15.0,0.0,17913.0
-14687_6838,35.0,1012.0,2636.0,847.0,3.0,1415.0,12.0,252.0,241.0,34.0,1.0,81.0,8.0,16.0,7.0,487.0,1420.0,0.0,113.0,737.0,657.0,0.0,63.0,454.0,35.0,7.0,1665.0,216.0,37.0,50.0,0.0,0.0,0.0,0.0,0.0,0.0,0.0,0.0,0.0,0.0,1.0,0.0,0.0,0.0,0.0,0.0,0.0,0.0,0.0,0.0,5.0,0.0,0.0,0.0,0.0,0.0,0.0,3.0,0.0,0.0,0.0,0.0,9.0,8.0,1.0,12541.0
-14687_6839,24.0,900.0,2650.0,574.0,7.0,1092.0,9.0,140.0,193.0,24.0,1.0,47.0,4.0,8.0,10.0,400.0,1928.0,0.0,68.0,598.0,51.0,1.0,72.0,348.0,30.0,7.0,1209.0,290.0,61.0,30.0,0.0,0.0,0.0,0.0,0.0,0.0,0.0,0.0,0.0,0.0,1.0,0.0,0.0,0.0,0.0,0.0,0.0,1.0,0.0,0.0,4.0,0.0,0.0,0.0,0.0,0.0,0.0,0.0,0.0,0.0,0.0,0.0,6.0,5.0,1.0,10776.0
-14687_6840,25.0,929.0,2641.0,535.0,4.0,1302.0,13.0,211.0,238.0,43.0,0.0,60.0,8.0,4.0,17.0,412.0,2708.0,2.0,73.0,745.0,4.0,0.0,95.0,394.0,36.0,5.0,1199.0,341.0,42.0,32.0,0.0,0.0,0.0,0.0,0.0,0.0,0.0,0.0,0.0,0.0,0.0,0.0,0.0,1.0,0.0,0.0,0.0,0.0,0.0,0.0,3.0,1.0,0.0,0.0,0.0,0.0,0.0,1.0,0.0,0.0,0.0,0.0,6.0,6.0,0.0,12118.0
-14687_6841,22.0,604.0,1975.0,470.0,0.0,872.0,6.0,100.0,161.0,20.0,1.0,20.0,3.0,2.0,1.0,328.0,1075.0,1.0,76.0,556.0,31.0,0.0,49.0,193.0,29.0,6.0,861.0,291.0,50.0,20.0,0.0,0.0,0.0,0.0,0.0,0.0,0.0,0.0,0.0,0.0,0.0,0.0,0.0,0.0,0.0,0.0,0.0,1.0,0.0,0.0,1.0,0.0,0.0,0.0,0.0,0.0,0.0,0.0,0.0,0.0,0.0,0.0,2.0,2.0,0.0,7823.0
-14687_6842,19.0,421.0,1199.0,284.0,0.0,613.0,2.0,176.0,128.0,29.0,0.0,23.0,3.0,8.0,14.0,239.0,623.0,2.0,41.0,340.0,320.0,1.0,31.0,218.0,24.0,3.0,765.0,186.0,22.0,18.0,0.0,0.0,0.0,0.0,0.0,0.0,0.0,0.0,0.0,1.0,1.0,0.0,0.0,0.0,0.0,0.0,0.0,1.0,0.0,0.0,2.0,0.0,0.0,0.0,0.0,0.0,0.0,0.0,0.0,0.0,0.0,0.0,5.0,4.0,1.0,5752.0
-14687_6843,19.0,584.0,1316.0,230.0,0.0,720.0,4.0,112.0,113.0,6.0,0.0,14.0,3.0,4.0,21.0,217.0,310.0,0.0,38.0,288.0,10.0,0.0,215.0,123.0,23.0,5.0,701.0,111.0,2.0,16.0,0.0,0.0,0.0,0.0,0.0,1.0,0.0,0.0,0.0,0.0,0.0,0.0,0.0,0.0,0.0,0.0,0.0,0.0,0.0,0.0,1.0,0.0,0.0,0.0,0.0,0.0,0.0,1.0,0.0,0.0,0.0,0.0,3.0,3.0,0.0,5205.0
-14687_6844,12.0,291.0,643.0,183.0,0.0,513.0,6.0,45.0,83.0,3.0,0.0,5.0,2.0,0.0,11.0,149.0,162.0,0.0,18.0,250.0,3.0,0.0,18.0,62.0,11.0,1.0,414.0,42.0,4.0,15.0,0.0,0.0,0.0,0.0,0.0,0.0,0.0,0.0,0.0,0.0,0.0,0.0,0.0,0.0,0.0,0.0,0.0,2.0,0.0,0.0,1.0,1.0,0.0,0.0,1.0,0.0,0.0,1.0,0.0,0.0,0.0,0.0,6.0,5.0,1.0,2946.0
-14687_6845,11.0,530.0,1163.0,268.0,1.0,640.0,7.0,291.0,210.0,18.0,0.0,11.0,4.0,3.0,5.0,321.0,1051.0,0.0,31.0,297.0,8.0,0.0,24.0,189.0,14.0,6.0,771.0,141.0,14.0,15.0,0.0,0.0,0.0,0.0,0.0,0.0,0.0,0.0,0.0,0.0,2.0,0.0,0.0,0.0,0.0,0.0,0.0,1.0,0.0,0.0,0.0,2.0,0.0,0.0,0.0,0.0,0.0,1.0,0.0,0.0,0.0,0.0,6.0,4.0,2.0,6044.0
-14687_6846,6.0,473.0,1412.0,200.0,0.0,514.0,1.0,443.0,186.0,17.0,0.0,13.0,3.0,6.0,5.0,256.0,1210.0,0.0,36.0,324.0,27.0,0.0,30.0,214.0,12.0,2.0,853.0,124.0,1.0,10.0,0.0,0.0,0.0,0.0,0.0,0.0,0.0,0.0,0.0,0.0,1.0,0.0,0.0,0.0,0.0,0.0,0.0,0.0,0.0,0.0,0.0,0.0,0.0,0.0,0.0,0.0,0.0,0.0,0.0,0.0,0.0,0.0,1.0,0.0,1.0,6378.0
-14687_6847,4.0,670.0,2057.0,230.0,1.0,739.0,7.0,1096.0,306.0,16.0,0.0,11.0,5.0,8.0,9.0,307.0,3299.0,1.0,42.0,397.0,5.0,0.0,27.0,369.0,33.0,5.0,1171.0,92.0,22.0,27.0,0.0,0.0,0.0,0.0,0.0,0.0,0.0,0.0,0.0,1.0,0.0,0.0,0.0,1.0,0.0,0.0,0.0,4.0,0.0,0.0,0.0,1.0,0.0,0.0,0.0,0.0,0.0,1.0,1.0,0.0,0.0,0.0,9.0,9.0,0.0,10956.0
-14687_6848,5.0,679.0,1775.0,232.0,0.0,660.0,20.0,212.0,450.0,13.0,0.0,32.0,14.0,6.0,8.0,345.0,927.0,0.0,34.0,722.0,3.0,0.0,69.0,392.0,36.0,8.0,1785.0,80.0,10.0,29.0,0.0,0.0,0.0,0.0,0.0,1.0,0.0,0.0,0.0,0.0,0.0,0.0,0.0,0.0,0.0,0.0,1.0,1.0,0.0,0.0,1.0,0.0,1.0,0.0,0.0,0.0,0.0,1.0,0.0,0.0,0.0,0.0,6.0,5.0,0.0,8546.0
-14687_6849,5.0,375.0,1178.0,197.0,1.0,559.0,10.0,162.0,187.0,2.0,0.0,4.0,3.0,3.0,0.0,488.0,257.0,0.0,16.0,258.0,1.0,0.0,79.0,246.0,23.0,4.0,1543.0,71.0,9.0,20.0,0.0,0.0,0.0,0.0,0.0,0.0,0.0,0.0,0.0,0.0,0.0,0.0,0.0,0.0,0.0,0.0,0.0,1.0,0.0,0.0,2.0,2.0,0.0,0.0,0.0,0.0,0.0,3.0,0.0,0.0,0.0,0.0,8.0,8.0,0.0,5701.0
-14687_6850,2.0,156.0,483.0,118.0,0.0,384.0,7.0,78.0,192.0,1.0,0.0,0.0,7.0,0.0,0.0,414.0,31.0,0.0,30.0,222.0,0.0,0.0,12.0,109.0,9.0,5.0,1164.0,21.0,0.0,14.0,0.0,0.0,0.0,0.0,0.0,0.0,0.0,0.0,0.0,0.0,0.0,0.0,0.0,0.0,0.0,0.0,0.0,0.0,0.0,0.0,0.0,1.0,0.0,0.0,0.0,0.0,0.0,0.0,0.0,0.0,0.0,0.0,1.0,1.0,0.0,3459.0
-14687_6851,1.0,9.0,11.0,3.0,0.0,5.0,0.0,1.0,0.0,0.0,0.0,2.0,0.0,0.0,1.0,5.0,2.0,0.0,1.0,3.0,0.0,0.0,0.0,1.0,0.0,0.0,20.0,3.0,0.0,0.0,0.0,0.0,0.0,0.0,0.0,0.0,0.0,0.0,0.0,0.0,0.0,0.0,0.0,0.0,0.0,0.0,0.0,0.0,0.0,0.0,0.0,0.0,0.0,0.0,0.0,0.0,0.0,0.0,0.0,0.0,0.0,0.0,0.0,0.0,0.0,68.0
-14688_6819,0.0,1.0,2.0,0.0,0.0,0.0,0.0,0.0,0.0,0.0,0.0,0.0,0.0,0.0,0.0,0.0,0.0,0.0,0.0,0.0,0.0,0.0,0.0,0.0,0.0,0.0,0.0,0.0,0.0,0.0,0.0,0.0,0.0,0.0,0.0,0.0,0.0,0.0,0.0,0.0,0.0,0.0,0.0,0.0,0.0,0.0,0.0,0.0,0.0,0.0,0.0,0.0,0.0,0.0,0.0,0.0,0.0,0.0,0.0,0.0,0.0,0.0,0.0,0.0,0.0,3.0
-14688_6820,0.0,1.0,1.0,0.0,0.0,0.0,0.0,0.0,0.0,0.0,0.0,0.0,0.0,0.0,0.0,0.0,0.0,0.0,0.0,1.0,0.0,0.0,0.0,0.0,0.0,0.0,3.0,1.0,0.0,0.0,0.0,0.0,0.0,0.0,0.0,0.0,0.0,0.0,0.0,0.0,0.0,0.0,0.0,0.0,0.0,0.0,0.0,0.0,0.0,0.0,0.0,0.0,0.0,0.0,0.0,0.0,0.0,0.0,0.0,0.0,0.0,0.0,0.0,0.0,0.0,7.0
-14688_6824,0.0,7.0,18.0,2.0,0.0,13.0,0.0,3.0,5.0,0.0,0.0,0.0,2.0,1.0,0.0,4.0,0.0,0.0,0.0,7.0,0.0,0.0,4.0,2.0,3.0,0.0,56.0,1.0,0.0,0.0,0.0,0.0,0.0,0.0,0.0,0.0,0.0,0.0,0.0,0.0,0.0,0.0,0.0,0.0,0.0,0.0,0.0,0.0,0.0,0.0,0.0,0.0,0.0,0.0,0.0,0.0,0.0,0.0,0.0,0.0,0.0,0.0,0.0,0.0,0.0,128.0
-14688_6828,0.0,4.0,2.0,0.0,0.0,7.0,0.0,0.0,1.0,0.0,0.0,0.0,0.0,0.0,0.0,1.0,0.0,0.0,0.0,1.0,0.0,0.0,0.0,1.0,0.0,0.0,19.0,0.0,0.0,0.0,0.0,0.0,0.0,0.0,0.0,0.0,0.0,0.0,0.0,0.0,0.0,0.0,0.0,0.0,0.0,0.0,0.0,0.0,0.0,0.0,0.0,0.0,0.0,0.0,0.0,0.0,0.0,0.0,0.0,0.0,0.0,0.0,0.0,0.0,0.0,36.0
-14688_6829,2.0,197.0,308.0,137.0,0.0,267.0,2.0,50.0,213.0,2.0,0.0,1.0,2.0,0.0,0.0,109.0,38.0,1.0,16.0,172.0,0.0,0.0,6.0,102.0,8.0,3.0,969.0,11.0,1.0,3.0,0.0,0.0,0.0,0.0,0.0,0.0,0.0,0.0,0.0,0.0,0.0,0.0,0.0,1.0,0.0,0.0,0.0,0.0,0.0,0.0,0.0,0.0,0.0,0.0,0.0,0.0,0.0,0.0,0.0,0.0,1.0,0.0,2.0,1.0,0.0,2620.0
-14688_6830,3.0,198.0,431.0,307.0,0.0,452.0,1.0,62.0,298.0,9.0,0.0,5.0,1.0,3.0,7.0,201.0,133.0,0.0,29.0,226.0,0.0,0.0,10.0,203.0,9.0,4.0,655.0,52.0,1.0,5.0,0.0,0.0,0.0,0.0,0.0,0.0,0.0,0.0,0.0,0.0,1.0,0.0,0.0,0.0,0.0,0.0,0.0,0.0,0.0,0.0,0.0,0.0,0.0,0.0,0.0,0.0,0.0,1.0,1.0,0.0,0.0,0.0,3.0,2.0,1.0,3305.0
-14688_6831,8.0,195.0,451.0,259.0,0.0,492.0,6.0,40.0,168.0,4.0,0.0,2.0,2.0,2.0,2.0,230.0,55.0,1.0,26.0,306.0,2.0,0.0,12.0,126.0,4.0,2.0,495.0,36.0,0.0,11.0,0.0,0.0,0.0,0.0,0.0,0.0,0.0,0.0,0.0,0.0,0.0,0.0,0.0,0.0,0.0,0.0,0.0,0.0,0.0,0.0,1.0,0.0,0.0,0.0,0.0,0.0,0.0,0.0,1.0,0.0,0.0,0.0,2.0,2.0,0.0,2937.0
-14688_6832,1.0,33.0,49.0,85.0,0.0,81.0,0.0,12.0,16.0,1.0,0.0,2.0,0.0,0.0,0.0,29.0,15.0,0.0,1.0,23.0,0.0,0.0,3.0,12.0,2.0,0.0,230.0,0.0,0.0,0.0,0.0,0.0,0.0,0.0,0.0,0.0,0.0,0.0,0.0,0.0,0.0,0.0,0.0,0.0,0.0,0.0,0.0,0.0,0.0,0.0,0.0,0.0,0.0,0.0,0.0,0.0,0.0,0.0,0.0,0.0,0.0,0.0,0.0,0.0,0.0,595.0
-14688_6833,3.0,113.0,303.0,181.0,1.0,268.0,1.0,32.0,73.0,4.0,0.0,1.0,1.0,0.0,1.0,155.0,58.0,0.0,10.0,170.0,1.0,0.0,9.0,37.0,6.0,2.0,297.0,25.0,1.0,4.0,0.0,0.0,0.0,0.0,0.0,0.0,0.0,0.0,0.0,0.0,0.0,0.0,0.0,0.0,0.0,0.0,0.0,0.0,0.0,0.0,1.0,0.0,0.0,0.0,0.0,0.0,0.0,0.0,1.0,0.0,0.0,0.0,2.0,2.0,0.0,1757.0
-14688_6834,29.0,958.0,2496.0,709.0,1.0,1471.0,12.0,307.0,471.0,25.0,0.0,49.0,2.0,16.0,14.0,657.0,1319.0,1.0,86.0,845.0,37.0,0.0,90.0,579.0,34.0,2.0,2004.0,287.0,39.0,45.0,0.0,1.0,0.0,0.0,0.0,0.0,0.0,0.0,0.0,0.0,2.0,0.0,0.0,0.0,0.0,0.0,0.0,0.0,0.0,1.0,0.0,0.0,0.0,0.0,0.0,0.0,0.0,0.0,0.0,0.0,0.0,0.0,4.0,1.0,2.0,12585.0
-14688_6835,10.0,509.0,1402.0,388.0,0.0,851.0,3.0,113.0,209.0,16.0,0.0,26.0,1.0,6.0,24.0,444.0,718.0,0.0,40.0,409.0,21.0,1.0,57.0,369.0,14.0,5.0,908.0,178.0,12.0,30.0,0.0,0.0,0.0,0.0,0.0,0.0,0.0,0.0,0.0,1.0,0.0,0.0,0.0,0.0,0.0,0.0,0.0,0.0,0.0,0.0,1.0,0.0,0.0,0.0,0.0,0.0,0.0,0.0,0.0,0.0,0.0,0.0,2.0,2.0,0.0,6764.0
-14688_6836,20.0,658.0,1687.0,473.0,0.0,1057.0,5.0,118.0,167.0,21.0,0.0,26.0,6.0,11.0,4.0,329.0,618.0,1.0,56.0,465.0,2.0,0.0,52.0,267.0,24.0,5.0,879.0,215.0,19.0,32.0,0.0,0.0,0.0,0.0,0.0,0.0,0.0,0.0,0.0,0.0,1.0,0.0,0.0,0.0,0.0,0.0,0.0,0.0,0.0,0.0,3.0,0.0,0.0,0.0,0.0,0.0,0.0,1.0,0.0,0.0,0.0,0.0,5.0,4.0,1.0,7217.0
-14688_6837,44.0,1168.0,3548.0,797.0,2.0,1716.0,8.0,344.0,265.0,43.0,0.0,59.0,7.0,13.0,23.0,534.0,1679.0,1.0,107.0,755.0,299.0,0.0,104.0,643.0,38.0,4.0,1839.0,371.0,52.0,61.0,0.0,0.0,0.0,0.0,0.0,0.0,0.0,0.0,0.0,0.0,1.0,0.0,0.0,0.0,0.0,0.0,0.0,0.0,0.0,0.0,6.0,0.0,0.0,0.0,0.0,0.0,0.0,0.0,0.0,0.0,0.0,0.0,7.0,6.0,1.0,14524.0
-14688_6838,32.0,814.0,2602.0,651.0,1.0,1128.0,12.0,105.0,136.0,23.0,0.0,30.0,3.0,7.0,6.0,403.0,1037.0,0.0,88.0,525.0,40.0,0.0,60.0,338.0,34.0,4.0,1207.0,223.0,55.0,40.0,0.0,0.0,0.0,0.0,0.0,0.0,0.0,0.0,0.0,0.0,0.0,0.0,0.0,0.0,0.0,0.0,0.0,0.0,0.0,0.0,1.0,1.0,0.0,0.0,0.0,0.0,0.0,1.0,0.0,0.0,0.0,0.0,3.0,3.0,0.0,9604.0
-14688_6839,28.0,967.0,2685.0,684.0,2.0,1299.0,14.0,306.0,278.0,33.0,0.0,47.0,3.0,5.0,10.0,452.0,1776.0,0.0,64.0,690.0,273.0,0.0,77.0,509.0,39.0,6.0,2081.0,309.0,28.0,37.0,0.0,0.0,0.0,0.0,0.0,0.0,0.0,0.0,0.0,1.0,1.0,0.0,0.0,0.0,0.0,0.0,0.0,1.0,0.0,0.0,3.0,1.0,0.0,0.0,0.0,0.0,0.0,3.0,0.0,0.0,0.0,0.0,10.0,9.0,1.0,12702.0
-14688_6840,32.0,1118.0,3909.0,834.0,4.0,1607.0,25.0,405.0,286.0,55.0,2.0,64.0,9.0,19.0,24.0,542.0,3696.0,0.0,104.0,894.0,101.0,0.0,106.0,612.0,42.0,3.0,1700.0,344.0,106.0,54.0,1.0,0.0,0.0,0.0,0.0,0.0,0.0,0.0,0.0,0.0,1.0,0.0,0.0,0.0,0.0,0.0,0.0,1.0,0.0,0.0,0.0,1.0,0.0,0.0,0.0,0.0,0.0,0.0,0.0,0.0,0.0,0.0,4.0,2.0,2.0,16697.0
-14688_6841,4.0,355.0,1141.0,199.0,1.0,442.0,2.0,59.0,58.0,11.0,0.0,15.0,1.0,8.0,3.0,158.0,800.0,0.0,32.0,205.0,6.0,0.0,31.0,112.0,21.0,1.0,494.0,145.0,10.0,21.0,0.0,0.0,0.0,0.0,0.0,0.0,0.0,0.0,0.0,0.0,0.0,0.0,0.0,0.0,0.0,0.0,0.0,1.0,0.0,0.0,0.0,2.0,0.0,0.0,0.0,0.0,0.0,2.0,0.0,0.0,0.0,0.0,5.0,5.0,0.0,4335.0
-14688_6842,22.0,514.0,1753.0,410.0,1.0,780.0,6.0,155.0,137.0,20.0,0.0,26.0,8.0,10.0,16.0,295.0,1426.0,0.0,65.0,426.0,16.0,0.0,54.0,215.0,22.0,2.0,796.0,182.0,42.0,21.0,0.0,0.0,0.0,0.0,0.0,0.0,0.0,0.0,0.0,0.0,0.0,0.0,0.0,0.0,0.0,0.0,0.0,1.0,0.0,0.0,0.0,2.0,0.0,0.0,0.0,0.0,0.0,1.0,0.0,0.0,0.0,0.0,4.0,4.0,0.0,7420.0
-14688_6843,6.0,118.0,300.0,69.0,0.0,140.0,2.0,41.0,90.0,1.0,0.0,3.0,2.0,2.0,2.0,101.0,89.0,0.0,3.0,75.0,52.0,0.0,15.0,108.0,9.0,0.0,752.0,33.0,2.0,4.0,0.0,0.0,0.0,0.0,0.0,0.0,0.0,0.0,0.0,0.0,0.0,0.0,0.0,0.0,0.0,0.0,0.0,0.0,0.0,1.0,0.0,0.0,0.0,0.0,0.0,0.0,0.0,0.0,0.0,0.0,0.0,0.0,1.0,0.0,0.0,2019.0
-14688_6844,7.0,403.0,696.0,142.0,0.0,506.0,2.0,120.0,151.0,1.0,0.0,6.0,4.0,4.0,4.0,152.0,189.0,0.0,16.0,209.0,64.0,0.0,51.0,100.0,8.0,3.0,1284.0,46.0,0.0,4.0,0.0,0.0,0.0,0.0,0.0,0.0,0.0,0.0,0.0,0.0,0.0,0.0,0.0,0.0,0.0,0.0,0.0,1.0,0.0,0.0,2.0,2.0,0.0,0.0,0.0,0.0,0.0,1.0,0.0,0.0,1.0,0.0,7.0,6.0,0.0,4172.0
-14688_6845,6.0,254.0,534.0,193.0,2.0,480.0,2.0,69.0,111.0,3.0,1.0,2.0,3.0,1.0,14.0,195.0,154.0,1.0,11.0,197.0,8.0,0.0,17.0,66.0,9.0,1.0,695.0,37.0,0.0,5.0,1.0,0.0,0.0,1.0,0.0,1.0,0.0,0.0,0.0,0.0,1.0,0.0,0.0,1.0,0.0,0.0,0.0,1.0,0.0,0.0,0.0,1.0,0.0,0.0,0.0,0.0,0.0,0.0,0.0,0.0,0.0,0.0,7.0,4.0,3.0,3071.0
-14688_6846,5.0,130.0,281.0,111.0,0.0,269.0,2.0,143.0,123.0,11.0,0.0,4.0,1.0,2.0,1.0,116.0,103.0,0.0,5.0,117.0,205.0,0.0,3.0,52.0,3.0,0.0,398.0,17.0,6.0,2.0,0.0,0.0,0.0,1.0,0.0,0.0,0.0,0.0,0.0,0.0,0.0,0.0,0.0,0.0,0.0,0.0,0.0,0.0,0.0,0.0,0.0,0.0,0.0,0.0,0.0,0.0,0.0,0.0,0.0,0.0,0.0,0.0,1.0,0.0,1.0,2110.0
-14688_6847,2.0,360.0,917.0,92.0,1.0,370.0,5.0,175.0,323.0,10.0,0.0,6.0,4.0,1.0,1.0,126.0,329.0,0.0,25.0,192.0,1.0,0.0,19.0,102.0,17.0,2.0,490.0,117.0,4.0,10.0,0.0,0.0,0.0,3.0,0.0,0.0,0.0,0.0,0.0,0.0,0.0,0.0,0.0,0.0,0.0,0.0,0.0,1.0,0.0,0.0,1.0,2.0,0.0,0.0,0.0,0.0,0.0,1.0,0.0,0.0,0.0,0.0,8.0,5.0,3.0,3701.0
-14688_6848,0.0,187.0,636.0,47.0,0.0,312.0,4.0,257.0,555.0,3.0,0.0,12.0,2.0,2.0,16.0,236.0,1093.0,0.0,3.0,156.0,1.0,0.0,37.0,451.0,21.0,4.0,1145.0,38.0,0.0,6.0,0.0,0.0,0.0,2.0,0.0,0.0,0.0,0.0,0.0,0.0,0.0,0.0,0.0,1.0,0.0,0.0,0.0,0.0,0.0,0.0,0.0,0.0,0.0,0.0,0.0,0.0,0.0,0.0,0.0,0.0,0.0,0.0,3.0,1.0,2.0,5224.0
-14688_6849,8.0,245.0,723.0,87.0,0.0,400.0,6.0,750.0,264.0,8.0,1.0,6.0,4.0,3.0,2.0,267.0,1088.0,1.0,16.0,248.0,4.0,0.0,15.0,187.0,14.0,7.0,1133.0,75.0,2.0,12.0,0.0,0.0,0.0,0.0,0.0,0.0,0.0,0.0,0.0,0.0,1.0,0.0,0.0,0.0,0.0,0.0,0.0,2.0,0.0,0.0,2.0,2.0,0.0,0.0,0.0,0.0,0.0,1.0,0.0,0.0,0.0,0.0,8.0,7.0,1.0,5576.0
-14688_6850,5.0,413.0,914.0,199.0,1.0,724.0,8.0,221.0,372.0,7.0,0.0,12.0,2.0,6.0,1.0,608.0,342.0,0.0,34.0,482.0,1.0,1.0,22.0,213.0,23.0,6.0,1531.0,35.0,11.0,15.0,0.0,0.0,0.0,0.0,0.0,0.0,1.0,0.0,0.0,0.0,0.0,0.0,0.0,0.0,0.0,0.0,0.0,0.0,0.0,0.0,1.0,1.0,0.0,0.0,0.0,1.0,0.0,2.0,2.0,0.0,0.0,0.0,8.0,7.0,0.0,6209.0
-14688_6851,1.0,212.0,460.0,59.0,0.0,238.0,5.0,171.0,149.0,1.0,0.0,2.0,0.0,1.0,0.0,202.0,65.0,1.0,7.0,182.0,1.0,0.0,21.0,66.0,13.0,3.0,1067.0,24.0,0.0,6.0,0.0,0.0,0.0,0.0,0.0,1.0,0.0,0.0,0.0,0.0,0.0,0.0,0.0,0.0,0.0,0.0,0.0,0.0,0.0,0.0,0.0,0.0,0.0,0.0,0.0,0.0,0.0,0.0,0.0,0.0,0.0,0.0,1.0,1.0,0.0,2957.0
-14688_6852,0.0,48.0,76.0,9.0,0.0,33.0,1.0,40.0,49.0,1.0,0.0,0.0,0.0,1.0,1.0,40.0,5.0,0.0,0.0,37.0,0.0,0.0,6.0,5.0,2.0,2.0,999.0,1.0,0.0,2.0,0.0,0.0,0.0,0.0,0.0,0.0,0.0,0.0,0.0,0.0,0.0,0.0,0.0,0.0,0.0,0.0,0.0,0.0,0.0,0.0,0.0,0.0,0.0,0.0,0.0,0.0,0.0,0.0,0.0,0.0,0.0,0.0,0.0,0.0,0.0,1358.0
-14688_6853,0.0,4.0,9.0,2.0,0.0,1.0,0.0,0.0,1.0,0.0,0.0,0.0,0.0,0.0,0.0,0.0,2.0,0.0,0.0,3.0,0.0,0.0,1.0,1.0,0.0,0.0,11.0,1.0,0.0,0.0,0.0,0.0,0.0,0.0,0.0,0.0,0.0,0.0,0.0,0.0,0.0,0.0,0.0,0.0,0.0,0.0,0.0,0.0,0.0,0.0,0.0,0.0,0.0,0.0,0.0,0.0,0.0,0.0,0.0,0.0,0.0,0.0,0.0,0.0,0.0,36.0
-14688_6854,1.0,8.0,33.0,6.0,1.0,26.0,1.0,18.0,5.0,0.0,0.0,1.0,0.0,0.0,2.0,5.0,10.0,0.0,0.0,13.0,0.0,0.0,6.0,1.0,1.0,0.0,81.0,6.0,0.0,0.0,0.0,0.0,0.0,0.0,0.0,0.0,0.0,0.0,0.0,0.0,0.0,0.0,0.0,0.0,0.0,0.0,0.0,1.0,0.0,0.0,0.0,0.0,0.0,0.0,0.0,0.0,0.0,0.0,0.0,0.0,0.0,0.0,1.0,1.0,0.0,225.0
-14689_6828,0.0,10.0,15.0,12.0,0.0,17.0,0.0,0.0,9.0,0.0,0.0,0.0,0.0,0.0,0.0,7.0,1.0,0.0,1.0,17.0,0.0,0.0,0.0,1.0,0.0,0.0,15.0,1.0,0.0,0.0,0.0,0.0,0.0,0.0,0.0,0.0,0.0,0.0,0.0,0.0,0.0,0.0,0.0,0.0,0.0,0.0,0.0,1.0,0.0,0.0,0.0,1.0,0.0,0.0,0.0,0.0,0.0,0.0,0.0,0.0,0.0,0.0,2.0,2.0,0.0,106.0
-14689_6829,2.0,90.0,240.0,156.0,0.0,261.0,1.0,28.0,95.0,2.0,0.0,2.0,0.0,0.0,1.0,105.0,25.0,1.0,28.0,192.0,0.0,0.0,5.0,32.0,4.0,4.0,292.0,13.0,1.0,5.0,0.0,0.0,0.0,0.0,0.0,0.0,0.0,0.0,0.0,0.0,0.0,0.0,0.0,0.0,0.0,0.0,0.0,0.0,0.0,0.0,0.0,0.0,0.0,0.0,0.0,0.0,0.0,0.0,0.0,0.0,0.0,0.0,0.0,0.0,0.0,1585.0
-14689_6830,8.0,202.0,457.0,199.0,0.0,393.0,4.0,38.0,137.0,2.0,0.0,3.0,0.0,0.0,0.0,169.0,51.0,2.0,41.0,251.0,0.0,0.0,5.0,63.0,10.0,1.0,385.0,29.0,3.0,4.0,0.0,0.0,0.0,0.0,0.0,0.0,0.0,0.0,0.0,0.0,0.0,0.0,0.0,0.0,0.0,0.0,0.0,0.0,0.0,0.0,1.0,1.0,0.0,0.0,0.0,0.0,0.0,3.0,0.0,0.0,0.0,0.0,5.0,5.0,0.0,2457.0
-14689_6831,7.0,294.0,708.0,309.0,0.0,601.0,3.0,84.0,189.0,11.0,0.0,4.0,0.0,7.0,6.0,288.0,142.0,0.0,38.0,392.0,0.0,0.0,22.0,173.0,12.0,3.0,670.0,53.0,1.0,15.0,0.0,0.0,0.0,1.0,0.0,0.0,0.0,0.0,0.0,1.0,0.0,0.0,0.0,0.0,0.0,0.0,0.0,1.0,0.0,0.0,0.0,0.0,0.0,0.0,0.0,0.0,0.0,1.0,0.0,0.0,0.0,0.0,4.0,3.0,1.0,4032.0
-14689_6832,10.0,154.0,382.0,222.0,0.0,352.0,5.0,46.0,101.0,0.0,0.0,2.0,0.0,5.0,0.0,185.0,131.0,2.0,16.0,163.0,4.0,0.0,13.0,84.0,3.0,0.0,422.0,23.0,0.0,7.0,0.0,0.0,0.0,0.0,0.0,0.0,0.0,0.0,0.0,0.0,1.0,0.0,0.0,0.0,0.0,0.0,0.0,0.0,0.0,0.0,0.0,0.0,0.0,0.0,0.0,0.0,0.0,0.0,0.0,0.0,0.0,0.0,1.0,0.0,1.0,2332.0
-14689_6833,2.0,39.0,107.0,92.0,0.0,73.0,0.0,13.0,14.0,0.0,0.0,1.0,0.0,1.0,0.0,50.0,9.0,0.0,7.0,37.0,1.0,0.0,2.0,15.0,0.0,0.0,83.0,6.0,0.0,5.0,0.0,0.0,0.0,0.0,0.0,0.0,0.0,0.0,0.0,0.0,0.0,0.0,0.0,0.0,0.0,0.0,0.0,0.0,0.0,0.0,0.0,0.0,0.0,0.0,0.0,0.0,0.0,0.0,0.0,0.0,0.0,0.0,0.0,0.0,0.0,557.0
-14689_6834,10.0,553.0,1491.0,647.0,1.0,1040.0,10.0,111.0,237.0,19.0,0.0,8.0,5.0,9.0,9.0,485.0,443.0,0.0,83.0,513.0,4.0,0.0,39.0,375.0,24.0,3.0,1052.0,117.0,8.0,29.0,0.0,0.0,0.0,0.0,0.0,0.0,0.0,0.0,0.0,0.0,1.0,0.0,0.0,0.0,0.0,0.0,0.0,0.0,0.0,0.0,4.0,0.0,0.0,0.0,0.0,0.0,0.0,1.0,0.0,0.0,0.0,0.0,6.0,5.0,1.0,7325.0
-14689_6835,23.0,1065.0,3103.0,975.0,0.0,1834.0,10.0,227.0,295.0,28.0,0.0,30.0,9.0,17.0,13.0,610.0,1331.0,4.0,126.0,942.0,2.0,0.0,124.0,465.0,41.0,10.0,1532.0,283.0,39.0,56.0,0.0,0.0,0.0,0.0,0.0,0.0,0.0,0.0,0.0,0.0,0.0,0.0,0.0,0.0,0.0,0.0,0.0,0.0,0.0,0.0,2.0,1.0,0.0,0.0,0.0,0.0,0.0,3.0,0.0,0.0,0.0,0.0,6.0,6.0,0.0,13194.0
-14689_6836,25.0,1230.0,3205.0,879.0,0.0,1749.0,18.0,406.0,442.0,35.0,0.0,45.0,7.0,12.0,17.0,841.0,1868.0,0.0,101.0,966.0,19.0,0.0,116.0,576.0,48.0,1.0,2040.0,290.0,70.0,66.0,0.0,0.0,0.0,0.0,0.0,0.0,0.0,0.0,0.0,0.0,1.0,0.0,0.0,0.0,0.0,0.0,0.0,0.0,0.0,0.0,0.0,0.0,0.0,0.0,0.0,0.0,0.0,0.0,0.0,0.0,0.0,0.0,1.0,0.0,1.0,15072.0
-14689_6837,17.0,748.0,1860.0,358.0,0.0,885.0,10.0,159.0,343.0,15.0,1.0,36.0,3.0,7.0,4.0,350.0,709.0,0.0,58.0,423.0,123.0,0.0,101.0,490.0,28.0,1.0,1513.0,171.0,23.0,22.0,0.0,0.0,0.0,0.0,0.0,0.0,0.0,0.0,0.0,0.0,0.0,0.0,0.0,0.0,0.0,0.0,0.0,1.0,0.0,0.0,1.0,1.0,0.0,0.0,0.0,0.0,0.0,1.0,1.0,0.0,0.0,0.0,5.0,5.0,0.0,8458.0
-14689_6838,13.0,273.0,714.0,162.0,0.0,408.0,2.0,56.0,45.0,7.0,0.0,7.0,0.0,1.0,2.0,142.0,178.0,0.0,19.0,157.0,37.0,0.0,16.0,96.0,10.0,0.0,430.0,78.0,15.0,19.0,0.0,0.0,0.0,0.0,0.0,0.0,0.0,0.0,0.0,0.0,0.0,0.0,0.0,0.0,0.0,0.0,0.0,1.0,0.0,0.0,1.0,1.0,0.0,0.0,0.0,0.0,0.0,1.0,0.0,0.0,0.0,0.0,4.0,4.0,0.0,2887.0
-14689_6839,16.0,575.0,1781.0,522.0,0.0,964.0,6.0,78.0,141.0,29.0,0.0,29.0,1.0,4.0,3.0,334.0,527.0,0.0,64.0,582.0,7.0,1.0,39.0,183.0,26.0,1.0,902.0,174.0,16.0,31.0,0.0,0.0,0.0,0.0,0.0,0.0,0.0,0.0,0.0,0.0,0.0,0.0,0.0,0.0,0.0,0.0,0.0,0.0,0.0,0.0,1.0,0.0,0.0,0.0,0.0,0.0,0.0,1.0,0.0,0.0,0.0,0.0,2.0,2.0,0.0,7036.0
-14689_6840,22.0,907.0,2792.0,677.0,1.0,1335.0,12.0,158.0,219.0,25.0,0.0,30.0,5.0,9.0,15.0,425.0,1216.0,0.0,88.0,697.0,11.0,0.0,71.0,326.0,40.0,2.0,1251.0,270.0,43.0,46.0,0.0,0.0,0.0,0.0,0.0,0.0,0.0,0.0,0.0,0.0,0.0,0.0,0.0,0.0,0.0,0.0,0.0,0.0,0.0,0.0,1.0,0.0,0.0,0.0,0.0,0.0,0.0,2.0,0.0,0.0,0.0,0.0,3.0,3.0,0.0,10693.0
-14689_6841,38.0,1007.0,3027.0,906.0,1.0,1386.0,19.0,259.0,213.0,15.0,0.0,49.0,7.0,9.0,18.0,477.0,1740.0,2.0,102.0,674.0,491.0,0.0,106.0,514.0,58.0,4.0,1593.0,280.0,95.0,48.0,0.0,0.0,0.0,0.0,0.0,2.0,0.0,0.0,0.0,0.0,0.0,0.0,0.0,0.0,0.0,0.0,0.0,0.0,0.0,0.0,0.0,0.0,0.0,0.0,0.0,0.0,0.0,0.0,0.0,0.0,0.0,0.0,2.0,2.0,0.0,13138.0
-14689_6842,42.0,982.0,2684.0,510.0,0.0,1067.0,7.0,216.0,135.0,14.0,0.0,53.0,4.0,7.0,25.0,361.0,1954.0,1.0,74.0,660.0,173.0,0.0,167.0,354.0,59.0,2.0,1024.0,334.0,36.0,29.0,0.0,0.0,0.0,0.0,0.0,0.0,1.0,0.0,0.0,0.0,0.0,0.0,0.0,0.0,0.0,0.0,0.0,2.0,0.0,0.0,0.0,1.0,0.0,0.0,0.0,0.0,0.0,1.0,2.0,0.0,0.0,0.0,7.0,7.0,0.0,10974.0
-14689_6843,19.0,441.0,1051.0,274.0,1.0,682.0,4.0,53.0,120.0,24.0,0.0,18.0,5.0,2.0,28.0,296.0,327.0,1.0,54.0,355.0,30.0,1.0,57.0,136.0,24.0,5.0,1023.0,190.0,1.0,15.0,0.0,0.0,0.0,0.0,0.0,0.0,0.0,0.0,0.0,0.0,0.0,0.0,0.0,0.0,0.0,0.0,0.0,0.0,0.0,0.0,0.0,0.0,0.0,0.0,0.0,0.0,0.0,0.0,0.0,0.0,0.0,0.0,0.0,0.0,0.0,5237.0
-14689_6844,0.0,36.0,44.0,6.0,0.0,42.0,0.0,6.0,8.0,2.0,0.0,1.0,0.0,0.0,0.0,27.0,6.0,0.0,0.0,18.0,1.0,0.0,2.0,2.0,2.0,0.0,103.0,1.0,0.0,1.0,0.0,0.0,0.0,0.0,0.0,0.0,0.0,0.0,0.0,0.0,0.0,0.0,0.0,0.0,0.0,0.0,0.0,0.0,0.0,0.0,0.0,0.0,0.0,0.0,0.0,0.0,0.0,0.0,0.0,0.0,0.0,0.0,0.0,0.0,0.0,308.0
-14689_6845,0.0,30.0,36.0,19.0,0.0,56.0,0.0,6.0,17.0,0.0,0.0,2.0,0.0,0.0,0.0,20.0,11.0,1.0,0.0,28.0,3.0,0.0,2.0,7.0,1.0,1.0,158.0,7.0,0.0,0.0,0.0,0.0,0.0,0.0,0.0,0.0,0.0,0.0,0.0,0.0,0.0,0.0,0.0,0.0,0.0,0.0,0.0,1.0,0.0,0.0,0.0,0.0,0.0,0.0,0.0,0.0,0.0,0.0,0.0,0.0,0.0,0.0,1.0,1.0,0.0,405.0
-14689_6846,0.0,63.0,145.0,104.0,1.0,172.0,1.0,28.0,54.0,1.0,0.0,9.0,0.0,1.0,1.0,109.0,52.0,0.0,5.0,83.0,50.0,0.0,4.0,25.0,2.0,1.0,298.0,9.0,0.0,4.0,0.0,0.0,0.0,1.0,0.0,0.0,0.0,0.0,0.0,0.0,0.0,0.0,0.0,0.0,0.0,0.0,0.0,0.0,0.0,0.0,0.0,0.0,0.0,0.0,0.0,0.0,0.0,0.0,0.0,0.0,0.0,0.0,1.0,0.0,1.0,1222.0
-14689_6847,13.0,278.0,600.0,329.0,0.0,710.0,1.0,67.0,261.0,3.0,0.0,9.0,7.0,6.0,7.0,230.0,154.0,4.0,27.0,336.0,0.0,0.0,26.0,61.0,13.0,3.0,738.0,28.0,1.0,9.0,0.0,0.0,0.0,0.0,0.0,0.0,0.0,0.0,0.0,1.0,0.0,0.0,0.0,0.0,0.0,0.0,0.0,1.0,0.0,0.0,1.0,3.0,0.0,0.0,0.0,0.0,0.0,2.0,0.0,0.0,0.0,0.0,8.0,8.0,0.0,3921.0
-14689_6848,6.0,138.0,654.0,145.0,1.0,374.0,2.0,302.0,151.0,1.0,1.0,4.0,0.0,0.0,11.0,129.0,80.0,2.0,20.0,200.0,2.0,1.0,32.0,67.0,15.0,0.0,678.0,15.0,0.0,7.0,0.0,0.0,0.0,1.0,0.0,0.0,0.0,0.0,0.0,0.0,0.0,0.0,0.0,0.0,0.0,0.0,0.0,2.0,0.0,0.0,0.0,1.0,0.0,0.0,0.0,0.0,0.0,0.0,0.0,0.0,0.0,0.0,4.0,3.0,1.0,3038.0
-14689_6849,10.0,297.0,567.0,327.0,0.0,600.0,5.0,116.0,191.0,3.0,0.0,6.0,4.0,0.0,9.0,394.0,141.0,0.0,32.0,321.0,9.0,0.0,15.0,163.0,5.0,3.0,930.0,43.0,2.0,7.0,0.0,0.0,0.0,0.0,0.0,0.0,0.0,0.0,0.0,0.0,1.0,0.0,0.0,0.0,0.0,0.0,0.0,0.0,0.0,0.0,3.0,0.0,0.0,0.0,0.0,0.0,0.0,2.0,0.0,0.0,0.0,0.0,6.0,5.0,1.0,4200.0
-14689_6850,10.0,762.0,2486.0,214.0,1.0,778.0,10.0,2070.0,222.0,22.0,0.0,19.0,7.0,2.0,10.0,446.0,3177.0,1.0,73.0,479.0,14.0,0.0,30.0,260.0,30.0,11.0,1094.0,185.0,13.0,30.0,0.0,0.0,0.0,0.0,0.0,0.0,0.0,0.0,0.0,0.0,0.0,0.0,0.0,0.0,0.0,0.0,0.0,1.0,0.0,0.0,1.0,5.0,0.0,0.0,0.0,0.0,0.0,1.0,0.0,0.0,1.0,0.0,9.0,8.0,0.0,12456.0
-14689_6851,9.0,598.0,2288.0,207.0,1.0,804.0,25.0,3071.0,301.0,24.0,0.0,39.0,5.0,4.0,11.0,456.0,2085.0,1.0,40.0,504.0,39.0,0.0,26.0,322.0,32.0,6.0,1763.0,111.0,24.0,39.0,0.0,0.0,0.0,1.0,0.0,0.0,0.0,0.0,0.0,0.0,0.0,1.0,0.0,0.0,0.0,0.0,0.0,1.0,0.0,0.0,1.0,1.0,0.0,0.0,0.0,0.0,0.0,1.0,0.0,0.0,0.0,0.0,6.0,5.0,1.0,12835.0
-14689_6852,12.0,628.0,1745.0,337.0,4.0,1055.0,26.0,632.0,660.0,15.0,0.0,15.0,8.0,11.0,23.0,899.0,261.0,3.0,60.0,803.0,22.0,0.0,52.0,316.0,38.0,16.0,3347.0,106.0,3.0,24.0,0.0,0.0,0.0,3.0,0.0,0.0,0.0,0.0,0.0,0.0,0.0,0.0,0.0,0.0,0.0,0.0,0.0,2.0,0.0,0.0,0.0,1.0,0.0,0.0,0.0,0.0,0.0,0.0,1.0,0.0,0.0,0.0,7.0,4.0,3.0,11121.0
-14689_6853,1.0,66.0,192.0,84.0,1.0,204.0,3.0,42.0,190.0,0.0,0.0,5.0,0.0,1.0,2.0,128.0,20.0,1.0,10.0,94.0,1.0,0.0,8.0,32.0,7.0,0.0,663.0,13.0,1.0,2.0,0.0,0.0,0.0,0.0,0.0,0.0,0.0,0.0,0.0,0.0,0.0,0.0,0.0,0.0,0.0,0.0,0.0,3.0,0.0,0.0,0.0,0.0,0.0,0.0,0.0,0.0,0.0,0.0,0.0,0.0,0.0,0.0,3.0,3.0,0.0,1771.0
-14689_6854,3.0,40.0,336.0,6.0,0.0,69.0,0.0,184.0,93.0,0.0,0.0,3.0,0.0,2.0,0.0,16.0,17.0,0.0,1.0,43.0,0.0,0.0,21.0,13.0,3.0,1.0,453.0,13.0,6.0,1.0,0.0,0.0,0.0,0.0,0.0,0.0,0.0,0.0,0.0,0.0,0.0,0.0,0.0,0.0,0.0,0.0,0.0,1.0,0.0,0.0,0.0,1.0,0.0,0.0,0.0,0.0,0.0,0.0,0.0,0.0,0.0,0.0,2.0,2.0,0.0,1324.0
-14689_6855,0.0,12.0,95.0,7.0,2.0,57.0,1.0,22.0,12.0,0.0,0.0,6.0,0.0,0.0,6.0,17.0,70.0,0.0,2.0,21.0,0.0,0.0,5.0,11.0,4.0,0.0,183.0,43.0,0.0,4.0,0.0,0.0,0.0,0.0,0.0,0.0,0.0,0.0,0.0,0.0,0.0,0.0,0.0,0.0,0.0,0.0,0.0,0.0,0.0,0.0,0.0,0.0,0.0,0.0,0.0,0.0,0.0,0.0,0.0,0.0,0.0,0.0,0.0,0.0,0.0,580.0
-14690_6828,0.0,10.0,27.0,9.0,0.0,22.0,0.0,3.0,5.0,0.0,0.0,0.0,0.0,1.0,0.0,11.0,7.0,0.0,2.0,11.0,0.0,0.0,0.0,1.0,0.0,0.0,15.0,3.0,0.0,0.0,0.0,0.0,0.0,0.0,0.0,0.0,0.0,0.0,0.0,0.0,0.0,0.0,0.0,0.0,0.0,0.0,0.0,0.0,0.0,0.0,0.0,0.0,0.0,0.0,0.0,0.0,0.0,0.0,0.0,0.0,0.0,0.0,0.0,0.0,0.0,127.0
-14690_6829,5.0,159.0,301.0,192.0,0.0,329.0,2.0,65.0,169.0,3.0,0.0,1.0,2.0,5.0,9.0,158.0,63.0,0.0,13.0,179.0,1.0,0.0,14.0,95.0,8.0,2.0,508.0,12.0,8.0,5.0,0.0,0.0,0.0,0.0,0.0,0.0,0.0,0.0,0.0,0.0,0.0,0.0,0.0,0.0,0.0,0.0,0.0,0.0,0.0,0.0,0.0,0.0,0.0,0.0,0.0,0.0,0.0,0.0,0.0,0.0,0.0,0.0,0.0,0.0,0.0,2308.0
-14690_6830,6.0,183.0,407.0,214.0,0.0,420.0,4.0,30.0,92.0,0.0,0.0,1.0,1.0,5.0,1.0,194.0,85.0,2.0,21.0,189.0,0.0,0.0,19.0,105.0,17.0,3.0,377.0,29.0,0.0,6.0,0.0,0.0,0.0,0.0,0.0,0.0,0.0,0.0,0.0,0.0,0.0,0.0,0.0,0.0,0.0,0.0,0.0,0.0,0.0,0.0,3.0,0.0,0.0,0.0,0.0,0.0,0.0,0.0,1.0,0.0,0.0,0.0,4.0,4.0,0.0,2411.0
-14690_6831,5.0,248.0,505.0,254.0,0.0,612.0,2.0,47.0,151.0,6.0,0.0,2.0,0.0,2.0,0.0,263.0,148.0,1.0,29.0,234.0,0.0,0.0,20.0,144.0,16.0,2.0,521.0,44.0,2.0,16.0,0.0,0.0,0.0,0.0,0.0,0.0,0.0,0.0,0.0,0.0,1.0,0.0,0.0,0.0,0.0,0.0,0.0,0.0,0.0,0.0,1.0,0.0,0.0,0.0,0.0,0.0,0.0,0.0,0.0,0.0,0.0,0.0,2.0,1.0,1.0,3274.0
-14690_6832,6.0,367.0,844.0,371.0,1.0,608.0,7.0,70.0,129.0,7.0,0.0,8.0,2.0,6.0,0.0,297.0,160.0,2.0,33.0,299.0,1.0,0.0,37.0,131.0,16.0,5.0,517.0,69.0,7.0,6.0,0.0,0.0,0.0,0.0,0.0,0.0,0.0,0.0,0.0,0.0,0.0,0.0,0.0,0.0,0.0,0.0,0.0,1.0,0.0,0.0,0.0,1.0,0.0,0.0,0.0,0.0,0.0,2.0,0.0,0.0,0.0,0.0,4.0,4.0,0.0,4006.0
-14690_6833,0.0,51.0,121.0,33.0,1.0,86.0,0.0,20.0,23.0,1.0,0.0,2.0,0.0,0.0,0.0,47.0,19.0,0.0,7.0,43.0,1.0,0.0,1.0,23.0,2.0,1.0,93.0,7.0,0.0,3.0,0.0,0.0,0.0,0.0,0.0,0.0,0.0,0.0,0.0,0.0,0.0,0.0,0.0,0.0,0.0,0.0,0.0,0.0,0.0,0.0,0.0,0.0,0.0,0.0,0.0,0.0,0.0,0.0,0.0,0.0,0.0,0.0,0.0,0.0,0.0,585.0
-14690_6834,15.0,352.0,931.0,467.0,0.0,725.0,3.0,71.0,168.0,4.0,0.0,14.0,3.0,7.0,10.0,281.0,251.0,0.0,43.0,384.0,2.0,0.0,27.0,238.0,20.0,5.0,725.0,79.0,0.0,19.0,0.0,0.0,0.0,0.0,0.0,0.0,0.0,0.0,0.0,0.0,0.0,0.0,0.0,0.0,0.0,0.0,0.0,0.0,0.0,0.0,1.0,0.0,0.0,0.0,0.0,0.0,0.0,0.0,0.0,0.0,0.0,0.0,1.0,1.0,0.0,4844.0
-14690_6835,1.0,46.0,127.0,34.0,0.0,88.0,0.0,12.0,11.0,1.0,0.0,4.0,0.0,3.0,4.0,46.0,120.0,0.0,3.0,40.0,1.0,0.0,7.0,99.0,6.0,0.0,86.0,22.0,0.0,1.0,0.0,0.0,0.0,0.0,0.0,0.0,0.0,0.0,0.0,0.0,0.0,1.0,0.0,0.0,0.0,0.0,0.0,1.0,0.0,0.0,0.0,1.0,0.0,0.0,0.0,0.0,0.0,0.0,1.0,0.0,0.0,0.0,4.0,4.0,0.0,762.0
-14690_6836,18.0,786.0,2123.0,739.0,1.0,1223.0,57.0,200.0,241.0,13.0,0.0,20.0,9.0,10.0,2.0,595.0,705.0,4.0,92.0,648.0,4.0,0.0,66.0,441.0,60.0,2.0,1389.0,153.0,8.0,46.0,0.0,0.0,0.0,0.0,0.0,0.0,0.0,0.0,0.0,0.0,0.0,0.0,0.0,0.0,0.0,0.0,0.0,1.0,0.0,0.0,0.0,2.0,0.0,0.0,0.0,0.0,0.0,1.0,0.0,0.0,0.0,0.0,4.0,4.0,0.0,9655.0
-14690_6837,34.0,1199.0,3706.0,1146.0,2.0,1860.0,16.0,325.0,395.0,49.0,1.0,79.0,9.0,20.0,41.0,666.0,2963.0,0.0,106.0,1137.0,69.0,0.0,162.0,727.0,44.0,3.0,1967.0,375.0,133.0,69.0,0.0,0.0,0.0,0.0,0.0,0.0,0.0,0.0,0.0,0.0,0.0,0.0,0.0,0.0,0.0,0.0,0.0,0.0,0.0,0.0,2.0,0.0,0.0,0.0,0.0,0.0,0.0,1.0,0.0,0.0,0.0,0.0,3.0,3.0,0.0,17303.0
-14690_6838,26.0,882.0,2203.0,693.0,2.0,1309.0,13.0,300.0,592.0,24.0,0.0,19.0,7.0,8.0,10.0,726.0,1318.0,0.0,72.0,666.0,28.0,0.0,72.0,651.0,37.0,7.0,3433.0,202.0,54.0,22.0,0.0,0.0,0.0,0.0,0.0,0.0,0.0,0.0,0.0,0.0,1.0,0.0,0.0,0.0,0.0,0.0,0.0,0.0,0.0,0.0,0.0,1.0,0.0,0.0,0.0,0.0,0.0,1.0,0.0,0.0,1.0,0.0,4.0,2.0,1.0,13376.0
-14690_6839,9.0,232.0,413.0,183.0,0.0,304.0,0.0,77.0,131.0,8.0,0.0,5.0,0.0,2.0,7.0,217.0,188.0,0.0,13.0,156.0,7.0,0.0,10.0,170.0,5.0,2.0,547.0,41.0,7.0,8.0,0.0,0.0,1.0,0.0,0.0,0.0,0.0,0.0,0.0,0.0,0.0,0.0,0.0,0.0,0.0,0.0,0.0,0.0,0.0,0.0,0.0,0.0,0.0,0.0,0.0,0.0,0.0,0.0,0.0,0.0,0.0,0.0,1.0,0.0,0.0,2742.0
-14690_6840,25.0,645.0,2000.0,457.0,1.0,1160.0,9.0,246.0,176.0,28.0,0.0,27.0,2.0,2.0,10.0,408.0,1150.0,1.0,60.0,503.0,3.0,0.0,47.0,388.0,25.0,4.0,1131.0,248.0,31.0,29.0,0.0,0.0,0.0,0.0,0.0,0.0,0.0,0.0,0.0,0.0,2.0,0.0,0.0,0.0,0.0,0.0,0.0,0.0,0.0,0.0,0.0,0.0,0.0,0.0,0.0,0.0,0.0,0.0,0.0,0.0,0.0,0.0,2.0,0.0,2.0,8816.0
-14690_6841,36.0,715.0,2590.0,805.0,0.0,1238.0,9.0,159.0,130.0,35.0,0.0,25.0,13.0,11.0,11.0,438.0,1413.0,1.0,109.0,565.0,22.0,0.0,50.0,278.0,34.0,4.0,936.0,254.0,38.0,38.0,0.0,0.0,0.0,0.0,0.0,0.0,0.0,0.0,0.0,0.0,0.0,0.0,0.0,0.0,0.0,0.0,0.0,0.0,0.0,0.0,0.0,0.0,0.0,0.0,0.0,0.0,0.0,1.0,0.0,0.0,0.0,0.0,1.0,1.0,0.0,9957.0
-14690_6842,42.0,821.0,2541.0,581.0,0.0,1166.0,6.0,146.0,143.0,27.0,0.0,33.0,8.0,7.0,27.0,578.0,1499.0,1.0,94.0,561.0,180.0,0.0,75.0,488.0,47.0,5.0,1203.0,272.0,35.0,35.0,0.0,0.0,0.0,0.0,0.0,0.0,0.0,0.0,0.0,0.0,0.0,0.0,0.0,0.0,0.0,0.0,0.0,1.0,0.0,0.0,4.0,2.0,0.0,0.0,0.0,0.0,0.0,2.0,0.0,0.0,0.0,0.0,9.0,9.0,0.0,10621.0
-14690_6843,22.0,1137.0,2632.0,543.0,2.0,1160.0,25.0,271.0,643.0,40.0,0.0,68.0,7.0,9.0,42.0,531.0,875.0,2.0,111.0,618.0,541.0,0.0,127.0,792.0,68.0,7.0,2921.0,230.0,2.0,47.0,0.0,0.0,0.0,0.0,0.0,3.0,0.0,0.0,0.0,0.0,0.0,0.0,0.0,0.0,0.0,0.0,0.0,0.0,0.0,1.0,1.0,2.0,0.0,0.0,0.0,0.0,0.0,2.0,1.0,0.0,2.0,0.0,12.0,9.0,0.0,13473.0
-14690_6844,2.0,104.0,251.0,41.0,0.0,162.0,0.0,20.0,23.0,2.0,0.0,1.0,0.0,1.0,2.0,81.0,29.0,0.0,7.0,73.0,4.0,4.0,3.0,34.0,5.0,1.0,288.0,13.0,0.0,2.0,0.0,0.0,0.0,2.0,0.0,0.0,0.0,0.0,0.0,1.0,1.0,0.0,0.0,0.0,0.0,0.0,0.0,0.0,0.0,0.0,1.0,0.0,0.0,0.0,0.0,0.0,0.0,0.0,0.0,0.0,0.0,0.0,5.0,2.0,3.0,1153.0
-14690_6845,1.0,29.0,30.0,22.0,0.0,32.0,0.0,3.0,20.0,1.0,0.0,1.0,0.0,0.0,0.0,25.0,3.0,0.0,0.0,19.0,0.0,0.0,2.0,3.0,1.0,1.0,109.0,3.0,0.0,0.0,0.0,0.0,0.0,0.0,0.0,0.0,0.0,0.0,0.0,0.0,0.0,0.0,0.0,0.0,0.0,0.0,0.0,0.0,0.0,0.0,0.0,0.0,0.0,0.0,0.0,0.0,0.0,0.0,0.0,0.0,0.0,0.0,0.0,0.0,0.0,305.0
-14690_6846,0.0,40.0,50.0,31.0,0.0,50.0,0.0,151.0,34.0,0.0,0.0,2.0,1.0,0.0,0.0,54.0,22.0,0.0,0.0,34.0,21.0,0.0,3.0,25.0,1.0,0.0,202.0,10.0,0.0,0.0,0.0,0.0,0.0,0.0,0.0,0.0,0.0,0.0,0.0,0.0,1.0,0.0,0.0,0.0,0.0,0.0,0.0,0.0,0.0,0.0,0.0,0.0,0.0,0.0,0.0,0.0,0.0,0.0,0.0,0.0,0.0,0.0,1.0,0.0,1.0,731.0
-14690_6847,7.0,146.0,350.0,178.0,0.0,347.0,1.0,37.0,111.0,3.0,0.0,2.0,2.0,2.0,5.0,149.0,87.0,0.0,9.0,172.0,14.0,0.0,9.0,35.0,6.0,4.0,495.0,16.0,2.0,10.0,0.0,0.0,0.0,1.0,0.0,1.0,0.0,0.0,0.0,0.0,0.0,0.0,0.0,0.0,0.0,0.0,0.0,1.0,0.0,0.0,0.0,1.0,0.0,0.0,0.0,0.0,0.0,0.0,0.0,0.0,0.0,0.0,4.0,3.0,1.0,2199.0
-14690_6848,11.0,507.0,1075.0,449.0,0.0,918.0,7.0,117.0,380.0,4.0,0.0,7.0,8.0,4.0,21.0,296.0,244.0,0.0,27.0,396.0,12.0,0.0,34.0,151.0,30.0,4.0,1274.0,43.0,0.0,22.0,0.0,0.0,1.0,2.0,0.0,0.0,0.0,0.0,0.0,0.0,0.0,0.0,0.0,1.0,0.0,0.0,0.0,0.0,0.0,0.0,0.0,0.0,0.0,0.0,0.0,0.0,0.0,1.0,1.0,0.0,0.0,1.0,7.0,3.0,3.0,6041.0
-14690_6849,15.0,392.0,807.0,451.0,1.0,903.0,7.0,62.0,301.0,4.0,0.0,4.0,9.0,4.0,10.0,271.0,140.0,0.0,29.0,381.0,8.0,0.0,20.0,137.0,27.0,3.0,974.0,39.0,0.0,11.0,0.0,0.0,0.0,0.0,0.0,0.0,0.0,0.0,0.0,0.0,2.0,0.0,0.0,0.0,0.0,0.0,0.0,1.0,0.0,1.0,2.0,2.0,0.0,0.0,0.0,0.0,0.0,4.0,0.0,0.0,0.0,0.0,12.0,9.0,2.0,5010.0
-14690_6850,5.0,188.0,415.0,381.0,0.0,673.0,3.0,51.0,158.0,2.0,0.0,1.0,4.0,0.0,6.0,261.0,65.0,0.0,21.0,166.0,6.0,0.0,11.0,120.0,14.0,5.0,740.0,23.0,1.0,4.0,0.0,0.0,0.0,0.0,0.0,0.0,0.0,0.0,0.0,0.0,1.0,0.0,0.0,0.0,0.0,0.0,0.0,1.0,0.0,0.0,1.0,3.0,0.0,0.0,0.0,0.0,0.0,4.0,1.0,0.0,0.0,0.0,11.0,10.0,1.0,3324.0
-14690_6851,4.0,123.0,335.0,270.0,0.0,561.0,4.0,50.0,158.0,3.0,0.0,4.0,4.0,0.0,3.0,206.0,49.0,2.0,12.0,84.0,4.0,0.0,5.0,356.0,16.0,4.0,828.0,26.0,29.0,6.0,0.0,0.0,0.0,0.0,0.0,0.0,0.0,0.0,0.0,0.0,0.0,0.0,0.0,0.0,0.0,0.0,0.0,2.0,0.0,1.0,0.0,3.0,0.0,0.0,0.0,0.0,0.0,2.0,0.0,0.0,1.0,0.0,9.0,7.0,0.0,3146.0
-14690_6852,11.0,819.0,2554.0,340.0,5.0,1093.0,18.0,2220.0,764.0,15.0,0.0,41.0,12.0,4.0,49.0,449.0,1375.0,4.0,43.0,599.0,16.0,0.0,65.0,780.0,58.0,8.0,2896.0,142.0,58.0,21.0,0.0,0.0,0.0,4.0,0.0,0.0,0.0,0.0,0.0,1.0,0.0,0.0,0.0,1.0,0.0,0.0,0.0,1.0,0.0,0.0,2.0,2.0,0.0,0.0,0.0,0.0,0.0,2.0,0.0,0.0,0.0,0.0,13.0,9.0,4.0,14459.0
-14690_6853,3.0,620.0,1137.0,404.0,3.0,1107.0,18.0,231.0,740.0,7.0,0.0,43.0,9.0,6.0,4.0,553.0,379.0,1.0,57.0,733.0,11.0,0.0,57.0,170.0,36.0,12.0,2707.0,74.0,0.0,20.0,0.0,0.0,0.0,2.0,0.0,1.0,0.0,0.0,0.0,0.0,0.0,0.0,0.0,0.0,0.0,0.0,0.0,2.0,0.0,0.0,2.0,1.0,1.0,0.0,1.0,0.0,0.0,2.0,0.0,0.0,1.0,0.0,13.0,9.0,3.0,9142.0
-14690_6854,0.0,348.0,643.0,285.0,1.0,556.0,6.0,125.0,562.0,3.0,0.0,7.0,14.0,2.0,7.0,378.0,50.0,0.0,10.0,421.0,6.0,1.0,19.0,128.0,21.0,8.0,1942.0,24.0,0.0,7.0,0.0,0.0,0.0,3.0,0.0,1.0,0.0,0.0,0.0,0.0,0.0,0.0,0.0,0.0,0.0,0.0,0.0,2.0,0.0,0.0,3.0,1.0,0.0,0.0,0.0,0.0,0.0,1.0,1.0,0.0,1.0,0.0,13.0,9.0,3.0,5574.0
-14690_6855,0.0,79.0,206.0,21.0,2.0,97.0,1.0,112.0,118.0,1.0,0.0,3.0,1.0,1.0,3.0,31.0,44.0,1.0,5.0,79.0,0.0,0.0,20.0,36.0,3.0,0.0,477.0,28.0,0.0,4.0,0.0,0.0,0.0,0.0,0.0,0.0,0.0,0.0,0.0,0.0,0.0,0.0,0.0,0.0,0.0,0.0,0.0,0.0,0.0,0.0,0.0,0.0,0.0,0.0,0.0,0.0,0.0,0.0,0.0,0.0,0.0,0.0,0.0,0.0,0.0,1373.0
-14690_6856,0.0,7.0,23.0,0.0,1.0,11.0,2.0,2.0,6.0,1.0,0.0,1.0,0.0,0.0,0.0,0.0,9.0,0.0,0.0,3.0,0.0,0.0,3.0,2.0,3.0,0.0,16.0,2.0,0.0,0.0,0.0,0.0,0.0,0.0,0.0,0.0,0.0,0.0,0.0,0.0,0.0,0.0,0.0,0.0,0.0,0.0,0.0,0.0,0.0,0.0,0.0,0.0,0.0,0.0,0.0,0.0,0.0,0.0,0.0,0.0,0.0,0.0,0.0,0.0,0.0,92.0
-14690_6858,0.0,0.0,0.0,0.0,0.0,0.0,0.0,0.0,0.0,0.0,0.0,0.0,0.0,0.0,0.0,0.0,0.0,0.0,0.0,0.0,0.0,0.0,0.0,0.0,0.0,0.0,1.0,0.0,0.0,0.0,0.0,0.0,0.0,0.0,0.0,0.0,0.0,0.0,0.0,0.0,0.0,0.0,0.0,0.0,0.0,0.0,0.0,0.0,0.0,0.0,0.0,0.0,0.0,0.0,0.0,0.0,0.0,0.0,0.0,0.0,0.0,0.0,0.0,0.0,0.0,1.0
-14690_6860,0.0,12.0,12.0,0.0,0.0,11.0,0.0,23.0,5.0,0.0,0.0,0.0,0.0,0.0,0.0,0.0,2.0,0.0,0.0,9.0,0.0,0.0,0.0,2.0,1.0,0.0,22.0,0.0,0.0,0.0,0.0,0.0,0.0,5.0,0.0,0.0,0.0,0.0,0.0,0.0,0.0,0.0,0.0,0.0,0.0,0.0,0.0,0.0,0.0,0.0,0.0,0.0,0.0,0.0,0.0,0.0,0.0,0.0,0.0,0.0,0.0,0.0,5.0,0.0,5.0,99.0
-14691_6826,0.0,0.0,0.0,0.0,0.0,0.0,0.0,0.0,0.0,0.0,0.0,0.0,0.0,0.0,0.0,0.0,1.0,0.0,0.0,0.0,0.0,0.0,0.0,0.0,0.0,0.0,0.0,0.0,0.0,0.0,0.0,0.0,0.0,0.0,0.0,0.0,0.0,0.0,0.0,0.0,0.0,0.0,0.0,0.0,0.0,0.0,0.0,0.0,0.0,0.0,0.0,0.0,0.0,0.0,0.0,0.0,0.0,0.0,0.0,0.0,0.0,0.0,0.0,0.0,0.0,1.0
-14691_6828,0.0,11.0,28.0,21.0,0.0,39.0,0.0,5.0,8.0,1.0,0.0,0.0,0.0,0.0,0.0,19.0,1.0,0.0,2.0,21.0,0.0,0.0,3.0,2.0,0.0,0.0,40.0,2.0,0.0,0.0,0.0,0.0,0.0,0.0,0.0,0.0,0.0,0.0,0.0,0.0,0.0,0.0,0.0,0.0,0.0,0.0,0.0,0.0,0.0,0.0,1.0,0.0,0.0,0.0,0.0,0.0,0.0,0.0,0.0,0.0,0.0,0.0,1.0,1.0,0.0,203.0
-14691_6829,3.0,72.0,191.0,137.0,0.0,253.0,0.0,26.0,79.0,0.0,0.0,1.0,1.0,4.0,3.0,64.0,41.0,1.0,11.0,115.0,0.0,0.0,11.0,51.0,4.0,2.0,230.0,13.0,0.0,7.0,0.0,0.0,0.0,0.0,0.0,0.0,0.0,0.0,0.0,0.0,0.0,0.0,0.0,0.0,0.0,0.0,0.0,1.0,0.0,0.0,1.0,1.0,0.0,0.0,0.0,0.0,0.0,1.0,0.0,0.0,0.0,0.0,4.0,4.0,0.0,1320.0
-14691_6830,6.0,143.0,350.0,186.0,0.0,392.0,0.0,31.0,138.0,5.0,0.0,2.0,2.0,1.0,14.0,145.0,86.0,0.0,25.0,163.0,1.0,0.0,18.0,140.0,14.0,3.0,443.0,20.0,2.0,3.0,0.0,0.0,0.0,0.0,0.0,0.0,0.0,0.0,0.0,0.0,2.0,0.0,1.0,0.0,0.0,0.0,0.0,0.0,0.0,0.0,0.0,0.0,0.0,0.0,0.0,0.0,0.0,0.0,0.0,0.0,0.0,0.0,3.0,0.0,2.0,2333.0
-14691_6831,3.0,469.0,1215.0,170.0,0.0,531.0,2.0,95.0,156.0,4.0,0.0,8.0,8.0,2.0,0.0,206.0,277.0,1.0,31.0,207.0,1.0,0.0,151.0,240.0,33.0,2.0,853.0,70.0,15.0,8.0,0.0,0.0,0.0,0.0,0.0,0.0,0.0,0.0,0.0,0.0,0.0,0.0,0.0,0.0,0.0,0.0,0.0,1.0,0.0,0.0,0.0,1.0,0.0,0.0,0.0,0.0,0.0,2.0,0.0,0.0,0.0,0.0,4.0,4.0,0.0,4758.0
-14691_6832,6.0,185.0,424.0,132.0,0.0,424.0,1.0,56.0,100.0,1.0,0.0,1.0,4.0,4.0,1.0,226.0,61.0,1.0,27.0,225.0,1.0,0.0,8.0,57.0,11.0,2.0,356.0,31.0,0.0,8.0,0.0,0.0,0.0,0.0,0.0,0.0,0.0,0.0,0.0,0.0,0.0,0.0,0.0,0.0,0.0,0.0,0.0,0.0,0.0,0.0,0.0,0.0,0.0,0.0,0.0,0.0,0.0,0.0,0.0,0.0,0.0,0.0,0.0,0.0,0.0,2353.0
-14691_6833,8.0,86.0,250.0,183.0,0.0,249.0,3.0,16.0,78.0,1.0,0.0,2.0,1.0,0.0,0.0,126.0,20.0,0.0,15.0,127.0,0.0,0.0,2.0,36.0,4.0,0.0,214.0,10.0,0.0,2.0,0.0,0.0,0.0,0.0,0.0,0.0,0.0,0.0,0.0,0.0,0.0,0.0,0.0,0.0,0.0,0.0,0.0,0.0,0.0,0.0,0.0,0.0,0.0,0.0,0.0,0.0,0.0,0.0,0.0,0.0,0.0,0.0,0.0,0.0,0.0,1433.0
-14691_6834,7.0,207.0,545.0,368.0,0.0,513.0,4.0,48.0,106.0,4.0,0.0,6.0,1.0,6.0,0.0,323.0,127.0,2.0,44.0,246.0,0.0,0.0,15.0,150.0,16.0,1.0,515.0,27.0,3.0,13.0,0.0,0.0,0.0,0.0,0.0,0.0,0.0,0.0,0.0,0.0,0.0,0.0,0.0,0.0,0.0,0.0,0.0,1.0,0.0,0.0,0.0,0.0,0.0,0.0,0.0,0.0,0.0,1.0,0.0,0.0,0.0,0.0,2.0,2.0,0.0,3297.0
-14691_6835,0.0,24.0,73.0,3.0,0.0,30.0,3.0,2.0,4.0,2.0,0.0,3.0,0.0,0.0,0.0,9.0,44.0,0.0,1.0,7.0,0.0,0.0,5.0,53.0,5.0,0.0,76.0,17.0,0.0,5.0,0.0,0.0,0.0,0.0,0.0,0.0,0.0,0.0,0.0,0.0,0.0,0.0,0.0,0.0,0.0,0.0,0.0,2.0,0.0,0.0,0.0,0.0,0.0,0.0,0.0,0.0,0.0,0.0,0.0,0.0,0.0,0.0,2.0,2.0,0.0,366.0
-14691_6836,22.0,608.0,1720.0,657.0,1.0,1018.0,18.0,150.0,187.0,8.0,0.0,16.0,3.0,12.0,8.0,581.0,589.0,3.0,66.0,491.0,95.0,0.0,41.0,466.0,46.0,1.0,1163.0,118.0,7.0,23.0,0.0,0.0,0.0,0.0,0.0,0.0,0.0,0.0,0.0,0.0,1.0,0.0,0.0,0.0,0.0,0.0,0.0,0.0,0.0,0.0,2.0,0.0,0.0,0.0,0.0,0.0,0.0,1.0,0.0,0.0,0.0,0.0,4.0,3.0,1.0,8118.0
-14691_6837,43.0,1356.0,3669.0,1146.0,1.0,1990.0,27.0,455.0,488.0,27.0,0.0,43.0,2.0,15.0,28.0,839.0,1878.0,1.0,110.0,1095.0,62.0,0.0,206.0,991.0,64.0,7.0,2063.0,362.0,21.0,58.0,0.0,1.0,0.0,0.0,0.0,0.0,1.0,0.0,0.0,0.0,3.0,0.0,0.0,0.0,0.0,0.0,0.0,0.0,0.0,0.0,2.0,0.0,0.0,0.0,0.0,0.0,0.0,0.0,0.0,0.0,0.0,0.0,7.0,4.0,3.0,17047.0
-14691_6838,28.0,766.0,2258.0,931.0,0.0,1491.0,8.0,173.0,219.0,19.0,0.0,24.0,9.0,8.0,7.0,693.0,930.0,2.0,100.0,807.0,11.0,0.0,88.0,439.0,52.0,10.0,1296.0,191.0,24.0,26.0,0.0,0.0,0.0,0.0,0.0,0.0,0.0,0.0,0.0,0.0,0.0,0.0,0.0,0.0,0.0,0.0,0.0,0.0,0.0,0.0,2.0,0.0,0.0,0.0,0.0,0.0,0.0,1.0,0.0,0.0,0.0,0.0,3.0,3.0,0.0,10610.0
-14691_6839,18.0,633.0,1833.0,758.0,2.0,1251.0,13.0,174.0,211.0,25.0,0.0,34.0,9.0,9.0,20.0,627.0,1407.0,1.0,64.0,685.0,13.0,0.0,102.0,447.0,37.0,6.0,1184.0,230.0,42.0,33.0,1.0,0.0,0.0,0.0,0.0,0.0,0.0,0.0,0.0,0.0,0.0,0.0,0.0,0.0,0.0,0.0,0.0,0.0,0.0,0.0,1.0,0.0,0.0,0.0,0.0,0.0,0.0,0.0,0.0,0.0,1.0,0.0,3.0,1.0,1.0,9868.0
-14691_6840,11.0,387.0,1045.0,294.0,2.0,670.0,10.0,81.0,135.0,16.0,0.0,14.0,3.0,4.0,11.0,354.0,376.0,0.0,63.0,361.0,6.0,0.0,39.0,285.0,28.0,2.0,782.0,103.0,9.0,19.0,0.0,0.0,0.0,0.0,0.0,0.0,0.0,0.0,0.0,0.0,1.0,0.0,0.0,0.0,0.0,0.0,0.0,1.0,0.0,0.0,1.0,1.0,0.0,0.0,0.0,0.0,0.0,2.0,0.0,0.0,0.0,0.0,6.0,5.0,1.0,5110.0
-14691_6841,6.0,218.0,548.0,178.0,1.0,347.0,2.0,38.0,91.0,15.0,0.0,5.0,3.0,2.0,3.0,158.0,149.0,0.0,27.0,130.0,2.0,0.0,19.0,118.0,6.0,0.0,549.0,51.0,1.0,9.0,0.0,0.0,0.0,0.0,0.0,0.0,0.0,0.0,0.0,1.0,1.0,0.0,0.0,0.0,0.0,0.0,0.0,1.0,0.0,0.0,0.0,1.0,0.0,0.0,0.0,0.0,0.0,0.0,0.0,0.0,0.0,0.0,4.0,3.0,1.0,2676.0
-14691_6842,24.0,454.0,1306.0,387.0,0.0,844.0,10.0,100.0,146.0,12.0,0.0,20.0,9.0,8.0,13.0,434.0,653.0,1.0,63.0,370.0,38.0,0.0,61.0,340.0,27.0,3.0,756.0,178.0,4.0,33.0,0.0,0.0,0.0,0.0,0.0,0.0,0.0,0.0,0.0,0.0,0.0,0.0,0.0,0.0,0.0,0.0,0.0,0.0,0.0,0.0,1.0,0.0,0.0,0.0,0.0,0.0,0.0,2.0,0.0,0.0,0.0,0.0,3.0,3.0,0.0,6294.0
-14691_6843,25.0,934.0,2292.0,503.0,2.0,1366.0,15.0,179.0,389.0,32.0,0.0,43.0,9.0,11.0,32.0,533.0,827.0,1.0,109.0,691.0,141.0,0.0,151.0,525.0,69.0,5.0,2004.0,289.0,0.0,41.0,0.0,0.0,0.0,0.0,0.0,0.0,0.0,0.0,0.0,0.0,1.0,0.0,0.0,0.0,0.0,0.0,0.0,0.0,0.0,0.0,1.0,2.0,0.0,0.0,0.0,0.0,0.0,3.0,0.0,0.0,0.0,0.0,7.0,6.0,1.0,11218.0
-14691_6844,28.0,809.0,2426.0,355.0,1.0,1162.0,16.0,143.0,200.0,52.0,0.0,25.0,4.0,9.0,41.0,442.0,931.0,1.0,132.0,654.0,7.0,0.0,135.0,195.0,63.0,8.0,1059.0,336.0,1.0,44.0,0.0,0.0,0.0,0.0,0.0,0.0,0.0,0.0,0.0,0.0,0.0,0.0,0.0,0.0,0.0,0.0,0.0,1.0,0.0,0.0,2.0,1.0,0.0,0.0,0.0,0.0,0.0,2.0,0.0,0.0,0.0,0.0,6.0,6.0,0.0,9279.0
-14691_6845,4.0,202.0,328.0,98.0,0.0,230.0,1.0,106.0,210.0,3.0,0.0,7.0,0.0,2.0,8.0,397.0,84.0,0.0,8.0,117.0,3.0,0.0,16.0,120.0,12.0,1.0,1065.0,23.0,2.0,7.0,0.0,0.0,0.0,1.0,0.0,0.0,0.0,0.0,0.0,0.0,0.0,0.0,0.0,0.0,0.0,0.0,0.0,0.0,0.0,0.0,0.0,0.0,0.0,0.0,0.0,0.0,0.0,0.0,0.0,0.0,0.0,0.0,1.0,0.0,1.0,3054.0
-14691_6846,1.0,19.0,17.0,16.0,1.0,36.0,0.0,4.0,8.0,0.0,0.0,0.0,0.0,0.0,1.0,38.0,16.0,0.0,1.0,25.0,2.0,0.0,0.0,0.0,0.0,0.0,149.0,5.0,0.0,0.0,0.0,0.0,0.0,0.0,0.0,0.0,0.0,0.0,0.0,0.0,0.0,0.0,0.0,0.0,0.0,0.0,0.0,0.0,0.0,0.0,0.0,0.0,0.0,0.0,0.0,0.0,0.0,0.0,0.0,0.0,0.0,0.0,0.0,0.0,0.0,339.0
-14691_6847,2.0,70.0,68.0,37.0,0.0,121.0,0.0,23.0,49.0,0.0,0.0,1.0,0.0,0.0,0.0,88.0,30.0,0.0,2.0,47.0,2.0,0.0,4.0,11.0,1.0,0.0,286.0,3.0,0.0,0.0,0.0,1.0,0.0,0.0,0.0,0.0,0.0,0.0,0.0,0.0,0.0,0.0,0.0,0.0,0.0,0.0,0.0,0.0,0.0,0.0,0.0,0.0,0.0,0.0,1.0,0.0,0.0,0.0,0.0,0.0,0.0,0.0,2.0,1.0,1.0,845.0
-14691_6848,9.0,382.0,883.0,365.0,1.0,782.0,3.0,101.0,185.0,1.0,0.0,6.0,0.0,4.0,22.0,205.0,226.0,1.0,24.0,381.0,2.0,0.0,55.0,57.0,18.0,3.0,763.0,69.0,0.0,12.0,0.0,1.0,0.0,0.0,0.0,0.0,0.0,0.0,0.0,0.0,0.0,0.0,0.0,0.0,0.0,0.0,0.0,1.0,0.0,0.0,1.0,2.0,0.0,0.0,0.0,0.0,0.0,5.0,0.0,0.0,0.0,0.0,10.0,10.0,0.0,4560.0
-14691_6849,9.0,839.0,1565.0,513.0,0.0,1294.0,7.0,350.0,382.0,10.0,0.0,29.0,11.0,8.0,34.0,251.0,483.0,2.0,66.0,540.0,2.0,0.0,110.0,177.0,31.0,8.0,2159.0,135.0,2.0,25.0,0.0,0.0,0.0,1.0,0.0,0.0,0.0,0.0,0.0,0.0,1.0,0.0,1.0,0.0,1.0,0.0,0.0,1.0,0.0,0.0,3.0,4.0,1.0,0.0,0.0,0.0,0.0,1.0,0.0,0.0,1.0,1.0,16.0,10.0,3.0,9042.0
-14691_6850,25.0,185.0,470.0,380.0,0.0,657.0,4.0,54.0,132.0,4.0,1.0,2.0,2.0,3.0,4.0,247.0,97.0,0.0,17.0,217.0,7.0,1.0,15.0,98.0,26.0,3.0,795.0,27.0,2.0,5.0,0.0,0.0,0.0,0.0,0.0,0.0,0.0,0.0,0.0,0.0,0.0,0.0,0.0,0.0,0.0,0.0,0.0,2.0,0.0,0.0,1.0,0.0,0.0,0.0,0.0,0.0,0.0,0.0,1.0,0.0,0.0,0.0,4.0,4.0,0.0,3480.0
-14691_6851,5.0,55.0,199.0,117.0,1.0,322.0,2.0,21.0,111.0,3.0,1.0,0.0,1.0,2.0,3.0,176.0,40.0,0.0,5.0,83.0,9.0,0.0,6.0,75.0,12.0,0.0,587.0,22.0,3.0,4.0,0.0,0.0,0.0,1.0,0.0,0.0,0.0,0.0,0.0,0.0,0.0,0.0,0.0,0.0,0.0,0.0,0.0,0.0,0.0,0.0,0.0,0.0,0.0,0.0,0.0,0.0,0.0,0.0,0.0,0.0,2.0,0.0,3.0,0.0,1.0,1865.0
-14691_6852,16.0,206.0,471.0,215.0,0.0,469.0,2.0,153.0,257.0,5.0,0.0,6.0,1.0,1.0,15.0,253.0,206.0,1.0,3.0,162.0,5.0,1.0,16.0,236.0,13.0,3.0,1583.0,27.0,6.0,5.0,0.0,0.0,1.0,0.0,0.0,0.0,1.0,0.0,0.0,0.0,0.0,0.0,0.0,0.0,0.0,0.0,0.0,2.0,0.0,1.0,0.0,2.0,0.0,0.0,0.0,0.0,0.0,0.0,3.0,0.0,1.0,0.0,11.0,8.0,0.0,4337.0
-14691_6853,7.0,75.0,154.0,89.0,0.0,297.0,2.0,39.0,114.0,2.0,0.0,5.0,3.0,1.0,4.0,120.0,32.0,0.0,7.0,74.0,1.0,0.0,3.0,150.0,8.0,2.0,983.0,11.0,0.0,4.0,0.0,0.0,0.0,0.0,0.0,0.0,0.0,0.0,0.0,0.0,0.0,0.0,0.0,0.0,0.0,0.0,0.0,2.0,0.0,0.0,0.0,3.0,0.0,0.0,0.0,0.0,0.0,0.0,0.0,0.0,1.0,0.0,6.0,5.0,0.0,2187.0
-14691_6854,2.0,70.0,193.0,90.0,1.0,249.0,5.0,78.0,227.0,2.0,0.0,1.0,1.0,4.0,3.0,172.0,31.0,1.0,23.0,170.0,0.0,0.0,2.0,43.0,10.0,5.0,755.0,15.0,0.0,4.0,0.0,0.0,0.0,0.0,0.0,0.0,0.0,0.0,0.0,0.0,0.0,0.0,0.0,0.0,0.0,0.0,0.0,5.0,0.0,0.0,1.0,2.0,0.0,0.0,0.0,0.0,0.0,1.0,0.0,0.0,0.0,0.0,9.0,9.0,0.0,2157.0
-14691_6855,8.0,1220.0,2794.0,475.0,3.0,1430.0,34.0,1911.0,2614.0,5.0,0.0,110.0,5.0,7.0,53.0,802.0,1052.0,5.0,52.0,904.0,39.0,1.0,165.0,896.0,107.0,27.0,6781.0,209.0,17.0,31.0,0.0,0.0,2.0,1.0,0.0,0.0,0.0,0.0,0.0,0.0,1.0,0.0,0.0,0.0,0.0,0.0,0.0,4.0,1.0,0.0,0.0,2.0,1.0,0.0,0.0,0.0,0.0,0.0,0.0,0.0,3.0,0.0,15.0,7.0,2.0,21757.0
-14691_6856,4.0,243.0,761.0,64.0,1.0,379.0,22.0,299.0,485.0,3.0,1.0,12.0,3.0,1.0,19.0,236.0,257.0,1.0,7.0,209.0,117.0,0.0,76.0,134.0,26.0,5.0,2590.0,62.0,0.0,26.0,0.0,0.0,1.0,2.0,0.0,0.0,0.0,0.0,0.0,0.0,0.0,0.0,0.0,1.0,0.0,0.0,0.0,1.0,0.0,0.0,0.0,0.0,0.0,0.0,0.0,0.0,0.0,0.0,0.0,0.0,0.0,0.0,5.0,2.0,2.0,6043.0
-14691_6857,2.0,59.0,209.0,24.0,3.0,111.0,5.0,37.0,55.0,0.0,0.0,7.0,0.0,1.0,10.0,50.0,120.0,0.0,1.0,31.0,0.0,1.0,45.0,38.0,7.0,0.0,628.0,31.0,0.0,2.0,0.0,0.0,0.0,0.0,0.0,0.0,0.0,0.0,0.0,0.0,0.0,0.0,0.0,0.0,0.0,0.0,0.0,3.0,0.0,0.0,0.0,0.0,0.0,0.0,0.0,0.0,0.0,0.0,0.0,0.0,0.0,0.0,3.0,3.0,0.0,1477.0
-14691_6858,1.0,77.0,239.0,42.0,1.0,139.0,1.0,46.0,270.0,0.0,0.0,1.0,3.0,1.0,2.0,65.0,29.0,0.0,15.0,173.0,2.0,0.0,10.0,19.0,8.0,1.0,483.0,7.0,0.0,3.0,0.0,0.0,0.0,0.0,0.0,0.0,0.0,0.0,0.0,0.0,0.0,0.0,0.0,0.0,0.0,0.0,0.0,2.0,0.0,0.0,0.0,2.0,0.0,0.0,0.0,0.0,0.0,0.0,0.0,0.0,0.0,0.0,4.0,4.0,0.0,1638.0
-14691_6859,0.0,6.0,46.0,7.0,1.0,14.0,0.0,8.0,5.0,1.0,0.0,0.0,0.0,0.0,0.0,3.0,5.0,0.0,1.0,3.0,0.0,0.0,1.0,2.0,0.0,0.0,43.0,3.0,0.0,0.0,0.0,0.0,0.0,0.0,0.0,0.0,0.0,0.0,0.0,0.0,0.0,0.0,0.0,0.0,0.0,0.0,0.0,1.0,0.0,0.0,0.0,0.0,2.0,0.0,0.0,0.0,0.0,0.0,0.0,0.0,0.0,0.0,3.0,3.0,0.0,149.0
-14691_6860,0.0,6.0,26.0,1.0,0.0,14.0,1.0,2.0,26.0,2.0,0.0,1.0,0.0,0.0,3.0,6.0,3.0,0.0,2.0,23.0,0.0,0.0,2.0,4.0,2.0,1.0,150.0,0.0,0.0,1.0,0.0,0.0,0.0,5.0,0.0,0.0,0.0,0.0,0.0,0.0,0.0,0.0,0.0,0.0,0.0,0.0,0.0,0.0,0.0,0.0,0.0,0.0,0.0,0.0,2.0,0.0,0.0,0.0,0.0,0.0,0.0,0.0,7.0,0.0,7.0,276.0
-14692_6828,0.0,21.0,53.0,14.0,0.0,34.0,0.0,5.0,14.0,1.0,0.0,0.0,0.0,0.0,1.0,11.0,9.0,0.0,3.0,17.0,1.0,0.0,1.0,0.0,1.0,0.0,26.0,1.0,0.0,1.0,0.0,0.0,0.0,0.0,0.0,0.0,0.0,0.0,0.0,0.0,0.0,0.0,0.0,0.0,0.0,0.0,0.0,0.0,0.0,0.0,0.0,0.0,0.0,0.0,0.0,0.0,0.0,0.0,0.0,0.0,0.0,0.0,0.0,0.0,0.0,214.0
-14692_6829,2.0,88.0,203.0,154.0,0.0,318.0,4.0,36.0,89.0,2.0,0.0,2.0,0.0,3.0,1.0,112.0,25.0,0.0,16.0,177.0,0.0,0.0,6.0,20.0,9.0,2.0,296.0,28.0,0.0,2.0,0.0,0.0,0.0,0.0,0.0,0.0,0.0,0.0,0.0,0.0,0.0,0.0,0.0,0.0,0.0,0.0,0.0,0.0,0.0,0.0,1.0,0.0,0.0,0.0,0.0,0.0,0.0,0.0,0.0,0.0,0.0,0.0,1.0,1.0,0.0,1595.0
-14692_6830,3.0,76.0,233.0,110.0,0.0,301.0,0.0,32.0,82.0,1.0,0.0,0.0,2.0,1.0,5.0,104.0,50.0,0.0,20.0,136.0,1.0,0.0,10.0,23.0,10.0,3.0,247.0,31.0,1.0,4.0,0.0,0.0,0.0,0.0,0.0,0.0,0.0,0.0,0.0,0.0,0.0,0.0,0.0,0.0,0.0,0.0,0.0,0.0,0.0,0.0,1.0,0.0,0.0,0.0,0.0,0.0,0.0,1.0,0.0,0.0,0.0,0.0,2.0,2.0,0.0,1486.0
-14692_6831,6.0,185.0,296.0,104.0,0.0,312.0,1.0,48.0,90.0,3.0,0.0,3.0,8.0,2.0,7.0,95.0,91.0,0.0,18.0,202.0,0.0,0.0,24.0,79.0,13.0,2.0,299.0,28.0,2.0,3.0,0.0,0.0,0.0,0.0,0.0,0.0,0.0,0.0,0.0,0.0,0.0,0.0,0.0,1.0,0.0,0.0,0.0,0.0,0.0,0.0,0.0,0.0,0.0,0.0,0.0,0.0,0.0,0.0,0.0,0.0,0.0,0.0,1.0,1.0,0.0,1921.0
-14692_6832,1.0,100.0,227.0,77.0,0.0,256.0,3.0,21.0,85.0,2.0,0.0,4.0,0.0,4.0,3.0,162.0,48.0,0.0,16.0,138.0,0.0,0.0,11.0,60.0,12.0,3.0,315.0,25.0,1.0,5.0,0.0,0.0,0.0,0.0,0.0,0.0,0.0,0.0,0.0,1.0,0.0,0.0,0.0,0.0,0.0,0.0,0.0,0.0,0.0,0.0,0.0,0.0,0.0,0.0,0.0,0.0,0.0,0.0,0.0,0.0,0.0,0.0,1.0,1.0,0.0,1579.0
-14692_6833,4.0,78.0,170.0,141.0,0.0,199.0,0.0,30.0,57.0,1.0,0.0,0.0,0.0,1.0,1.0,113.0,33.0,0.0,11.0,111.0,0.0,0.0,12.0,23.0,6.0,1.0,399.0,9.0,0.0,5.0,0.0,0.0,0.0,0.0,0.0,0.0,0.0,0.0,0.0,0.0,0.0,0.0,0.0,0.0,0.0,0.0,0.0,0.0,0.0,0.0,0.0,0.0,0.0,0.0,0.0,0.0,0.0,0.0,0.0,0.0,0.0,0.0,0.0,0.0,0.0,1405.0
-14692_6834,14.0,216.0,504.0,280.0,0.0,577.0,8.0,38.0,116.0,2.0,0.0,1.0,2.0,4.0,1.0,214.0,82.0,1.0,24.0,226.0,0.0,0.0,12.0,130.0,17.0,2.0,399.0,37.0,1.0,7.0,0.0,0.0,0.0,0.0,0.0,0.0,0.0,0.0,0.0,0.0,0.0,0.0,0.0,0.0,0.0,0.0,0.0,0.0,0.0,0.0,0.0,0.0,0.0,0.0,0.0,0.0,0.0,1.0,0.0,0.0,0.0,0.0,1.0,1.0,0.0,2915.0
-14692_6835,4.0,32.0,126.0,88.0,0.0,140.0,0.0,18.0,32.0,1.0,0.0,0.0,0.0,3.0,2.0,50.0,32.0,0.0,9.0,78.0,1.0,0.0,1.0,17.0,4.0,0.0,121.0,18.0,0.0,5.0,0.0,0.0,0.0,0.0,0.0,0.0,0.0,0.0,0.0,0.0,0.0,0.0,0.0,0.0,0.0,0.0,0.0,0.0,0.0,0.0,0.0,0.0,0.0,0.0,0.0,0.0,0.0,0.0,0.0,0.0,0.0,0.0,0.0,0.0,0.0,782.0
-14692_6836,15.0,294.0,739.0,326.0,1.0,594.0,6.0,57.0,110.0,8.0,0.0,3.0,2.0,8.0,2.0,314.0,184.0,0.0,38.0,311.0,3.0,0.0,26.0,118.0,23.0,5.0,594.0,87.0,0.0,13.0,0.0,0.0,0.0,0.0,0.0,0.0,0.0,0.0,0.0,0.0,0.0,0.0,0.0,0.0,0.0,0.0,0.0,0.0,0.0,0.0,0.0,2.0,0.0,0.0,0.0,0.0,0.0,1.0,0.0,0.0,0.0,0.0,3.0,3.0,0.0,3881.0
-14692_6837,49.0,1003.0,2392.0,737.0,0.0,1467.0,14.0,276.0,582.0,25.0,0.0,36.0,2.0,10.0,23.0,653.0,1140.0,2.0,80.0,775.0,110.0,0.0,100.0,740.0,57.0,7.0,2782.0,218.0,22.0,34.0,0.0,0.0,0.0,0.0,0.0,0.0,0.0,0.0,0.0,0.0,1.0,0.0,0.0,0.0,0.0,0.0,0.0,0.0,0.0,1.0,1.0,0.0,0.0,0.0,0.0,0.0,0.0,1.0,0.0,0.0,1.0,0.0,5.0,2.0,1.0,13336.0
-14692_6838,29.0,771.0,2304.0,691.0,1.0,1435.0,16.0,213.0,297.0,29.0,0.0,23.0,4.0,6.0,13.0,692.0,861.0,2.0,114.0,936.0,32.0,0.0,81.0,490.0,62.0,12.0,1555.0,173.0,19.0,33.0,0.0,0.0,0.0,0.0,0.0,0.0,0.0,0.0,0.0,0.0,0.0,0.0,0.0,1.0,0.0,0.0,0.0,1.0,0.0,0.0,1.0,0.0,0.0,0.0,0.0,0.0,0.0,0.0,1.0,0.0,0.0,0.0,4.0,4.0,0.0,10894.0
-14692_6839,30.0,492.0,1282.0,543.0,0.0,1022.0,11.0,111.0,200.0,29.0,0.0,24.0,3.0,3.0,12.0,610.0,700.0,2.0,68.0,468.0,57.0,0.0,126.0,405.0,38.0,3.0,910.0,133.0,0.0,21.0,0.0,0.0,0.0,0.0,0.0,0.0,0.0,0.0,0.0,0.0,1.0,0.0,0.0,0.0,0.0,0.0,0.0,0.0,0.0,0.0,1.0,0.0,0.0,0.0,0.0,0.0,0.0,1.0,1.0,0.0,0.0,0.0,4.0,3.0,1.0,7303.0
-14692_6840,24.0,494.0,1398.0,374.0,0.0,973.0,8.0,140.0,184.0,9.0,0.0,11.0,4.0,11.0,8.0,412.0,485.0,1.0,51.0,377.0,4.0,0.0,180.0,259.0,36.0,8.0,855.0,171.0,1.0,25.0,0.0,0.0,0.0,0.0,0.0,0.0,0.0,0.0,0.0,0.0,1.0,0.0,0.0,1.0,0.0,0.0,0.0,0.0,0.0,0.0,1.0,1.0,0.0,0.0,0.0,0.0,0.0,3.0,0.0,0.0,0.0,0.0,7.0,6.0,1.0,6503.0
-14692_6841,25.0,375.0,1039.0,384.0,0.0,772.0,3.0,69.0,133.0,18.0,0.0,11.0,4.0,4.0,22.0,426.0,427.0,2.0,68.0,384.0,2.0,1.0,86.0,150.0,40.0,4.0,598.0,150.0,2.0,19.0,0.0,0.0,0.0,0.0,0.0,0.0,0.0,0.0,0.0,0.0,1.0,0.0,0.0,0.0,0.0,0.0,0.0,0.0,0.0,0.0,2.0,2.0,0.0,0.0,0.0,0.0,0.0,1.0,0.0,0.0,0.0,0.0,6.0,5.0,1.0,5218.0
-14692_6842,14.0,417.0,1030.0,325.0,3.0,920.0,10.0,103.0,169.0,10.0,0.0,9.0,4.0,5.0,19.0,417.0,384.0,1.0,43.0,314.0,19.0,0.0,86.0,270.0,44.0,5.0,1519.0,163.0,0.0,16.0,0.0,0.0,0.0,1.0,0.0,0.0,0.0,0.0,0.0,0.0,1.0,0.0,0.0,0.0,0.0,0.0,0.0,3.0,0.0,0.0,1.0,1.0,0.0,0.0,0.0,0.0,0.0,1.0,0.0,0.0,0.0,0.0,8.0,6.0,2.0,6319.0
-14692_6843,3.0,160.0,378.0,98.0,0.0,237.0,1.0,59.0,68.0,2.0,0.0,12.0,1.0,0.0,1.0,137.0,208.0,0.0,14.0,134.0,34.0,1.0,10.0,101.0,17.0,2.0,411.0,37.0,0.0,8.0,0.0,0.0,0.0,0.0,0.0,0.0,0.0,0.0,0.0,0.0,4.0,0.0,0.0,1.0,0.0,0.0,0.0,0.0,0.0,0.0,0.0,0.0,0.0,0.0,0.0,0.0,0.0,1.0,1.0,0.0,0.0,0.0,7.0,3.0,4.0,2134.0
-14692_6844,0.0,52.0,51.0,15.0,0.0,29.0,0.0,26.0,38.0,0.0,0.0,2.0,0.0,0.0,0.0,21.0,2.0,0.0,5.0,18.0,0.0,0.0,3.0,27.0,1.0,0.0,1387.0,2.0,0.0,0.0,0.0,0.0,0.0,0.0,0.0,0.0,0.0,0.0,0.0,0.0,0.0,0.0,0.0,0.0,0.0,0.0,0.0,0.0,0.0,0.0,0.0,0.0,0.0,0.0,0.0,0.0,0.0,0.0,0.0,0.0,0.0,0.0,0.0,0.0,0.0,1679.0
-14692_6845,3.0,47.0,126.0,43.0,0.0,87.0,0.0,14.0,47.0,0.0,0.0,0.0,0.0,0.0,0.0,67.0,39.0,0.0,3.0,55.0,0.0,0.0,5.0,14.0,2.0,1.0,112.0,9.0,0.0,2.0,0.0,0.0,0.0,0.0,0.0,0.0,0.0,0.0,0.0,0.0,0.0,0.0,0.0,0.0,0.0,0.0,0.0,0.0,0.0,0.0,0.0,0.0,0.0,0.0,0.0,0.0,0.0,0.0,0.0,0.0,0.0,0.0,0.0,0.0,0.0,676.0
-14692_6846,12.0,159.0,475.0,174.0,1.0,384.0,1.0,40.0,84.0,2.0,0.0,5.0,3.0,5.0,7.0,166.0,125.0,1.0,20.0,172.0,1.0,0.0,8.0,47.0,8.0,0.0,512.0,36.0,0.0,4.0,0.0,0.0,0.0,0.0,0.0,0.0,0.0,0.0,0.0,1.0,0.0,0.0,0.0,0.0,0.0,0.0,0.0,0.0,0.0,0.0,1.0,0.0,0.0,0.0,0.0,0.0,0.0,2.0,0.0,0.0,0.0,0.0,4.0,4.0,0.0,2452.0
-14692_6847,5.0,188.0,413.0,280.0,0.0,373.0,3.0,52.0,112.0,3.0,0.0,5.0,0.0,1.0,3.0,152.0,113.0,0.0,19.0,161.0,1.0,0.0,10.0,65.0,12.0,5.0,505.0,37.0,1.0,4.0,0.0,0.0,0.0,0.0,0.0,0.0,0.0,0.0,0.0,0.0,1.0,0.0,0.0,0.0,0.0,0.0,0.0,0.0,0.0,0.0,0.0,1.0,0.0,0.0,0.0,0.0,0.0,1.0,0.0,0.0,0.0,0.0,3.0,2.0,1.0,2523.0
-14692_6848,2.0,55.0,57.0,65.0,1.0,76.0,0.0,33.0,35.0,1.0,0.0,1.0,2.0,0.0,0.0,57.0,23.0,0.0,0.0,44.0,0.0,0.0,5.0,9.0,0.0,0.0,239.0,4.0,0.0,0.0,0.0,0.0,0.0,0.0,0.0,0.0,0.0,0.0,0.0,0.0,0.0,0.0,0.0,0.0,0.0,0.0,0.0,3.0,0.0,0.0,0.0,0.0,0.0,0.0,0.0,0.0,0.0,0.0,0.0,0.0,0.0,0.0,3.0,3.0,0.0,709.0
-14692_6849,16.0,380.0,921.0,403.0,0.0,853.0,4.0,84.0,166.0,8.0,0.0,5.0,9.0,12.0,8.0,292.0,140.0,1.0,36.0,413.0,6.0,0.0,22.0,76.0,16.0,5.0,858.0,43.0,2.0,11.0,0.0,0.0,0.0,0.0,0.0,0.0,1.0,0.0,0.0,0.0,0.0,0.0,1.0,0.0,0.0,0.0,0.0,2.0,0.0,0.0,1.0,1.0,0.0,0.0,0.0,0.0,0.0,1.0,0.0,0.0,0.0,0.0,7.0,6.0,0.0,4790.0
-14692_6850,12.0,180.0,448.0,219.0,0.0,623.0,5.0,40.0,120.0,3.0,0.0,4.0,3.0,5.0,0.0,183.0,88.0,0.0,18.0,242.0,13.0,0.0,9.0,47.0,15.0,3.0,547.0,23.0,0.0,6.0,0.0,0.0,0.0,0.0,0.0,0.0,0.0,0.0,0.0,0.0,0.0,0.0,0.0,0.0,0.0,0.0,0.0,0.0,0.0,0.0,1.0,0.0,0.0,0.0,0.0,0.0,0.0,1.0,0.0,0.0,0.0,0.0,2.0,2.0,0.0,2856.0
-14692_6851,2.0,85.0,147.0,34.0,0.0,311.0,6.0,40.0,47.0,2.0,0.0,1.0,0.0,0.0,0.0,74.0,30.0,0.0,0.0,29.0,9.0,0.0,5.0,92.0,18.0,0.0,494.0,13.0,0.0,3.0,0.0,0.0,0.0,0.0,0.0,0.0,0.0,0.0,0.0,0.0,1.0,0.0,0.0,0.0,0.0,1.0,0.0,1.0,0.0,0.0,0.0,0.0,0.0,0.0,0.0,0.0,0.0,0.0,0.0,0.0,0.0,0.0,3.0,1.0,2.0,1442.0
-14692_6852,5.0,165.0,386.0,162.0,1.0,365.0,14.0,61.0,92.0,4.0,0.0,0.0,0.0,0.0,5.0,213.0,53.0,0.0,17.0,104.0,0.0,0.0,21.0,61.0,12.0,0.0,763.0,23.0,0.0,10.0,0.0,0.0,0.0,3.0,0.0,0.0,0.0,0.0,0.0,0.0,0.0,0.0,0.0,0.0,0.0,0.0,0.0,0.0,0.0,0.0,1.0,2.0,0.0,0.0,1.0,0.0,0.0,1.0,0.0,0.0,0.0,0.0,8.0,4.0,4.0,2537.0
-14692_6853,7.0,210.0,504.0,222.0,0.0,450.0,7.0,79.0,129.0,6.0,0.0,3.0,3.0,0.0,11.0,483.0,112.0,0.0,11.0,196.0,1.0,0.0,23.0,103.0,8.0,5.0,883.0,48.0,1.0,6.0,0.0,0.0,0.0,1.0,0.0,0.0,0.0,0.0,0.0,0.0,1.0,0.0,0.0,0.0,0.0,0.0,0.0,1.0,0.0,0.0,1.0,1.0,0.0,0.0,0.0,0.0,0.0,1.0,0.0,0.0,1.0,0.0,7.0,4.0,2.0,3511.0
-14692_6854,1.0,199.0,532.0,11.0,0.0,125.0,4.0,356.0,197.0,1.0,0.0,5.0,0.0,2.0,3.0,102.0,58.0,0.0,6.0,164.0,0.0,0.0,10.0,75.0,17.0,1.0,2424.0,7.0,1.0,13.0,0.0,0.0,0.0,0.0,0.0,0.0,0.0,0.0,0.0,1.0,0.0,0.0,0.0,0.0,0.0,0.0,0.0,0.0,0.0,0.0,0.0,0.0,0.0,0.0,0.0,0.0,0.0,0.0,1.0,0.0,1.0,0.0,3.0,2.0,0.0,4314.0
-14692_6855,4.0,169.0,283.0,37.0,1.0,217.0,6.0,81.0,473.0,1.0,0.0,5.0,0.0,0.0,1.0,150.0,33.0,1.0,7.0,111.0,0.0,0.0,16.0,89.0,8.0,3.0,3035.0,19.0,0.0,3.0,0.0,0.0,0.0,0.0,0.0,1.0,0.0,0.0,0.0,0.0,0.0,0.0,0.0,0.0,0.0,0.0,0.0,3.0,0.0,1.0,0.0,1.0,0.0,0.0,0.0,0.0,0.0,1.0,0.0,0.0,1.0,0.0,8.0,6.0,0.0,4753.0
-14692_6856,6.0,885.0,2088.0,444.0,1.0,1673.0,34.0,775.0,1834.0,3.0,1.0,25.0,13.0,7.0,30.0,1081.0,418.0,0.0,30.0,863.0,16.0,1.0,106.0,639.0,92.0,15.0,7272.0,92.0,0.0,54.0,1.0,0.0,0.0,3.0,0.0,1.0,0.0,0.0,0.0,0.0,1.0,0.0,0.0,0.0,0.0,2.0,0.0,5.0,5.0,1.0,2.0,2.0,1.0,0.0,0.0,0.0,0.0,2.0,0.0,0.0,0.0,0.0,26.0,13.0,7.0,18498.0
-14692_6857,25.0,1765.0,3884.0,407.0,4.0,1573.0,42.0,2343.0,3477.0,13.0,0.0,107.0,19.0,7.0,68.0,447.0,934.0,3.0,27.0,1151.0,42.0,8.0,317.0,1277.0,238.0,22.0,15656.0,181.0,6.0,51.0,0.0,0.0,2.0,3.0,0.0,0.0,0.0,2.0,0.0,0.0,0.0,0.0,0.0,3.0,0.0,0.0,0.0,3.0,0.0,1.0,1.0,0.0,0.0,0.0,2.0,0.0,0.0,0.0,0.0,0.0,0.0,1.0,18.0,7.0,6.0,34094.0
-14692_6858,3.0,482.0,1136.0,172.0,2.0,703.0,14.0,418.0,1588.0,3.0,0.0,22.0,5.0,4.0,15.0,192.0,155.0,1.0,7.0,516.0,12.0,1.0,111.0,331.0,74.0,13.0,8829.0,64.0,0.0,27.0,0.0,2.0,1.0,3.0,0.0,0.0,0.0,0.0,0.0,0.0,0.0,0.0,0.0,0.0,0.0,0.0,0.0,3.0,0.0,1.0,0.0,6.0,0.0,0.0,0.0,0.0,0.0,1.0,0.0,0.0,0.0,1.0,18.0,12.0,4.0,14900.0
-14692_6859,0.0,363.0,1042.0,175.0,3.0,652.0,47.0,412.0,1141.0,4.0,0.0,10.0,7.0,3.0,14.0,497.0,81.0,0.0,21.0,472.0,170.0,1.0,72.0,122.0,23.0,8.0,3929.0,41.0,0.0,25.0,0.0,0.0,0.0,7.0,0.0,0.0,0.0,0.0,0.0,1.0,0.0,0.0,0.0,0.0,0.0,0.0,0.0,7.0,0.0,2.0,0.0,3.0,0.0,0.0,1.0,0.0,0.0,1.0,0.0,0.0,1.0,0.0,23.0,12.0,8.0,9335.0
-14692_6860,2.0,382.0,1175.0,155.0,1.0,549.0,31.0,293.0,1089.0,3.0,0.0,7.0,4.0,5.0,15.0,273.0,103.0,1.0,37.0,561.0,24.0,0.0,54.0,147.0,46.0,15.0,4016.0,31.0,2.0,29.0,0.0,0.0,1.0,2.0,0.0,0.0,0.0,0.0,0.0,0.0,0.0,0.0,0.0,0.0,0.0,0.0,0.0,3.0,0.0,1.0,0.0,2.0,0.0,0.0,0.0,0.0,0.0,0.0,0.0,0.0,0.0,0.0,9.0,5.0,2.0,9050.0
-14693_6829,1.0,53.0,136.0,41.0,0.0,105.0,3.0,13.0,37.0,2.0,0.0,0.0,0.0,0.0,0.0,43.0,31.0,0.0,9.0,55.0,4.0,0.0,1.0,35.0,2.0,1.0,176.0,5.0,0.0,8.0,0.0,0.0,0.0,0.0,0.0,0.0,0.0,0.0,0.0,0.0,0.0,0.0,0.0,0.0,0.0,0.0,0.0,0.0,0.0,1.0,1.0,0.0,0.0,0.0,0.0,0.0,0.0,1.0,0.0,0.0,0.0,0.0,3.0,2.0,0.0,761.0
-14693_6830,2.0,130.0,257.0,67.0,0.0,221.0,3.0,24.0,117.0,2.0,0.0,1.0,1.0,1.0,2.0,108.0,36.0,1.0,13.0,123.0,0.0,0.0,13.0,35.0,4.0,3.0,312.0,22.0,1.0,5.0,0.0,0.0,0.0,0.0,0.0,0.0,0.0,0.0,0.0,0.0,0.0,0.0,0.0,0.0,0.0,0.0,0.0,1.0,0.0,0.0,0.0,1.0,0.0,0.0,0.0,0.0,0.0,0.0,0.0,0.0,1.0,0.0,3.0,2.0,0.0,1504.0
-14693_6831,7.0,171.0,381.0,89.0,0.0,363.0,3.0,33.0,88.0,1.0,0.0,1.0,0.0,5.0,1.0,107.0,57.0,0.0,20.0,186.0,0.0,0.0,11.0,47.0,14.0,0.0,222.0,39.0,0.0,4.0,0.0,0.0,0.0,0.0,0.0,0.0,0.0,0.0,0.0,0.0,0.0,0.0,0.0,0.0,0.0,0.0,0.0,0.0,0.0,0.0,0.0,1.0,0.0,0.0,0.0,0.0,0.0,1.0,0.0,0.0,0.0,0.0,2.0,2.0,0.0,1850.0
-14693_6832,4.0,151.0,314.0,122.0,0.0,375.0,2.0,38.0,95.0,2.0,0.0,2.0,2.0,7.0,1.0,192.0,41.0,0.0,19.0,219.0,0.0,0.0,4.0,63.0,9.0,2.0,390.0,13.0,0.0,9.0,0.0,0.0,0.0,0.0,0.0,0.0,0.0,0.0,0.0,0.0,0.0,0.0,0.0,0.0,0.0,0.0,0.0,1.0,0.0,0.0,0.0,1.0,0.0,0.0,0.0,0.0,0.0,0.0,0.0,0.0,0.0,0.0,2.0,2.0,0.0,2076.0
-14693_6833,0.0,6.0,25.0,7.0,0.0,43.0,0.0,2.0,20.0,0.0,0.0,0.0,0.0,0.0,0.0,9.0,0.0,1.0,3.0,14.0,0.0,0.0,1.0,12.0,0.0,0.0,27.0,1.0,0.0,0.0,0.0,0.0,0.0,0.0,0.0,0.0,0.0,0.0,0.0,0.0,0.0,0.0,0.0,0.0,0.0,0.0,0.0,0.0,0.0,0.0,0.0,0.0,0.0,0.0,0.0,0.0,0.0,0.0,0.0,0.0,0.0,0.0,0.0,0.0,0.0,171.0
-14693_6834,3.0,122.0,266.0,104.0,0.0,273.0,2.0,36.0,104.0,0.0,0.0,2.0,0.0,1.0,2.0,218.0,43.0,0.0,14.0,62.0,0.0,0.0,23.0,126.0,6.0,2.0,1365.0,20.0,0.0,7.0,0.0,0.0,0.0,0.0,0.0,1.0,0.0,0.0,0.0,0.0,0.0,0.0,0.0,0.0,0.0,0.0,0.0,0.0,0.0,1.0,0.0,0.0,0.0,0.0,0.0,0.0,0.0,0.0,1.0,0.0,0.0,0.0,3.0,2.0,0.0,2801.0
-14693_6835,8.0,193.0,419.0,308.0,0.0,596.0,1.0,35.0,136.0,4.0,0.0,3.0,3.0,1.0,2.0,223.0,71.0,2.0,21.0,212.0,0.0,0.0,14.0,136.0,23.0,1.0,543.0,29.0,1.0,5.0,0.0,0.0,0.0,0.0,0.0,0.0,0.0,0.0,0.0,0.0,0.0,0.0,0.0,0.0,0.0,0.0,0.0,0.0,0.0,0.0,0.0,2.0,0.0,0.0,0.0,0.0,0.0,1.0,0.0,0.0,0.0,0.0,3.0,3.0,0.0,2990.0
-14693_6836,13.0,141.0,420.0,342.0,0.0,539.0,3.0,48.0,128.0,2.0,0.0,2.0,3.0,2.0,2.0,242.0,128.0,0.0,41.0,231.0,1.0,0.0,21.0,69.0,10.0,3.0,429.0,39.0,0.0,8.0,0.0,0.0,0.0,0.0,0.0,0.0,0.0,0.0,0.0,0.0,0.0,0.0,0.0,0.0,0.0,0.0,0.0,0.0,0.0,0.0,1.0,0.0,0.0,0.0,0.0,0.0,0.0,0.0,0.0,0.0,0.0,0.0,1.0,1.0,0.0,2867.0
-14693_6837,11.0,382.0,880.0,295.0,3.0,885.0,3.0,161.0,237.0,6.0,0.0,29.0,5.0,24.0,13.0,313.0,503.0,1.0,125.0,431.0,6.0,0.0,91.0,135.0,27.0,7.0,789.0,85.0,1.0,12.0,0.0,0.0,1.0,0.0,0.0,0.0,0.0,0.0,0.0,0.0,0.0,0.0,0.0,0.0,0.0,0.0,0.0,0.0,0.0,0.0,3.0,0.0,1.0,0.0,0.0,0.0,0.0,0.0,0.0,0.0,0.0,0.0,5.0,4.0,0.0,5460.0
-14693_6838,14.0,295.0,797.0,352.0,0.0,717.0,4.0,50.0,152.0,9.0,0.0,8.0,0.0,6.0,5.0,320.0,199.0,1.0,52.0,394.0,2.0,0.0,28.0,111.0,24.0,3.0,577.0,69.0,0.0,15.0,0.0,0.0,0.0,0.0,0.0,0.0,0.0,0.0,0.0,0.0,0.0,0.0,0.0,0.0,0.0,0.0,0.0,0.0,0.0,0.0,1.0,0.0,0.0,0.0,0.0,0.0,0.0,2.0,2.0,0.0,0.0,0.0,5.0,5.0,0.0,4204.0
-14693_6839,32.0,445.0,1164.0,518.0,2.0,1082.0,2.0,163.0,259.0,13.0,0.0,20.0,9.0,10.0,10.0,428.0,563.0,2.0,50.0,400.0,75.0,0.0,134.0,330.0,40.0,6.0,1029.0,99.0,1.0,14.0,0.0,0.0,0.0,0.0,0.0,0.0,0.0,0.0,0.0,0.0,0.0,0.0,0.0,0.0,0.0,0.0,0.0,0.0,0.0,0.0,1.0,0.0,0.0,0.0,0.0,0.0,0.0,0.0,1.0,0.0,1.0,1.0,4.0,2.0,1.0,6900.0
-14693_6840,17.0,410.0,1154.0,450.0,1.0,906.0,5.0,91.0,276.0,9.0,0.0,10.0,5.0,2.0,5.0,451.0,393.0,0.0,81.0,442.0,13.0,0.0,78.0,277.0,39.0,7.0,1362.0,113.0,0.0,20.0,0.0,0.0,0.0,0.0,0.0,0.0,0.0,0.0,0.0,0.0,0.0,0.0,0.0,0.0,0.0,0.0,0.0,0.0,0.0,0.0,0.0,0.0,0.0,0.0,0.0,0.0,0.0,0.0,0.0,0.0,0.0,0.0,0.0,0.0,0.0,6617.0
-14693_6841,13.0,209.0,705.0,412.0,0.0,734.0,6.0,46.0,133.0,7.0,0.0,4.0,4.0,2.0,14.0,417.0,281.0,0.0,50.0,323.0,0.0,0.0,29.0,105.0,25.0,3.0,524.0,77.0,0.0,15.0,0.0,0.0,0.0,0.0,0.0,0.0,0.0,0.0,0.0,0.0,0.0,0.0,0.0,0.0,0.0,0.0,0.0,0.0,0.0,0.0,1.0,0.0,0.0,0.0,0.0,0.0,0.0,1.0,0.0,0.0,0.0,0.0,2.0,2.0,0.0,4138.0
-14693_6842,9.0,172.0,483.0,227.0,0.0,436.0,0.0,37.0,88.0,9.0,0.0,4.0,7.0,6.0,3.0,242.0,213.0,0.0,18.0,232.0,0.0,0.0,27.0,88.0,20.0,2.0,334.0,55.0,1.0,15.0,0.0,0.0,0.0,0.0,0.0,0.0,0.0,0.0,0.0,0.0,1.0,0.0,1.0,0.0,0.0,0.0,0.0,0.0,0.0,0.0,2.0,0.0,0.0,0.0,0.0,0.0,0.0,0.0,0.0,0.0,0.0,0.0,4.0,2.0,1.0,2728.0
-14693_6843,18.0,441.0,1062.0,361.0,1.0,720.0,5.0,129.0,334.0,21.0,0.0,12.0,4.0,8.0,12.0,468.0,339.0,1.0,48.0,358.0,818.0,0.0,44.0,327.0,51.0,2.0,1442.0,124.0,1.0,21.0,0.0,0.0,0.0,1.0,0.0,0.0,0.0,0.0,0.0,0.0,0.0,0.0,0.0,0.0,0.0,0.0,0.0,1.0,0.0,1.0,0.0,2.0,0.0,0.0,0.0,0.0,0.0,2.0,0.0,0.0,0.0,0.0,7.0,5.0,1.0,7172.0
-14693_6844,18.0,271.0,733.0,277.0,2.0,476.0,3.0,106.0,161.0,8.0,0.0,11.0,2.0,4.0,7.0,343.0,236.0,0.0,30.0,276.0,5.0,0.0,20.0,138.0,15.0,3.0,1149.0,67.0,0.0,10.0,0.0,0.0,0.0,1.0,0.0,0.0,0.0,0.0,0.0,0.0,0.0,0.0,0.0,0.0,0.0,0.0,0.0,0.0,0.0,0.0,0.0,0.0,0.0,0.0,0.0,0.0,0.0,0.0,0.0,0.0,0.0,0.0,1.0,0.0,1.0,4371.0
-14693_6845,5.0,20.0,56.0,23.0,0.0,56.0,0.0,7.0,14.0,0.0,0.0,1.0,0.0,0.0,0.0,14.0,16.0,0.0,6.0,21.0,0.0,0.0,0.0,7.0,4.0,0.0,54.0,7.0,0.0,1.0,0.0,0.0,0.0,0.0,0.0,0.0,0.0,0.0,0.0,0.0,0.0,0.0,0.0,0.0,0.0,0.0,0.0,0.0,0.0,0.0,0.0,0.0,0.0,0.0,0.0,0.0,0.0,0.0,0.0,0.0,0.0,0.0,0.0,0.0,0.0,312.0
-14693_6846,1.0,74.0,133.0,81.0,0.0,120.0,1.0,24.0,37.0,2.0,0.0,1.0,3.0,2.0,5.0,59.0,70.0,0.0,5.0,63.0,0.0,0.0,1.0,28.0,10.0,1.0,217.0,12.0,0.0,3.0,0.0,0.0,0.0,0.0,0.0,0.0,0.0,0.0,0.0,0.0,0.0,0.0,0.0,0.0,0.0,0.0,0.0,1.0,0.0,0.0,0.0,0.0,0.0,0.0,0.0,0.0,0.0,0.0,0.0,0.0,0.0,0.0,1.0,1.0,0.0,953.0
-14693_6847,11.0,440.0,1108.0,468.0,0.0,1008.0,18.0,117.0,170.0,3.0,1.0,9.0,7.0,8.0,16.0,336.0,432.0,0.0,70.0,460.0,3.0,0.0,48.0,155.0,29.0,6.0,1054.0,79.0,2.0,14.0,0.0,0.0,0.0,0.0,0.0,0.0,0.0,0.0,0.0,0.0,1.0,0.0,0.0,1.0,0.0,0.0,0.0,2.0,0.0,1.0,2.0,1.0,0.0,0.0,0.0,0.0,0.0,3.0,0.0,0.0,0.0,0.0,11.0,9.0,1.0,6072.0
-14693_6848,16.0,260.0,672.0,366.0,2.0,761.0,8.0,47.0,154.0,8.0,1.0,6.0,3.0,1.0,14.0,289.0,183.0,0.0,27.0,258.0,11.0,0.0,25.0,93.0,17.0,3.0,658.0,48.0,1.0,8.0,0.0,0.0,0.0,0.0,0.0,0.0,0.0,0.0,0.0,1.0,2.0,0.0,0.0,0.0,0.0,0.0,0.0,2.0,0.0,0.0,1.0,1.0,0.0,0.0,0.0,0.0,0.0,0.0,0.0,0.0,0.0,0.0,7.0,5.0,2.0,3940.0
-14693_6849,5.0,258.0,560.0,155.0,0.0,533.0,2.0,122.0,250.0,2.0,0.0,3.0,2.0,3.0,8.0,142.0,119.0,3.0,11.0,154.0,13.0,0.0,18.0,145.0,14.0,6.0,2195.0,24.0,3.0,5.0,0.0,0.0,0.0,1.0,0.0,1.0,0.0,0.0,0.0,0.0,0.0,0.0,0.0,0.0,0.0,0.0,0.0,5.0,0.0,0.0,0.0,1.0,0.0,0.0,0.0,0.0,0.0,0.0,0.0,0.0,1.0,0.0,9.0,7.0,1.0,4755.0
-14693_6850,10.0,124.0,411.0,157.0,0.0,459.0,4.0,37.0,80.0,3.0,0.0,2.0,3.0,5.0,7.0,164.0,62.0,0.0,21.0,161.0,15.0,0.0,6.0,51.0,9.0,3.0,399.0,15.0,8.0,2.0,0.0,0.0,0.0,1.0,0.0,0.0,0.0,0.0,0.0,0.0,0.0,0.0,0.0,0.0,0.0,0.0,0.0,5.0,0.0,0.0,0.0,2.0,0.0,0.0,0.0,0.0,0.0,0.0,1.0,0.0,0.0,0.0,9.0,8.0,1.0,2218.0
-14693_6851,1.0,31.0,100.0,57.0,0.0,78.0,1.0,5.0,19.0,1.0,0.0,1.0,0.0,0.0,0.0,24.0,6.0,0.0,0.0,33.0,1.0,0.0,2.0,7.0,2.0,0.0,106.0,2.0,0.0,1.0,0.0,0.0,0.0,0.0,0.0,0.0,0.0,0.0,0.0,1.0,0.0,0.0,0.0,0.0,0.0,0.0,0.0,0.0,0.0,0.0,0.0,0.0,0.0,0.0,0.0,0.0,0.0,0.0,0.0,0.0,0.0,0.0,1.0,1.0,0.0,478.0
-14693_6852,8.0,244.0,454.0,102.0,0.0,472.0,4.0,64.0,138.0,1.0,0.0,2.0,7.0,1.0,9.0,265.0,185.0,0.0,30.0,190.0,1.0,0.0,53.0,53.0,10.0,8.0,756.0,47.0,1.0,7.0,0.0,0.0,0.0,0.0,0.0,1.0,0.0,0.0,0.0,0.0,0.0,0.0,0.0,0.0,0.0,0.0,0.0,2.0,0.0,0.0,0.0,2.0,0.0,0.0,1.0,0.0,0.0,0.0,0.0,0.0,0.0,0.0,6.0,5.0,1.0,3112.0
-14693_6853,16.0,314.0,788.0,335.0,0.0,951.0,7.0,95.0,230.0,12.0,0.0,7.0,4.0,3.0,17.0,462.0,253.0,1.0,27.0,319.0,13.0,0.0,50.0,156.0,27.0,4.0,1391.0,64.0,2.0,19.0,0.0,2.0,0.0,1.0,0.0,0.0,0.0,0.0,0.0,0.0,0.0,0.0,1.0,0.0,0.0,0.0,0.0,1.0,0.0,0.0,0.0,1.0,0.0,0.0,0.0,0.0,0.0,2.0,0.0,0.0,0.0,0.0,8.0,6.0,1.0,5567.0
-14693_6854,2.0,158.0,339.0,105.0,0.0,299.0,8.0,64.0,291.0,2.0,0.0,6.0,6.0,0.0,7.0,322.0,97.0,0.0,7.0,169.0,1.0,0.0,8.0,89.0,6.0,2.0,1146.0,22.0,1.0,2.0,0.0,0.0,0.0,2.0,0.0,0.0,0.0,0.0,0.0,0.0,0.0,0.0,0.0,0.0,0.0,0.0,0.0,4.0,0.0,0.0,0.0,1.0,0.0,0.0,1.0,0.0,0.0,0.0,0.0,0.0,0.0,0.0,8.0,5.0,3.0,3159.0
-14693_6855,4.0,688.0,950.0,122.0,3.0,516.0,8.0,817.0,1190.0,4.0,0.0,16.0,5.0,2.0,3.0,401.0,167.0,0.0,14.0,459.0,2.0,2.0,52.0,313.0,20.0,6.0,6266.0,60.0,0.0,11.0,1.0,0.0,1.0,0.0,0.0,0.0,0.0,0.0,0.0,2.0,2.0,0.0,0.0,0.0,0.0,0.0,0.0,0.0,0.0,1.0,0.0,0.0,0.0,0.0,0.0,0.0,0.0,0.0,0.0,0.0,1.0,0.0,8.0,2.0,3.0,12101.0
-14693_6856,0.0,131.0,259.0,41.0,0.0,176.0,7.0,121.0,165.0,0.0,1.0,0.0,3.0,1.0,0.0,140.0,85.0,0.0,7.0,170.0,16.0,0.0,12.0,94.0,16.0,5.0,662.0,15.0,1.0,6.0,1.0,0.0,0.0,0.0,0.0,0.0,0.0,0.0,0.0,0.0,0.0,0.0,0.0,0.0,0.0,0.0,0.0,2.0,0.0,0.0,0.0,0.0,1.0,0.0,0.0,0.0,0.0,0.0,0.0,1.0,0.0,0.0,5.0,3.0,2.0,2134.0
-14693_6857,6.0,761.0,1599.0,360.0,6.0,908.0,22.0,872.0,2161.0,12.0,0.0,22.0,15.0,5.0,24.0,431.0,208.0,3.0,14.0,1159.0,43.0,1.0,394.0,457.0,53.0,18.0,7869.0,61.0,1.0,17.0,0.0,0.0,1.0,4.0,0.0,1.0,0.0,0.0,0.0,1.0,0.0,0.0,0.0,0.0,0.0,0.0,0.0,5.0,0.0,1.0,0.0,0.0,0.0,1.0,2.0,0.0,0.0,0.0,0.0,0.0,0.0,0.0,16.0,7.0,6.0,17502.0
-14693_6858,22.0,3045.0,4603.0,615.0,6.0,1940.0,41.0,2212.0,8401.0,8.0,0.0,120.0,97.0,10.0,50.0,602.0,756.0,2.0,56.0,2171.0,17.0,7.0,447.0,1419.0,190.0,43.0,38717.0,150.0,4.0,56.0,0.0,1.0,2.0,9.0,0.0,2.0,0.0,2.0,0.0,0.0,0.0,0.0,0.0,0.0,0.0,0.0,0.0,1.0,0.0,2.0,4.0,0.0,0.0,0.0,2.0,0.0,0.0,0.0,0.0,0.0,0.0,0.0,25.0,8.0,11.0,65807.0
-14693_6859,10.0,1175.0,3932.0,500.0,5.0,1520.0,91.0,1642.0,3301.0,9.0,1.0,75.0,13.0,2.0,83.0,643.0,905.0,1.0,14.0,1144.0,314.0,4.0,254.0,918.0,105.0,20.0,14463.0,219.0,6.0,79.0,0.0,0.0,1.0,19.0,0.0,1.0,0.0,0.0,0.0,0.0,0.0,0.0,0.0,0.0,0.0,1.0,0.0,2.0,0.0,1.0,1.0,0.0,0.0,0.0,3.0,0.0,0.0,0.0,0.0,0.0,1.0,0.0,30.0,4.0,23.0,31448.0
-14693_6860,5.0,1072.0,2800.0,456.0,4.0,1110.0,367.0,1142.0,3436.0,4.0,2.0,29.0,17.0,8.0,29.0,618.0,270.0,3.0,38.0,964.0,594.0,3.0,186.0,472.0,111.0,17.0,15609.0,180.0,5.0,131.0,0.0,0.0,1.0,6.0,0.0,2.0,0.0,0.0,0.0,0.0,0.0,2.0,0.0,0.0,0.0,0.0,0.0,0.0,1.0,1.0,0.0,0.0,0.0,0.0,2.0,0.0,0.0,1.0,1.0,0.0,2.0,0.0,19.0,6.0,8.0,29682.0
-14693_6861,0.0,183.0,487.0,101.0,1.0,190.0,43.0,125.0,497.0,0.0,0.0,5.0,3.0,4.0,5.0,177.0,25.0,2.0,32.0,338.0,22.0,1.0,34.0,103.0,30.0,3.0,1172.0,43.0,0.0,23.0,0.0,0.0,0.0,0.0,0.0,0.0,0.0,0.0,0.0,0.0,0.0,0.0,0.0,1.0,0.0,0.0,0.0,1.0,0.0,0.0,1.0,1.0,0.0,0.0,0.0,0.0,0.0,0.0,0.0,0.0,0.0,0.0,4.0,4.0,0.0,3649.0
-14694_6831,4.0,109.0,147.0,49.0,0.0,113.0,0.0,10.0,173.0,0.0,0.0,0.0,0.0,1.0,0.0,54.0,30.0,0.0,3.0,38.0,1.0,0.0,12.0,113.0,5.0,0.0,680.0,3.0,0.0,1.0,0.0,0.0,1.0,0.0,0.0,0.0,0.0,0.0,0.0,0.0,0.0,0.0,0.0,0.0,0.0,0.0,0.0,0.0,0.0,0.0,0.0,0.0,0.0,0.0,0.0,0.0,0.0,0.0,0.0,0.0,0.0,0.0,1.0,0.0,0.0,1546.0
-14694_6832,6.0,368.0,851.0,132.0,0.0,594.0,5.0,263.0,549.0,4.0,0.0,4.0,3.0,4.0,6.0,849.0,71.0,1.0,33.0,252.0,11.0,0.0,37.0,255.0,29.0,4.0,8983.0,35.0,0.0,23.0,0.0,0.0,0.0,0.0,0.0,0.0,0.0,0.0,0.0,0.0,0.0,0.0,0.0,0.0,0.0,0.0,0.0,0.0,0.0,0.0,0.0,0.0,0.0,0.0,0.0,0.0,0.0,0.0,0.0,0.0,0.0,0.0,0.0,0.0,0.0,13372.0
-14694_6833,0.0,14.0,22.0,0.0,0.0,39.0,0.0,2.0,2.0,0.0,0.0,0.0,0.0,0.0,0.0,40.0,1.0,0.0,2.0,7.0,0.0,0.0,2.0,1.0,1.0,0.0,129.0,1.0,0.0,0.0,0.0,0.0,0.0,0.0,0.0,0.0,0.0,0.0,0.0,0.0,0.0,0.0,0.0,0.0,0.0,0.0,0.0,0.0,0.0,0.0,0.0,0.0,0.0,0.0,0.0,0.0,0.0,0.0,0.0,0.0,0.0,0.0,0.0,0.0,0.0,263.0
-14694_6834,0.0,5.0,4.0,1.0,0.0,10.0,0.0,2.0,2.0,0.0,0.0,0.0,0.0,0.0,0.0,5.0,0.0,0.0,0.0,6.0,0.0,0.0,0.0,0.0,0.0,0.0,21.0,1.0,0.0,1.0,0.0,0.0,0.0,0.0,0.0,0.0,0.0,0.0,0.0,0.0,0.0,0.0,0.0,0.0,0.0,0.0,0.0,0.0,0.0,0.0,0.0,0.0,0.0,0.0,0.0,0.0,0.0,0.0,0.0,0.0,0.0,0.0,0.0,0.0,0.0,58.0
-14694_6835,4.0,82.0,253.0,197.0,0.0,268.0,4.0,16.0,77.0,0.0,0.0,2.0,0.0,5.0,0.0,120.0,29.0,0.0,20.0,151.0,0.0,0.0,7.0,25.0,13.0,1.0,301.0,15.0,0.0,5.0,0.0,0.0,0.0,0.0,0.0,0.0,0.0,0.0,0.0,0.0,0.0,0.0,0.0,0.0,0.0,0.0,0.0,0.0,0.0,0.0,0.0,0.0,0.0,0.0,0.0,0.0,0.0,0.0,0.0,0.0,0.0,0.0,0.0,0.0,0.0,1595.0
-14694_6836,6.0,209.0,480.0,318.0,1.0,626.0,1.0,48.0,241.0,3.0,0.0,8.0,4.0,8.0,3.0,240.0,176.0,1.0,40.0,251.0,2.0,0.0,20.0,175.0,16.0,3.0,805.0,26.0,3.0,16.0,0.0,0.0,0.0,0.0,0.0,0.0,0.0,0.0,0.0,0.0,1.0,0.0,0.0,0.0,0.0,0.0,0.0,0.0,0.0,0.0,1.0,0.0,0.0,0.0,0.0,0.0,0.0,0.0,0.0,0.0,0.0,0.0,2.0,1.0,1.0,3730.0
-14694_6837,14.0,357.0,1115.0,372.0,1.0,885.0,7.0,93.0,235.0,2.0,0.0,7.0,6.0,12.0,21.0,255.0,361.0,3.0,50.0,355.0,1.0,1.0,70.0,203.0,46.0,3.0,1118.0,94.0,5.0,13.0,0.0,0.0,0.0,0.0,0.0,0.0,0.0,0.0,0.0,0.0,1.0,0.0,0.0,0.0,0.0,0.0,0.0,0.0,0.0,1.0,0.0,0.0,0.0,0.0,0.0,0.0,0.0,3.0,0.0,0.0,0.0,0.0,5.0,3.0,1.0,5705.0
-14694_6838,15.0,232.0,597.0,348.0,1.0,628.0,4.0,49.0,161.0,5.0,0.0,3.0,7.0,5.0,3.0,258.0,175.0,1.0,41.0,295.0,0.0,0.0,26.0,97.0,24.0,4.0,503.0,55.0,0.0,14.0,0.0,0.0,0.0,0.0,0.0,0.0,0.0,0.0,0.0,1.0,0.0,0.0,0.0,0.0,0.0,0.0,0.0,0.0,0.0,0.0,1.0,0.0,0.0,0.0,0.0,0.0,0.0,0.0,0.0,0.0,0.0,0.0,2.0,2.0,0.0,3551.0
-14694_6839,15.0,253.0,615.0,318.0,1.0,694.0,3.0,40.0,144.0,9.0,0.0,8.0,4.0,6.0,2.0,238.0,191.0,2.0,34.0,278.0,0.0,0.0,28.0,122.0,29.0,3.0,429.0,38.0,2.0,6.0,0.0,0.0,0.0,0.0,0.0,0.0,0.0,0.0,0.0,0.0,0.0,0.0,0.0,0.0,0.0,0.0,0.0,0.0,0.0,0.0,0.0,0.0,0.0,0.0,0.0,0.0,0.0,1.0,0.0,0.0,0.0,0.0,1.0,1.0,0.0,3512.0
-14694_6840,31.0,387.0,1032.0,363.0,0.0,834.0,3.0,116.0,170.0,11.0,0.0,10.0,5.0,7.0,31.0,335.0,504.0,1.0,57.0,354.0,4.0,0.0,61.0,266.0,37.0,4.0,598.0,139.0,0.0,22.0,0.0,0.0,0.0,0.0,0.0,1.0,0.0,0.0,0.0,0.0,0.0,0.0,1.0,0.0,0.0,0.0,0.0,0.0,0.0,0.0,1.0,2.0,0.0,0.0,0.0,0.0,0.0,2.0,1.0,0.0,0.0,0.0,8.0,7.0,0.0,5382.0
-14694_6841,26.0,509.0,1243.0,463.0,0.0,1007.0,8.0,89.0,223.0,16.0,0.0,10.0,7.0,7.0,27.0,550.0,718.0,2.0,65.0,465.0,54.0,0.0,111.0,280.0,35.0,3.0,1313.0,168.0,9.0,20.0,0.0,0.0,0.0,0.0,0.0,0.0,0.0,0.0,0.0,0.0,1.0,0.0,0.0,0.0,0.0,0.0,0.0,0.0,0.0,0.0,2.0,0.0,0.0,0.0,0.0,0.0,0.0,1.0,0.0,0.0,0.0,0.0,4.0,3.0,1.0,7428.0
-14694_6842,4.0,33.0,90.0,59.0,0.0,81.0,1.0,6.0,19.0,6.0,0.0,2.0,0.0,1.0,0.0,63.0,41.0,0.0,7.0,45.0,0.0,0.0,3.0,16.0,4.0,0.0,96.0,10.0,0.0,2.0,0.0,0.0,0.0,0.0,0.0,0.0,0.0,0.0,0.0,0.0,0.0,0.0,0.0,0.0,0.0,0.0,0.0,0.0,0.0,0.0,0.0,0.0,0.0,0.0,0.0,0.0,0.0,0.0,0.0,0.0,0.0,0.0,0.0,0.0,0.0,589.0
-14694_6843,12.0,220.0,580.0,220.0,0.0,469.0,2.0,55.0,87.0,9.0,0.0,9.0,8.0,4.0,10.0,285.0,287.0,0.0,32.0,231.0,1200.0,1.0,15.0,182.0,29.0,3.0,458.0,58.0,2.0,10.0,0.0,0.0,0.0,0.0,0.0,2.0,0.0,0.0,0.0,0.0,1.0,0.0,0.0,0.0,0.0,0.0,0.0,0.0,0.0,0.0,0.0,0.0,0.0,0.0,0.0,0.0,0.0,2.0,0.0,0.0,0.0,0.0,5.0,4.0,1.0,4478.0
-14694_6844,24.0,492.0,1551.0,590.0,0.0,1116.0,12.0,83.0,191.0,16.0,0.0,17.0,5.0,16.0,22.0,548.0,501.0,4.0,107.0,563.0,2.0,0.0,82.0,225.0,71.0,11.0,819.0,173.0,1.0,26.0,0.0,0.0,0.0,0.0,0.0,0.0,0.0,0.0,0.0,0.0,0.0,0.0,0.0,0.0,0.0,0.0,0.0,0.0,0.0,0.0,1.0,0.0,0.0,0.0,0.0,0.0,0.0,1.0,0.0,0.0,0.0,0.0,2.0,2.0,0.0,7268.0
-14694_6845,23.0,395.0,1167.0,525.0,0.0,847.0,9.0,110.0,164.0,14.0,0.0,11.0,7.0,6.0,13.0,391.0,342.0,1.0,70.0,473.0,0.0,0.0,68.0,120.0,45.0,6.0,744.0,130.0,1.0,28.0,0.0,0.0,0.0,1.0,0.0,0.0,0.0,0.0,0.0,0.0,0.0,0.0,0.0,0.0,0.0,0.0,0.0,0.0,0.0,0.0,1.0,1.0,0.0,0.0,0.0,0.0,0.0,1.0,0.0,0.0,0.0,0.0,4.0,3.0,1.0,5710.0
-14694_6846,6.0,293.0,669.0,228.0,3.0,541.0,4.0,74.0,136.0,4.0,1.0,11.0,5.0,2.0,23.0,217.0,262.0,2.0,30.0,246.0,1.0,0.0,24.0,132.0,29.0,5.0,669.0,55.0,2.0,10.0,0.0,0.0,0.0,0.0,0.0,0.0,0.0,0.0,0.0,0.0,2.0,0.0,2.0,0.0,0.0,0.0,0.0,0.0,0.0,0.0,0.0,1.0,0.0,0.0,0.0,0.0,0.0,0.0,0.0,0.0,0.0,0.0,5.0,1.0,2.0,3684.0
-14694_6847,9.0,228.0,554.0,213.0,0.0,754.0,3.0,56.0,154.0,7.0,1.0,9.0,3.0,3.0,16.0,301.0,292.0,0.0,20.0,220.0,3.0,0.0,14.0,157.0,28.0,3.0,1283.0,39.0,2.0,7.0,0.0,0.0,0.0,0.0,0.0,0.0,0.0,0.0,0.0,0.0,0.0,0.0,0.0,0.0,0.0,0.0,0.0,0.0,0.0,0.0,3.0,1.0,0.0,0.0,0.0,0.0,0.0,0.0,1.0,0.0,1.0,0.0,6.0,5.0,0.0,4379.0
-14694_6848,12.0,209.0,529.0,313.0,1.0,629.0,2.0,62.0,199.0,5.0,0.0,4.0,6.0,1.0,8.0,309.0,172.0,1.0,22.0,184.0,2.0,0.0,20.0,107.0,16.0,6.0,1482.0,58.0,1.0,6.0,0.0,0.0,0.0,0.0,0.0,1.0,0.0,0.0,0.0,0.0,0.0,0.0,0.0,0.0,0.0,0.0,0.0,1.0,0.0,0.0,0.0,1.0,0.0,0.0,0.0,0.0,0.0,0.0,0.0,0.0,1.0,0.0,4.0,3.0,0.0,4366.0
-14694_6849,0.0,25.0,43.0,11.0,2.0,59.0,1.0,16.0,3.0,1.0,0.0,1.0,0.0,0.0,0.0,31.0,10.0,0.0,1.0,8.0,2.0,0.0,5.0,8.0,2.0,1.0,61.0,11.0,0.0,0.0,0.0,0.0,0.0,0.0,0.0,0.0,0.0,0.0,0.0,0.0,0.0,0.0,0.0,0.0,0.0,0.0,0.0,0.0,0.0,1.0,0.0,0.0,0.0,0.0,0.0,0.0,0.0,0.0,0.0,0.0,0.0,0.0,1.0,0.0,0.0,302.0
-14694_6850,0.0,2.0,10.0,2.0,0.0,5.0,0.0,3.0,1.0,1.0,0.0,0.0,0.0,0.0,0.0,4.0,2.0,0.0,0.0,2.0,0.0,0.0,1.0,1.0,0.0,0.0,14.0,1.0,0.0,0.0,0.0,0.0,0.0,0.0,0.0,0.0,0.0,0.0,0.0,0.0,0.0,0.0,0.0,0.0,0.0,0.0,0.0,2.0,0.0,0.0,0.0,0.0,0.0,0.0,0.0,0.0,0.0,0.0,0.0,0.0,0.0,0.0,2.0,2.0,0.0,49.0
-14694_6851,0.0,31.0,47.0,18.0,0.0,66.0,0.0,24.0,26.0,0.0,0.0,2.0,0.0,0.0,2.0,30.0,42.0,0.0,0.0,27.0,0.0,0.0,2.0,3.0,0.0,0.0,164.0,5.0,0.0,0.0,0.0,0.0,0.0,0.0,0.0,0.0,0.0,0.0,0.0,0.0,0.0,0.0,0.0,0.0,0.0,0.0,0.0,0.0,0.0,0.0,0.0,0.0,0.0,0.0,0.0,0.0,0.0,0.0,0.0,0.0,0.0,0.0,0.0,0.0,0.0,489.0
-14694_6852,8.0,385.0,922.0,98.0,1.0,558.0,7.0,94.0,92.0,12.0,0.0,3.0,4.0,2.0,31.0,272.0,415.0,0.0,26.0,221.0,0.0,0.0,167.0,73.0,31.0,3.0,771.0,105.0,2.0,13.0,0.0,0.0,0.0,0.0,0.0,0.0,0.0,0.0,0.0,0.0,0.0,0.0,0.0,0.0,0.0,0.0,0.0,1.0,0.0,0.0,0.0,0.0,0.0,0.0,1.0,0.0,0.0,1.0,0.0,0.0,0.0,0.0,3.0,2.0,1.0,4316.0
-14694_6853,19.0,774.0,1813.0,457.0,4.0,1294.0,15.0,255.0,303.0,16.0,0.0,17.0,3.0,6.0,74.0,514.0,617.0,1.0,46.0,542.0,211.0,0.0,146.0,229.0,48.0,5.0,1724.0,171.0,1.0,22.0,1.0,0.0,0.0,4.0,0.0,0.0,1.0,0.0,0.0,0.0,0.0,0.0,0.0,1.0,0.0,0.0,0.0,1.0,0.0,0.0,2.0,3.0,0.0,0.0,0.0,0.0,0.0,3.0,0.0,0.0,0.0,0.0,16.0,11.0,5.0,9327.0
-14694_6854,3.0,545.0,1307.0,236.0,2.0,700.0,10.0,158.0,260.0,19.0,1.0,11.0,5.0,2.0,0.0,256.0,161.0,3.0,53.0,468.0,10.0,0.0,26.0,153.0,28.0,4.0,1226.0,63.0,4.0,18.0,0.0,0.0,0.0,0.0,0.0,0.0,0.0,0.0,0.0,1.0,0.0,0.0,0.0,0.0,0.0,0.0,0.0,1.0,0.0,0.0,0.0,6.0,1.0,0.0,0.0,0.0,0.0,1.0,1.0,0.0,0.0,0.0,11.0,11.0,0.0,5732.0
-14694_6855,0.0,100.0,191.0,53.0,2.0,205.0,3.0,23.0,74.0,2.0,0.0,4.0,0.0,1.0,3.0,115.0,35.0,1.0,11.0,61.0,1.0,0.0,6.0,55.0,5.0,2.0,549.0,14.0,0.0,10.0,0.0,0.0,1.0,1.0,0.0,0.0,0.0,0.0,0.0,0.0,0.0,0.0,0.0,0.0,0.0,0.0,0.0,1.0,0.0,0.0,1.0,0.0,0.0,0.0,0.0,1.0,0.0,0.0,0.0,0.0,0.0,0.0,5.0,2.0,1.0,1526.0
-14694_6856,1.0,556.0,564.0,38.0,0.0,234.0,11.0,929.0,188.0,1.0,0.0,7.0,24.0,4.0,1.0,151.0,302.0,0.0,20.0,505.0,3.0,0.0,37.0,187.0,14.0,11.0,1483.0,77.0,0.0,10.0,0.0,0.0,0.0,0.0,0.0,1.0,0.0,1.0,0.0,0.0,0.0,0.0,0.0,0.0,0.0,0.0,0.0,1.0,0.0,0.0,0.0,0.0,0.0,0.0,0.0,0.0,0.0,0.0,0.0,0.0,0.0,0.0,3.0,2.0,0.0,5358.0
-14694_6857,3.0,394.0,825.0,257.0,1.0,821.0,20.0,376.0,1117.0,2.0,0.0,15.0,3.0,7.0,10.0,456.0,671.0,2.0,19.0,883.0,0.0,0.0,68.0,419.0,32.0,11.0,5309.0,31.0,2.0,22.0,0.0,0.0,1.0,4.0,0.0,2.0,0.0,0.0,0.0,1.0,0.0,0.0,0.0,0.0,0.0,0.0,0.0,2.0,0.0,0.0,1.0,1.0,1.0,0.0,0.0,0.0,0.0,1.0,0.0,0.0,2.0,0.0,16.0,9.0,4.0,11776.0
-14694_6858,2.0,477.0,973.0,307.0,1.0,886.0,9.0,746.0,1495.0,3.0,0.0,10.0,7.0,5.0,12.0,320.0,141.0,0.0,17.0,765.0,7.0,2.0,89.0,308.0,39.0,10.0,6507.0,22.0,1.0,11.0,0.0,0.0,5.0,8.0,0.0,0.0,0.0,0.0,0.0,0.0,0.0,0.0,0.0,0.0,0.0,0.0,0.0,3.0,0.0,1.0,0.0,0.0,0.0,0.0,0.0,0.0,0.0,0.0,0.0,0.0,0.0,0.0,17.0,3.0,8.0,13172.0
-14694_6859,3.0,648.0,2177.0,705.0,4.0,1388.0,39.0,645.0,2074.0,7.0,0.0,33.0,12.0,5.0,82.0,590.0,264.0,2.0,16.0,759.0,595.0,7.0,99.0,581.0,54.0,11.0,8277.0,96.0,4.0,33.0,0.0,0.0,1.0,15.0,0.0,0.0,0.0,0.0,0.0,0.0,0.0,0.0,0.0,0.0,0.0,2.0,0.0,8.0,0.0,0.0,0.0,0.0,0.0,0.0,3.0,0.0,0.0,0.0,0.0,0.0,0.0,0.0,29.0,8.0,20.0,19210.0
-14694_6860,16.0,1228.0,4338.0,716.0,6.0,2001.0,62.0,1568.0,4453.0,13.0,0.0,62.0,9.0,9.0,108.0,1135.0,506.0,0.0,27.0,886.0,743.0,1.0,152.0,1023.0,101.0,14.0,16853.0,353.0,1.0,103.0,0.0,0.0,0.0,18.0,1.0,0.0,0.0,0.0,0.0,1.0,1.0,0.0,0.0,0.0,0.0,2.0,0.0,0.0,0.0,2.0,1.0,0.0,0.0,0.0,1.0,0.0,1.0,0.0,1.0,0.0,2.0,0.0,31.0,3.0,23.0,36487.0
-14694_6861,10.0,1507.0,3481.0,665.0,4.0,1358.0,55.0,1590.0,6379.0,8.0,0.0,82.0,21.0,4.0,34.0,485.0,509.0,1.0,49.0,1155.0,343.0,5.0,312.0,871.0,117.0,29.0,22767.0,269.0,4.0,65.0,0.0,0.0,1.0,9.0,0.0,0.0,0.0,0.0,0.0,1.0,0.0,0.0,0.0,1.0,0.0,0.0,0.0,4.0,0.0,1.0,5.0,2.0,0.0,0.0,1.0,0.0,0.0,1.0,0.0,0.0,2.0,0.0,28.0,14.0,10.0,42179.0
-14694_6862,1.0,72.0,202.0,30.0,2.0,155.0,7.0,32.0,174.0,2.0,0.0,8.0,2.0,1.0,8.0,61.0,24.0,0.0,1.0,96.0,2.0,0.0,16.0,44.0,12.0,2.0,636.0,12.0,0.0,7.0,0.0,0.0,0.0,0.0,0.0,0.0,0.0,0.0,0.0,0.0,0.0,0.0,0.0,0.0,0.0,0.0,0.0,1.0,0.0,0.0,0.0,0.0,0.0,0.0,0.0,0.0,0.0,0.0,0.0,0.0,0.0,0.0,1.0,1.0,0.0,1609.0
-14695_6833,0.0,43.0,53.0,3.0,0.0,52.0,2.0,8.0,45.0,0.0,0.0,0.0,0.0,0.0,2.0,58.0,4.0,0.0,1.0,15.0,10.0,0.0,0.0,12.0,1.0,0.0,189.0,3.0,0.0,2.0,0.0,0.0,0.0,0.0,0.0,0.0,0.0,0.0,0.0,0.0,0.0,0.0,0.0,0.0,0.0,0.0,0.0,0.0,0.0,0.0,0.0,0.0,0.0,0.0,0.0,0.0,0.0,0.0,0.0,0.0,0.0,0.0,0.0,0.0,0.0,503.0
-14695_6834,0.0,8.0,20.0,0.0,0.0,24.0,0.0,0.0,8.0,0.0,0.0,0.0,0.0,0.0,0.0,12.0,1.0,0.0,0.0,3.0,0.0,0.0,0.0,3.0,1.0,0.0,45.0,0.0,0.0,1.0,0.0,0.0,0.0,0.0,0.0,0.0,0.0,0.0,0.0,0.0,0.0,0.0,0.0,0.0,0.0,0.0,0.0,0.0,0.0,0.0,0.0,0.0,0.0,0.0,0.0,0.0,0.0,0.0,0.0,0.0,0.0,0.0,0.0,0.0,0.0,126.0
-14695_6835,2.0,18.0,87.0,102.0,0.0,138.0,0.0,5.0,34.0,0.0,0.0,0.0,0.0,0.0,0.0,56.0,9.0,0.0,6.0,46.0,0.0,0.0,1.0,9.0,5.0,1.0,135.0,4.0,0.0,1.0,0.0,0.0,0.0,0.0,0.0,0.0,0.0,0.0,0.0,0.0,0.0,0.0,0.0,0.0,0.0,0.0,0.0,0.0,0.0,0.0,0.0,0.0,0.0,0.0,0.0,0.0,0.0,0.0,0.0,0.0,0.0,0.0,0.0,0.0,0.0,659.0
-14695_6836,11.0,110.0,368.0,296.0,1.0,656.0,4.0,41.0,111.0,3.0,0.0,3.0,1.0,1.0,5.0,117.0,81.0,1.0,26.0,195.0,0.0,0.0,18.0,76.0,20.0,4.0,464.0,16.0,0.0,6.0,0.0,0.0,0.0,0.0,0.0,0.0,0.0,0.0,0.0,0.0,1.0,0.0,1.0,0.0,0.0,0.0,0.0,1.0,0.0,0.0,0.0,2.0,0.0,0.0,0.0,0.0,0.0,0.0,0.0,0.0,0.0,0.0,5.0,3.0,1.0,2635.0
-14695_6837,8.0,268.0,639.0,346.0,0.0,716.0,7.0,49.0,201.0,5.0,0.0,7.0,2.0,4.0,21.0,264.0,156.0,1.0,45.0,301.0,3.0,0.0,20.0,134.0,22.0,2.0,631.0,45.0,21.0,8.0,0.0,0.0,0.0,0.0,0.0,0.0,0.0,0.0,0.0,0.0,0.0,0.0,0.0,1.0,0.0,0.0,0.0,0.0,0.0,0.0,2.0,0.0,0.0,0.0,0.0,0.0,0.0,1.0,0.0,0.0,0.0,0.0,4.0,4.0,0.0,3926.0
-14695_6838,11.0,208.0,481.0,257.0,1.0,631.0,4.0,44.0,231.0,7.0,0.0,11.0,3.0,3.0,11.0,208.0,213.0,1.0,33.0,234.0,1.0,2.0,28.0,176.0,15.0,3.0,750.0,54.0,2.0,9.0,0.0,0.0,0.0,0.0,0.0,0.0,0.0,0.0,0.0,0.0,1.0,0.0,0.0,0.0,0.0,0.0,0.0,0.0,0.0,0.0,0.0,0.0,0.0,0.0,0.0,0.0,0.0,1.0,0.0,0.0,0.0,0.0,2.0,1.0,1.0,3632.0
-14695_6839,12.0,281.0,634.0,364.0,0.0,796.0,2.0,62.0,142.0,6.0,0.0,6.0,4.0,6.0,5.0,241.0,244.0,2.0,32.0,326.0,0.0,0.0,56.0,113.0,25.0,2.0,557.0,107.0,0.0,12.0,0.0,0.0,0.0,0.0,0.0,0.0,0.0,0.0,0.0,0.0,1.0,0.0,0.0,0.0,0.0,0.0,0.0,0.0,0.0,0.0,1.0,0.0,0.0,0.0,0.0,0.0,0.0,1.0,0.0,0.0,0.0,0.0,3.0,2.0,1.0,4037.0
-14695_6840,9.0,196.0,442.0,251.0,1.0,441.0,5.0,44.0,112.0,6.0,0.0,3.0,2.0,7.0,3.0,175.0,162.0,0.0,30.0,231.0,0.0,0.0,27.0,84.0,20.0,2.0,373.0,57.0,0.0,7.0,0.0,0.0,0.0,0.0,0.0,0.0,0.0,0.0,0.0,0.0,0.0,0.0,0.0,0.0,0.0,0.0,0.0,1.0,0.0,0.0,0.0,0.0,0.0,0.0,0.0,0.0,0.0,2.0,0.0,0.0,0.0,0.0,3.0,3.0,0.0,2690.0
-14695_6841,13.0,143.0,386.0,180.0,2.0,372.0,1.0,38.0,54.0,5.0,0.0,1.0,0.0,7.0,11.0,166.0,187.0,1.0,20.0,155.0,1.0,0.0,44.0,55.0,13.0,3.0,264.0,60.0,0.0,5.0,0.0,0.0,0.0,0.0,0.0,0.0,0.0,0.0,0.0,0.0,0.0,0.0,0.0,0.0,0.0,0.0,0.0,0.0,0.0,0.0,0.0,0.0,0.0,0.0,0.0,0.0,0.0,1.0,0.0,0.0,0.0,0.0,1.0,1.0,0.0,2187.0
-14695_6842,8.0,214.0,450.0,104.0,1.0,507.0,5.0,82.0,122.0,1.0,0.0,8.0,1.0,7.0,5.0,206.0,132.0,1.0,16.0,145.0,4.0,0.0,26.0,145.0,23.0,1.0,2565.0,33.0,0.0,6.0,0.0,0.0,0.0,0.0,0.0,0.0,0.0,0.0,0.0,0.0,0.0,0.0,0.0,0.0,0.0,0.0,0.0,0.0,0.0,0.0,0.0,1.0,0.0,0.0,0.0,0.0,0.0,0.0,0.0,0.0,1.0,0.0,2.0,1.0,0.0,4818.0
-14695_6843,14.0,373.0,777.0,297.0,0.0,708.0,5.0,67.0,206.0,6.0,0.0,4.0,6.0,5.0,6.0,367.0,238.0,1.0,25.0,242.0,252.0,0.0,16.0,284.0,22.0,3.0,1394.0,65.0,2.0,10.0,0.0,0.0,0.0,0.0,0.0,1.0,0.0,0.0,0.0,0.0,0.0,0.0,0.0,0.0,0.0,0.0,0.0,0.0,0.0,0.0,1.0,1.0,0.0,0.0,0.0,0.0,0.0,2.0,0.0,0.0,1.0,0.0,6.0,5.0,0.0,5395.0
-14695_6844,14.0,309.0,982.0,437.0,0.0,841.0,2.0,68.0,163.0,15.0,0.0,6.0,9.0,10.0,16.0,409.0,249.0,0.0,71.0,368.0,7.0,0.0,23.0,228.0,45.0,0.0,723.0,132.0,0.0,18.0,0.0,0.0,0.0,0.0,0.0,0.0,0.0,0.0,0.0,0.0,0.0,0.0,0.0,0.0,0.0,0.0,0.0,0.0,0.0,0.0,1.0,1.0,0.0,0.0,0.0,0.0,0.0,3.0,0.0,0.0,0.0,0.0,5.0,5.0,0.0,5145.0
-14695_6845,18.0,455.0,1572.0,350.0,1.0,809.0,6.0,120.0,260.0,8.0,0.0,12.0,12.0,16.0,18.0,334.0,522.0,1.0,62.0,389.0,2.0,0.0,180.0,258.0,50.0,8.0,949.0,148.0,2.0,22.0,0.0,0.0,0.0,0.0,0.0,0.0,0.0,0.0,0.0,1.0,0.0,0.0,0.0,0.0,0.0,0.0,0.0,1.0,0.0,0.0,2.0,1.0,0.0,0.0,0.0,0.0,0.0,3.0,0.0,0.0,1.0,0.0,9.0,8.0,0.0,6584.0
-14695_6846,19.0,440.0,1276.0,458.0,0.0,1059.0,6.0,131.0,250.0,10.0,0.0,31.0,4.0,7.0,10.0,452.0,390.0,3.0,81.0,448.0,4.0,1.0,91.0,220.0,40.0,2.0,1168.0,84.0,0.0,21.0,0.0,0.0,0.0,0.0,0.0,0.0,0.0,0.0,0.0,0.0,1.0,0.0,0.0,0.0,0.0,0.0,0.0,0.0,0.0,0.0,2.0,0.0,0.0,0.0,0.0,0.0,0.0,2.0,0.0,0.0,0.0,1.0,6.0,4.0,2.0,6706.0
-14695_6847,14.0,139.0,433.0,207.0,0.0,417.0,2.0,44.0,108.0,6.0,0.0,4.0,2.0,1.0,6.0,207.0,163.0,1.0,23.0,142.0,0.0,0.0,18.0,57.0,9.0,1.0,423.0,30.0,0.0,11.0,0.0,0.0,0.0,0.0,0.0,0.0,0.0,0.0,0.0,0.0,0.0,0.0,0.0,0.0,0.0,0.0,0.0,0.0,0.0,0.0,0.0,0.0,0.0,0.0,0.0,0.0,0.0,0.0,0.0,0.0,0.0,0.0,0.0,0.0,0.0,2468.0
-14695_6848,19.0,210.0,515.0,258.0,0.0,703.0,4.0,51.0,106.0,8.0,0.0,4.0,4.0,5.0,7.0,253.0,219.0,0.0,25.0,227.0,0.0,0.0,19.0,82.0,13.0,0.0,486.0,63.0,0.0,10.0,0.0,0.0,0.0,0.0,0.0,0.0,0.0,0.0,0.0,0.0,0.0,0.0,0.0,0.0,0.0,0.0,0.0,0.0,0.0,0.0,0.0,0.0,0.0,0.0,0.0,0.0,0.0,1.0,0.0,0.0,0.0,0.0,1.0,1.0,0.0,3291.0
-14695_6849,3.0,39.0,44.0,28.0,0.0,52.0,0.0,7.0,12.0,0.0,0.0,0.0,0.0,0.0,0.0,26.0,19.0,0.0,2.0,29.0,0.0,0.0,3.0,1.0,1.0,0.0,42.0,11.0,0.0,1.0,0.0,0.0,0.0,0.0,0.0,0.0,0.0,0.0,0.0,0.0,0.0,0.0,0.0,0.0,0.0,0.0,0.0,0.0,0.0,0.0,0.0,0.0,0.0,0.0,0.0,0.0,0.0,0.0,0.0,0.0,0.0,0.0,0.0,0.0,0.0,320.0
-14695_6850,0.0,18.0,11.0,4.0,0.0,20.0,1.0,25.0,4.0,0.0,0.0,0.0,0.0,0.0,0.0,17.0,6.0,0.0,2.0,8.0,0.0,0.0,1.0,4.0,0.0,0.0,32.0,4.0,0.0,0.0,0.0,0.0,0.0,0.0,0.0,0.0,0.0,0.0,0.0,0.0,0.0,0.0,0.0,0.0,0.0,0.0,0.0,1.0,0.0,0.0,0.0,0.0,0.0,0.0,0.0,0.0,0.0,0.0,0.0,0.0,0.0,0.0,1.0,1.0,0.0,157.0
-14695_6851,3.0,146.0,283.0,52.0,1.0,255.0,2.0,20.0,76.0,2.0,0.0,1.0,2.0,0.0,5.0,103.0,36.0,0.0,9.0,104.0,0.0,0.0,6.0,32.0,1.0,4.0,278.0,22.0,0.0,2.0,0.0,0.0,0.0,0.0,0.0,0.0,0.0,0.0,0.0,0.0,1.0,0.0,0.0,0.0,0.0,0.0,0.0,0.0,0.0,0.0,0.0,2.0,0.0,0.0,0.0,0.0,0.0,1.0,0.0,0.0,0.0,0.0,4.0,3.0,1.0,1445.0
-14695_6852,23.0,546.0,1357.0,332.0,4.0,977.0,8.0,137.0,228.0,19.0,0.0,13.0,3.0,6.0,45.0,391.0,429.0,0.0,48.0,432.0,9.0,1.0,88.0,227.0,40.0,5.0,1064.0,145.0,0.0,17.0,0.0,0.0,0.0,1.0,0.0,0.0,0.0,0.0,0.0,0.0,1.0,0.0,0.0,0.0,0.0,0.0,0.0,1.0,0.0,0.0,2.0,0.0,0.0,0.0,0.0,0.0,0.0,0.0,0.0,0.0,3.0,0.0,8.0,3.0,2.0,6594.0
-14695_6853,8.0,757.0,1613.0,367.0,0.0,1113.0,15.0,261.0,355.0,27.0,0.0,25.0,11.0,8.0,57.0,512.0,491.0,1.0,56.0,539.0,386.0,0.0,96.0,313.0,61.0,13.0,1899.0,142.0,2.0,21.0,1.0,1.0,0.0,1.0,0.0,0.0,0.0,0.0,0.0,0.0,1.0,0.0,1.0,0.0,0.0,0.0,0.0,0.0,0.0,0.0,3.0,3.0,0.0,0.0,0.0,0.0,0.0,5.0,0.0,0.0,1.0,0.0,17.0,12.0,3.0,9149.0
-14695_6854,10.0,909.0,2705.0,150.0,5.0,913.0,5.0,970.0,179.0,56.0,0.0,18.0,6.0,0.0,7.0,230.0,1691.0,0.0,63.0,516.0,12.0,0.0,87.0,201.0,21.0,19.0,1057.0,165.0,60.0,29.0,0.0,0.0,0.0,0.0,0.0,0.0,0.0,0.0,0.0,0.0,0.0,0.0,0.0,0.0,0.0,0.0,0.0,2.0,0.0,0.0,1.0,12.0,1.0,0.0,0.0,0.0,0.0,1.0,2.0,0.0,0.0,0.0,19.0,19.0,0.0,10084.0
-14695_6855,7.0,636.0,1600.0,453.0,6.0,1020.0,12.0,388.0,438.0,17.0,0.0,18.0,6.0,3.0,24.0,406.0,536.0,1.0,46.0,471.0,8.0,0.0,51.0,322.0,32.0,4.0,2465.0,84.0,31.0,20.0,1.0,0.0,0.0,0.0,0.0,0.0,0.0,0.0,0.0,0.0,0.0,0.0,0.0,1.0,0.0,0.0,0.0,0.0,0.0,1.0,1.0,4.0,0.0,0.0,0.0,0.0,0.0,1.0,0.0,0.0,0.0,0.0,9.0,7.0,1.0,9105.0
-14695_6856,0.0,89.0,229.0,168.0,0.0,321.0,3.0,34.0,154.0,3.0,0.0,5.0,3.0,1.0,2.0,124.0,40.0,0.0,9.0,140.0,0.0,0.0,8.0,93.0,13.0,4.0,623.0,8.0,1.0,14.0,0.0,0.0,0.0,0.0,0.0,0.0,0.0,0.0,0.0,0.0,0.0,0.0,0.0,1.0,0.0,0.0,0.0,2.0,0.0,0.0,1.0,2.0,0.0,0.0,0.0,0.0,0.0,1.0,0.0,0.0,0.0,0.0,7.0,7.0,0.0,2089.0
-14695_6857,5.0,457.0,1125.0,393.0,2.0,859.0,14.0,210.0,712.0,1.0,0.0,10.0,9.0,7.0,18.0,616.0,149.0,0.0,16.0,395.0,4.0,0.0,33.0,306.0,22.0,12.0,3675.0,22.0,7.0,23.0,0.0,0.0,1.0,2.0,0.0,2.0,1.0,0.0,0.0,0.0,1.0,0.0,0.0,0.0,0.0,0.0,0.0,2.0,0.0,0.0,0.0,1.0,0.0,0.0,0.0,0.0,0.0,1.0,0.0,0.0,1.0,0.0,12.0,7.0,3.0,9102.0
-14695_6858,1.0,433.0,1124.0,344.0,1.0,955.0,22.0,241.0,1029.0,5.0,0.0,11.0,5.0,3.0,37.0,614.0,89.0,3.0,19.0,443.0,29.0,0.0,35.0,218.0,27.0,16.0,5826.0,27.0,2.0,30.0,2.0,0.0,0.0,10.0,0.0,2.0,0.0,0.0,0.0,0.0,0.0,0.0,0.0,0.0,0.0,0.0,0.0,1.0,0.0,0.0,0.0,0.0,0.0,0.0,0.0,0.0,0.0,0.0,0.0,0.0,2.0,0.0,17.0,3.0,12.0,11589.0
-14695_6859,2.0,260.0,531.0,263.0,2.0,824.0,13.0,136.0,533.0,4.0,0.0,5.0,1.0,1.0,12.0,381.0,59.0,1.0,10.0,261.0,4.0,0.0,30.0,180.0,14.0,5.0,2835.0,10.0,0.0,18.0,0.0,0.0,0.0,2.0,0.0,0.0,0.0,0.0,0.0,0.0,0.0,0.0,0.0,0.0,0.0,0.0,0.0,2.0,0.0,0.0,0.0,1.0,0.0,0.0,2.0,0.0,0.0,0.0,0.0,0.0,1.0,0.0,8.0,3.0,4.0,6395.0
-14695_6860,3.0,562.0,2411.0,681.0,1.0,1310.0,27.0,314.0,1556.0,6.0,0.0,39.0,12.0,2.0,107.0,734.0,294.0,1.0,10.0,564.0,60.0,1.0,78.0,501.0,56.0,11.0,6492.0,137.0,0.0,47.0,1.0,0.0,2.0,3.0,0.0,0.0,0.0,1.0,0.0,0.0,0.0,0.0,0.0,0.0,0.0,3.0,0.0,2.0,0.0,1.0,2.0,0.0,0.0,0.0,1.0,0.0,0.0,0.0,1.0,0.0,0.0,0.0,17.0,5.0,8.0,16017.0
-14695_6861,5.0,541.0,1572.0,506.0,2.0,1319.0,29.0,425.0,1130.0,14.0,0.0,24.0,6.0,3.0,57.0,521.0,430.0,0.0,18.0,471.0,166.0,0.0,59.0,571.0,44.0,9.0,4981.0,130.0,1.0,28.0,2.0,1.0,0.0,6.0,0.0,2.0,0.0,0.0,0.0,0.0,2.0,0.0,0.0,1.0,0.0,0.0,0.0,3.0,0.0,0.0,3.0,0.0,0.0,0.0,1.0,0.0,0.0,0.0,1.0,0.0,0.0,0.0,22.0,11.0,11.0,13062.0
-14695_6862,11.0,1426.0,4756.0,653.0,8.0,1642.0,59.0,898.0,3000.0,6.0,0.0,108.0,14.0,9.0,81.0,740.0,924.0,4.0,35.0,1237.0,612.0,1.0,160.0,1094.0,108.0,35.0,11650.0,126.0,0.0,98.0,0.0,0.0,0.0,7.0,0.0,1.0,0.0,0.0,0.0,0.0,0.0,0.0,0.0,0.0,0.0,0.0,0.0,1.0,0.0,2.0,5.0,0.0,0.0,0.0,1.0,0.0,0.0,1.0,0.0,0.0,1.0,0.0,19.0,8.0,8.0,29495.0
-14695_6863,0.0,157.0,433.0,103.0,0.0,331.0,6.0,75.0,469.0,0.0,0.0,9.0,1.0,2.0,33.0,170.0,76.0,1.0,9.0,257.0,4.0,1.0,34.0,87.0,25.0,5.0,1354.0,47.0,0.0,9.0,0.0,0.0,0.0,0.0,0.0,0.0,0.0,0.0,0.0,0.0,0.0,0.0,0.0,0.0,0.0,0.0,0.0,1.0,0.0,0.0,0.0,1.0,0.0,0.0,0.0,0.0,0.0,0.0,0.0,0.0,0.0,0.0,2.0,2.0,0.0,3698.0
-14695_6864,0.0,4.0,18.0,1.0,0.0,2.0,1.0,1.0,4.0,0.0,0.0,1.0,0.0,0.0,2.0,0.0,2.0,0.0,0.0,2.0,0.0,0.0,0.0,1.0,2.0,0.0,32.0,2.0,0.0,0.0,0.0,0.0,0.0,0.0,0.0,0.0,0.0,0.0,0.0,0.0,0.0,0.0,0.0,0.0,0.0,0.0,0.0,0.0,0.0,0.0,0.0,0.0,0.0,0.0,0.0,0.0,0.0,0.0,0.0,0.0,0.0,0.0,0.0,0.0,0.0,75.0
-14696_6835,0.0,15.0,23.0,0.0,0.0,10.0,0.0,1.0,9.0,1.0,0.0,0.0,0.0,0.0,0.0,6.0,1.0,0.0,2.0,5.0,0.0,0.0,0.0,1.0,0.0,0.0,21.0,2.0,0.0,0.0,0.0,0.0,0.0,0.0,0.0,0.0,0.0,0.0,0.0,0.0,0.0,0.0,0.0,0.0,0.0,0.0,0.0,0.0,0.0,0.0,0.0,0.0,0.0,0.0,0.0,0.0,0.0,0.0,0.0,0.0,0.0,0.0,0.0,0.0,0.0,97.0
-14696_6836,3.0,133.0,353.0,172.0,0.0,325.0,1.0,23.0,184.0,2.0,0.0,1.0,0.0,5.0,1.0,146.0,56.0,0.0,21.0,196.0,0.0,0.0,5.0,32.0,5.0,0.0,375.0,16.0,1.0,5.0,0.0,0.0,0.0,0.0,0.0,0.0,0.0,0.0,0.0,0.0,0.0,0.0,0.0,0.0,0.0,0.0,0.0,1.0,0.0,0.0,0.0,1.0,0.0,0.0,0.0,0.0,0.0,1.0,0.0,0.0,0.0,0.0,3.0,3.0,0.0,2061.0
-14696_6837,3.0,215.0,460.0,240.0,0.0,525.0,4.0,42.0,130.0,2.0,0.0,3.0,0.0,9.0,10.0,169.0,107.0,0.0,43.0,256.0,0.0,0.0,23.0,97.0,17.0,2.0,494.0,37.0,0.0,9.0,0.0,0.0,0.0,0.0,0.0,0.0,1.0,0.0,0.0,0.0,0.0,0.0,0.0,0.0,0.0,0.0,0.0,1.0,0.0,0.0,1.0,0.0,0.0,0.0,0.0,0.0,0.0,1.0,1.0,0.0,1.0,0.0,6.0,5.0,0.0,2897.0
-14696_6838,12.0,173.0,454.0,354.0,0.0,627.0,1.0,25.0,119.0,5.0,0.0,2.0,1.0,8.0,2.0,233.0,94.0,0.0,47.0,331.0,0.0,0.0,12.0,98.0,14.0,4.0,504.0,34.0,0.0,9.0,0.0,0.0,0.0,0.0,0.0,0.0,0.0,0.0,0.0,0.0,0.0,0.0,0.0,0.0,0.0,0.0,0.0,0.0,0.0,0.0,1.0,0.0,0.0,0.0,0.0,0.0,0.0,0.0,0.0,0.0,0.0,0.0,1.0,1.0,0.0,3163.0
-14696_6839,14.0,144.0,447.0,369.0,0.0,607.0,0.0,29.0,138.0,1.0,0.0,3.0,1.0,10.0,0.0,183.0,71.0,1.0,25.0,233.0,1.0,0.0,11.0,99.0,10.0,7.0,439.0,29.0,0.0,8.0,0.0,0.0,0.0,0.0,0.0,0.0,0.0,0.0,0.0,0.0,0.0,0.0,0.0,0.0,0.0,0.0,0.0,0.0,0.0,1.0,2.0,0.0,0.0,0.0,0.0,0.0,0.0,1.0,0.0,0.0,1.0,0.0,5.0,3.0,0.0,2880.0
-14696_6840,5.0,287.0,634.0,366.0,0.0,754.0,2.0,102.0,319.0,5.0,0.0,10.0,3.0,4.0,6.0,278.0,276.0,1.0,22.0,292.0,2.0,0.0,59.0,186.0,30.0,2.0,850.0,64.0,4.0,12.0,0.0,0.0,0.0,0.0,0.0,1.0,0.0,0.0,0.0,0.0,1.0,0.0,0.0,0.0,0.0,0.0,0.0,0.0,0.0,0.0,0.0,0.0,0.0,0.0,0.0,0.0,0.0,1.0,0.0,0.0,0.0,0.0,3.0,2.0,1.0,4575.0
-14696_6841,7.0,111.0,299.0,395.0,0.0,440.0,2.0,33.0,112.0,3.0,0.0,0.0,1.0,1.0,4.0,200.0,89.0,0.0,24.0,162.0,1.0,0.0,7.0,73.0,12.0,1.0,387.0,28.0,0.0,9.0,0.0,0.0,0.0,0.0,0.0,0.0,0.0,0.0,0.0,0.0,0.0,0.0,0.0,0.0,0.0,0.0,0.0,0.0,0.0,0.0,0.0,0.0,0.0,0.0,0.0,0.0,0.0,0.0,0.0,0.0,0.0,0.0,0.0,0.0,0.0,2401.0
-14696_6842,3.0,48.0,130.0,124.0,0.0,189.0,1.0,18.0,42.0,1.0,0.0,1.0,0.0,1.0,1.0,58.0,53.0,0.0,8.0,70.0,1.0,0.0,3.0,31.0,4.0,1.0,144.0,15.0,0.0,2.0,0.0,0.0,0.0,0.0,0.0,0.0,0.0,0.0,0.0,0.0,0.0,0.0,0.0,0.0,0.0,0.0,0.0,1.0,0.0,0.0,0.0,0.0,0.0,0.0,0.0,0.0,0.0,0.0,0.0,0.0,0.0,0.0,1.0,1.0,0.0,949.0
-14696_6843,12.0,144.0,422.0,107.0,0.0,423.0,2.0,41.0,112.0,4.0,0.0,2.0,0.0,2.0,8.0,207.0,132.0,0.0,9.0,146.0,169.0,2.0,8.0,78.0,13.0,2.0,521.0,24.0,0.0,8.0,0.0,0.0,0.0,1.0,0.0,0.0,0.0,0.0,0.0,0.0,1.0,0.0,0.0,0.0,0.0,0.0,0.0,0.0,0.0,0.0,0.0,0.0,0.0,0.0,0.0,0.0,0.0,0.0,0.0,0.0,0.0,0.0,2.0,0.0,2.0,2598.0
-14696_6844,14.0,337.0,901.0,402.0,0.0,894.0,6.0,86.0,257.0,10.0,0.0,9.0,2.0,3.0,7.0,410.0,195.0,1.0,35.0,402.0,3.0,0.0,20.0,240.0,25.0,10.0,1156.0,55.0,0.0,15.0,0.0,0.0,0.0,1.0,0.0,0.0,0.0,0.0,0.0,0.0,0.0,0.0,1.0,0.0,0.0,0.0,0.0,0.0,0.0,0.0,0.0,0.0,0.0,0.0,0.0,0.0,0.0,0.0,0.0,0.0,0.0,0.0,2.0,0.0,1.0,5495.0
-14696_6845,11.0,352.0,952.0,316.0,0.0,641.0,9.0,64.0,152.0,15.0,0.0,13.0,6.0,5.0,20.0,345.0,438.0,1.0,41.0,278.0,6.0,0.0,50.0,194.0,19.0,1.0,740.0,83.0,9.0,13.0,0.0,0.0,0.0,0.0,0.0,0.0,1.0,0.0,0.0,0.0,1.0,0.0,0.0,1.0,0.0,0.0,0.0,0.0,0.0,0.0,0.0,0.0,0.0,0.0,0.0,0.0,0.0,0.0,0.0,0.0,1.0,0.0,4.0,2.0,1.0,4774.0
-14696_6846,24.0,352.0,1111.0,352.0,0.0,770.0,8.0,95.0,137.0,28.0,0.0,10.0,1.0,13.0,31.0,381.0,476.0,2.0,71.0,401.0,2.0,0.0,115.0,136.0,37.0,3.0,557.0,117.0,0.0,22.0,0.0,0.0,0.0,0.0,0.0,0.0,0.0,0.0,0.0,0.0,0.0,0.0,0.0,0.0,0.0,0.0,0.0,0.0,0.0,0.0,1.0,2.0,0.0,0.0,0.0,0.0,0.0,2.0,0.0,0.0,0.0,0.0,5.0,5.0,0.0,5252.0
-14696_6847,9.0,168.0,457.0,186.0,0.0,368.0,1.0,24.0,97.0,4.0,0.0,2.0,3.0,3.0,10.0,177.0,199.0,0.0,22.0,149.0,0.0,0.0,34.0,68.0,18.0,1.0,392.0,39.0,1.0,7.0,0.0,0.0,0.0,1.0,0.0,0.0,0.0,0.0,0.0,0.0,3.0,0.0,0.0,0.0,0.0,0.0,0.0,1.0,0.0,0.0,0.0,3.0,0.0,0.0,0.0,0.0,0.0,1.0,0.0,0.0,0.0,0.0,9.0,5.0,4.0,2439.0
-14696_6848,0.0,29.0,63.0,19.0,0.0,47.0,0.0,18.0,41.0,4.0,0.0,1.0,0.0,0.0,2.0,29.0,44.0,0.0,3.0,12.0,0.0,0.0,0.0,14.0,2.0,0.0,93.0,10.0,1.0,1.0,0.0,0.0,0.0,0.0,0.0,0.0,0.0,0.0,0.0,0.0,2.0,0.0,0.0,0.0,0.0,0.0,0.0,0.0,0.0,0.0,0.0,0.0,0.0,0.0,0.0,0.0,0.0,0.0,0.0,0.0,0.0,0.0,2.0,0.0,2.0,433.0
-14696_6849,0.0,22.0,52.0,6.0,0.0,28.0,0.0,10.0,5.0,1.0,0.0,2.0,0.0,0.0,0.0,20.0,10.0,0.0,1.0,11.0,0.0,0.0,3.0,6.0,2.0,2.0,61.0,5.0,0.0,1.0,0.0,0.0,0.0,0.0,0.0,0.0,0.0,0.0,0.0,0.0,0.0,0.0,0.0,0.0,0.0,0.0,0.0,1.0,0.0,0.0,0.0,0.0,0.0,0.0,0.0,0.0,0.0,0.0,0.0,0.0,0.0,0.0,1.0,1.0,0.0,248.0
-14696_6850,3.0,109.0,205.0,27.0,2.0,173.0,0.0,33.0,48.0,3.0,0.0,2.0,0.0,0.0,3.0,88.0,59.0,1.0,3.0,113.0,1.0,0.0,11.0,43.0,6.0,1.0,536.0,10.0,0.0,3.0,0.0,0.0,0.0,0.0,0.0,0.0,0.0,0.0,0.0,0.0,1.0,0.0,0.0,0.0,0.0,0.0,0.0,0.0,0.0,0.0,0.0,0.0,0.0,0.0,0.0,0.0,0.0,0.0,1.0,0.0,0.0,0.0,2.0,1.0,1.0,1483.0
-14696_6851,24.0,360.0,953.0,307.0,0.0,806.0,11.0,76.0,128.0,10.0,0.0,7.0,9.0,6.0,32.0,335.0,247.0,1.0,42.0,359.0,1.0,0.0,50.0,118.0,23.0,2.0,757.0,105.0,0.0,11.0,0.0,0.0,0.0,0.0,0.0,0.0,0.0,0.0,0.0,0.0,0.0,0.0,0.0,0.0,0.0,0.0,0.0,1.0,0.0,0.0,2.0,1.0,0.0,0.0,0.0,0.0,0.0,2.0,0.0,0.0,0.0,0.0,6.0,6.0,0.0,4780.0
-14696_6852,15.0,728.0,1726.0,425.0,1.0,1238.0,11.0,187.0,392.0,14.0,0.0,21.0,8.0,5.0,38.0,462.0,595.0,5.0,76.0,530.0,3.0,0.0,152.0,344.0,57.0,14.0,1955.0,122.0,2.0,21.0,0.0,0.0,0.0,2.0,0.0,0.0,0.0,0.0,0.0,1.0,1.0,0.0,0.0,0.0,0.0,0.0,0.0,2.0,0.0,1.0,6.0,2.0,0.0,0.0,0.0,0.0,0.0,4.0,1.0,0.0,1.0,0.0,21.0,16.0,3.0,9147.0
-14696_6853,22.0,436.0,1142.0,201.0,2.0,767.0,3.0,90.0,132.0,8.0,0.0,9.0,8.0,8.0,47.0,322.0,347.0,0.0,52.0,274.0,8.0,0.0,86.0,161.0,42.0,5.0,1110.0,120.0,0.0,11.0,0.0,0.0,0.0,0.0,0.0,0.0,0.0,0.0,0.0,0.0,0.0,0.0,0.0,0.0,0.0,0.0,0.0,2.0,0.0,0.0,1.0,2.0,0.0,0.0,0.0,0.0,0.0,1.0,0.0,0.0,0.0,0.0,6.0,6.0,0.0,5413.0
-14696_6854,5.0,231.0,925.0,68.0,2.0,362.0,4.0,405.0,88.0,6.0,0.0,4.0,0.0,0.0,3.0,121.0,614.0,0.0,10.0,101.0,69.0,0.0,13.0,107.0,9.0,0.0,709.0,54.0,2.0,7.0,0.0,0.0,0.0,0.0,0.0,1.0,0.0,0.0,0.0,0.0,1.0,0.0,0.0,0.0,0.0,0.0,0.0,0.0,0.0,0.0,0.0,0.0,0.0,0.0,0.0,0.0,0.0,2.0,0.0,0.0,1.0,0.0,5.0,3.0,1.0,3919.0
-14696_6855,6.0,699.0,1811.0,310.0,1.0,1010.0,10.0,993.0,671.0,4.0,0.0,14.0,8.0,7.0,28.0,374.0,1313.0,2.0,46.0,436.0,32.0,0.0,47.0,459.0,28.0,7.0,3109.0,78.0,16.0,29.0,1.0,0.0,3.0,4.0,0.0,0.0,0.0,0.0,0.0,0.0,1.0,0.0,0.0,0.0,0.0,0.0,0.0,2.0,0.0,0.0,3.0,2.0,0.0,0.0,0.0,0.0,0.0,1.0,0.0,0.0,0.0,0.0,17.0,8.0,6.0,11548.0
-14696_6856,4.0,106.0,288.0,226.0,0.0,529.0,6.0,96.0,226.0,2.0,0.0,2.0,4.0,4.0,3.0,258.0,73.0,3.0,9.0,188.0,3.0,0.0,8.0,246.0,19.0,1.0,1234.0,6.0,1.0,11.0,0.0,0.0,0.0,0.0,0.0,0.0,0.0,0.0,0.0,0.0,0.0,0.0,0.0,0.0,0.0,0.0,0.0,1.0,0.0,0.0,2.0,1.0,0.0,0.0,0.0,0.0,0.0,2.0,0.0,0.0,0.0,0.0,6.0,6.0,0.0,3556.0
-14696_6857,8.0,309.0,680.0,154.0,4.0,588.0,7.0,152.0,550.0,0.0,0.0,9.0,3.0,1.0,1.0,388.0,166.0,1.0,47.0,298.0,1.0,0.0,26.0,204.0,20.0,6.0,2664.0,21.0,1.0,12.0,0.0,0.0,0.0,0.0,0.0,0.0,1.0,0.0,0.0,0.0,1.0,0.0,0.0,0.0,0.0,0.0,0.0,1.0,0.0,0.0,1.0,1.0,0.0,0.0,0.0,0.0,0.0,3.0,2.0,0.0,0.0,0.0,10.0,9.0,1.0,6321.0
-14696_6858,3.0,410.0,855.0,525.0,1.0,827.0,19.0,151.0,797.0,6.0,1.0,9.0,3.0,1.0,29.0,741.0,67.0,0.0,21.0,397.0,9.0,0.0,26.0,273.0,34.0,15.0,4098.0,16.0,2.0,15.0,2.0,0.0,0.0,5.0,0.0,2.0,0.0,0.0,0.0,0.0,0.0,0.0,0.0,1.0,0.0,1.0,0.0,0.0,0.0,1.0,0.0,0.0,0.0,0.0,1.0,0.0,0.0,0.0,0.0,0.0,0.0,0.0,13.0,3.0,9.0,9351.0
-14696_6859,3.0,201.0,993.0,259.0,0.0,1021.0,10.0,97.0,370.0,5.0,0.0,7.0,3.0,0.0,30.0,669.0,46.0,2.0,5.0,145.0,5.0,0.0,30.0,225.0,17.0,4.0,4433.0,20.0,4.0,11.0,0.0,0.0,0.0,10.0,0.0,0.0,0.0,0.0,0.0,0.0,0.0,0.0,0.0,0.0,0.0,0.0,0.0,2.0,0.0,0.0,0.0,0.0,0.0,0.0,1.0,0.0,0.0,0.0,0.0,0.0,0.0,1.0,14.0,2.0,12.0,8615.0
-14696_6860,2.0,155.0,441.0,229.0,1.0,728.0,5.0,67.0,300.0,1.0,0.0,3.0,6.0,0.0,14.0,345.0,21.0,1.0,8.0,122.0,1.0,0.0,9.0,141.0,13.0,1.0,3003.0,12.0,1.0,8.0,0.0,0.0,0.0,5.0,0.0,0.0,0.0,0.0,0.0,0.0,0.0,0.0,0.0,0.0,0.0,0.0,0.0,1.0,0.0,0.0,0.0,1.0,0.0,0.0,0.0,0.0,0.0,0.0,1.0,0.0,0.0,0.0,8.0,3.0,5.0,5638.0
-14696_6861,11.0,846.0,3067.0,281.0,3.0,1325.0,6.0,3344.0,443.0,31.0,0.0,26.0,4.0,10.0,35.0,292.0,3090.0,1.0,66.0,572.0,48.0,0.0,80.0,316.0,44.0,8.0,2216.0,208.0,33.0,24.0,0.0,0.0,0.0,0.0,0.0,0.0,1.0,0.0,1.0,0.0,0.0,0.0,0.0,0.0,0.0,0.0,0.0,2.0,0.0,0.0,0.0,1.0,0.0,0.0,0.0,0.0,0.0,1.0,0.0,0.0,0.0,0.0,6.0,5.0,1.0,16430.0
-14696_6862,2.0,846.0,2117.0,260.0,0.0,1098.0,26.0,882.0,582.0,6.0,0.0,27.0,4.0,9.0,17.0,320.0,859.0,1.0,58.0,467.0,115.0,1.0,57.0,433.0,52.0,18.0,4625.0,130.0,7.0,27.0,1.0,0.0,0.0,2.0,0.0,0.0,0.0,0.0,0.0,1.0,0.0,0.0,0.0,1.0,0.0,0.0,0.0,3.0,0.0,0.0,2.0,3.0,0.0,0.0,0.0,0.0,0.0,3.0,1.0,0.0,2.0,0.0,19.0,14.0,3.0,13046.0
-14696_6863,8.0,342.0,899.0,481.0,0.0,1074.0,18.0,200.0,956.0,3.0,1.0,8.0,9.0,8.0,27.0,430.0,114.0,2.0,16.0,430.0,33.0,3.0,24.0,325.0,29.0,13.0,4314.0,21.0,0.0,24.0,1.0,0.0,0.0,5.0,0.0,0.0,0.0,0.0,0.0,0.0,0.0,0.0,1.0,0.0,0.0,0.0,0.0,0.0,0.0,0.0,3.0,1.0,0.0,0.0,1.0,0.0,0.0,1.0,0.0,0.0,1.0,1.0,15.0,5.0,8.0,9812.0
-14696_6864,1.0,115.0,266.0,79.0,0.0,296.0,2.0,53.0,244.0,0.0,0.0,3.0,3.0,1.0,1.0,122.0,35.0,0.0,4.0,120.0,5.0,0.0,23.0,78.0,15.0,2.0,1342.0,26.0,0.0,7.0,0.0,0.0,0.0,1.0,0.0,0.0,0.0,0.0,0.0,0.0,2.0,0.0,0.0,0.0,0.0,0.0,0.0,1.0,0.0,0.0,1.0,0.0,0.0,0.0,0.0,0.0,0.0,3.0,0.0,0.0,0.0,0.0,8.0,5.0,3.0,2843.0
-14696_6865,0.0,0.0,3.0,0.0,0.0,1.0,0.0,0.0,1.0,1.0,0.0,0.0,0.0,0.0,1.0,2.0,4.0,0.0,0.0,1.0,0.0,0.0,2.0,5.0,1.0,0.0,8.0,2.0,0.0,0.0,0.0,0.0,0.0,0.0,0.0,0.0,0.0,0.0,0.0,0.0,0.0,0.0,0.0,0.0,0.0,0.0,0.0,0.0,0.0,0.0,0.0,0.0,0.0,0.0,0.0,0.0,0.0,0.0,0.0,0.0,0.0,0.0,0.0,0.0,0.0,32.0
-14697_6836,1.0,7.0,26.0,23.0,0.0,32.0,0.0,1.0,8.0,0.0,0.0,0.0,0.0,0.0,1.0,16.0,2.0,0.0,3.0,16.0,0.0,0.0,0.0,1.0,1.0,1.0,37.0,1.0,0.0,0.0,0.0,0.0,0.0,0.0,0.0,0.0,0.0,0.0,0.0,0.0,0.0,0.0,0.0,0.0,0.0,0.0,0.0,0.0,0.0,0.0,0.0,0.0,0.0,0.0,0.0,0.0,0.0,0.0,0.0,0.0,0.0,0.0,0.0,0.0,0.0,177.0
-14697_6837,4.0,239.0,496.0,233.0,0.0,551.0,1.0,64.0,228.0,4.0,0.0,1.0,6.0,3.0,7.0,187.0,100.0,1.0,31.0,197.0,3.0,0.0,20.0,77.0,11.0,4.0,678.0,26.0,3.0,6.0,0.0,0.0,0.0,1.0,0.0,0.0,0.0,0.0,0.0,0.0,1.0,0.0,0.0,0.0,0.0,0.0,0.0,0.0,0.0,0.0,0.0,0.0,0.0,0.0,0.0,0.0,0.0,0.0,0.0,0.0,0.0,0.0,2.0,0.0,2.0,3181.0
-14697_6838,8.0,181.0,406.0,197.0,0.0,701.0,2.0,77.0,163.0,4.0,0.0,7.0,2.0,2.0,1.0,247.0,83.0,1.0,13.0,219.0,2.0,0.0,11.0,76.0,18.0,1.0,956.0,16.0,0.0,6.0,0.0,0.0,0.0,0.0,0.0,0.0,0.0,0.0,0.0,0.0,0.0,0.0,0.0,0.0,0.0,0.0,0.0,0.0,0.0,0.0,0.0,0.0,0.0,0.0,0.0,0.0,0.0,0.0,0.0,0.0,0.0,0.0,0.0,0.0,0.0,3400.0
-14697_6839,14.0,164.0,385.0,286.0,1.0,573.0,3.0,31.0,101.0,0.0,0.0,1.0,2.0,3.0,5.0,148.0,83.0,1.0,25.0,214.0,0.0,1.0,13.0,112.0,27.0,1.0,475.0,25.0,0.0,4.0,0.0,0.0,0.0,0.0,0.0,0.0,0.0,0.0,0.0,0.0,0.0,0.0,0.0,0.0,0.0,0.0,0.0,1.0,0.0,0.0,0.0,2.0,0.0,0.0,0.0,0.0,0.0,1.0,0.0,0.0,0.0,0.0,4.0,4.0,0.0,2698.0
-14697_6840,4.0,163.0,537.0,374.0,0.0,673.0,2.0,44.0,162.0,7.0,0.0,6.0,1.0,4.0,7.0,224.0,95.0,3.0,41.0,254.0,0.0,0.0,18.0,152.0,15.0,0.0,584.0,43.0,1.0,8.0,0.0,0.0,0.0,1.0,0.0,1.0,0.0,0.0,0.0,0.0,1.0,0.0,0.0,0.0,0.0,0.0,0.0,1.0,0.0,0.0,0.0,2.0,0.0,0.0,0.0,0.0,0.0,0.0,0.0,0.0,0.0,0.0,6.0,4.0,2.0,3422.0
-14697_6841,7.0,338.0,657.0,266.0,2.0,592.0,8.0,158.0,382.0,3.0,0.0,4.0,0.0,10.0,16.0,358.0,186.0,0.0,15.0,240.0,1.0,0.0,43.0,224.0,21.0,7.0,1786.0,29.0,0.0,13.0,0.0,0.0,0.0,0.0,0.0,0.0,0.0,0.0,0.0,0.0,1.0,0.0,0.0,1.0,0.0,0.0,0.0,0.0,0.0,0.0,0.0,0.0,0.0,0.0,0.0,0.0,0.0,0.0,0.0,0.0,2.0,0.0,4.0,1.0,1.0,5366.0
-14697_6842,11.0,487.0,1233.0,196.0,0.0,1207.0,11.0,186.0,252.0,6.0,0.0,8.0,3.0,9.0,15.0,531.0,412.0,0.0,25.0,252.0,10.0,0.0,151.0,330.0,48.0,7.0,2352.0,97.0,6.0,16.0,0.0,0.0,0.0,0.0,0.0,0.0,0.0,0.0,0.0,0.0,0.0,0.0,0.0,0.0,0.0,0.0,0.0,0.0,0.0,0.0,0.0,2.0,0.0,0.0,0.0,0.0,0.0,3.0,0.0,0.0,0.0,0.0,5.0,5.0,0.0,7861.0
-14697_6843,11.0,186.0,522.0,317.0,0.0,564.0,2.0,38.0,118.0,6.0,0.0,4.0,4.0,3.0,12.0,246.0,130.0,1.0,28.0,238.0,187.0,1.0,13.0,118.0,14.0,1.0,742.0,36.0,2.0,14.0,0.0,0.0,0.0,1.0,0.0,0.0,0.0,0.0,0.0,0.0,0.0,0.0,0.0,0.0,0.0,0.0,0.0,0.0,0.0,1.0,1.0,0.0,0.0,0.0,0.0,0.0,0.0,0.0,0.0,0.0,0.0,0.0,3.0,1.0,1.0,3558.0
-14697_6844,2.0,10.0,35.0,29.0,0.0,68.0,1.0,3.0,8.0,0.0,0.0,0.0,0.0,0.0,0.0,30.0,6.0,0.0,3.0,32.0,0.0,0.0,0.0,5.0,0.0,0.0,65.0,1.0,0.0,2.0,0.0,0.0,0.0,0.0,0.0,0.0,0.0,0.0,0.0,0.0,0.0,0.0,0.0,0.0,0.0,0.0,0.0,1.0,0.0,0.0,0.0,0.0,0.0,0.0,0.0,0.0,0.0,0.0,0.0,0.0,0.0,0.0,1.0,1.0,0.0,300.0
-14697_6845,0.0,10.0,21.0,6.0,0.0,11.0,0.0,3.0,0.0,0.0,0.0,0.0,0.0,0.0,0.0,14.0,3.0,0.0,6.0,5.0,0.0,0.0,0.0,1.0,0.0,0.0,25.0,3.0,0.0,0.0,0.0,0.0,0.0,0.0,0.0,0.0,0.0,0.0,0.0,0.0,0.0,0.0,0.0,0.0,0.0,0.0,0.0,0.0,0.0,0.0,0.0,0.0,0.0,0.0,0.0,0.0,0.0,0.0,0.0,0.0,0.0,0.0,0.0,0.0,0.0,108.0
-14697_6846,6.0,233.0,654.0,200.0,0.0,402.0,1.0,42.0,99.0,7.0,0.0,4.0,2.0,8.0,26.0,219.0,261.0,0.0,29.0,231.0,0.0,0.0,58.0,114.0,14.0,3.0,416.0,60.0,3.0,8.0,0.0,0.0,0.0,0.0,0.0,0.0,0.0,0.0,0.0,0.0,0.0,0.0,0.0,0.0,0.0,0.0,0.0,0.0,0.0,0.0,0.0,0.0,0.0,0.0,0.0,0.0,0.0,0.0,0.0,0.0,0.0,0.0,0.0,0.0,0.0,3100.0
-14697_6847,2.0,58.0,158.0,55.0,0.0,166.0,0.0,26.0,47.0,3.0,0.0,2.0,0.0,0.0,1.0,90.0,92.0,1.0,3.0,52.0,2.0,0.0,7.0,55.0,3.0,0.0,235.0,18.0,0.0,2.0,0.0,0.0,0.0,0.0,0.0,0.0,0.0,0.0,0.0,0.0,1.0,0.0,0.0,0.0,0.0,0.0,0.0,0.0,0.0,0.0,0.0,0.0,0.0,0.0,0.0,0.0,0.0,0.0,0.0,0.0,0.0,0.0,1.0,0.0,1.0,1078.0
-14697_6848,0.0,0.0,1.0,0.0,0.0,0.0,0.0,0.0,0.0,0.0,0.0,0.0,0.0,0.0,0.0,0.0,1.0,0.0,0.0,0.0,0.0,0.0,0.0,0.0,0.0,0.0,1.0,0.0,0.0,0.0,0.0,0.0,0.0,0.0,0.0,0.0,0.0,0.0,0.0,0.0,0.0,0.0,0.0,0.0,0.0,0.0,0.0,0.0,0.0,0.0,0.0,0.0,0.0,0.0,0.0,0.0,0.0,0.0,0.0,0.0,0.0,0.0,0.0,0.0,0.0,3.0
-14697_6849,2.0,79.0,523.0,6.0,0.0,96.0,4.0,20.0,28.0,2.0,0.0,1.0,2.0,0.0,0.0,89.0,81.0,0.0,1.0,72.0,0.0,0.0,4.0,15.0,9.0,1.0,497.0,5.0,0.0,2.0,0.0,0.0,0.0,0.0,0.0,0.0,0.0,0.0,0.0,0.0,0.0,0.0,0.0,0.0,0.0,0.0,0.0,0.0,0.0,0.0,0.0,0.0,1.0,0.0,0.0,0.0,0.0,0.0,0.0,0.0,0.0,0.0,1.0,1.0,0.0,1539.0
-14697_6850,2.0,343.0,573.0,33.0,1.0,298.0,7.0,51.0,79.0,1.0,0.0,23.0,57.0,1.0,3.0,259.0,162.0,0.0,14.0,333.0,0.0,0.0,37.0,45.0,8.0,6.0,1061.0,26.0,4.0,8.0,0.0,0.0,0.0,0.0,0.0,1.0,0.0,1.0,0.0,0.0,0.0,0.0,0.0,0.0,0.0,0.0,1.0,1.0,0.0,0.0,0.0,1.0,0.0,1.0,0.0,0.0,0.0,0.0,0.0,0.0,0.0,0.0,6.0,3.0,0.0,3435.0
-14697_6851,18.0,362.0,859.0,186.0,0.0,604.0,2.0,90.0,97.0,18.0,0.0,10.0,6.0,6.0,15.0,318.0,228.0,1.0,40.0,258.0,1.0,0.0,53.0,134.0,20.0,6.0,805.0,136.0,0.0,9.0,0.0,0.0,0.0,0.0,0.0,0.0,0.0,0.0,0.0,0.0,1.0,0.0,0.0,0.0,0.0,0.0,0.0,0.0,0.0,0.0,0.0,2.0,0.0,0.0,0.0,0.0,0.0,2.0,1.0,0.0,0.0,0.0,6.0,5.0,1.0,4282.0
-14697_6852,16.0,641.0,1584.0,327.0,3.0,979.0,9.0,230.0,345.0,22.0,0.0,14.0,11.0,4.0,39.0,418.0,517.0,0.0,59.0,399.0,23.0,2.0,134.0,373.0,41.0,5.0,1927.0,147.0,0.0,24.0,0.0,0.0,0.0,0.0,0.0,0.0,0.0,0.0,0.0,0.0,1.0,0.0,1.0,0.0,0.0,0.0,0.0,0.0,0.0,0.0,0.0,1.0,0.0,0.0,0.0,0.0,0.0,1.0,0.0,0.0,1.0,0.0,5.0,2.0,1.0,8293.0
-14697_6853,9.0,354.0,804.0,209.0,2.0,573.0,4.0,91.0,109.0,9.0,0.0,9.0,3.0,5.0,21.0,235.0,267.0,0.0,42.0,276.0,1.0,0.0,58.0,67.0,25.0,4.0,556.0,94.0,0.0,19.0,0.0,0.0,0.0,0.0,0.0,0.0,0.0,0.0,0.0,0.0,0.0,0.0,0.0,0.0,0.0,0.0,0.0,0.0,0.0,0.0,1.0,0.0,0.0,0.0,0.0,0.0,0.0,2.0,0.0,0.0,0.0,0.0,3.0,3.0,0.0,3846.0
-14697_6854,2.0,115.0,232.0,18.0,0.0,63.0,2.0,15.0,33.0,1.0,1.0,1.0,5.0,1.0,3.0,44.0,31.0,0.0,183.0,67.0,0.0,0.0,6.0,6.0,44.0,1.0,222.0,19.0,0.0,8.0,0.0,0.0,0.0,0.0,0.0,0.0,0.0,0.0,0.0,0.0,0.0,0.0,0.0,0.0,0.0,0.0,0.0,0.0,0.0,0.0,1.0,1.0,0.0,0.0,0.0,0.0,0.0,2.0,2.0,0.0,0.0,0.0,6.0,6.0,0.0,1123.0
-14697_6855,1.0,116.0,253.0,14.0,1.0,134.0,29.0,4.0,90.0,1.0,1.0,5.0,3.0,2.0,0.0,170.0,46.0,0.0,18.0,153.0,2.0,0.0,8.0,43.0,14.0,2.0,762.0,5.0,0.0,17.0,0.0,0.0,0.0,0.0,0.0,1.0,0.0,0.0,0.0,0.0,0.0,1.0,0.0,0.0,0.0,0.0,0.0,3.0,0.0,0.0,0.0,1.0,0.0,0.0,0.0,0.0,0.0,1.0,6.0,0.0,0.0,0.0,13.0,13.0,0.0,1894.0
-14697_6856,1.0,276.0,647.0,29.0,1.0,281.0,46.0,252.0,241.0,1.0,1.0,3.0,4.0,2.0,2.0,258.0,93.0,0.0,13.0,251.0,2.0,0.0,25.0,114.0,36.0,4.0,1739.0,11.0,0.0,28.0,0.0,0.0,0.0,1.0,0.0,1.0,0.0,0.0,0.0,0.0,0.0,1.0,0.0,1.0,0.0,0.0,0.0,4.0,0.0,0.0,1.0,1.0,0.0,0.0,0.0,0.0,0.0,0.0,0.0,0.0,0.0,0.0,10.0,9.0,1.0,4361.0
-14697_6857,2.0,297.0,747.0,191.0,2.0,553.0,7.0,128.0,316.0,1.0,0.0,4.0,0.0,3.0,10.0,377.0,113.0,0.0,19.0,373.0,3.0,0.0,16.0,176.0,15.0,1.0,1757.0,25.0,3.0,16.0,0.0,0.0,0.0,2.0,0.0,0.0,0.0,0.0,0.0,1.0,1.0,0.0,0.0,0.0,0.0,0.0,0.0,1.0,0.0,0.0,0.0,0.0,0.0,0.0,0.0,0.0,0.0,2.0,1.0,0.0,0.0,0.0,8.0,5.0,3.0,5155.0
-14697_6858,1.0,220.0,967.0,288.0,1.0,748.0,11.0,108.0,504.0,3.0,0.0,11.0,9.0,2.0,22.0,441.0,54.0,0.0,5.0,366.0,1.0,1.0,316.0,171.0,19.0,10.0,3533.0,13.0,1.0,23.0,0.0,0.0,0.0,2.0,0.0,0.0,0.0,0.0,0.0,0.0,0.0,1.0,0.0,0.0,0.0,0.0,0.0,2.0,0.0,0.0,0.0,1.0,0.0,0.0,0.0,0.0,0.0,2.0,1.0,0.0,0.0,0.0,9.0,7.0,2.0,7849.0
-14697_6859,2.0,149.0,253.0,292.0,1.0,749.0,4.0,46.0,187.0,0.0,0.0,0.0,0.0,0.0,3.0,623.0,27.0,0.0,4.0,147.0,4.0,0.0,3.0,131.0,3.0,3.0,2251.0,9.0,4.0,8.0,0.0,0.0,0.0,4.0,0.0,1.0,0.0,0.0,0.0,0.0,0.0,0.0,0.0,0.0,0.0,0.0,0.0,1.0,0.0,0.0,0.0,0.0,0.0,0.0,0.0,0.0,0.0,0.0,0.0,0.0,0.0,0.0,6.0,2.0,4.0,4903.0
-14697_6860,2.0,184.0,458.0,295.0,0.0,710.0,4.0,102.0,313.0,3.0,0.0,0.0,5.0,1.0,8.0,404.0,40.0,0.0,13.0,269.0,6.0,0.0,12.0,114.0,24.0,7.0,2044.0,14.0,1.0,9.0,0.0,0.0,0.0,3.0,0.0,0.0,0.0,0.0,0.0,0.0,0.0,0.0,0.0,0.0,0.0,0.0,0.0,1.0,0.0,1.0,0.0,1.0,0.0,0.0,0.0,0.0,0.0,5.0,0.0,0.0,1.0,0.0,12.0,7.0,3.0,5042.0
-14697_6861,1.0,93.0,211.0,172.0,0.0,318.0,1.0,38.0,106.0,3.0,0.0,3.0,2.0,1.0,5.0,256.0,28.0,0.0,2.0,85.0,3.0,0.0,6.0,82.0,5.0,3.0,1095.0,11.0,0.0,2.0,0.0,0.0,0.0,0.0,0.0,0.0,0.0,0.0,0.0,0.0,0.0,0.0,0.0,0.0,0.0,0.0,0.0,2.0,0.0,0.0,2.0,0.0,0.0,0.0,0.0,0.0,0.0,0.0,0.0,0.0,0.0,0.0,4.0,4.0,0.0,2532.0
-14697_6862,8.0,800.0,3023.0,170.0,1.0,1073.0,13.0,2749.0,479.0,24.0,0.0,57.0,9.0,7.0,11.0,238.0,3444.0,0.0,86.0,482.0,56.0,0.0,77.0,278.0,36.0,12.0,2126.0,154.0,17.0,34.0,0.0,0.0,0.0,0.0,0.0,1.0,0.0,0.0,0.0,1.0,2.0,0.0,0.0,0.0,0.0,0.0,0.0,5.0,0.0,0.0,2.0,3.0,1.0,0.0,0.0,0.0,0.0,1.0,0.0,0.0,0.0,0.0,16.0,14.0,2.0,15464.0
-14697_6863,8.0,1072.0,3111.0,505.0,1.0,1279.0,25.0,1054.0,524.0,19.0,0.0,22.0,11.0,14.0,9.0,326.0,1184.0,3.0,162.0,895.0,6.0,1.0,83.0,319.0,52.0,15.0,2769.0,179.0,41.0,25.0,0.0,0.0,0.0,0.0,0.0,0.0,0.0,0.0,0.0,0.0,0.0,0.0,0.0,0.0,0.0,0.0,0.0,1.0,0.0,0.0,2.0,3.0,0.0,0.0,0.0,0.0,0.0,1.0,0.0,0.0,0.0,0.0,7.0,7.0,0.0,13714.0
-14697_6864,3.0,307.0,741.0,485.0,1.0,917.0,6.0,216.0,699.0,0.0,0.0,8.0,2.0,4.0,14.0,334.0,93.0,0.0,32.0,274.0,9.0,2.0,29.0,295.0,33.0,6.0,4163.0,20.0,1.0,8.0,0.0,1.0,1.0,6.0,0.0,0.0,0.0,0.0,0.0,0.0,0.0,0.0,0.0,0.0,0.0,0.0,0.0,2.0,0.0,1.0,4.0,2.0,0.0,0.0,0.0,0.0,0.0,2.0,0.0,0.0,0.0,0.0,19.0,11.0,6.0,8702.0
-14697_6865,4.0,86.0,361.0,148.0,0.0,492.0,24.0,54.0,361.0,1.0,0.0,0.0,3.0,0.0,10.0,235.0,30.0,2.0,3.0,138.0,13.0,0.0,12.0,63.0,27.0,1.0,2192.0,11.0,0.0,17.0,0.0,0.0,0.0,2.0,0.0,0.0,1.0,0.0,0.0,0.0,0.0,0.0,0.0,0.0,0.0,0.0,0.0,3.0,0.0,0.0,0.0,1.0,0.0,0.0,0.0,0.0,0.0,0.0,0.0,0.0,0.0,0.0,7.0,5.0,2.0,4288.0
-14697_6866,0.0,11.0,64.0,8.0,0.0,77.0,0.0,23.0,34.0,1.0,0.0,1.0,1.0,0.0,4.0,36.0,17.0,0.0,2.0,5.0,0.0,0.0,4.0,5.0,7.0,0.0,656.0,2.0,0.0,1.0,0.0,0.0,1.0,0.0,0.0,0.0,0.0,0.0,0.0,0.0,0.0,0.0,0.0,0.0,0.0,0.0,0.0,0.0,0.0,0.0,0.0,0.0,0.0,0.0,0.0,0.0,0.0,0.0,0.0,0.0,0.0,0.0,1.0,0.0,0.0,959.0
-14698_6836,1.0,31.0,93.0,22.0,0.0,84.0,0.0,4.0,19.0,1.0,0.0,0.0,1.0,0.0,0.0,29.0,10.0,0.0,10.0,44.0,0.0,0.0,1.0,3.0,3.0,0.0,67.0,4.0,0.0,0.0,0.0,0.0,0.0,0.0,0.0,0.0,0.0,0.0,0.0,0.0,0.0,0.0,0.0,0.0,0.0,0.0,0.0,0.0,0.0,0.0,0.0,0.0,0.0,0.0,0.0,0.0,0.0,0.0,0.0,0.0,0.0,0.0,0.0,0.0,0.0,427.0
-14698_6837,2.0,100.0,160.0,64.0,0.0,262.0,0.0,28.0,89.0,0.0,0.0,5.0,1.0,0.0,1.0,62.0,36.0,0.0,18.0,120.0,0.0,0.0,7.0,17.0,3.0,3.0,265.0,11.0,0.0,0.0,0.0,0.0,0.0,0.0,0.0,0.0,0.0,0.0,0.0,1.0,1.0,0.0,0.0,0.0,0.0,0.0,0.0,1.0,0.0,0.0,0.0,1.0,0.0,0.0,0.0,0.0,0.0,1.0,0.0,0.0,0.0,0.0,5.0,4.0,1.0,1254.0
-14698_6838,0.0,0.0,0.0,0.0,0.0,1.0,0.0,0.0,0.0,0.0,0.0,0.0,0.0,0.0,0.0,0.0,0.0,0.0,1.0,0.0,0.0,0.0,0.0,0.0,0.0,0.0,0.0,0.0,0.0,0.0,0.0,0.0,0.0,0.0,0.0,0.0,0.0,0.0,0.0,0.0,0.0,0.0,0.0,0.0,0.0,0.0,0.0,0.0,0.0,0.0,0.0,0.0,0.0,0.0,0.0,0.0,0.0,0.0,0.0,0.0,0.0,0.0,0.0,0.0,0.0,2.0
-14698_6839,4.0,272.0,552.0,3.0,233.0,342.0,3.0,310.0,863.0,0.0,0.0,8.0,3.0,0.0,0.0,417.0,443.0,0.0,8.0,332.0,1.0,0.0,115.0,16.0,26.0,3.0,2536.0,254.0,0.0,2.0,0.0,0.0,7.0,1.0,0.0,0.0,0.0,0.0,0.0,0.0,0.0,0.0,0.0,0.0,0.0,0.0,0.0,0.0,0.0,0.0,1.0,1.0,1.0,0.0,1.0,0.0,0.0,0.0,1.0,0.0,0.0,0.0,13.0,4.0,2.0,6746.0
-14698_6840,4.0,144.0,237.0,107.0,0.0,895.0,0.0,14.0,442.0,1.0,0.0,2.0,0.0,0.0,2.0,194.0,57.0,1.0,12.0,145.0,1.0,0.0,9.0,23.0,6.0,1.0,450.0,11.0,0.0,3.0,0.0,0.0,0.0,1.0,0.0,0.0,0.0,0.0,0.0,0.0,0.0,0.0,0.0,0.0,0.0,0.0,0.0,1.0,0.0,0.0,0.0,0.0,0.0,0.0,0.0,0.0,0.0,0.0,0.0,0.0,0.0,0.0,2.0,1.0,1.0,2761.0
-14698_6841,15.0,168.0,515.0,295.0,0.0,591.0,3.0,37.0,172.0,3.0,0.0,3.0,4.0,4.0,10.0,329.0,102.0,0.0,25.0,242.0,12.0,0.0,11.0,101.0,12.0,3.0,563.0,51.0,0.0,14.0,0.0,0.0,0.0,0.0,0.0,0.0,0.0,0.0,0.0,0.0,0.0,0.0,0.0,0.0,0.0,0.0,0.0,0.0,0.0,0.0,1.0,0.0,0.0,0.0,0.0,0.0,0.0,0.0,0.0,0.0,0.0,0.0,1.0,1.0,0.0,3285.0
-14698_6842,13.0,265.0,665.0,431.0,1.0,841.0,3.0,52.0,244.0,7.0,0.0,4.0,1.0,9.0,10.0,340.0,110.0,2.0,40.0,298.0,9.0,1.0,28.0,201.0,40.0,0.0,668.0,80.0,2.0,15.0,0.0,0.0,0.0,0.0,0.0,0.0,0.0,0.0,0.0,0.0,0.0,0.0,0.0,0.0,0.0,0.0,0.0,1.0,0.0,0.0,2.0,1.0,0.0,0.0,0.0,0.0,0.0,1.0,0.0,0.0,0.0,0.0,5.0,5.0,0.0,4380.0
-14698_6843,11.0,309.0,739.0,434.0,0.0,792.0,4.0,59.0,276.0,5.0,0.0,6.0,6.0,7.0,8.0,352.0,155.0,3.0,49.0,328.0,213.0,0.0,19.0,219.0,22.0,2.0,852.0,71.0,2.0,12.0,0.0,0.0,0.0,2.0,0.0,0.0,0.0,0.0,0.0,1.0,1.0,0.0,1.0,0.0,0.0,0.0,0.0,0.0,0.0,0.0,0.0,0.0,0.0,0.0,0.0,0.0,0.0,3.0,0.0,0.0,0.0,0.0,8.0,4.0,3.0,4955.0
-14698_6844,5.0,127.0,243.0,205.0,1.0,381.0,7.0,30.0,244.0,3.0,0.0,2.0,2.0,0.0,2.0,186.0,70.0,0.0,25.0,108.0,2.0,0.0,22.0,125.0,15.0,2.0,1637.0,28.0,0.0,3.0,0.0,0.0,0.0,0.0,0.0,0.0,0.0,0.0,0.0,0.0,1.0,0.0,0.0,0.0,0.0,0.0,0.0,0.0,0.0,0.0,0.0,0.0,0.0,0.0,0.0,0.0,0.0,0.0,0.0,0.0,2.0,0.0,3.0,0.0,1.0,3475.0
-14698_6845,0.0,5.0,6.0,2.0,0.0,10.0,0.0,2.0,2.0,0.0,0.0,0.0,0.0,0.0,0.0,11.0,1.0,0.0,0.0,10.0,0.0,0.0,0.0,1.0,0.0,0.0,34.0,1.0,0.0,0.0,0.0,0.0,0.0,0.0,0.0,0.0,0.0,0.0,0.0,0.0,0.0,0.0,0.0,0.0,0.0,0.0,0.0,0.0,0.0,0.0,0.0,0.0,0.0,0.0,0.0,0.0,0.0,0.0,0.0,0.0,0.0,0.0,0.0,0.0,0.0,85.0
-14698_6846,1.0,32.0,104.0,61.0,0.0,68.0,1.0,12.0,24.0,5.0,0.0,0.0,0.0,0.0,0.0,47.0,33.0,0.0,7.0,30.0,0.0,0.0,5.0,10.0,4.0,0.0,90.0,20.0,0.0,2.0,0.0,0.0,0.0,0.0,0.0,0.0,0.0,0.0,0.0,0.0,0.0,0.0,0.0,0.0,0.0,0.0,0.0,0.0,0.0,0.0,0.0,0.0,0.0,0.0,0.0,0.0,0.0,0.0,0.0,0.0,0.0,0.0,0.0,0.0,0.0,556.0
-14698_6847,1.0,4.0,6.0,11.0,0.0,20.0,0.0,2.0,6.0,0.0,0.0,0.0,0.0,0.0,1.0,17.0,2.0,0.0,0.0,3.0,0.0,0.0,1.0,0.0,2.0,0.0,26.0,0.0,0.0,1.0,0.0,0.0,0.0,0.0,0.0,0.0,0.0,0.0,0.0,0.0,0.0,0.0,0.0,0.0,0.0,0.0,0.0,1.0,0.0,0.0,0.0,1.0,0.0,0.0,0.0,0.0,0.0,1.0,0.0,0.0,0.0,0.0,3.0,3.0,0.0,103.0
-14698_6848,1.0,38.0,103.0,21.0,0.0,43.0,0.0,14.0,16.0,1.0,0.0,0.0,0.0,0.0,1.0,20.0,74.0,1.0,1.0,44.0,2.0,1.0,4.0,16.0,5.0,0.0,153.0,7.0,0.0,9.0,0.0,0.0,0.0,0.0,0.0,0.0,0.0,0.0,0.0,0.0,0.0,0.0,0.0,0.0,0.0,0.0,0.0,1.0,0.0,0.0,0.0,0.0,0.0,0.0,0.0,0.0,0.0,1.0,0.0,0.0,0.0,0.0,2.0,2.0,0.0,575.0
-14698_6849,12.0,156.0,350.0,108.0,1.0,262.0,4.0,39.0,67.0,6.0,0.0,1.0,1.0,1.0,10.0,225.0,145.0,0.0,12.0,140.0,3.0,0.0,27.0,86.0,9.0,0.0,488.0,65.0,1.0,6.0,0.0,0.0,0.0,0.0,0.0,0.0,0.0,0.0,0.0,0.0,1.0,0.0,0.0,0.0,0.0,0.0,0.0,1.0,0.0,0.0,0.0,0.0,0.0,0.0,0.0,0.0,0.0,0.0,0.0,0.0,1.0,0.0,3.0,1.0,1.0,2225.0
-14698_6850,8.0,285.0,667.0,91.0,3.0,371.0,3.0,55.0,94.0,9.0,0.0,11.0,7.0,5.0,30.0,275.0,187.0,0.0,29.0,555.0,6.0,1.0,38.0,157.0,15.0,4.0,1087.0,64.0,0.0,2.0,0.0,0.0,0.0,0.0,0.0,1.0,0.0,0.0,0.0,0.0,0.0,0.0,0.0,0.0,0.0,0.0,0.0,0.0,0.0,1.0,0.0,1.0,0.0,1.0,0.0,0.0,0.0,0.0,0.0,0.0,0.0,0.0,4.0,2.0,0.0,4059.0
-14698_6851,19.0,663.0,1879.0,395.0,0.0,1190.0,12.0,140.0,156.0,25.0,1.0,18.0,10.0,9.0,35.0,487.0,503.0,1.0,100.0,586.0,5.0,2.0,213.0,166.0,52.0,4.0,954.0,265.0,1.0,31.0,0.0,0.0,0.0,0.0,0.0,0.0,0.0,0.0,0.0,0.0,0.0,0.0,0.0,0.0,0.0,0.0,0.0,0.0,0.0,0.0,3.0,1.0,0.0,0.0,0.0,0.0,0.0,5.0,0.0,0.0,0.0,0.0,9.0,9.0,0.0,7922.0
-14698_6852,27.0,752.0,1784.0,434.0,0.0,1210.0,10.0,215.0,383.0,17.0,0.0,14.0,6.0,7.0,31.0,503.0,479.0,0.0,66.0,550.0,277.0,1.0,149.0,482.0,45.0,8.0,2705.0,165.0,0.0,28.0,0.0,0.0,0.0,0.0,0.0,0.0,1.0,0.0,0.0,0.0,0.0,0.0,0.0,0.0,0.0,0.0,0.0,0.0,0.0,0.0,2.0,0.0,0.0,0.0,0.0,0.0,0.0,1.0,1.0,0.0,1.0,0.0,6.0,5.0,0.0,10348.0
-14698_6853,4.0,57.0,148.0,39.0,0.0,114.0,0.0,20.0,25.0,2.0,0.0,0.0,0.0,0.0,3.0,85.0,47.0,0.0,8.0,58.0,3.0,0.0,4.0,39.0,0.0,2.0,217.0,17.0,0.0,3.0,0.0,0.0,0.0,0.0,0.0,0.0,0.0,0.0,0.0,0.0,0.0,0.0,0.0,0.0,0.0,0.0,0.0,0.0,0.0,0.0,0.0,0.0,0.0,0.0,0.0,0.0,0.0,0.0,0.0,0.0,0.0,0.0,0.0,0.0,0.0,895.0
-14698_6854,1.0,107.0,242.0,77.0,0.0,169.0,1.0,58.0,38.0,5.0,0.0,8.0,2.0,0.0,2.0,123.0,81.0,0.0,5.0,89.0,4.0,0.0,5.0,61.0,5.0,5.0,464.0,15.0,1.0,5.0,0.0,0.0,0.0,0.0,0.0,0.0,0.0,0.0,0.0,0.0,1.0,0.0,0.0,0.0,0.0,0.0,0.0,0.0,0.0,0.0,0.0,0.0,0.0,0.0,0.0,0.0,0.0,0.0,0.0,0.0,0.0,0.0,1.0,0.0,1.0,1573.0
-14698_6855,4.0,298.0,855.0,202.0,0.0,625.0,4.0,70.0,125.0,1.0,1.0,12.0,19.0,3.0,7.0,279.0,152.0,2.0,21.0,221.0,3.0,0.0,24.0,112.0,58.0,3.0,1205.0,26.0,1.0,12.0,0.0,0.0,0.0,0.0,0.0,0.0,0.0,1.0,0.0,0.0,0.0,1.0,0.0,0.0,0.0,0.0,0.0,1.0,0.0,1.0,1.0,1.0,0.0,1.0,0.0,0.0,0.0,2.0,0.0,0.0,0.0,0.0,9.0,6.0,0.0,4345.0
-14698_6856,0.0,297.0,610.0,67.0,2.0,533.0,54.0,58.0,185.0,4.0,0.0,14.0,4.0,3.0,0.0,687.0,160.0,1.0,26.0,492.0,0.0,0.0,61.0,170.0,19.0,9.0,2403.0,28.0,0.0,34.0,0.0,0.0,0.0,0.0,0.0,4.0,0.0,0.0,0.0,0.0,0.0,1.0,0.0,0.0,0.0,0.0,0.0,1.0,0.0,0.0,0.0,1.0,0.0,0.0,0.0,0.0,0.0,0.0,2.0,0.0,0.0,0.0,9.0,9.0,0.0,5921.0
-14698_6857,7.0,296.0,559.0,68.0,2.0,312.0,5.0,122.0,102.0,4.0,0.0,6.0,2.0,3.0,0.0,358.0,67.0,0.0,7.0,159.0,3.0,0.0,23.0,127.0,20.0,0.0,1105.0,30.0,0.0,7.0,0.0,0.0,0.0,1.0,0.0,0.0,0.0,0.0,0.0,0.0,0.0,0.0,0.0,0.0,0.0,0.0,0.0,0.0,0.0,0.0,1.0,1.0,0.0,0.0,0.0,0.0,0.0,0.0,0.0,0.0,0.0,0.0,3.0,2.0,1.0,3394.0
-14698_6858,10.0,639.0,1326.0,235.0,1.0,740.0,6.0,200.0,338.0,8.0,0.0,10.0,4.0,3.0,10.0,438.0,329.0,1.0,47.0,570.0,19.0,0.0,30.0,444.0,32.0,6.0,1868.0,59.0,4.0,25.0,0.0,0.0,0.0,0.0,0.0,0.0,0.0,0.0,0.0,0.0,0.0,0.0,0.0,0.0,0.0,0.0,0.0,1.0,0.0,0.0,2.0,2.0,0.0,0.0,1.0,0.0,0.0,2.0,2.0,0.0,0.0,0.0,10.0,9.0,1.0,7402.0
-14698_6859,6.0,98.0,296.0,261.0,1.0,712.0,6.0,53.0,166.0,4.0,1.0,3.0,0.0,1.0,9.0,392.0,60.0,1.0,10.0,110.0,5.0,0.0,4.0,218.0,5.0,0.0,2438.0,10.0,0.0,10.0,0.0,0.0,0.0,2.0,0.0,0.0,0.0,0.0,0.0,0.0,1.0,0.0,0.0,0.0,0.0,0.0,0.0,0.0,0.0,0.0,0.0,0.0,0.0,0.0,1.0,0.0,0.0,0.0,1.0,0.0,0.0,0.0,5.0,1.0,4.0,4880.0
-14698_6860,16.0,447.0,1204.0,641.0,0.0,1366.0,6.0,137.0,327.0,9.0,0.0,3.0,8.0,5.0,28.0,591.0,273.0,1.0,34.0,360.0,2.0,0.0,38.0,251.0,36.0,5.0,2469.0,79.0,5.0,20.0,0.0,0.0,0.0,1.0,0.0,0.0,0.0,0.0,0.0,0.0,0.0,0.0,0.0,0.0,0.0,0.0,0.0,1.0,0.0,0.0,2.0,2.0,0.0,0.0,0.0,0.0,0.0,3.0,1.0,0.0,0.0,0.0,10.0,9.0,1.0,8361.0
-14698_6861,3.0,137.0,331.0,296.0,0.0,662.0,2.0,64.0,192.0,5.0,0.0,2.0,2.0,0.0,4.0,272.0,45.0,1.0,5.0,133.0,2.0,0.0,12.0,164.0,9.0,5.0,1656.0,14.0,1.0,9.0,1.0,0.0,0.0,0.0,0.0,0.0,0.0,0.0,0.0,1.0,0.0,0.0,0.0,0.0,0.0,0.0,0.0,0.0,0.0,0.0,0.0,1.0,0.0,0.0,0.0,0.0,0.0,0.0,0.0,0.0,0.0,0.0,3.0,2.0,1.0,4028.0
-14698_6862,1.0,83.0,182.0,41.0,0.0,151.0,0.0,26.0,87.0,0.0,0.0,2.0,0.0,0.0,7.0,145.0,61.0,0.0,1.0,51.0,7.0,0.0,7.0,34.0,2.0,1.0,467.0,14.0,0.0,4.0,0.0,0.0,0.0,0.0,0.0,0.0,0.0,0.0,0.0,0.0,1.0,0.0,1.0,0.0,0.0,0.0,0.0,2.0,0.0,0.0,0.0,0.0,0.0,0.0,0.0,0.0,0.0,0.0,0.0,0.0,0.0,0.0,4.0,2.0,1.0,1374.0
-14698_6863,2.0,524.0,2151.0,276.0,0.0,1128.0,10.0,306.0,1042.0,7.0,0.0,26.0,5.0,3.0,60.0,451.0,438.0,0.0,23.0,353.0,565.0,0.0,53.0,403.0,61.0,8.0,6380.0,68.0,0.0,21.0,1.0,0.0,1.0,3.0,0.0,0.0,0.0,0.0,0.0,0.0,0.0,0.0,0.0,0.0,0.0,1.0,0.0,3.0,0.0,0.0,0.0,0.0,0.0,0.0,0.0,0.0,0.0,1.0,0.0,1.0,2.0,0.0,13.0,4.0,6.0,14364.0
-14698_6864,5.0,207.0,469.0,422.0,0.0,591.0,2.0,109.0,363.0,0.0,0.0,3.0,1.0,8.0,4.0,219.0,64.0,0.0,24.0,242.0,8.0,0.0,10.0,160.0,20.0,2.0,1498.0,13.0,0.0,17.0,0.0,0.0,0.0,1.0,0.0,1.0,0.0,0.0,0.0,0.0,0.0,0.0,0.0,0.0,0.0,0.0,0.0,2.0,0.0,0.0,1.0,2.0,0.0,0.0,0.0,0.0,0.0,1.0,0.0,0.0,0.0,0.0,8.0,7.0,1.0,4461.0
-14698_6865,1.0,110.0,374.0,513.0,0.0,720.0,5.0,110.0,348.0,0.0,0.0,1.0,3.0,2.0,18.0,271.0,32.0,0.0,18.0,179.0,2.0,1.0,10.0,175.0,21.0,1.0,2114.0,6.0,2.0,11.0,0.0,0.0,0.0,2.0,0.0,0.0,0.0,0.0,0.0,1.0,0.0,0.0,0.0,0.0,0.0,0.0,0.0,4.0,0.0,0.0,0.0,2.0,0.0,0.0,0.0,0.0,0.0,0.0,0.0,0.0,1.0,0.0,10.0,7.0,2.0,5048.0
-14698_6866,3.0,184.0,440.0,469.0,0.0,844.0,6.0,97.0,521.0,0.0,0.0,4.0,1.0,6.0,6.0,472.0,38.0,0.0,12.0,271.0,2.0,0.0,16.0,167.0,19.0,3.0,3272.0,9.0,0.0,11.0,0.0,0.0,0.0,1.0,0.0,0.0,0.0,0.0,0.0,0.0,0.0,0.0,0.0,0.0,0.0,0.0,0.0,2.0,0.0,0.0,0.0,3.0,0.0,0.0,0.0,0.0,0.0,1.0,0.0,0.0,1.0,0.0,8.0,6.0,1.0,6873.0
-14698_6867,1.0,33.0,124.0,34.0,0.0,201.0,2.0,38.0,28.0,1.0,0.0,0.0,0.0,1.0,2.0,92.0,42.0,0.0,1.0,22.0,0.0,0.0,3.0,22.0,11.0,0.0,787.0,7.0,0.0,2.0,0.0,0.0,0.0,0.0,0.0,0.0,0.0,0.0,0.0,0.0,0.0,0.0,0.0,0.0,0.0,0.0,0.0,0.0,1.0,0.0,0.0,0.0,0.0,0.0,0.0,0.0,0.0,0.0,0.0,0.0,0.0,0.0,1.0,0.0,0.0,1454.0
-14698_6868,0.0,8.0,20.0,5.0,0.0,33.0,2.0,9.0,11.0,0.0,0.0,1.0,0.0,0.0,1.0,12.0,4.0,0.0,0.0,8.0,0.0,0.0,0.0,2.0,0.0,1.0,112.0,0.0,0.0,2.0,0.0,0.0,0.0,0.0,0.0,0.0,0.0,0.0,0.0,0.0,0.0,0.0,0.0,0.0,0.0,0.0,0.0,0.0,0.0,0.0,0.0,0.0,0.0,0.0,0.0,0.0,0.0,0.0,0.0,0.0,0.0,0.0,0.0,0.0,0.0,231.0
-14699_6836,2.0,35.0,106.0,45.0,0.0,100.0,0.0,6.0,20.0,0.0,0.0,1.0,3.0,0.0,1.0,26.0,24.0,1.0,10.0,68.0,0.0,0.0,4.0,0.0,2.0,0.0,82.0,4.0,0.0,0.0,0.0,0.0,0.0,1.0,0.0,0.0,0.0,0.0,0.0,0.0,0.0,0.0,0.0,0.0,0.0,0.0,0.0,0.0,0.0,0.0,1.0,0.0,0.0,0.0,0.0,0.0,0.0,0.0,0.0,0.0,0.0,0.0,2.0,1.0,1.0,540.0
-14699_6837,3.0,209.0,532.0,141.0,0.0,501.0,0.0,41.0,228.0,1.0,0.0,2.0,1.0,1.0,7.0,163.0,109.0,0.0,20.0,217.0,2.0,0.0,24.0,36.0,12.0,3.0,376.0,22.0,3.0,15.0,0.0,0.0,0.0,0.0,0.0,0.0,0.0,0.0,0.0,0.0,0.0,0.0,0.0,0.0,0.0,0.0,0.0,1.0,0.0,0.0,0.0,0.0,0.0,0.0,0.0,0.0,0.0,1.0,0.0,0.0,0.0,0.0,2.0,2.0,0.0,2669.0
-14699_6838,0.0,3.0,3.0,0.0,0.0,2.0,0.0,0.0,0.0,0.0,0.0,0.0,0.0,0.0,0.0,1.0,0.0,0.0,0.0,2.0,0.0,0.0,5.0,0.0,0.0,0.0,4.0,1.0,0.0,0.0,0.0,0.0,0.0,0.0,0.0,0.0,0.0,0.0,0.0,0.0,0.0,0.0,0.0,0.0,0.0,0.0,0.0,0.0,0.0,0.0,0.0,0.0,0.0,0.0,0.0,0.0,0.0,0.0,0.0,0.0,0.0,0.0,0.0,0.0,0.0,21.0
-14699_6840,0.0,11.0,13.0,1.0,0.0,129.0,0.0,6.0,64.0,0.0,0.0,0.0,0.0,0.0,0.0,117.0,5.0,0.0,0.0,10.0,0.0,0.0,2.0,2.0,1.0,0.0,85.0,2.0,0.0,0.0,0.0,0.0,0.0,0.0,0.0,0.0,0.0,0.0,0.0,0.0,0.0,0.0,0.0,0.0,0.0,0.0,0.0,0.0,0.0,0.0,0.0,0.0,0.0,0.0,0.0,0.0,0.0,0.0,0.0,0.0,0.0,0.0,0.0,0.0,0.0,448.0
-14699_6841,7.0,212.0,496.0,267.0,2.0,614.0,8.0,53.0,220.0,3.0,1.0,7.0,2.0,1.0,6.0,206.0,140.0,1.0,26.0,233.0,499.0,0.0,13.0,164.0,20.0,2.0,770.0,29.0,0.0,17.0,0.0,0.0,0.0,1.0,0.0,0.0,0.0,0.0,0.0,0.0,0.0,0.0,0.0,0.0,0.0,0.0,0.0,0.0,0.0,1.0,0.0,0.0,0.0,0.0,0.0,0.0,0.0,0.0,0.0,0.0,0.0,0.0,2.0,0.0,1.0,4019.0
-14699_6842,2.0,92.0,237.0,220.0,0.0,323.0,4.0,26.0,86.0,1.0,0.0,1.0,2.0,1.0,5.0,111.0,48.0,0.0,5.0,82.0,107.0,0.0,7.0,47.0,8.0,1.0,333.0,21.0,0.0,4.0,0.0,0.0,0.0,0.0,0.0,0.0,0.0,0.0,0.0,0.0,0.0,0.0,0.0,0.0,0.0,0.0,0.0,0.0,0.0,0.0,0.0,0.0,0.0,0.0,0.0,0.0,0.0,0.0,0.0,0.0,0.0,0.0,0.0,0.0,0.0,1774.0
-14699_6843,4.0,64.0,160.0,125.0,0.0,217.0,4.0,18.0,50.0,0.0,0.0,2.0,0.0,5.0,2.0,124.0,70.0,0.0,9.0,73.0,140.0,0.0,2.0,47.0,7.0,2.0,279.0,22.0,3.0,4.0,0.0,0.0,0.0,1.0,0.0,0.0,0.0,0.0,0.0,0.0,1.0,0.0,0.0,0.0,0.0,0.0,0.0,0.0,0.0,0.0,0.0,0.0,0.0,0.0,0.0,0.0,0.0,0.0,0.0,0.0,0.0,0.0,2.0,0.0,2.0,1433.0
-14699_6844,2.0,63.0,99.0,113.0,0.0,204.0,0.0,8.0,55.0,0.0,0.0,2.0,2.0,0.0,1.0,127.0,22.0,0.0,5.0,64.0,0.0,0.0,3.0,17.0,2.0,1.0,335.0,9.0,0.0,2.0,0.0,0.0,0.0,0.0,0.0,0.0,0.0,0.0,0.0,0.0,0.0,0.0,0.0,0.0,0.0,0.0,0.0,1.0,0.0,0.0,0.0,1.0,0.0,0.0,0.0,0.0,0.0,0.0,0.0,0.0,0.0,0.0,2.0,2.0,0.0,1136.0
-14699_6845,2.0,61.0,97.0,59.0,0.0,141.0,0.0,16.0,60.0,2.0,0.0,0.0,1.0,2.0,0.0,74.0,35.0,1.0,0.0,53.0,0.0,0.0,6.0,36.0,1.0,1.0,672.0,10.0,0.0,1.0,0.0,0.0,0.0,0.0,0.0,0.0,0.0,0.0,0.0,0.0,0.0,0.0,0.0,0.0,0.0,0.0,0.0,0.0,0.0,0.0,0.0,0.0,0.0,0.0,0.0,0.0,0.0,0.0,1.0,0.0,0.0,0.0,1.0,1.0,0.0,1331.0
-14699_6846,0.0,15.0,26.0,22.0,0.0,20.0,0.0,8.0,9.0,0.0,0.0,1.0,0.0,0.0,0.0,22.0,9.0,0.0,1.0,7.0,0.0,0.0,3.0,3.0,3.0,0.0,52.0,4.0,0.0,0.0,0.0,0.0,0.0,0.0,0.0,0.0,0.0,0.0,0.0,0.0,0.0,0.0,0.0,0.0,0.0,0.0,0.0,0.0,0.0,0.0,0.0,0.0,0.0,0.0,0.0,0.0,0.0,0.0,0.0,0.0,0.0,0.0,0.0,0.0,0.0,205.0
-14699_6847,0.0,1.0,1.0,1.0,0.0,1.0,0.0,0.0,1.0,0.0,0.0,0.0,0.0,0.0,0.0,1.0,0.0,0.0,0.0,0.0,0.0,0.0,0.0,0.0,0.0,0.0,4.0,1.0,0.0,1.0,0.0,0.0,0.0,0.0,0.0,0.0,0.0,0.0,0.0,0.0,0.0,0.0,0.0,0.0,0.0,0.0,0.0,0.0,0.0,0.0,0.0,0.0,0.0,0.0,0.0,0.0,0.0,0.0,0.0,0.0,0.0,0.0,0.0,0.0,0.0,12.0
-14699_6848,14.0,46.0,97.0,55.0,0.0,122.0,0.0,14.0,18.0,4.0,0.0,1.0,0.0,2.0,0.0,100.0,28.0,0.0,8.0,47.0,0.0,0.0,3.0,30.0,1.0,0.0,171.0,13.0,0.0,1.0,0.0,0.0,0.0,0.0,0.0,0.0,0.0,0.0,0.0,0.0,0.0,0.0,0.0,0.0,0.0,0.0,0.0,0.0,0.0,0.0,0.0,0.0,0.0,0.0,0.0,0.0,0.0,0.0,0.0,0.0,0.0,0.0,0.0,0.0,0.0,775.0
-14699_6849,19.0,315.0,1053.0,226.0,0.0,578.0,8.0,48.0,93.0,22.0,0.0,7.0,6.0,2.0,51.0,463.0,497.0,0.0,66.0,475.0,1.0,0.0,93.0,179.0,25.0,6.0,596.0,137.0,1.0,19.0,0.0,0.0,0.0,0.0,0.0,0.0,0.0,0.0,0.0,0.0,0.0,0.0,0.0,0.0,0.0,0.0,0.0,1.0,0.0,0.0,1.0,0.0,0.0,0.0,0.0,0.0,0.0,0.0,0.0,0.0,0.0,0.0,2.0,2.0,0.0,4986.0
-14699_6850,16.0,723.0,2068.0,337.0,3.0,1004.0,10.0,131.0,336.0,23.0,0.0,29.0,9.0,9.0,96.0,587.0,871.0,1.0,71.0,871.0,6.0,0.0,265.0,464.0,51.0,13.0,1337.0,230.0,1.0,23.0,0.0,0.0,0.0,0.0,0.0,2.0,0.0,0.0,0.0,0.0,1.0,0.0,0.0,0.0,0.0,0.0,0.0,0.0,0.0,0.0,1.0,0.0,0.0,0.0,0.0,0.0,0.0,2.0,0.0,0.0,1.0,0.0,7.0,5.0,1.0,9585.0
-14699_6851,29.0,785.0,2583.0,427.0,6.0,1254.0,11.0,155.0,213.0,24.0,0.0,29.0,11.0,6.0,121.0,688.0,1055.0,3.0,102.0,818.0,14.0,0.0,275.0,407.0,52.0,6.0,1468.0,276.0,0.0,38.0,0.0,0.0,0.0,0.0,0.0,0.0,0.0,0.0,0.0,1.0,0.0,0.0,0.0,1.0,0.0,0.0,0.0,0.0,0.0,0.0,2.0,1.0,0.0,0.0,0.0,0.0,0.0,2.0,0.0,0.0,0.0,1.0,8.0,7.0,1.0,10856.0
-14699_6852,22.0,827.0,2204.0,480.0,1.0,1238.0,32.0,186.0,325.0,18.0,0.0,22.0,9.0,11.0,40.0,530.0,653.0,1.0,98.0,652.0,177.0,1.0,189.0,381.0,46.0,7.0,1609.0,216.0,4.0,35.0,0.0,0.0,0.0,0.0,0.0,0.0,1.0,0.0,0.0,0.0,0.0,1.0,0.0,0.0,0.0,0.0,0.0,0.0,0.0,0.0,1.0,1.0,0.0,0.0,0.0,0.0,0.0,4.0,0.0,0.0,0.0,0.0,8.0,8.0,0.0,10014.0
-14699_6853,8.0,304.0,919.0,112.0,0.0,499.0,22.0,79.0,83.0,11.0,0.0,6.0,5.0,0.0,8.0,356.0,259.0,0.0,25.0,267.0,4.0,0.0,51.0,151.0,22.0,5.0,1057.0,69.0,1.0,22.0,0.0,0.0,0.0,0.0,0.0,0.0,0.0,0.0,0.0,0.0,0.0,0.0,0.0,0.0,0.0,0.0,0.0,0.0,0.0,0.0,0.0,1.0,0.0,0.0,0.0,0.0,0.0,0.0,0.0,0.0,0.0,0.0,1.0,1.0,0.0,4345.0
-14699_6854,9.0,543.0,1545.0,166.0,1.0,780.0,40.0,893.0,135.0,8.0,1.0,20.0,1.0,3.0,4.0,338.0,1582.0,0.0,52.0,404.0,3.0,0.0,46.0,158.0,25.0,5.0,1173.0,118.0,31.0,28.0,0.0,0.0,0.0,0.0,0.0,1.0,0.0,0.0,0.0,0.0,0.0,2.0,0.0,0.0,0.0,0.0,0.0,1.0,0.0,0.0,3.0,0.0,0.0,0.0,0.0,0.0,0.0,1.0,0.0,0.0,0.0,0.0,8.0,8.0,0.0,8112.0
-14699_6855,9.0,448.0,915.0,366.0,0.0,747.0,4.0,173.0,254.0,12.0,0.0,5.0,2.0,2.0,12.0,432.0,303.0,1.0,32.0,347.0,18.0,0.0,20.0,374.0,24.0,4.0,1240.0,76.0,5.0,13.0,0.0,0.0,0.0,1.0,0.0,0.0,0.0,0.0,0.0,0.0,1.0,0.0,0.0,0.0,0.0,0.0,0.0,0.0,0.0,0.0,0.0,0.0,0.0,0.0,0.0,0.0,0.0,0.0,0.0,0.0,0.0,0.0,2.0,0.0,2.0,5838.0
-14699_6856,9.0,475.0,1207.0,469.0,1.0,1143.0,8.0,120.0,268.0,15.0,0.0,12.0,9.0,3.0,11.0,744.0,434.0,2.0,50.0,396.0,17.0,0.0,23.0,632.0,33.0,9.0,2374.0,96.0,1.0,26.0,0.0,0.0,0.0,0.0,0.0,0.0,0.0,0.0,0.0,0.0,0.0,0.0,0.0,0.0,0.0,0.0,0.0,4.0,0.0,0.0,1.0,3.0,0.0,0.0,0.0,0.0,0.0,2.0,0.0,0.0,0.0,0.0,10.0,10.0,0.0,8587.0
-14699_6857,12.0,1346.0,2765.0,399.0,3.0,1440.0,10.0,288.0,341.0,17.0,0.0,18.0,8.0,5.0,11.0,697.0,654.0,2.0,65.0,701.0,154.0,0.0,259.0,377.0,44.0,15.0,2306.0,189.0,26.0,39.0,0.0,0.0,0.0,0.0,0.0,0.0,0.0,0.0,0.0,0.0,0.0,0.0,0.0,1.0,0.0,0.0,0.0,1.0,0.0,0.0,0.0,3.0,0.0,0.0,0.0,0.0,0.0,3.0,1.0,0.0,0.0,0.0,9.0,9.0,0.0,12191.0
-14699_6858,13.0,881.0,2666.0,266.0,2.0,1221.0,9.0,1146.0,330.0,22.0,0.0,23.0,10.0,7.0,13.0,518.0,1116.0,1.0,48.0,563.0,151.0,0.0,63.0,388.0,34.0,8.0,1931.0,129.0,19.0,17.0,0.0,0.0,0.0,1.0,0.0,0.0,0.0,0.0,0.0,0.0,0.0,0.0,0.0,0.0,0.0,0.0,0.0,2.0,0.0,0.0,4.0,1.0,0.0,0.0,0.0,0.0,0.0,1.0,1.0,0.0,0.0,0.0,10.0,9.0,1.0,11595.0
-14699_6859,7.0,81.0,188.0,158.0,0.0,359.0,2.0,34.0,92.0,4.0,0.0,0.0,1.0,1.0,13.0,259.0,48.0,0.0,2.0,90.0,68.0,0.0,2.0,105.0,4.0,1.0,1114.0,5.0,0.0,1.0,0.0,0.0,0.0,4.0,0.0,1.0,0.0,0.0,0.0,0.0,0.0,0.0,0.0,0.0,0.0,0.0,0.0,0.0,0.0,0.0,0.0,0.0,0.0,0.0,1.0,0.0,0.0,0.0,0.0,0.0,0.0,0.0,6.0,1.0,5.0,2639.0
-14699_6860,13.0,401.0,1023.0,517.0,0.0,967.0,6.0,150.0,416.0,9.0,0.0,5.0,3.0,4.0,24.0,539.0,204.0,1.0,32.0,305.0,1.0,0.0,50.0,314.0,28.0,6.0,2142.0,55.0,1.0,17.0,0.0,0.0,0.0,0.0,0.0,0.0,1.0,0.0,0.0,0.0,2.0,0.0,0.0,1.0,0.0,0.0,0.0,0.0,0.0,0.0,0.0,1.0,0.0,0.0,0.0,0.0,0.0,2.0,1.0,0.0,0.0,0.0,8.0,6.0,2.0,7233.0
-14699_6861,29.0,569.0,1500.0,782.0,1.0,1329.0,4.0,171.0,421.0,9.0,0.0,6.0,3.0,0.0,35.0,545.0,318.0,1.0,23.0,404.0,11.0,0.0,65.0,330.0,37.0,6.0,2912.0,68.0,2.0,21.0,0.0,0.0,0.0,5.0,0.0,0.0,0.0,0.0,0.0,0.0,0.0,0.0,1.0,0.0,0.0,0.0,0.0,1.0,0.0,0.0,1.0,0.0,0.0,0.0,0.0,0.0,0.0,4.0,1.0,0.0,0.0,0.0,13.0,7.0,5.0,9602.0
-14699_6862,10.0,232.0,573.0,216.0,0.0,609.0,5.0,93.0,187.0,9.0,0.0,3.0,2.0,2.0,11.0,329.0,229.0,0.0,16.0,179.0,3.0,0.0,16.0,123.0,15.0,4.0,1423.0,45.0,3.0,10.0,0.0,0.0,0.0,0.0,0.0,0.0,0.0,0.0,0.0,0.0,2.0,0.0,0.0,0.0,0.0,0.0,0.0,2.0,0.0,0.0,2.0,2.0,0.0,0.0,0.0,0.0,0.0,3.0,0.0,0.0,0.0,0.0,11.0,9.0,2.0,4347.0
-14699_6863,3.0,71.0,135.0,71.0,0.0,179.0,2.0,53.0,121.0,1.0,0.0,0.0,0.0,0.0,2.0,96.0,31.0,0.0,2.0,45.0,130.0,0.0,7.0,17.0,1.0,2.0,1415.0,5.0,0.0,1.0,0.0,0.0,0.0,0.0,0.0,0.0,0.0,0.0,0.0,0.0,0.0,0.0,0.0,0.0,0.0,0.0,0.0,5.0,0.0,0.0,0.0,0.0,0.0,0.0,1.0,0.0,0.0,0.0,0.0,0.0,0.0,0.0,6.0,5.0,1.0,2390.0
-14699_6864,5.0,209.0,430.0,534.0,0.0,764.0,5.0,169.0,656.0,0.0,0.0,6.0,2.0,2.0,14.0,244.0,90.0,1.0,10.0,144.0,576.0,0.0,14.0,181.0,17.0,6.0,5141.0,13.0,0.0,5.0,1.0,0.0,0.0,0.0,0.0,4.0,0.0,0.0,0.0,0.0,0.0,0.0,0.0,0.0,0.0,0.0,0.0,4.0,0.0,1.0,1.0,1.0,0.0,0.0,1.0,0.0,0.0,0.0,0.0,0.0,3.0,0.0,16.0,10.0,2.0,9238.0
-14699_6865,2.0,318.0,889.0,678.0,0.0,852.0,10.0,222.0,539.0,0.0,0.0,6.0,5.0,2.0,40.0,227.0,162.0,1.0,12.0,165.0,4.0,0.0,45.0,364.0,47.0,4.0,3175.0,40.0,3.0,21.0,0.0,0.0,1.0,3.0,0.0,1.0,0.0,0.0,0.0,0.0,0.0,0.0,0.0,0.0,0.0,0.0,0.0,1.0,0.0,1.0,1.0,3.0,0.0,0.0,1.0,0.0,0.0,2.0,0.0,0.0,0.0,0.0,14.0,8.0,4.0,7833.0
-14699_6866,4.0,217.0,1127.0,607.0,2.0,983.0,12.0,154.0,479.0,1.0,0.0,9.0,1.0,4.0,61.0,399.0,82.0,0.0,17.0,267.0,2.0,0.0,42.0,314.0,35.0,5.0,3371.0,13.0,0.0,24.0,2.0,1.0,0.0,6.0,0.0,0.0,0.0,0.0,0.0,0.0,0.0,0.0,0.0,0.0,0.0,0.0,0.0,3.0,0.0,0.0,3.0,2.0,0.0,0.0,1.0,0.0,0.0,1.0,2.0,0.0,0.0,1.0,22.0,12.0,10.0,8232.0
-14699_6867,4.0,303.0,812.0,651.0,2.0,1100.0,11.0,189.0,1065.0,3.0,0.0,7.0,2.0,4.0,34.0,673.0,65.0,0.0,5.0,475.0,1.0,1.0,22.0,259.0,36.0,9.0,3947.0,12.0,0.0,28.0,0.0,0.0,0.0,6.0,0.0,1.0,0.0,0.0,0.0,0.0,0.0,0.0,0.0,0.0,0.0,0.0,0.0,1.0,0.0,1.0,3.0,1.0,0.0,0.0,1.0,0.0,0.0,1.0,0.0,0.0,0.0,0.0,15.0,7.0,7.0,9720.0
-14699_6868,3.0,229.0,722.0,224.0,3.0,576.0,30.0,137.0,536.0,1.0,0.0,3.0,4.0,1.0,15.0,397.0,74.0,2.0,13.0,417.0,3.0,1.0,17.0,133.0,31.0,6.0,2259.0,9.0,0.0,40.0,0.0,0.0,0.0,3.0,0.0,2.0,0.0,0.0,0.0,0.0,0.0,1.0,0.0,0.0,0.0,0.0,0.0,0.0,0.0,0.0,0.0,2.0,0.0,0.0,0.0,0.0,0.0,0.0,0.0,0.0,1.0,0.0,9.0,5.0,3.0,5886.0
-14699_6869,1.0,13.0,21.0,2.0,1.0,55.0,0.0,3.0,21.0,0.0,0.0,1.0,0.0,0.0,3.0,46.0,9.0,0.0,1.0,11.0,1.0,0.0,2.0,7.0,3.0,0.0,160.0,1.0,0.0,0.0,0.0,0.0,0.0,0.0,0.0,0.0,0.0,0.0,0.0,0.0,0.0,0.0,0.0,0.0,0.0,0.0,0.0,0.0,0.0,0.0,0.0,1.0,0.0,0.0,0.0,0.0,0.0,0.0,0.0,0.0,0.0,0.0,1.0,1.0,0.0,362.0
-14700_6836,2.0,18.0,28.0,31.0,0.0,52.0,1.0,2.0,18.0,0.0,0.0,0.0,0.0,0.0,1.0,32.0,9.0,0.0,3.0,22.0,0.0,0.0,1.0,1.0,1.0,0.0,64.0,3.0,0.0,0.0,0.0,0.0,0.0,0.0,0.0,0.0,0.0,0.0,0.0,0.0,0.0,0.0,0.0,0.0,0.0,0.0,0.0,0.0,0.0,0.0,0.0,0.0,0.0,0.0,0.0,0.0,0.0,0.0,0.0,0.0,0.0,0.0,0.0,0.0,0.0,289.0
-14700_6837,15.0,283.0,799.0,283.0,1.0,777.0,1.0,69.0,160.0,3.0,0.0,5.0,2.0,2.0,9.0,209.0,217.0,1.0,45.0,366.0,5.0,0.0,43.0,79.0,18.0,3.0,669.0,39.0,1.0,8.0,0.0,0.0,0.0,0.0,0.0,0.0,0.0,0.0,0.0,0.0,0.0,0.0,0.0,0.0,0.0,0.0,0.0,0.0,0.0,0.0,3.0,0.0,0.0,0.0,0.0,0.0,0.0,1.0,0.0,0.0,0.0,0.0,4.0,4.0,0.0,4112.0
-14700_6838,1.0,84.0,211.0,115.0,1.0,285.0,1.0,22.0,59.0,0.0,0.0,0.0,1.0,3.0,4.0,82.0,39.0,1.0,16.0,179.0,0.0,1.0,8.0,13.0,8.0,3.0,214.0,7.0,0.0,4.0,0.0,0.0,0.0,0.0,0.0,0.0,0.0,0.0,0.0,0.0,0.0,0.0,0.0,0.0,0.0,0.0,0.0,2.0,0.0,0.0,0.0,1.0,0.0,0.0,0.0,0.0,0.0,0.0,0.0,0.0,0.0,0.0,3.0,3.0,0.0,1362.0
-14700_6839,0.0,1.0,2.0,0.0,0.0,15.0,0.0,3.0,0.0,0.0,0.0,1.0,0.0,0.0,0.0,3.0,1.0,0.0,1.0,5.0,0.0,0.0,3.0,0.0,1.0,0.0,14.0,0.0,0.0,0.0,0.0,0.0,0.0,0.0,0.0,0.0,0.0,0.0,0.0,0.0,0.0,0.0,0.0,0.0,0.0,0.0,0.0,0.0,0.0,0.0,0.0,0.0,0.0,0.0,0.0,0.0,0.0,0.0,0.0,0.0,0.0,0.0,0.0,0.0,0.0,50.0
-14700_6840,8.0,68.0,191.0,105.0,0.0,303.0,3.0,22.0,388.0,0.0,0.0,0.0,4.0,0.0,0.0,234.0,41.0,0.0,5.0,103.0,0.0,0.0,8.0,12.0,4.0,0.0,284.0,12.0,0.0,3.0,0.0,0.0,0.0,0.0,0.0,0.0,0.0,0.0,0.0,0.0,0.0,0.0,0.0,0.0,0.0,0.0,0.0,0.0,0.0,0.0,1.0,0.0,0.0,0.0,0.0,0.0,0.0,2.0,0.0,0.0,0.0,0.0,3.0,3.0,0.0,1798.0
-14700_6841,2.0,119.0,291.0,217.0,0.0,396.0,1.0,24.0,167.0,1.0,0.0,3.0,0.0,0.0,4.0,186.0,46.0,0.0,10.0,147.0,19.0,0.0,12.0,75.0,16.0,2.0,473.0,16.0,0.0,7.0,0.0,0.0,0.0,1.0,0.0,0.0,0.0,0.0,0.0,0.0,0.0,0.0,0.0,0.0,0.0,0.0,0.0,0.0,0.0,0.0,0.0,0.0,0.0,0.0,0.0,0.0,0.0,0.0,0.0,0.0,0.0,0.0,1.0,0.0,1.0,2234.0
-14700_6842,4.0,154.0,369.0,311.0,0.0,599.0,1.0,67.0,197.0,4.0,0.0,3.0,2.0,3.0,2.0,265.0,173.0,0.0,19.0,164.0,976.0,0.0,35.0,141.0,19.0,1.0,597.0,61.0,0.0,7.0,0.0,0.0,0.0,0.0,0.0,0.0,0.0,0.0,0.0,0.0,2.0,0.0,0.0,0.0,0.0,0.0,0.0,1.0,0.0,0.0,1.0,2.0,0.0,0.0,0.0,0.0,0.0,1.0,1.0,0.0,0.0,0.0,8.0,6.0,2.0,4174.0
-14700_6843,10.0,441.0,962.0,322.0,1.0,734.0,4.0,123.0,293.0,8.0,0.0,10.0,0.0,6.0,4.0,291.0,418.0,0.0,42.0,254.0,1732.0,0.0,29.0,408.0,26.0,5.0,1052.0,86.0,4.0,28.0,0.0,0.0,0.0,0.0,0.0,0.0,0.0,0.0,0.0,0.0,3.0,0.0,0.0,0.0,0.0,0.0,0.0,0.0,0.0,0.0,0.0,1.0,0.0,0.0,0.0,0.0,0.0,0.0,0.0,0.0,0.0,0.0,4.0,1.0,3.0,7293.0
-14700_6844,6.0,60.0,186.0,102.0,0.0,180.0,0.0,12.0,50.0,1.0,0.0,0.0,0.0,1.0,0.0,69.0,39.0,1.0,8.0,83.0,3.0,0.0,3.0,32.0,7.0,0.0,214.0,17.0,0.0,2.0,0.0,0.0,0.0,0.0,0.0,0.0,0.0,0.0,0.0,0.0,0.0,0.0,0.0,0.0,0.0,0.0,0.0,0.0,0.0,0.0,0.0,0.0,0.0,0.0,0.0,0.0,0.0,0.0,0.0,0.0,0.0,0.0,0.0,0.0,0.0,1076.0
-14700_6845,0.0,5.0,8.0,1.0,0.0,10.0,0.0,3.0,2.0,0.0,0.0,1.0,0.0,0.0,0.0,5.0,2.0,0.0,0.0,8.0,0.0,0.0,3.0,2.0,0.0,0.0,41.0,0.0,0.0,0.0,0.0,0.0,0.0,0.0,0.0,0.0,0.0,0.0,0.0,0.0,0.0,0.0,0.0,0.0,0.0,0.0,0.0,0.0,0.0,0.0,0.0,0.0,0.0,0.0,0.0,0.0,0.0,0.0,0.0,0.0,0.0,0.0,0.0,0.0,0.0,91.0
-14700_6846,0.0,0.0,0.0,1.0,0.0,0.0,0.0,0.0,0.0,0.0,0.0,0.0,0.0,0.0,0.0,1.0,0.0,0.0,0.0,1.0,0.0,0.0,0.0,1.0,0.0,0.0,2.0,0.0,0.0,0.0,0.0,0.0,0.0,0.0,0.0,0.0,0.0,0.0,0.0,0.0,0.0,0.0,0.0,0.0,0.0,0.0,0.0,0.0,0.0,0.0,0.0,0.0,0.0,0.0,0.0,0.0,0.0,0.0,0.0,0.0,0.0,0.0,0.0,0.0,0.0,6.0
-14700_6847,0.0,13.0,34.0,17.0,0.0,37.0,0.0,12.0,7.0,0.0,0.0,0.0,1.0,0.0,0.0,27.0,9.0,0.0,0.0,21.0,0.0,0.0,4.0,5.0,1.0,0.0,145.0,4.0,0.0,0.0,0.0,0.0,0.0,0.0,0.0,0.0,0.0,0.0,0.0,0.0,0.0,0.0,0.0,0.0,0.0,0.0,0.0,0.0,0.0,0.0,0.0,0.0,0.0,0.0,0.0,0.0,0.0,0.0,0.0,0.0,0.0,0.0,0.0,0.0,0.0,337.0
-14700_6848,14.0,94.0,238.0,189.0,1.0,254.0,1.0,22.0,62.0,1.0,0.0,1.0,1.0,4.0,2.0,153.0,60.0,0.0,15.0,144.0,1.0,0.0,11.0,58.0,8.0,1.0,269.0,29.0,0.0,4.0,0.0,0.0,0.0,0.0,0.0,0.0,0.0,0.0,0.0,0.0,0.0,0.0,0.0,0.0,0.0,0.0,0.0,0.0,0.0,0.0,1.0,0.0,0.0,0.0,0.0,0.0,0.0,0.0,0.0,0.0,0.0,0.0,1.0,1.0,0.0,1637.0
-14700_6849,13.0,403.0,1025.0,280.0,1.0,820.0,4.0,78.0,136.0,11.0,0.0,6.0,4.0,5.0,26.0,363.0,250.0,0.0,61.0,425.0,5.0,0.0,148.0,239.0,45.0,6.0,672.0,122.0,1.0,12.0,0.0,1.0,0.0,0.0,0.0,0.0,0.0,0.0,0.0,0.0,0.0,0.0,0.0,0.0,0.0,0.0,0.0,0.0,0.0,0.0,1.0,0.0,0.0,0.0,0.0,0.0,0.0,2.0,0.0,0.0,0.0,0.0,4.0,4.0,0.0,5161.0
-14700_6850,21.0,545.0,1633.0,313.0,1.0,951.0,10.0,103.0,218.0,20.0,0.0,16.0,11.0,13.0,52.0,460.0,469.0,2.0,67.0,707.0,3.0,0.0,216.0,418.0,58.0,5.0,1370.0,178.0,0.0,21.0,1.0,0.0,0.0,2.0,0.0,1.0,0.0,0.0,0.0,0.0,0.0,0.0,0.0,0.0,0.0,0.0,0.0,0.0,0.0,0.0,3.0,1.0,0.0,0.0,0.0,0.0,0.0,2.0,0.0,0.0,1.0,0.0,11.0,7.0,3.0,7881.0
-14700_6851,39.0,938.0,2824.0,392.0,2.0,1252.0,19.0,191.0,207.0,44.0,0.0,28.0,7.0,11.0,124.0,599.0,1298.0,0.0,117.0,849.0,2.0,0.0,345.0,344.0,73.0,5.0,1343.0,374.0,2.0,43.0,0.0,0.0,0.0,0.0,0.0,0.0,0.0,0.0,0.0,0.0,0.0,0.0,0.0,0.0,0.0,0.0,0.0,1.0,0.0,0.0,1.0,1.0,0.0,0.0,0.0,0.0,0.0,2.0,0.0,0.0,0.0,0.0,5.0,5.0,0.0,11472.0
-14700_6852,37.0,792.0,2679.0,453.0,7.0,1226.0,15.0,194.0,300.0,29.0,0.0,27.0,10.0,8.0,24.0,622.0,1542.0,1.0,102.0,705.0,720.0,0.0,126.0,745.0,54.0,5.0,1682.0,251.0,32.0,33.0,0.0,1.0,0.0,0.0,0.0,0.0,0.0,0.0,0.0,0.0,1.0,0.0,0.0,0.0,0.0,0.0,0.0,1.0,0.0,0.0,4.0,0.0,0.0,0.0,0.0,0.0,0.0,0.0,0.0,0.0,0.0,0.0,7.0,6.0,1.0,12421.0
-14700_6853,16.0,455.0,1692.0,270.0,3.0,520.0,18.0,105.0,230.0,21.0,0.0,23.0,0.0,4.0,16.0,297.0,1260.0,1.0,34.0,349.0,70.0,0.0,47.0,410.0,29.0,4.0,819.0,133.0,33.0,24.0,0.0,0.0,0.0,0.0,0.0,0.0,1.0,0.0,0.0,0.0,0.0,0.0,0.0,0.0,0.0,0.0,0.0,0.0,0.0,0.0,8.0,2.0,0.0,0.0,0.0,0.0,0.0,0.0,0.0,0.0,0.0,0.0,11.0,11.0,0.0,6883.0
-14700_6854,2.0,327.0,923.0,49.0,2.0,184.0,4.0,47.0,40.0,8.0,0.0,6.0,0.0,2.0,3.0,87.0,314.0,0.0,19.0,98.0,2.0,0.0,37.0,123.0,11.0,1.0,520.0,124.0,3.0,20.0,0.0,0.0,0.0,0.0,0.0,0.0,0.0,0.0,0.0,0.0,0.0,0.0,0.0,0.0,0.0,0.0,0.0,1.0,0.0,0.0,0.0,5.0,0.0,0.0,0.0,0.0,0.0,3.0,0.0,0.0,0.0,0.0,9.0,9.0,0.0,2956.0
-14700_6855,17.0,650.0,2064.0,297.0,2.0,759.0,10.0,110.0,150.0,23.0,0.0,50.0,2.0,2.0,3.0,350.0,3548.0,0.0,60.0,396.0,22.0,0.0,38.0,348.0,26.0,5.0,934.0,199.0,57.0,27.0,0.0,1.0,0.0,0.0,0.0,1.0,0.0,0.0,0.0,1.0,0.0,0.0,0.0,0.0,0.0,0.0,0.0,0.0,0.0,0.0,7.0,2.0,0.0,0.0,0.0,0.0,0.0,2.0,3.0,0.0,0.0,0.0,17.0,17.0,0.0,10149.0
-14700_6856,7.0,482.0,1528.0,330.0,0.0,741.0,19.0,79.0,141.0,27.0,0.0,9.0,1.0,5.0,4.0,469.0,1577.0,2.0,35.0,433.0,6.0,0.0,27.0,296.0,13.0,5.0,1332.0,122.0,13.0,25.0,0.0,0.0,0.0,0.0,0.0,0.0,0.0,0.0,0.0,0.0,0.0,0.0,0.0,0.0,0.0,0.0,0.0,2.0,0.0,0.0,1.0,3.0,0.0,0.0,0.0,0.0,0.0,0.0,0.0,0.0,0.0,0.0,6.0,6.0,0.0,7728.0
-14700_6857,14.0,1132.0,3539.0,409.0,2.0,1384.0,5.0,1861.0,294.0,38.0,0.0,36.0,9.0,10.0,20.0,487.0,3624.0,2.0,81.0,676.0,229.0,0.0,88.0,481.0,40.0,6.0,1458.0,269.0,31.0,32.0,0.0,0.0,0.0,0.0,0.0,0.0,1.0,0.0,0.0,0.0,0.0,0.0,0.0,0.0,0.0,0.0,0.0,4.0,0.0,0.0,1.0,4.0,0.0,0.0,0.0,0.0,0.0,2.0,0.0,0.0,1.0,0.0,13.0,12.0,0.0,16257.0
-14700_6858,10.0,1088.0,2285.0,400.0,3.0,1258.0,14.0,640.0,692.0,18.0,0.0,24.0,5.0,3.0,4.0,545.0,1357.0,0.0,55.0,568.0,729.0,0.0,52.0,736.0,51.0,13.0,3100.0,156.0,11.0,24.0,0.0,0.0,0.0,0.0,0.0,0.0,0.0,0.0,0.0,1.0,3.0,0.0,0.0,0.0,0.0,0.0,0.0,1.0,0.0,1.0,2.0,2.0,0.0,0.0,0.0,0.0,0.0,2.0,0.0,0.0,0.0,0.0,12.0,8.0,3.0,13841.0
-14700_6859,4.0,69.0,123.0,181.0,0.0,315.0,0.0,40.0,85.0,4.0,0.0,0.0,1.0,0.0,9.0,263.0,49.0,1.0,3.0,94.0,12.0,0.0,11.0,91.0,5.0,0.0,1112.0,8.0,0.0,4.0,0.0,0.0,0.0,0.0,0.0,0.0,0.0,0.0,0.0,0.0,0.0,0.0,0.0,0.0,0.0,0.0,0.0,0.0,0.0,0.0,0.0,0.0,0.0,0.0,0.0,0.0,0.0,0.0,0.0,0.0,0.0,0.0,0.0,0.0,0.0,2484.0
-14700_6860,10.0,385.0,979.0,707.0,0.0,1021.0,11.0,178.0,416.0,4.0,0.0,6.0,7.0,2.0,22.0,533.0,235.0,2.0,33.0,413.0,7.0,0.0,31.0,299.0,31.0,8.0,2791.0,48.0,2.0,15.0,0.0,0.0,0.0,3.0,0.0,0.0,0.0,0.0,0.0,0.0,0.0,0.0,0.0,0.0,0.0,0.0,0.0,2.0,0.0,0.0,0.0,3.0,0.0,0.0,0.0,0.0,0.0,2.0,0.0,0.0,1.0,0.0,11.0,7.0,3.0,8196.0
-14700_6861,16.0,292.0,651.0,883.0,1.0,1019.0,2.0,129.0,388.0,2.0,0.0,14.0,6.0,5.0,24.0,447.0,205.0,2.0,23.0,347.0,6.0,0.0,23.0,230.0,29.0,9.0,2347.0,22.0,0.0,11.0,0.0,0.0,0.0,2.0,0.0,0.0,0.0,0.0,0.0,0.0,0.0,0.0,0.0,0.0,0.0,0.0,0.0,2.0,0.0,0.0,1.0,2.0,1.0,0.0,0.0,0.0,0.0,0.0,0.0,0.0,0.0,0.0,8.0,6.0,2.0,7133.0
-14700_6862,14.0,844.0,1915.0,1006.0,1.0,1829.0,9.0,449.0,985.0,11.0,0.0,13.0,2.0,5.0,66.0,738.0,472.0,1.0,34.0,480.0,19.0,1.0,56.0,841.0,55.0,8.0,5866.0,69.0,0.0,23.0,2.0,0.0,0.0,5.0,0.0,0.0,0.0,0.0,0.0,1.0,0.0,0.0,1.0,0.0,0.0,0.0,0.0,0.0,0.0,0.0,0.0,1.0,0.0,0.0,2.0,0.0,0.0,1.0,0.0,0.0,0.0,0.0,13.0,3.0,9.0,15812.0
-14700_6863,6.0,295.0,749.0,620.0,1.0,1074.0,8.0,122.0,377.0,8.0,0.0,9.0,5.0,3.0,37.0,624.0,161.0,0.0,24.0,274.0,93.0,0.0,27.0,271.0,24.0,4.0,2759.0,52.0,0.0,20.0,0.0,0.0,0.0,0.0,0.0,0.0,0.0,0.0,0.0,0.0,0.0,0.0,0.0,0.0,0.0,0.0,0.0,3.0,0.0,0.0,0.0,1.0,0.0,0.0,0.0,0.0,0.0,2.0,0.0,0.0,0.0,0.0,6.0,6.0,0.0,7647.0
-14700_6864,5.0,72.0,314.0,81.0,0.0,265.0,0.0,46.0,100.0,3.0,0.0,2.0,2.0,1.0,7.0,133.0,19.0,0.0,0.0,52.0,257.0,0.0,5.0,63.0,8.0,0.0,1159.0,8.0,0.0,5.0,0.0,0.0,0.0,1.0,0.0,1.0,0.0,0.0,0.0,0.0,1.0,0.0,0.0,0.0,0.0,0.0,0.0,1.0,0.0,0.0,0.0,0.0,0.0,0.0,0.0,0.0,0.0,0.0,0.0,0.0,1.0,0.0,5.0,2.0,2.0,2607.0
-14700_6865,4.0,116.0,295.0,597.0,0.0,669.0,4.0,92.0,390.0,0.0,0.0,1.0,1.0,1.0,19.0,208.0,31.0,0.0,2.0,153.0,6.0,0.0,16.0,172.0,21.0,2.0,2229.0,5.0,3.0,14.0,0.0,0.0,0.0,1.0,0.0,4.0,0.0,0.0,0.0,0.0,0.0,0.0,0.0,0.0,0.0,0.0,0.0,1.0,0.0,0.0,1.0,1.0,0.0,0.0,1.0,0.0,0.0,1.0,0.0,0.0,0.0,0.0,10.0,8.0,2.0,5051.0
-14700_6866,4.0,208.0,768.0,415.0,1.0,805.0,10.0,300.0,424.0,1.0,0.0,5.0,1.0,4.0,27.0,232.0,170.0,2.0,6.0,184.0,2.0,1.0,43.0,295.0,59.0,5.0,3470.0,20.0,1.0,27.0,0.0,1.0,0.0,1.0,0.0,0.0,0.0,0.0,0.0,0.0,0.0,0.0,0.0,1.0,0.0,0.0,0.0,3.0,0.0,0.0,1.0,0.0,0.0,0.0,1.0,0.0,0.0,1.0,0.0,0.0,0.0,0.0,9.0,7.0,2.0,7490.0
-14700_6867,6.0,216.0,1039.0,711.0,1.0,1180.0,7.0,252.0,566.0,1.0,0.0,3.0,2.0,5.0,80.0,360.0,98.0,1.0,8.0,235.0,4.0,0.0,44.0,281.0,22.0,4.0,3387.0,17.0,2.0,28.0,0.0,0.0,0.0,10.0,0.0,0.0,0.0,0.0,0.0,0.0,0.0,0.0,0.0,0.0,0.0,0.0,0.0,1.0,0.0,0.0,1.0,2.0,0.0,0.0,0.0,0.0,0.0,3.0,0.0,0.0,0.0,0.0,17.0,7.0,10.0,8560.0
-14700_6868,15.0,579.0,1193.0,748.0,1.0,1170.0,19.0,385.0,1196.0,2.0,0.0,9.0,3.0,4.0,44.0,561.0,134.0,2.0,13.0,494.0,16.0,1.0,57.0,377.0,42.0,14.0,7206.0,21.0,0.0,46.0,0.0,0.0,0.0,12.0,0.0,1.0,1.0,0.0,1.0,0.0,0.0,0.0,1.0,0.0,0.0,0.0,0.0,1.0,0.0,0.0,0.0,0.0,0.0,0.0,0.0,0.0,0.0,0.0,1.0,0.0,3.0,1.0,22.0,4.0,14.0,14352.0
-14700_6869,5.0,489.0,1123.0,676.0,0.0,954.0,21.0,253.0,1196.0,1.0,0.0,4.0,10.0,4.0,13.0,574.0,136.0,0.0,28.0,699.0,16.0,0.0,31.0,338.0,42.0,18.0,4423.0,22.0,2.0,41.0,0.0,0.0,0.0,5.0,0.0,0.0,0.0,0.0,0.0,0.0,0.0,0.0,0.0,0.0,0.0,0.0,0.0,0.0,0.0,2.0,1.0,0.0,0.0,0.0,2.0,0.0,0.0,0.0,0.0,0.0,1.0,1.0,12.0,1.0,8.0,11119.0
-14700_6870,1.0,67.0,208.0,112.0,0.0,187.0,5.0,46.0,204.0,3.0,0.0,1.0,0.0,3.0,4.0,94.0,38.0,0.0,3.0,170.0,0.0,0.0,3.0,38.0,10.0,0.0,588.0,2.0,0.0,5.0,0.0,0.0,0.0,0.0,0.0,0.0,0.0,0.0,0.0,0.0,0.0,0.0,0.0,0.0,0.0,0.0,0.0,1.0,0.0,0.0,0.0,1.0,0.0,0.0,0.0,0.0,0.0,0.0,0.0,0.0,0.0,0.0,2.0,2.0,0.0,1792.0
-14701_6836,0.0,51.0,127.0,30.0,0.0,106.0,1.0,9.0,49.0,0.0,0.0,1.0,0.0,1.0,1.0,50.0,15.0,0.0,11.0,94.0,0.0,0.0,1.0,2.0,7.0,1.0,135.0,2.0,3.0,2.0,0.0,0.0,0.0,0.0,0.0,0.0,0.0,0.0,0.0,0.0,0.0,0.0,0.0,0.0,0.0,0.0,0.0,0.0,0.0,0.0,0.0,0.0,0.0,0.0,0.0,0.0,0.0,0.0,0.0,0.0,0.0,0.0,0.0,0.0,0.0,699.0
-14701_6837,6.0,253.0,603.0,229.0,0.0,610.0,2.0,75.0,228.0,1.0,0.0,6.0,5.0,4.0,13.0,201.0,100.0,0.0,24.0,341.0,1.0,1.0,25.0,70.0,22.0,6.0,749.0,29.0,1.0,9.0,0.0,0.0,0.0,0.0,0.0,1.0,0.0,0.0,0.0,0.0,0.0,0.0,0.0,0.0,0.0,0.0,0.0,0.0,0.0,1.0,1.0,0.0,0.0,0.0,0.0,0.0,0.0,0.0,0.0,0.0,0.0,0.0,3.0,2.0,0.0,3614.0
-14701_6838,3.0,89.0,240.0,168.0,0.0,374.0,0.0,44.0,119.0,1.0,0.0,2.0,1.0,3.0,3.0,78.0,56.0,0.0,24.0,184.0,1.0,0.0,8.0,19.0,11.0,3.0,346.0,14.0,0.0,2.0,0.0,0.0,0.0,0.0,0.0,0.0,0.0,0.0,0.0,0.0,0.0,0.0,0.0,0.0,0.0,0.0,0.0,0.0,0.0,0.0,0.0,0.0,0.0,0.0,0.0,0.0,0.0,1.0,0.0,0.0,0.0,0.0,1.0,1.0,0.0,1793.0
-14701_6839,5.0,71.0,145.0,114.0,0.0,238.0,2.0,25.0,67.0,0.0,0.0,1.0,3.0,0.0,6.0,95.0,41.0,0.0,18.0,115.0,0.0,0.0,6.0,8.0,5.0,3.0,272.0,2.0,0.0,0.0,0.0,0.0,0.0,0.0,0.0,0.0,0.0,0.0,0.0,0.0,0.0,0.0,0.0,0.0,0.0,0.0,0.0,0.0,0.0,0.0,0.0,0.0,0.0,0.0,0.0,0.0,0.0,0.0,0.0,0.0,0.0,0.0,0.0,0.0,0.0,1242.0
-14701_6840,5.0,145.0,249.0,114.0,1.0,355.0,1.0,38.0,104.0,0.0,0.0,3.0,1.0,0.0,6.0,79.0,77.0,0.0,12.0,111.0,0.0,0.0,18.0,52.0,6.0,3.0,632.0,13.0,1.0,1.0,0.0,0.0,0.0,0.0,0.0,0.0,0.0,0.0,0.0,0.0,1.0,0.0,0.0,0.0,0.0,0.0,0.0,0.0,0.0,0.0,0.0,0.0,0.0,0.0,1.0,0.0,0.0,0.0,0.0,0.0,0.0,0.0,2.0,0.0,2.0,2027.0
-14701_6841,13.0,240.0,543.0,270.0,0.0,601.0,5.0,64.0,149.0,5.0,0.0,3.0,4.0,3.0,21.0,214.0,80.0,0.0,18.0,241.0,3.0,1.0,16.0,85.0,17.0,4.0,879.0,29.0,2.0,7.0,0.0,0.0,0.0,0.0,0.0,0.0,0.0,0.0,0.0,0.0,0.0,0.0,0.0,0.0,0.0,0.0,0.0,0.0,0.0,0.0,0.0,1.0,0.0,0.0,0.0,0.0,0.0,1.0,0.0,0.0,1.0,0.0,3.0,2.0,0.0,3517.0
-14701_6842,2.0,27.0,51.0,71.0,0.0,118.0,0.0,8.0,35.0,0.0,0.0,0.0,0.0,1.0,0.0,42.0,6.0,0.0,7.0,41.0,1.0,0.0,2.0,16.0,4.0,0.0,87.0,11.0,0.0,3.0,0.0,0.0,0.0,0.0,0.0,0.0,0.0,0.0,0.0,0.0,0.0,0.0,0.0,0.0,0.0,0.0,0.0,0.0,0.0,0.0,1.0,0.0,0.0,0.0,0.0,0.0,0.0,2.0,0.0,0.0,0.0,0.0,3.0,3.0,0.0,533.0
-14701_6843,9.0,170.0,443.0,278.0,0.0,503.0,0.0,41.0,141.0,9.0,0.0,5.0,1.0,4.0,3.0,192.0,226.0,1.0,21.0,204.0,11.0,0.0,16.0,96.0,10.0,2.0,434.0,54.0,1.0,5.0,0.0,0.0,0.0,0.0,0.0,0.0,1.0,0.0,0.0,0.0,0.0,0.0,0.0,0.0,0.0,0.0,0.0,0.0,0.0,0.0,1.0,1.0,0.0,0.0,0.0,0.0,0.0,1.0,1.0,0.0,0.0,0.0,5.0,5.0,0.0,2880.0
-14701_6844,4.0,514.0,1634.0,195.0,0.0,711.0,7.0,436.0,78.0,20.0,0.0,7.0,0.0,2.0,7.0,161.0,955.0,0.0,44.0,416.0,42.0,0.0,37.0,192.0,20.0,3.0,504.0,108.0,24.0,21.0,0.0,0.0,0.0,0.0,0.0,0.0,0.0,0.0,0.0,0.0,0.0,0.0,0.0,0.0,0.0,0.0,0.0,0.0,0.0,0.0,1.0,0.0,0.0,0.0,0.0,0.0,0.0,1.0,1.0,0.0,0.0,0.0,3.0,3.0,0.0,6142.0
-14701_6845,2.0,30.0,72.0,24.0,0.0,60.0,0.0,27.0,13.0,5.0,0.0,2.0,0.0,0.0,0.0,34.0,48.0,0.0,2.0,21.0,5.0,0.0,18.0,39.0,2.0,0.0,134.0,1.0,0.0,0.0,0.0,0.0,0.0,0.0,0.0,0.0,0.0,0.0,0.0,0.0,0.0,0.0,0.0,0.0,0.0,0.0,0.0,0.0,0.0,0.0,0.0,0.0,0.0,0.0,0.0,0.0,0.0,0.0,0.0,0.0,0.0,0.0,0.0,0.0,0.0,539.0
-14701_6847,0.0,2.0,7.0,6.0,0.0,16.0,1.0,2.0,4.0,0.0,0.0,0.0,0.0,0.0,0.0,6.0,5.0,0.0,0.0,8.0,0.0,0.0,0.0,0.0,0.0,0.0,63.0,1.0,0.0,0.0,0.0,0.0,0.0,0.0,0.0,0.0,0.0,0.0,0.0,0.0,0.0,0.0,0.0,0.0,0.0,0.0,0.0,0.0,0.0,0.0,0.0,0.0,0.0,0.0,0.0,0.0,0.0,0.0,0.0,0.0,0.0,0.0,0.0,0.0,0.0,121.0
-14701_6848,5.0,31.0,68.0,35.0,0.0,64.0,3.0,6.0,10.0,1.0,0.0,1.0,0.0,0.0,4.0,49.0,20.0,0.0,5.0,46.0,0.0,0.0,0.0,15.0,3.0,0.0,134.0,10.0,0.0,5.0,0.0,0.0,0.0,0.0,0.0,0.0,0.0,0.0,0.0,0.0,0.0,0.0,0.0,0.0,0.0,0.0,0.0,1.0,0.0,0.0,0.0,0.0,0.0,0.0,0.0,0.0,0.0,0.0,0.0,0.0,0.0,0.0,1.0,1.0,0.0,515.0
-14701_6849,19.0,532.0,1411.0,379.0,7.0,912.0,11.0,62.0,173.0,39.0,0.0,12.0,7.0,9.0,40.0,462.0,469.0,0.0,79.0,500.0,3.0,0.0,164.0,386.0,46.0,4.0,1000.0,199.0,1.0,24.0,0.0,0.0,0.0,0.0,0.0,0.0,0.0,0.0,0.0,1.0,0.0,0.0,0.0,0.0,0.0,0.0,0.0,0.0,0.0,0.0,3.0,1.0,0.0,0.0,0.0,0.0,0.0,2.0,0.0,0.0,0.0,0.0,7.0,7.0,0.0,6950.0
-14701_6850,15.0,679.0,1933.0,451.0,3.0,1023.0,12.0,161.0,449.0,32.0,1.0,17.0,10.0,4.0,69.0,527.0,502.0,3.0,74.0,765.0,18.0,1.0,166.0,738.0,48.0,5.0,2217.0,177.0,0.0,26.0,0.0,0.0,1.0,0.0,0.0,0.0,0.0,0.0,0.0,0.0,1.0,0.0,0.0,1.0,0.0,0.0,0.0,0.0,0.0,0.0,0.0,0.0,0.0,0.0,0.0,0.0,0.0,0.0,1.0,0.0,1.0,0.0,5.0,2.0,1.0,10126.0
-14701_6851,32.0,389.0,1291.0,302.0,0.0,817.0,11.0,86.0,124.0,6.0,0.0,5.0,5.0,5.0,7.0,494.0,326.0,2.0,73.0,483.0,4.0,0.0,36.0,337.0,37.0,6.0,939.0,100.0,5.0,19.0,0.0,0.0,0.0,0.0,0.0,0.0,0.0,0.0,0.0,0.0,0.0,0.0,0.0,0.0,0.0,0.0,0.0,1.0,0.0,0.0,2.0,2.0,0.0,0.0,0.0,0.0,0.0,0.0,0.0,0.0,0.0,0.0,5.0,5.0,0.0,5941.0
-14701_6852,23.0,870.0,2589.0,578.0,3.0,1500.0,11.0,177.0,239.0,27.0,0.0,15.0,5.0,7.0,13.0,557.0,1239.0,0.0,94.0,695.0,102.0,0.0,86.0,687.0,31.0,6.0,1677.0,236.0,36.0,40.0,0.0,0.0,0.0,0.0,0.0,0.0,1.0,0.0,0.0,0.0,0.0,0.0,0.0,0.0,0.0,0.0,0.0,1.0,0.0,0.0,11.0,1.0,0.0,0.0,0.0,0.0,0.0,2.0,1.0,0.0,0.0,0.0,17.0,17.0,0.0,11543.0
-14701_6853,35.0,1344.0,4563.0,757.0,3.0,1833.0,19.0,326.0,353.0,62.0,1.0,80.0,7.0,9.0,36.0,663.0,3486.0,0.0,132.0,1050.0,45.0,0.0,146.0,540.0,49.0,14.0,1920.0,436.0,81.0,58.0,0.0,0.0,0.0,0.0,0.0,0.0,0.0,0.0,0.0,0.0,0.0,0.0,0.0,0.0,0.0,0.0,0.0,3.0,0.0,0.0,4.0,1.0,1.0,0.0,0.0,0.0,0.0,2.0,0.0,0.0,0.0,0.0,11.0,11.0,0.0,18048.0
-14701_6854,45.0,1337.0,4874.0,730.0,8.0,2030.0,22.0,327.0,271.0,53.0,1.0,52.0,6.0,8.0,6.0,715.0,3706.0,2.0,135.0,1085.0,94.0,0.0,114.0,709.0,53.0,13.0,1751.0,483.0,113.0,46.0,0.0,0.0,0.0,0.0,0.0,0.0,0.0,0.0,0.0,0.0,0.0,0.0,0.0,1.0,0.0,0.0,0.0,0.0,0.0,0.0,10.0,1.0,0.0,0.0,0.0,0.0,0.0,2.0,0.0,0.0,0.0,0.0,14.0,14.0,0.0,18789.0
-14701_6855,19.0,1075.0,2838.0,317.0,5.0,1119.0,11.0,303.0,276.0,24.0,0.0,54.0,3.0,7.0,12.0,517.0,2101.0,1.0,90.0,623.0,91.0,1.0,81.0,591.0,28.0,10.0,2874.0,289.0,28.0,37.0,0.0,0.0,0.0,0.0,0.0,0.0,0.0,0.0,0.0,0.0,0.0,0.0,0.0,0.0,0.0,0.0,0.0,0.0,0.0,0.0,1.0,0.0,0.0,0.0,0.0,0.0,0.0,2.0,0.0,0.0,1.0,0.0,4.0,3.0,0.0,13425.0
-14701_6856,27.0,1468.0,3965.0,383.0,1.0,1261.0,17.0,251.0,238.0,38.0,0.0,57.0,14.0,7.0,17.0,600.0,3897.0,0.0,79.0,766.0,5.0,0.0,109.0,471.0,36.0,21.0,1547.0,406.0,65.0,32.0,0.0,0.0,0.0,0.0,0.0,1.0,0.0,0.0,0.0,0.0,1.0,0.0,0.0,0.0,0.0,0.0,0.0,0.0,0.0,0.0,6.0,1.0,0.0,0.0,0.0,0.0,0.0,3.0,0.0,0.0,0.0,0.0,12.0,11.0,1.0,15778.0
-14701_6857,22.0,862.0,2526.0,514.0,4.0,1177.0,11.0,211.0,247.0,35.0,0.0,36.0,5.0,10.0,6.0,619.0,3676.0,1.0,72.0,633.0,414.0,0.0,56.0,493.0,31.0,6.0,1576.0,205.0,40.0,42.0,0.0,0.0,0.0,0.0,0.0,0.0,0.0,0.0,0.0,0.0,0.0,0.0,0.0,0.0,0.0,0.0,0.0,0.0,0.0,0.0,8.0,3.0,0.0,0.0,0.0,0.0,0.0,2.0,3.0,0.0,0.0,0.0,16.0,16.0,0.0,13530.0
-14701_6858,13.0,346.0,923.0,398.0,0.0,723.0,6.0,127.0,135.0,5.0,0.0,13.0,0.0,5.0,9.0,414.0,471.0,0.0,25.0,320.0,1501.0,1.0,14.0,258.0,26.0,6.0,1184.0,50.0,15.0,21.0,0.0,0.0,0.0,1.0,0.0,0.0,0.0,0.0,0.0,0.0,0.0,0.0,0.0,0.0,0.0,0.0,0.0,0.0,0.0,0.0,0.0,0.0,0.0,0.0,0.0,0.0,0.0,1.0,0.0,0.0,0.0,0.0,2.0,1.0,1.0,7009.0
-14701_6859,3.0,55.0,119.0,125.0,0.0,208.0,0.0,40.0,79.0,0.0,0.0,1.0,0.0,0.0,3.0,169.0,71.0,0.0,0.0,74.0,4.0,0.0,3.0,92.0,3.0,4.0,533.0,12.0,0.0,2.0,0.0,0.0,0.0,0.0,0.0,0.0,0.0,0.0,0.0,0.0,0.0,0.0,0.0,0.0,0.0,0.0,0.0,0.0,0.0,0.0,0.0,0.0,0.0,0.0,0.0,0.0,0.0,0.0,0.0,0.0,0.0,0.0,0.0,0.0,0.0,1600.0
-14701_6860,27.0,329.0,672.0,660.0,0.0,979.0,1.0,130.0,267.0,9.0,0.0,5.0,1.0,3.0,23.0,524.0,176.0,1.0,28.0,276.0,3.0,0.0,22.0,287.0,25.0,1.0,1802.0,53.0,1.0,11.0,1.0,0.0,0.0,1.0,0.0,0.0,1.0,0.0,0.0,0.0,0.0,0.0,0.0,0.0,0.0,0.0,0.0,0.0,0.0,0.0,4.0,1.0,0.0,0.0,0.0,0.0,0.0,2.0,0.0,0.0,0.0,0.0,10.0,8.0,2.0,6316.0
-14701_6861,11.0,177.0,396.0,761.0,2.0,765.0,4.0,88.0,280.0,1.0,0.0,3.0,7.0,1.0,11.0,495.0,67.0,0.0,12.0,244.0,4.0,0.0,12.0,292.0,30.0,3.0,1912.0,14.0,0.0,5.0,0.0,0.0,0.0,3.0,0.0,0.0,0.0,0.0,0.0,0.0,1.0,0.0,0.0,0.0,0.0,0.0,0.0,0.0,0.0,0.0,5.0,2.0,0.0,0.0,0.0,0.0,0.0,2.0,0.0,0.0,0.0,0.0,13.0,9.0,4.0,5597.0
-14701_6862,7.0,285.0,823.0,855.0,1.0,960.0,8.0,116.0,462.0,3.0,0.0,12.0,3.0,1.0,41.0,494.0,173.0,1.0,23.0,320.0,3.0,0.0,26.0,396.0,32.0,6.0,2624.0,46.0,1.0,21.0,1.0,0.0,0.0,3.0,0.0,0.0,0.0,0.0,0.0,0.0,0.0,0.0,0.0,0.0,0.0,0.0,0.0,0.0,0.0,0.0,0.0,2.0,0.0,0.0,5.0,0.0,0.0,1.0,0.0,0.0,0.0,3.0,15.0,3.0,12.0,7743.0
-14701_6863,11.0,481.0,1120.0,1313.0,1.0,1691.0,12.0,233.0,766.0,8.0,0.0,17.0,2.0,3.0,43.0,732.0,201.0,0.0,16.0,356.0,770.0,0.0,33.0,603.0,39.0,2.0,6038.0,44.0,0.0,35.0,1.0,0.0,0.0,5.0,0.0,1.0,0.0,0.0,1.0,0.0,0.0,0.0,1.0,0.0,0.0,0.0,0.0,2.0,0.0,1.0,2.0,1.0,0.0,0.0,3.0,0.0,0.0,0.0,0.0,0.0,1.0,0.0,19.0,6.0,10.0,14570.0
-14701_6864,2.0,187.0,491.0,566.0,0.0,760.0,3.0,79.0,256.0,1.0,1.0,5.0,2.0,4.0,16.0,441.0,70.0,0.0,14.0,183.0,385.0,0.0,8.0,212.0,15.0,3.0,1821.0,13.0,2.0,14.0,1.0,0.0,0.0,1.0,0.0,0.0,0.0,0.0,0.0,0.0,0.0,0.0,0.0,0.0,0.0,0.0,0.0,2.0,0.0,0.0,0.0,2.0,0.0,0.0,0.0,0.0,0.0,3.0,1.0,0.0,0.0,0.0,10.0,8.0,2.0,5554.0
-14701_6865,2.0,76.0,213.0,130.0,0.0,276.0,2.0,35.0,176.0,1.0,0.0,1.0,0.0,0.0,17.0,111.0,21.0,0.0,2.0,58.0,2.0,0.0,3.0,68.0,5.0,0.0,1264.0,7.0,2.0,2.0,0.0,0.0,0.0,1.0,0.0,1.0,0.0,0.0,0.0,0.0,0.0,0.0,0.0,0.0,0.0,0.0,0.0,1.0,0.0,0.0,0.0,0.0,0.0,0.0,0.0,0.0,0.0,0.0,0.0,0.0,0.0,0.0,3.0,2.0,1.0,2474.0
-14701_6866,6.0,170.0,350.0,483.0,0.0,628.0,10.0,116.0,471.0,1.0,0.0,1.0,6.0,6.0,17.0,296.0,222.0,0.0,5.0,230.0,1.0,0.0,16.0,142.0,34.0,4.0,2329.0,24.0,0.0,20.0,0.0,0.0,0.0,3.0,0.0,0.0,0.0,0.0,0.0,0.0,0.0,0.0,0.0,0.0,0.0,0.0,0.0,2.0,0.0,0.0,1.0,2.0,0.0,0.0,0.0,0.0,0.0,4.0,1.0,0.0,0.0,0.0,13.0,10.0,3.0,5588.0
-14701_6867,8.0,108.0,361.0,604.0,0.0,706.0,6.0,130.0,336.0,2.0,0.0,2.0,1.0,1.0,18.0,248.0,53.0,0.0,5.0,191.0,0.0,0.0,8.0,168.0,29.0,4.0,1790.0,3.0,0.0,14.0,0.0,0.0,1.0,5.0,0.0,0.0,0.0,0.0,0.0,0.0,1.0,0.0,0.0,1.0,0.0,0.0,0.0,2.0,0.0,0.0,1.0,2.0,0.0,0.0,1.0,0.0,0.0,1.0,0.0,0.0,0.0,0.0,15.0,7.0,7.0,4796.0
-14701_6868,2.0,210.0,635.0,644.0,0.0,726.0,7.0,116.0,467.0,1.0,0.0,0.0,1.0,0.0,28.0,381.0,44.0,3.0,8.0,268.0,4.0,0.0,15.0,249.0,28.0,6.0,2627.0,11.0,0.0,25.0,1.0,0.0,0.0,2.0,0.0,0.0,0.0,0.0,0.0,1.0,0.0,0.0,0.0,0.0,0.0,0.0,0.0,1.0,0.0,0.0,2.0,2.0,0.0,0.0,1.0,0.0,0.0,1.0,0.0,0.0,1.0,0.0,12.0,7.0,4.0,6506.0
-14701_6869,10.0,737.0,2003.0,693.0,2.0,1269.0,78.0,541.0,1137.0,1.0,1.0,18.0,9.0,1.0,38.0,463.0,624.0,0.0,20.0,487.0,211.0,1.0,124.0,620.0,79.0,5.0,7411.0,64.0,0.0,51.0,1.0,0.0,1.0,4.0,0.0,4.0,0.0,0.0,1.0,0.0,0.0,1.0,0.0,1.0,0.0,0.0,0.0,4.0,0.0,2.0,2.0,1.0,0.0,0.0,0.0,0.0,0.0,2.0,0.0,0.0,0.0,1.0,25.0,15.0,7.0,16698.0
-14701_6870,6.0,232.0,697.0,480.0,0.0,712.0,17.0,196.0,597.0,3.0,0.0,6.0,5.0,2.0,10.0,380.0,89.0,1.0,7.0,358.0,52.0,1.0,25.0,317.0,29.0,6.0,2721.0,7.0,0.0,25.0,0.0,0.0,0.0,8.0,0.0,0.0,0.0,0.0,0.0,0.0,0.0,0.0,1.0,0.0,0.0,0.0,0.0,0.0,0.0,0.0,3.0,2.0,0.0,0.0,1.0,0.0,0.0,1.0,0.0,0.0,0.0,0.0,16.0,6.0,9.0,6981.0
-14701_6871,5.0,106.0,340.0,131.0,14.0,374.0,8.0,58.0,451.0,0.0,0.0,11.0,3.0,1.0,9.0,172.0,197.0,0.0,4.0,279.0,6.0,0.0,16.0,98.0,17.0,2.0,1302.0,33.0,0.0,14.0,0.0,0.0,0.0,0.0,0.0,0.0,0.0,0.0,0.0,0.0,0.0,0.0,0.0,0.0,0.0,0.0,0.0,0.0,0.0,0.0,1.0,0.0,0.0,0.0,0.0,0.0,0.0,0.0,0.0,0.0,0.0,0.0,1.0,1.0,0.0,3651.0
-14701_6873,0.0,3.0,21.0,2.0,0.0,9.0,1.0,3.0,1.0,0.0,0.0,2.0,0.0,0.0,6.0,3.0,80.0,0.0,1.0,6.0,0.0,0.0,6.0,1.0,27.0,0.0,38.0,3.0,0.0,1.0,0.0,0.0,0.0,0.0,0.0,0.0,0.0,0.0,0.0,0.0,0.0,0.0,0.0,0.0,0.0,0.0,0.0,0.0,0.0,0.0,0.0,0.0,0.0,0.0,0.0,0.0,0.0,0.0,0.0,0.0,0.0,0.0,0.0,0.0,0.0,214.0
-14702_6836,0.0,18.0,50.0,19.0,0.0,60.0,1.0,2.0,37.0,0.0,0.0,0.0,0.0,2.0,0.0,31.0,3.0,1.0,1.0,42.0,0.0,0.0,1.0,0.0,4.0,0.0,105.0,3.0,0.0,1.0,0.0,0.0,0.0,0.0,0.0,0.0,0.0,0.0,0.0,0.0,0.0,0.0,0.0,0.0,0.0,0.0,0.0,0.0,0.0,0.0,0.0,0.0,0.0,0.0,0.0,0.0,0.0,0.0,0.0,0.0,0.0,0.0,0.0,0.0,0.0,381.0
-14702_6837,4.0,176.0,395.0,180.0,2.0,415.0,2.0,48.0,168.0,1.0,0.0,4.0,1.0,3.0,7.0,98.0,89.0,2.0,21.0,233.0,0.0,0.0,10.0,48.0,14.0,4.0,504.0,14.0,3.0,4.0,0.0,0.0,0.0,0.0,0.0,0.0,0.0,0.0,0.0,0.0,0.0,0.0,0.0,1.0,0.0,0.0,0.0,1.0,0.0,0.0,0.0,0.0,0.0,0.0,0.0,0.0,0.0,0.0,0.0,0.0,1.0,0.0,3.0,2.0,0.0,2450.0
-14702_6838,3.0,92.0,238.0,131.0,0.0,316.0,2.0,28.0,94.0,0.0,0.0,0.0,2.0,5.0,0.0,50.0,40.0,1.0,17.0,172.0,0.0,0.0,6.0,9.0,12.0,3.0,264.0,15.0,0.0,2.0,0.0,0.0,0.0,0.0,0.0,0.0,0.0,0.0,0.0,0.0,0.0,0.0,0.0,0.0,0.0,0.0,0.0,0.0,0.0,0.0,0.0,2.0,0.0,0.0,0.0,0.0,0.0,1.0,0.0,0.0,0.0,0.0,3.0,3.0,0.0,1502.0
-14702_6839,3.0,72.0,171.0,127.0,0.0,245.0,1.0,24.0,106.0,0.0,0.0,1.0,0.0,1.0,4.0,81.0,63.0,0.0,12.0,130.0,0.0,0.0,5.0,9.0,9.0,0.0,297.0,5.0,0.0,2.0,0.0,0.0,0.0,0.0,0.0,0.0,0.0,0.0,0.0,0.0,0.0,0.0,0.0,0.0,0.0,0.0,0.0,0.0,0.0,0.0,0.0,0.0,0.0,0.0,0.0,0.0,0.0,0.0,0.0,0.0,0.0,0.0,0.0,0.0,0.0,1368.0
-14702_6840,0.0,151.0,318.0,128.0,0.0,362.0,3.0,42.0,252.0,0.0,0.0,8.0,1.0,2.0,4.0,96.0,108.0,0.0,14.0,182.0,0.0,0.0,13.0,53.0,9.0,5.0,740.0,13.0,0.0,4.0,0.0,0.0,0.0,0.0,0.0,0.0,0.0,0.0,0.0,0.0,0.0,0.0,0.0,0.0,0.0,0.0,0.0,0.0,0.0,0.0,2.0,0.0,0.0,0.0,0.0,0.0,0.0,0.0,0.0,0.0,1.0,0.0,3.0,2.0,0.0,2508.0
-14702_6841,4.0,107.0,283.0,199.0,0.0,446.0,1.0,31.0,105.0,2.0,0.0,4.0,4.0,2.0,4.0,126.0,87.0,0.0,20.0,211.0,1.0,0.0,7.0,33.0,7.0,5.0,473.0,9.0,1.0,6.0,0.0,0.0,0.0,1.0,0.0,0.0,0.0,0.0,0.0,0.0,0.0,0.0,0.0,0.0,0.0,0.0,0.0,0.0,0.0,0.0,1.0,0.0,0.0,0.0,0.0,0.0,0.0,1.0,0.0,0.0,0.0,0.0,3.0,2.0,1.0,2178.0
-14702_6842,0.0,2.0,0.0,0.0,0.0,2.0,0.0,0.0,0.0,0.0,0.0,0.0,0.0,0.0,0.0,0.0,1.0,0.0,0.0,0.0,0.0,0.0,0.0,0.0,0.0,0.0,1.0,0.0,0.0,0.0,0.0,0.0,0.0,0.0,0.0,0.0,0.0,0.0,0.0,0.0,0.0,0.0,0.0,0.0,0.0,0.0,0.0,0.0,0.0,0.0,0.0,0.0,0.0,0.0,0.0,0.0,0.0,0.0,0.0,0.0,0.0,0.0,0.0,0.0,0.0,6.0
-14702_6844,2.0,31.0,93.0,54.0,0.0,57.0,0.0,10.0,15.0,3.0,0.0,0.0,0.0,0.0,0.0,15.0,50.0,0.0,6.0,37.0,1.0,0.0,3.0,20.0,1.0,0.0,68.0,8.0,0.0,4.0,0.0,0.0,0.0,0.0,0.0,0.0,0.0,0.0,0.0,0.0,0.0,0.0,0.0,0.0,0.0,0.0,0.0,1.0,0.0,0.0,0.0,1.0,0.0,0.0,0.0,0.0,0.0,0.0,0.0,0.0,0.0,0.0,2.0,2.0,0.0,478.0
-14702_6846,0.0,3.0,8.0,0.0,0.0,8.0,0.0,0.0,2.0,0.0,0.0,0.0,0.0,0.0,0.0,3.0,2.0,0.0,0.0,2.0,1.0,0.0,2.0,0.0,0.0,0.0,12.0,0.0,0.0,0.0,0.0,0.0,0.0,0.0,0.0,0.0,0.0,0.0,0.0,0.0,0.0,0.0,0.0,0.0,0.0,0.0,0.0,0.0,0.0,0.0,0.0,0.0,0.0,0.0,0.0,0.0,0.0,0.0,0.0,0.0,0.0,0.0,0.0,0.0,0.0,43.0
-14702_6848,0.0,1.0,8.0,0.0,0.0,9.0,0.0,1.0,1.0,0.0,0.0,0.0,0.0,0.0,0.0,2.0,2.0,0.0,0.0,4.0,0.0,0.0,0.0,1.0,0.0,0.0,15.0,1.0,0.0,0.0,0.0,0.0,0.0,0.0,0.0,0.0,0.0,0.0,0.0,0.0,0.0,0.0,0.0,0.0,0.0,0.0,0.0,0.0,0.0,0.0,0.0,0.0,0.0,0.0,0.0,0.0,0.0,0.0,0.0,0.0,0.0,0.0,0.0,0.0,0.0,45.0
-14702_6849,15.0,329.0,790.0,176.0,0.0,469.0,4.0,49.0,85.0,16.0,0.0,3.0,4.0,3.0,13.0,269.0,201.0,0.0,51.0,349.0,0.0,0.0,42.0,110.0,26.0,5.0,627.0,65.0,0.0,11.0,0.0,0.0,0.0,0.0,0.0,0.0,0.0,0.0,0.0,0.0,0.0,0.0,0.0,0.0,0.0,0.0,0.0,0.0,0.0,0.0,0.0,0.0,0.0,0.0,0.0,0.0,0.0,4.0,0.0,0.0,0.0,0.0,4.0,4.0,0.0,3712.0
-14702_6850,31.0,538.0,1382.0,294.0,1.0,931.0,8.0,93.0,209.0,34.0,0.0,9.0,9.0,8.0,34.0,442.0,411.0,1.0,64.0,519.0,44.0,1.0,126.0,405.0,50.0,6.0,1104.0,148.0,1.0,23.0,0.0,0.0,0.0,1.0,0.0,0.0,0.0,0.0,0.0,0.0,1.0,0.0,0.0,0.0,0.0,0.0,0.0,0.0,0.0,0.0,4.0,1.0,0.0,0.0,0.0,0.0,0.0,3.0,1.0,0.0,0.0,0.0,11.0,9.0,2.0,6926.0
-14702_6851,18.0,351.0,873.0,310.0,0.0,626.0,7.0,66.0,118.0,7.0,0.0,7.0,6.0,4.0,22.0,392.0,337.0,0.0,43.0,366.0,15.0,0.0,37.0,287.0,20.0,4.0,761.0,105.0,0.0,16.0,0.0,0.0,0.0,0.0,0.0,2.0,0.0,0.0,0.0,0.0,0.0,0.0,0.0,0.0,0.0,0.0,0.0,0.0,0.0,0.0,0.0,0.0,0.0,0.0,0.0,0.0,0.0,0.0,0.0,0.0,0.0,0.0,2.0,2.0,0.0,4798.0
-14702_6852,27.0,937.0,2815.0,471.0,6.0,1353.0,25.0,204.0,445.0,31.0,0.0,32.0,3.0,10.0,21.0,644.0,1869.0,0.0,75.0,783.0,41.0,0.0,78.0,960.0,21.0,16.0,2378.0,302.0,46.0,49.0,0.0,1.0,0.0,0.0,0.0,5.0,0.0,0.0,0.0,0.0,2.0,0.0,0.0,0.0,0.0,0.0,0.0,0.0,0.0,1.0,6.0,0.0,0.0,0.0,0.0,0.0,0.0,0.0,1.0,0.0,0.0,0.0,16.0,13.0,2.0,13642.0
-14702_6853,40.0,1168.0,3527.0,567.0,2.0,1512.0,14.0,144.0,274.0,33.0,1.0,46.0,4.0,8.0,25.0,613.0,2380.0,2.0,103.0,814.0,35.0,0.0,89.0,497.0,38.0,12.0,1425.0,324.0,57.0,53.0,0.0,0.0,0.0,0.0,0.0,1.0,0.0,0.0,0.0,0.0,0.0,0.0,0.0,0.0,0.0,0.0,0.0,0.0,0.0,0.0,4.0,0.0,0.0,0.0,0.0,0.0,0.0,3.0,0.0,0.0,0.0,0.0,8.0,8.0,0.0,13807.0
-14702_6854,33.0,1421.0,4914.0,707.0,6.0,1999.0,22.0,266.0,262.0,53.0,0.0,53.0,7.0,10.0,9.0,751.0,3516.0,0.0,124.0,1027.0,13.0,0.0,135.0,607.0,45.0,18.0,1613.0,567.0,106.0,56.0,0.0,0.0,0.0,0.0,0.0,0.0,0.0,0.0,0.0,0.0,0.0,0.0,0.0,0.0,0.0,0.0,0.0,2.0,0.0,0.0,4.0,1.0,0.0,0.0,0.0,0.0,0.0,2.0,0.0,0.0,0.0,0.0,9.0,9.0,0.0,18340.0
-14702_6855,5.0,761.0,1833.0,279.0,2.0,1131.0,11.0,221.0,361.0,13.0,0.0,30.0,12.0,5.0,5.0,484.0,3685.0,1.0,46.0,822.0,119.0,0.0,75.0,548.0,41.0,6.0,2092.0,228.0,18.0,21.0,1.0,0.0,0.0,0.0,0.0,1.0,0.0,0.0,0.0,0.0,0.0,0.0,0.0,0.0,0.0,0.0,0.0,1.0,0.0,1.0,4.0,1.0,1.0,0.0,0.0,0.0,0.0,2.0,0.0,0.0,0.0,0.0,12.0,10.0,1.0,12855.0
-14702_6856,12.0,1058.0,2557.0,361.0,3.0,1274.0,15.0,475.0,411.0,22.0,0.0,126.0,40.0,10.0,3.0,716.0,2903.0,1.0,116.0,897.0,15.0,1.0,177.0,705.0,39.0,24.0,1955.0,284.0,43.0,36.0,0.0,0.0,0.0,0.0,0.0,0.0,0.0,1.0,0.0,0.0,1.0,0.0,0.0,0.0,0.0,0.0,0.0,3.0,0.0,0.0,1.0,2.0,1.0,0.0,0.0,0.0,0.0,0.0,0.0,0.0,0.0,0.0,9.0,7.0,1.0,14279.0
-14702_6857,15.0,1382.0,3454.0,345.0,1.0,1193.0,16.0,322.0,208.0,48.0,0.0,57.0,2.0,12.0,16.0,600.0,3152.0,2.0,76.0,790.0,451.0,0.0,122.0,598.0,44.0,11.0,1710.0,279.0,44.0,36.0,0.0,0.0,0.0,0.0,0.0,0.0,0.0,0.0,0.0,0.0,1.0,0.0,0.0,0.0,0.0,0.0,0.0,1.0,0.0,0.0,5.0,2.0,0.0,0.0,0.0,0.0,0.0,4.0,0.0,0.0,0.0,0.0,13.0,12.0,1.0,14986.0
-14702_6858,17.0,721.0,2271.0,597.0,0.0,1128.0,15.0,181.0,264.0,21.0,1.0,28.0,3.0,9.0,23.0,684.0,2863.0,1.0,42.0,618.0,1099.0,0.0,43.0,671.0,30.0,9.0,1753.0,111.0,72.0,30.0,0.0,0.0,0.0,0.0,0.0,0.0,0.0,0.0,0.0,0.0,0.0,0.0,0.0,0.0,0.0,0.0,0.0,0.0,0.0,0.0,3.0,1.0,0.0,0.0,0.0,0.0,0.0,1.0,1.0,0.0,0.0,0.0,6.0,6.0,0.0,13305.0
-14702_6859,4.0,129.0,290.0,87.0,0.0,183.0,1.0,47.0,60.0,2.0,0.0,2.0,0.0,1.0,0.0,127.0,205.0,0.0,9.0,80.0,4.0,0.0,6.0,65.0,7.0,1.0,447.0,17.0,1.0,8.0,0.0,0.0,0.0,0.0,0.0,0.0,0.0,0.0,0.0,0.0,0.0,0.0,0.0,0.0,0.0,0.0,0.0,0.0,0.0,0.0,1.0,0.0,0.0,0.0,0.0,0.0,0.0,0.0,1.0,0.0,0.0,0.0,2.0,2.0,0.0,1783.0
-14702_6860,7.0,103.0,249.0,235.0,0.0,379.0,3.0,50.0,117.0,1.0,0.0,1.0,2.0,1.0,8.0,261.0,73.0,0.0,4.0,129.0,11.0,0.0,13.0,130.0,15.0,2.0,925.0,23.0,1.0,3.0,0.0,0.0,0.0,1.0,0.0,0.0,0.0,0.0,0.0,0.0,0.0,0.0,0.0,0.0,0.0,0.0,0.0,1.0,0.0,0.0,0.0,1.0,0.0,0.0,0.0,0.0,0.0,0.0,0.0,0.0,0.0,0.0,3.0,2.0,1.0,2746.0
-14702_6861,11.0,446.0,1103.0,638.0,1.0,1019.0,7.0,143.0,385.0,5.0,0.0,10.0,7.0,8.0,26.0,611.0,267.0,2.0,21.0,392.0,5.0,1.0,25.0,458.0,42.0,10.0,2777.0,45.0,14.0,19.0,0.0,0.0,0.0,8.0,0.0,1.0,0.0,0.0,0.0,0.0,2.0,0.0,1.0,0.0,0.0,0.0,0.0,1.0,0.0,1.0,1.0,1.0,0.0,0.0,0.0,0.0,0.0,4.0,1.0,0.0,0.0,0.0,21.0,9.0,10.0,8498.0
-14702_6862,11.0,784.0,1834.0,551.0,0.0,866.0,41.0,185.0,244.0,3.0,0.0,8.0,6.0,4.0,14.0,454.0,501.0,1.0,42.0,406.0,5.0,1.0,80.0,263.0,58.0,3.0,2433.0,116.0,1.0,45.0,0.0,0.0,0.0,1.0,0.0,1.0,0.0,0.0,1.0,1.0,0.0,1.0,0.0,0.0,0.0,0.0,0.0,0.0,0.0,0.0,4.0,1.0,0.0,0.0,0.0,0.0,0.0,3.0,0.0,0.0,0.0,0.0,13.0,11.0,2.0,8960.0
-14702_6863,13.0,567.0,1749.0,690.0,1.0,1558.0,21.0,294.0,494.0,2.0,0.0,14.0,4.0,3.0,31.0,683.0,213.0,0.0,28.0,401.0,101.0,2.0,43.0,638.0,83.0,7.0,5168.0,68.0,0.0,40.0,0.0,0.0,0.0,3.0,0.0,1.0,0.0,0.0,0.0,0.0,0.0,0.0,0.0,0.0,0.0,1.0,0.0,0.0,0.0,0.0,2.0,3.0,0.0,0.0,0.0,0.0,0.0,4.0,0.0,0.0,0.0,0.0,14.0,10.0,4.0,12916.0
-14702_6864,7.0,289.0,992.0,958.0,0.0,1195.0,4.0,148.0,528.0,0.0,0.0,13.0,0.0,6.0,24.0,621.0,118.0,3.0,11.0,247.0,188.0,1.0,26.0,465.0,39.0,7.0,3897.0,23.0,1.0,22.0,1.0,0.0,1.0,6.0,0.0,0.0,0.0,0.0,0.0,1.0,0.0,0.0,0.0,1.0,0.0,0.0,0.0,1.0,0.0,0.0,0.0,1.0,0.0,0.0,1.0,0.0,0.0,1.0,0.0,0.0,0.0,0.0,14.0,5.0,8.0,9833.0
-14702_6865,10.0,130.0,219.0,484.0,0.0,518.0,1.0,59.0,287.0,0.0,0.0,2.0,2.0,1.0,1.0,354.0,39.0,1.0,12.0,124.0,14.0,0.0,10.0,136.0,12.0,0.0,2041.0,8.0,0.0,7.0,0.0,0.0,0.0,1.0,0.0,0.0,0.0,0.0,0.0,0.0,1.0,0.0,0.0,0.0,1.0,0.0,0.0,1.0,0.0,0.0,1.0,1.0,0.0,0.0,1.0,0.0,0.0,0.0,0.0,0.0,0.0,0.0,7.0,3.0,3.0,4472.0
-14702_6866,3.0,392.0,1014.0,323.0,1.0,795.0,6.0,223.0,443.0,4.0,0.0,2.0,2.0,6.0,27.0,269.0,69.0,0.0,23.0,257.0,6.0,0.0,25.0,177.0,26.0,3.0,4396.0,13.0,0.0,9.0,0.0,0.0,0.0,3.0,0.0,0.0,0.0,0.0,0.0,0.0,1.0,0.0,0.0,0.0,0.0,1.0,0.0,2.0,0.0,1.0,0.0,3.0,0.0,0.0,0.0,0.0,0.0,0.0,1.0,0.0,1.0,0.0,13.0,6.0,5.0,8514.0
-14702_6867,1.0,81.0,247.0,622.0,0.0,565.0,0.0,88.0,268.0,1.0,0.0,1.0,2.0,1.0,15.0,234.0,23.0,1.0,14.0,171.0,3.0,0.0,4.0,106.0,14.0,6.0,1472.0,6.0,0.0,5.0,0.0,0.0,0.0,1.0,0.0,0.0,0.0,0.0,0.0,0.0,0.0,0.0,0.0,0.0,0.0,0.0,0.0,2.0,0.0,0.0,0.0,1.0,0.0,0.0,1.0,0.0,0.0,0.0,1.0,0.0,0.0,0.0,6.0,4.0,2.0,3951.0
-14702_6868,8.0,112.0,338.0,642.0,0.0,608.0,4.0,82.0,425.0,1.0,0.0,2.0,3.0,0.0,15.0,248.0,35.0,0.0,7.0,195.0,4.0,0.0,13.0,128.0,11.0,2.0,1843.0,1.0,0.0,10.0,0.0,0.0,0.0,5.0,0.0,0.0,0.0,0.0,0.0,0.0,2.0,0.0,0.0,0.0,0.0,0.0,0.0,1.0,0.0,0.0,0.0,1.0,0.0,0.0,2.0,0.0,0.0,4.0,0.0,0.0,0.0,0.0,15.0,6.0,9.0,4737.0
-14702_6869,7.0,429.0,1543.0,755.0,0.0,943.0,14.0,385.0,979.0,4.0,0.0,20.0,11.0,3.0,60.0,428.0,464.0,2.0,15.0,266.0,56.0,1.0,87.0,580.0,77.0,7.0,3819.0,43.0,1.0,43.0,1.0,0.0,0.0,6.0,0.0,0.0,0.0,0.0,0.0,0.0,0.0,0.0,0.0,0.0,0.0,0.0,0.0,1.0,0.0,0.0,2.0,1.0,0.0,0.0,0.0,0.0,0.0,0.0,0.0,0.0,0.0,0.0,11.0,4.0,7.0,11042.0
-14702_6870,13.0,459.0,2582.0,1067.0,1.0,1507.0,36.0,425.0,1069.0,5.0,0.0,25.0,5.0,2.0,114.0,571.0,670.0,1.0,6.0,488.0,210.0,2.0,140.0,810.0,81.0,5.0,5358.0,55.0,0.0,64.0,1.0,0.0,1.0,15.0,0.0,0.0,0.0,0.0,0.0,0.0,0.0,0.0,0.0,0.0,0.0,0.0,0.0,0.0,0.0,0.0,3.0,1.0,0.0,0.0,1.0,0.0,0.0,0.0,0.0,0.0,0.0,1.0,23.0,4.0,18.0,15771.0
-14702_6871,10.0,707.0,2197.0,527.0,1.0,1212.0,34.0,488.0,1489.0,8.0,0.0,34.0,12.0,6.0,28.0,427.0,416.0,1.0,41.0,695.0,103.0,2.0,98.0,445.0,65.0,13.0,4943.0,30.0,0.0,53.0,0.0,0.0,0.0,11.0,0.0,2.0,2.0,0.0,0.0,0.0,1.0,0.0,1.0,0.0,0.0,0.0,0.0,0.0,0.0,2.0,3.0,1.0,1.0,0.0,0.0,0.0,0.0,3.0,0.0,0.0,2.0,0.0,29.0,12.0,12.0,14085.0
-14702_6872,5.0,252.0,672.0,281.0,0.0,565.0,22.0,123.0,578.0,1.0,0.0,3.0,4.0,1.0,10.0,309.0,262.0,2.0,30.0,455.0,1.0,0.0,21.0,124.0,43.0,4.0,1920.0,27.0,1.0,26.0,1.0,0.0,0.0,0.0,0.0,0.0,0.0,0.0,0.0,0.0,0.0,0.0,0.0,0.0,0.0,0.0,0.0,0.0,0.0,0.0,1.0,1.0,0.0,0.0,0.0,0.0,0.0,1.0,0.0,0.0,0.0,0.0,4.0,3.0,1.0,5742.0
-14702_6873,0.0,6.0,22.0,6.0,0.0,7.0,2.0,4.0,3.0,0.0,0.0,0.0,0.0,0.0,0.0,6.0,13.0,0.0,1.0,1.0,0.0,1.0,1.0,5.0,16.0,0.0,100.0,0.0,0.0,1.0,0.0,0.0,0.0,0.0,0.0,0.0,0.0,0.0,0.0,0.0,0.0,0.0,0.0,0.0,0.0,0.0,0.0,0.0,0.0,0.0,0.0,0.0,0.0,0.0,0.0,0.0,0.0,0.0,0.0,0.0,0.0,0.0,0.0,0.0,0.0,195.0
-14702_6874,0.0,28.0,126.0,21.0,5.0,55.0,3.0,12.0,15.0,0.0,0.0,3.0,0.0,0.0,8.0,15.0,144.0,0.0,2.0,24.0,11.0,0.0,8.0,17.0,100.0,0.0,269.0,22.0,0.0,6.0,0.0,0.0,1.0,0.0,0.0,0.0,0.0,0.0,0.0,0.0,0.0,0.0,0.0,0.0,0.0,0.0,0.0,0.0,0.0,0.0,0.0,0.0,0.0,0.0,0.0,0.0,0.0,0.0,0.0,0.0,0.0,0.0,1.0,0.0,0.0,894.0
-14703_6836,0.0,29.0,104.0,36.0,0.0,82.0,0.0,10.0,44.0,1.0,0.0,0.0,0.0,1.0,0.0,32.0,10.0,0.0,7.0,62.0,0.0,0.0,0.0,2.0,2.0,0.0,86.0,1.0,0.0,2.0,0.0,0.0,0.0,0.0,0.0,0.0,0.0,0.0,0.0,0.0,0.0,0.0,0.0,0.0,0.0,0.0,0.0,0.0,0.0,0.0,0.0,0.0,0.0,0.0,0.0,0.0,0.0,0.0,0.0,0.0,0.0,0.0,0.0,0.0,0.0,511.0
-14703_6837,7.0,126.0,282.0,156.0,0.0,383.0,2.0,31.0,131.0,2.0,0.0,0.0,1.0,0.0,2.0,105.0,49.0,0.0,22.0,214.0,0.0,0.0,8.0,35.0,10.0,1.0,357.0,12.0,0.0,4.0,0.0,0.0,0.0,0.0,0.0,0.0,0.0,0.0,0.0,0.0,0.0,0.0,0.0,0.0,0.0,0.0,0.0,0.0,0.0,0.0,0.0,1.0,0.0,0.0,0.0,0.0,0.0,0.0,0.0,0.0,0.0,0.0,1.0,1.0,0.0,1940.0
-14703_6838,4.0,91.0,176.0,114.0,0.0,240.0,1.0,26.0,105.0,1.0,0.0,1.0,0.0,3.0,0.0,61.0,26.0,0.0,26.0,147.0,0.0,0.0,17.0,5.0,5.0,0.0,245.0,8.0,0.0,2.0,0.0,0.0,0.0,0.0,0.0,0.0,0.0,0.0,0.0,0.0,0.0,0.0,0.0,0.0,0.0,0.0,0.0,0.0,0.0,0.0,0.0,0.0,0.0,0.0,0.0,0.0,0.0,0.0,0.0,0.0,0.0,0.0,0.0,0.0,0.0,1304.0
-14703_6839,4.0,241.0,710.0,105.0,0.0,328.0,1.0,37.0,93.0,0.0,0.0,6.0,2.0,3.0,3.0,52.0,268.0,1.0,16.0,147.0,0.0,0.0,49.0,16.0,18.0,0.0,426.0,41.0,0.0,1.0,0.0,0.0,0.0,0.0,0.0,0.0,0.0,0.0,0.0,1.0,0.0,0.0,0.0,0.0,0.0,0.0,0.0,1.0,0.0,0.0,0.0,1.0,0.0,0.0,0.0,0.0,0.0,3.0,0.0,0.0,0.0,0.0,6.0,6.0,0.0,2568.0
-14703_6840,4.0,118.0,268.0,132.0,1.0,366.0,1.0,18.0,140.0,1.0,0.0,6.0,1.0,5.0,2.0,85.0,81.0,0.0,20.0,128.0,1.0,0.0,15.0,46.0,17.0,1.0,408.0,8.0,2.0,6.0,0.0,0.0,1.0,0.0,0.0,0.0,0.0,0.0,0.0,0.0,0.0,0.0,0.0,1.0,0.0,0.0,0.0,0.0,0.0,0.0,1.0,0.0,0.0,0.0,0.0,0.0,0.0,0.0,0.0,0.0,0.0,0.0,3.0,2.0,0.0,1881.0
-14703_6841,4.0,54.0,134.0,126.0,0.0,288.0,1.0,19.0,95.0,2.0,0.0,3.0,1.0,2.0,2.0,75.0,43.0,1.0,12.0,122.0,1.0,0.0,2.0,10.0,7.0,2.0,292.0,8.0,0.0,0.0,0.0,0.0,0.0,0.0,0.0,0.0,0.0,0.0,0.0,0.0,0.0,0.0,0.0,0.0,0.0,0.0,0.0,0.0,0.0,0.0,1.0,0.0,0.0,0.0,0.0,0.0,0.0,1.0,0.0,0.0,0.0,0.0,2.0,2.0,0.0,1306.0
-14703_6842,0.0,0.0,0.0,0.0,0.0,0.0,0.0,0.0,0.0,0.0,0.0,0.0,0.0,0.0,0.0,0.0,0.0,0.0,0.0,2.0,0.0,0.0,0.0,0.0,0.0,0.0,1.0,0.0,0.0,0.0,0.0,0.0,0.0,0.0,0.0,0.0,0.0,0.0,0.0,0.0,0.0,0.0,0.0,0.0,0.0,0.0,0.0,0.0,0.0,0.0,0.0,0.0,0.0,0.0,0.0,0.0,0.0,0.0,0.0,0.0,0.0,0.0,0.0,0.0,0.0,3.0
-14703_6849,0.0,0.0,0.0,0.0,0.0,0.0,0.0,0.0,0.0,0.0,0.0,0.0,0.0,0.0,0.0,0.0,1.0,0.0,0.0,0.0,0.0,0.0,0.0,0.0,0.0,0.0,1.0,0.0,0.0,0.0,0.0,0.0,0.0,0.0,0.0,0.0,0.0,0.0,0.0,0.0,0.0,0.0,0.0,0.0,0.0,0.0,0.0,0.0,0.0,0.0,0.0,0.0,0.0,0.0,0.0,0.0,0.0,0.0,0.0,0.0,0.0,0.0,0.0,0.0,0.0,2.0
-14703_6850,1.0,4.0,26.0,3.0,0.0,18.0,0.0,3.0,2.0,2.0,0.0,0.0,0.0,0.0,0.0,22.0,10.0,0.0,0.0,4.0,0.0,0.0,1.0,10.0,1.0,0.0,33.0,4.0,0.0,0.0,0.0,0.0,0.0,0.0,0.0,0.0,0.0,0.0,0.0,0.0,0.0,0.0,0.0,0.0,0.0,0.0,0.0,0.0,0.0,0.0,0.0,1.0,0.0,0.0,0.0,0.0,0.0,1.0,0.0,0.0,0.0,0.0,2.0,2.0,0.0,144.0
-14703_6851,17.0,252.0,653.0,117.0,0.0,350.0,2.0,33.0,73.0,17.0,0.0,4.0,5.0,0.0,0.0,227.0,252.0,3.0,28.0,249.0,10.0,0.0,10.0,99.0,9.0,3.0,419.0,43.0,4.0,10.0,0.0,0.0,0.0,0.0,0.0,0.0,0.0,0.0,0.0,0.0,1.0,0.0,0.0,0.0,0.0,0.0,0.0,0.0,0.0,0.0,0.0,0.0,0.0,0.0,0.0,0.0,0.0,0.0,1.0,0.0,0.0,0.0,2.0,1.0,1.0,2889.0
-14703_6852,23.0,853.0,2478.0,377.0,5.0,1240.0,19.0,183.0,381.0,40.0,0.0,30.0,2.0,14.0,25.0,529.0,1657.0,1.0,63.0,710.0,15.0,0.0,62.0,473.0,34.0,7.0,1383.0,217.0,43.0,32.0,0.0,0.0,0.0,0.0,0.0,0.0,0.0,0.0,0.0,0.0,0.0,0.0,0.0,0.0,0.0,0.0,0.0,1.0,0.0,0.0,4.0,1.0,0.0,0.0,0.0,0.0,0.0,1.0,0.0,0.0,0.0,0.0,7.0,7.0,0.0,10896.0
-14703_6853,37.0,804.0,3088.0,442.0,4.0,1260.0,23.0,151.0,232.0,41.0,0.0,36.0,8.0,8.0,23.0,485.0,3294.0,1.0,81.0,680.0,113.0,0.0,67.0,510.0,48.0,4.0,1285.0,343.0,69.0,47.0,0.0,0.0,0.0,0.0,0.0,0.0,0.0,0.0,0.0,1.0,0.0,0.0,0.0,0.0,0.0,0.0,0.0,1.0,0.0,0.0,6.0,4.0,0.0,0.0,0.0,0.0,0.0,0.0,1.0,0.0,0.0,0.0,13.0,13.0,0.0,13184.0
-14703_6854,27.0,898.0,3278.0,556.0,4.0,1387.0,20.0,213.0,250.0,47.0,0.0,68.0,8.0,10.0,19.0,543.0,4444.0,0.0,94.0,812.0,205.0,0.0,103.0,548.0,38.0,13.0,1295.0,404.0,108.0,58.0,0.0,0.0,0.0,0.0,0.0,0.0,0.0,0.0,0.0,0.0,0.0,0.0,0.0,0.0,0.0,0.0,0.0,3.0,0.0,0.0,6.0,2.0,0.0,0.0,0.0,0.0,0.0,4.0,0.0,0.0,0.0,0.0,15.0,15.0,0.0,15450.0
-14703_6855,37.0,1260.0,4090.0,516.0,3.0,1662.0,41.0,737.0,376.0,45.0,3.0,68.0,8.0,11.0,24.0,793.0,5364.0,2.0,121.0,1243.0,56.0,0.0,162.0,791.0,59.0,12.0,1807.0,438.0,120.0,44.0,0.0,0.0,0.0,0.0,0.0,0.0,1.0,0.0,0.0,0.0,2.0,0.0,0.0,0.0,0.0,0.0,0.0,1.0,0.0,0.0,0.0,1.0,0.0,0.0,0.0,0.0,0.0,1.0,1.0,0.0,0.0,0.0,7.0,5.0,2.0,19893.0
-14703_6856,28.0,1037.0,3048.0,412.0,0.0,1348.0,18.0,206.0,231.0,58.0,0.0,45.0,5.0,12.0,14.0,707.0,3487.0,2.0,104.0,783.0,2.0,1.0,66.0,507.0,26.0,17.0,1479.0,342.0,55.0,30.0,0.0,0.0,0.0,0.0,0.0,0.0,0.0,0.0,0.0,0.0,0.0,0.0,0.0,0.0,0.0,0.0,0.0,0.0,0.0,0.0,3.0,2.0,0.0,0.0,0.0,0.0,0.0,1.0,0.0,0.0,0.0,0.0,6.0,6.0,0.0,14070.0
-14703_6857,19.0,827.0,2876.0,319.0,2.0,1144.0,14.0,169.0,221.0,35.0,1.0,38.0,1.0,6.0,23.0,567.0,3208.0,1.0,67.0,635.0,154.0,0.0,67.0,440.0,36.0,10.0,1343.0,219.0,76.0,41.0,0.0,0.0,0.0,0.0,0.0,1.0,0.0,0.0,0.0,0.0,0.0,1.0,0.0,0.0,0.0,0.0,0.0,0.0,0.0,0.0,1.0,1.0,0.0,0.0,0.0,0.0,0.0,1.0,0.0,0.0,0.0,0.0,5.0,5.0,0.0,12559.0
-14703_6858,32.0,1560.0,4503.0,477.0,3.0,1771.0,29.0,579.0,414.0,46.0,0.0,66.0,9.0,14.0,27.0,762.0,3289.0,0.0,107.0,959.0,193.0,0.0,104.0,864.0,60.0,14.0,2401.0,366.0,53.0,56.0,0.0,0.0,0.0,0.0,0.0,0.0,0.0,0.0,0.0,0.0,1.0,0.0,0.0,0.0,0.0,0.0,0.0,0.0,0.0,0.0,3.0,5.0,0.0,0.0,0.0,0.0,0.0,2.0,0.0,0.0,0.0,0.0,11.0,10.0,1.0,18758.0
-14703_6859,14.0,451.0,1266.0,249.0,3.0,624.0,10.0,113.0,124.0,10.0,0.0,20.0,2.0,6.0,9.0,383.0,683.0,2.0,40.0,292.0,5.0,0.0,24.0,235.0,29.0,3.0,1054.0,87.0,25.0,17.0,0.0,0.0,0.0,0.0,0.0,1.0,0.0,0.0,0.0,1.0,1.0,0.0,0.0,0.0,0.0,0.0,0.0,2.0,0.0,0.0,0.0,2.0,0.0,0.0,0.0,0.0,0.0,6.0,2.0,0.0,0.0,0.0,15.0,14.0,1.0,5780.0
-14703_6860,2.0,131.0,170.0,78.0,1.0,241.0,1.0,140.0,118.0,3.0,0.0,5.0,1.0,3.0,2.0,275.0,141.0,0.0,0.0,70.0,1.0,0.0,8.0,88.0,1.0,0.0,1049.0,15.0,0.0,1.0,0.0,0.0,0.0,0.0,0.0,0.0,0.0,0.0,0.0,0.0,0.0,0.0,0.0,0.0,0.0,0.0,0.0,0.0,0.0,0.0,0.0,0.0,0.0,0.0,0.0,0.0,0.0,0.0,0.0,0.0,0.0,0.0,0.0,0.0,0.0,2545.0
-14703_6861,33.0,772.0,2048.0,670.0,1.0,1441.0,12.0,281.0,278.0,9.0,0.0,14.0,11.0,5.0,30.0,707.0,1019.0,1.0,57.0,694.0,5.0,0.0,55.0,373.0,33.0,10.0,2186.0,101.0,13.0,38.0,0.0,0.0,1.0,3.0,0.0,0.0,0.0,0.0,0.0,0.0,0.0,0.0,0.0,1.0,0.0,0.0,0.0,0.0,0.0,0.0,1.0,1.0,0.0,0.0,0.0,0.0,0.0,1.0,0.0,0.0,0.0,0.0,8.0,4.0,3.0,10897.0
-14703_6862,31.0,1124.0,2722.0,772.0,4.0,1729.0,20.0,427.0,372.0,32.0,0.0,26.0,14.0,2.0,81.0,693.0,1451.0,1.0,102.0,946.0,10.0,1.0,141.0,423.0,58.0,12.0,2300.0,257.0,14.0,41.0,1.0,0.0,0.0,0.0,0.0,0.0,0.0,0.0,0.0,0.0,0.0,0.0,1.0,0.0,0.0,0.0,0.0,0.0,0.0,0.0,2.0,0.0,0.0,0.0,0.0,0.0,0.0,0.0,0.0,0.0,1.0,0.0,5.0,2.0,1.0,13806.0
-14703_6863,26.0,718.0,1894.0,913.0,0.0,1367.0,10.0,216.0,465.0,16.0,0.0,12.0,9.0,10.0,45.0,551.0,983.0,2.0,76.0,616.0,386.0,0.0,56.0,499.0,55.0,5.0,2764.0,126.0,8.0,49.0,1.0,0.0,1.0,0.0,0.0,2.0,0.0,0.0,0.0,0.0,1.0,1.0,1.0,0.0,0.0,0.0,0.0,1.0,0.0,1.0,2.0,1.0,0.0,0.0,1.0,0.0,0.0,0.0,0.0,0.0,0.0,0.0,13.0,7.0,3.0,11877.0
-14703_6864,13.0,194.0,422.0,708.0,0.0,1214.0,4.0,127.0,338.0,2.0,0.0,7.0,2.0,3.0,10.0,492.0,109.0,1.0,15.0,192.0,91.0,0.0,18.0,275.0,38.0,6.0,2951.0,23.0,0.0,12.0,1.0,0.0,0.0,2.0,0.0,2.0,0.0,0.0,0.0,0.0,0.0,0.0,0.0,0.0,0.0,0.0,0.0,3.0,0.0,0.0,1.0,1.0,0.0,0.0,0.0,0.0,0.0,1.0,0.0,0.0,1.0,0.0,12.0,8.0,3.0,7267.0
-14703_6865,6.0,193.0,464.0,907.0,2.0,813.0,5.0,103.0,351.0,1.0,0.0,3.0,3.0,6.0,12.0,456.0,57.0,0.0,22.0,223.0,13.0,0.0,24.0,248.0,24.0,6.0,2045.0,20.0,0.0,9.0,1.0,0.0,0.0,7.0,0.0,0.0,0.0,0.0,0.0,0.0,0.0,0.0,0.0,0.0,0.0,0.0,0.0,0.0,0.0,0.0,1.0,2.0,0.0,0.0,0.0,0.0,0.0,1.0,0.0,0.0,0.0,0.0,12.0,4.0,8.0,6016.0
-14703_6866,2.0,152.0,377.0,295.0,0.0,578.0,1.0,54.0,230.0,3.0,0.0,3.0,0.0,0.0,10.0,313.0,35.0,0.0,9.0,163.0,4.0,1.0,9.0,107.0,10.0,0.0,2369.0,5.0,1.0,9.0,0.0,0.0,0.0,2.0,0.0,0.0,0.0,0.0,0.0,0.0,1.0,0.0,0.0,0.0,0.0,0.0,0.0,1.0,0.0,0.0,0.0,0.0,0.0,0.0,0.0,0.0,0.0,0.0,0.0,0.0,0.0,0.0,4.0,1.0,3.0,4740.0
-14703_6867,1.0,98.0,230.0,246.0,0.0,285.0,4.0,99.0,309.0,0.0,0.0,1.0,2.0,1.0,5.0,139.0,30.0,1.0,9.0,132.0,3.0,0.0,7.0,54.0,5.0,3.0,1748.0,4.0,0.0,3.0,1.0,0.0,0.0,1.0,0.0,0.0,0.0,0.0,0.0,0.0,0.0,0.0,1.0,0.0,0.0,0.0,0.0,2.0,0.0,0.0,0.0,1.0,0.0,0.0,0.0,0.0,0.0,1.0,0.0,0.0,2.0,0.0,9.0,4.0,2.0,3419.0
-14703_6868,3.0,134.0,263.0,417.0,0.0,426.0,4.0,90.0,335.0,0.0,0.0,3.0,0.0,4.0,6.0,162.0,40.0,0.0,19.0,136.0,4.0,0.0,9.0,130.0,2.0,2.0,1860.0,9.0,1.0,4.0,0.0,0.0,0.0,2.0,0.0,0.0,0.0,0.0,0.0,0.0,1.0,0.0,0.0,0.0,0.0,0.0,0.0,0.0,0.0,1.0,1.0,0.0,0.0,0.0,0.0,0.0,0.0,2.0,0.0,0.0,1.0,0.0,8.0,3.0,3.0,4063.0
-14703_6869,3.0,160.0,371.0,616.0,0.0,630.0,4.0,102.0,518.0,0.0,0.0,1.0,2.0,3.0,15.0,245.0,60.0,2.0,13.0,251.0,7.0,0.0,14.0,165.0,16.0,10.0,2178.0,14.0,0.0,7.0,0.0,0.0,0.0,3.0,0.0,1.0,0.0,0.0,0.0,0.0,0.0,0.0,0.0,0.0,0.0,0.0,0.0,0.0,0.0,1.0,3.0,0.0,0.0,0.0,0.0,0.0,0.0,2.0,0.0,0.0,1.0,0.0,11.0,6.0,3.0,5407.0
-14703_6870,3.0,89.0,265.0,623.0,0.0,515.0,3.0,90.0,361.0,0.0,0.0,2.0,0.0,0.0,10.0,238.0,37.0,1.0,6.0,161.0,3.0,0.0,16.0,206.0,19.0,3.0,1754.0,2.0,2.0,5.0,0.0,0.0,0.0,0.0,0.0,0.0,0.0,0.0,0.0,0.0,0.0,0.0,0.0,0.0,0.0,0.0,0.0,1.0,0.0,0.0,0.0,2.0,0.0,0.0,1.0,0.0,0.0,1.0,0.0,0.0,0.0,0.0,5.0,4.0,1.0,4414.0
-14703_6871,3.0,547.0,3380.0,514.0,4.0,1204.0,24.0,739.0,1373.0,3.0,0.0,38.0,5.0,6.0,111.0,353.0,382.0,1.0,17.0,682.0,7.0,2.0,236.0,591.0,61.0,3.0,4723.0,57.0,8.0,43.0,1.0,0.0,0.0,16.0,0.0,0.0,0.0,0.0,0.0,1.0,0.0,0.0,0.0,0.0,0.0,0.0,0.0,1.0,0.0,1.0,5.0,0.0,0.0,0.0,1.0,0.0,0.0,0.0,0.0,0.0,0.0,0.0,26.0,7.0,18.0,15117.0
-14703_6872,9.0,675.0,1748.0,659.0,2.0,1117.0,42.0,355.0,722.0,3.0,0.0,9.0,6.0,3.0,17.0,436.0,477.0,2.0,16.0,434.0,52.0,0.0,82.0,427.0,65.0,8.0,3283.0,32.0,5.0,47.0,2.0,1.0,0.0,3.0,0.0,3.0,1.0,0.0,2.0,0.0,1.0,1.0,0.0,0.0,0.0,0.0,0.0,2.0,0.0,1.0,2.0,3.0,0.0,0.0,0.0,0.0,0.0,1.0,1.0,0.0,1.0,1.0,26.0,15.0,9.0,10733.0
-14703_6873,6.0,425.0,1106.0,372.0,0.0,846.0,18.0,212.0,744.0,3.0,0.0,7.0,6.0,9.0,10.0,514.0,212.0,3.0,38.0,590.0,32.0,0.0,39.0,192.0,46.0,5.0,2227.0,37.0,1.0,42.0,1.0,1.0,1.0,0.0,0.0,1.0,0.0,0.0,0.0,0.0,0.0,0.0,0.0,0.0,0.0,0.0,0.0,2.0,0.0,0.0,0.0,5.0,0.0,0.0,0.0,0.0,0.0,2.0,0.0,0.0,0.0,1.0,14.0,11.0,2.0,7742.0
-14703_6874,1.0,94.0,304.0,33.0,2.0,248.0,9.0,28.0,51.0,2.0,0.0,5.0,1.0,1.0,6.0,157.0,222.0,0.0,4.0,60.0,5.0,0.0,11.0,44.0,34.0,1.0,917.0,9.0,0.0,5.0,0.0,0.0,0.0,0.0,0.0,0.0,0.0,0.0,0.0,0.0,0.0,0.0,0.0,0.0,0.0,0.0,0.0,1.0,0.0,0.0,0.0,1.0,0.0,0.0,0.0,0.0,0.0,0.0,1.0,0.0,0.0,0.0,3.0,3.0,0.0,2254.0
-14703_6875,1.0,20.0,93.0,6.0,0.0,37.0,3.0,3.0,15.0,0.0,0.0,1.0,0.0,0.0,6.0,18.0,103.0,0.0,1.0,16.0,59.0,0.0,2.0,12.0,35.0,1.0,173.0,7.0,0.0,1.0,0.0,0.0,0.0,0.0,0.0,0.0,0.0,0.0,0.0,0.0,0.0,0.0,0.0,0.0,0.0,0.0,0.0,0.0,0.0,0.0,0.0,0.0,0.0,0.0,0.0,0.0,0.0,0.0,0.0,0.0,0.0,0.0,0.0,0.0,0.0,613.0
-14704_6836,1.0,4.0,17.0,10.0,0.0,8.0,0.0,1.0,15.0,0.0,0.0,0.0,0.0,0.0,0.0,4.0,3.0,0.0,0.0,8.0,0.0,0.0,0.0,0.0,1.0,0.0,18.0,0.0,0.0,1.0,0.0,0.0,0.0,0.0,0.0,0.0,0.0,0.0,0.0,0.0,0.0,0.0,0.0,0.0,0.0,0.0,0.0,0.0,0.0,0.0,0.0,0.0,0.0,0.0,0.0,0.0,0.0,1.0,0.0,0.0,0.0,0.0,1.0,1.0,0.0,91.0
-14704_6837,4.0,91.0,156.0,120.0,0.0,217.0,3.0,17.0,98.0,0.0,0.0,5.0,2.0,3.0,0.0,76.0,33.0,1.0,18.0,102.0,0.0,0.0,8.0,15.0,7.0,2.0,252.0,3.0,3.0,1.0,0.0,0.0,0.0,0.0,0.0,0.0,0.0,0.0,0.0,0.0,0.0,0.0,0.0,0.0,0.0,0.0,0.0,1.0,0.0,0.0,1.0,0.0,0.0,0.0,0.0,0.0,0.0,1.0,0.0,0.0,0.0,0.0,3.0,3.0,0.0,1237.0
-14704_6838,5.0,30.0,94.0,59.0,0.0,150.0,1.0,12.0,41.0,1.0,0.0,1.0,0.0,0.0,2.0,37.0,13.0,0.0,5.0,48.0,0.0,0.0,1.0,5.0,2.0,1.0,159.0,7.0,0.0,0.0,0.0,0.0,0.0,0.0,0.0,0.0,0.0,0.0,0.0,0.0,0.0,0.0,0.0,0.0,0.0,0.0,0.0,0.0,0.0,0.0,0.0,1.0,0.0,0.0,0.0,0.0,0.0,0.0,0.0,0.0,0.0,0.0,1.0,1.0,0.0,674.0
-14704_6839,4.0,60.0,92.0,86.0,0.0,251.0,2.0,16.0,120.0,2.0,0.0,1.0,1.0,2.0,2.0,47.0,20.0,0.0,10.0,114.0,0.0,0.0,1.0,9.0,5.0,1.0,201.0,7.0,0.0,2.0,0.0,0.0,0.0,0.0,0.0,0.0,0.0,0.0,0.0,0.0,0.0,0.0,0.0,0.0,0.0,0.0,0.0,0.0,0.0,0.0,0.0,0.0,0.0,0.0,0.0,0.0,0.0,0.0,0.0,0.0,0.0,0.0,0.0,0.0,0.0,1056.0
-14704_6840,4.0,116.0,192.0,133.0,0.0,317.0,1.0,34.0,188.0,4.0,0.0,3.0,1.0,4.0,10.0,67.0,83.0,2.0,12.0,135.0,0.0,0.0,11.0,37.0,7.0,0.0,371.0,10.0,5.0,7.0,0.0,0.0,0.0,0.0,0.0,1.0,0.0,0.0,0.0,0.0,1.0,0.0,0.0,0.0,0.0,0.0,0.0,0.0,0.0,0.0,2.0,0.0,0.0,0.0,0.0,0.0,0.0,1.0,0.0,0.0,0.0,0.0,5.0,4.0,1.0,1754.0
-14704_6841,2.0,61.0,124.0,105.0,0.0,203.0,2.0,22.0,92.0,0.0,0.0,0.0,1.0,1.0,0.0,61.0,33.0,1.0,14.0,140.0,0.0,0.0,4.0,6.0,8.0,2.0,199.0,3.0,0.0,3.0,0.0,0.0,0.0,0.0,0.0,0.0,0.0,0.0,0.0,0.0,0.0,0.0,0.0,0.0,0.0,0.0,0.0,0.0,0.0,0.0,0.0,0.0,0.0,0.0,0.0,0.0,0.0,0.0,0.0,0.0,0.0,0.0,0.0,0.0,0.0,1087.0
-14704_6842,0.0,0.0,0.0,0.0,0.0,0.0,0.0,0.0,0.0,0.0,0.0,0.0,0.0,0.0,0.0,0.0,0.0,0.0,0.0,1.0,0.0,0.0,0.0,0.0,0.0,0.0,1.0,0.0,0.0,0.0,0.0,0.0,0.0,0.0,0.0,0.0,0.0,0.0,0.0,0.0,0.0,0.0,0.0,0.0,0.0,0.0,0.0,0.0,0.0,0.0,0.0,0.0,0.0,0.0,0.0,0.0,0.0,0.0,0.0,0.0,0.0,0.0,0.0,0.0,0.0,2.0
-14704_6852,0.0,16.0,30.0,149.0,0.0,60.0,0.0,7.0,17.0,0.0,0.0,0.0,0.0,0.0,0.0,36.0,35.0,0.0,1.0,17.0,1.0,0.0,2.0,24.0,0.0,0.0,465.0,3.0,0.0,2.0,0.0,0.0,0.0,0.0,0.0,0.0,0.0,0.0,0.0,0.0,0.0,0.0,0.0,0.0,0.0,0.0,0.0,0.0,0.0,0.0,0.0,0.0,0.0,0.0,0.0,0.0,0.0,0.0,0.0,0.0,0.0,0.0,0.0,0.0,0.0,865.0
-14704_6853,21.0,494.0,1400.0,221.0,2.0,631.0,10.0,87.0,137.0,17.0,0.0,9.0,6.0,3.0,6.0,270.0,1064.0,1.0,40.0,347.0,199.0,0.0,33.0,217.0,17.0,2.0,714.0,139.0,18.0,20.0,0.0,0.0,0.0,0.0,0.0,0.0,0.0,0.0,0.0,0.0,0.0,0.0,0.0,0.0,0.0,0.0,0.0,0.0,0.0,0.0,7.0,0.0,0.0,0.0,0.0,0.0,0.0,0.0,1.0,0.0,0.0,0.0,8.0,8.0,0.0,6125.0
-14704_6854,21.0,818.0,2780.0,559.0,5.0,1289.0,12.0,103.0,226.0,26.0,0.0,38.0,5.0,5.0,9.0,534.0,1895.0,1.0,65.0,714.0,28.0,1.0,49.0,343.0,37.0,6.0,1192.0,314.0,41.0,28.0,0.0,0.0,0.0,0.0,0.0,0.0,0.0,0.0,0.0,0.0,0.0,0.0,0.0,0.0,0.0,0.0,0.0,2.0,0.0,0.0,8.0,2.0,0.0,0.0,0.0,0.0,0.0,1.0,0.0,0.0,0.0,0.0,13.0,13.0,0.0,11144.0
-14704_6855,29.0,945.0,2725.0,448.0,2.0,1184.0,14.0,195.0,246.0,40.0,0.0,56.0,3.0,9.0,16.0,509.0,3339.0,2.0,75.0,634.0,78.0,0.0,91.0,720.0,35.0,8.0,1562.0,310.0,63.0,33.0,0.0,0.0,0.0,0.0,0.0,0.0,0.0,0.0,0.0,0.0,1.0,0.0,0.0,0.0,0.0,0.0,0.0,1.0,0.0,0.0,5.0,5.0,0.0,0.0,0.0,0.0,0.0,2.0,0.0,0.0,0.0,0.0,14.0,13.0,1.0,13371.0
-14704_6856,25.0,1232.0,3904.0,573.0,1.0,1578.0,31.0,507.0,533.0,63.0,0.0,85.0,8.0,16.0,11.0,956.0,4679.0,1.0,113.0,827.0,17.0,0.0,110.0,1568.0,43.0,11.0,2462.0,513.0,53.0,68.0,0.0,0.0,0.0,0.0,0.0,0.0,0.0,0.0,0.0,0.0,2.0,0.0,0.0,0.0,0.0,0.0,0.0,1.0,0.0,0.0,5.0,1.0,0.0,0.0,0.0,0.0,0.0,0.0,0.0,0.0,1.0,0.0,10.0,7.0,2.0,19988.0
-14704_6857,9.0,489.0,1765.0,196.0,1.0,712.0,15.0,104.0,102.0,39.0,0.0,52.0,3.0,5.0,3.0,442.0,2277.0,0.0,41.0,398.0,78.0,0.0,41.0,341.0,24.0,5.0,815.0,270.0,30.0,29.0,0.0,0.0,0.0,0.0,0.0,0.0,0.0,0.0,0.0,0.0,0.0,0.0,0.0,0.0,0.0,0.0,0.0,0.0,0.0,0.0,1.0,0.0,0.0,0.0,0.0,0.0,0.0,0.0,0.0,0.0,0.0,0.0,1.0,1.0,0.0,8286.0
-14704_6858,3.0,203.0,728.0,64.0,2.0,256.0,8.0,41.0,881.0,10.0,0.0,16.0,2.0,4.0,9.0,188.0,772.0,0.0,15.0,121.0,189.0,0.0,31.0,359.0,7.0,1.0,612.0,88.0,5.0,18.0,0.0,0.0,0.0,1.0,0.0,0.0,0.0,0.0,0.0,0.0,0.0,0.0,0.0,0.0,0.0,0.0,0.0,1.0,0.0,0.0,0.0,1.0,0.0,0.0,0.0,0.0,0.0,1.0,0.0,0.0,0.0,0.0,4.0,3.0,1.0,4633.0
-14704_6859,13.0,799.0,2608.0,375.0,0.0,1087.0,19.0,165.0,193.0,17.0,0.0,22.0,0.0,8.0,7.0,604.0,1633.0,1.0,62.0,561.0,3.0,0.0,65.0,360.0,32.0,7.0,1491.0,232.0,14.0,27.0,0.0,0.0,0.0,0.0,0.0,2.0,0.0,0.0,0.0,0.0,0.0,0.0,0.0,0.0,0.0,0.0,0.0,1.0,0.0,0.0,0.0,1.0,0.0,0.0,0.0,0.0,0.0,1.0,1.0,0.0,0.0,0.0,6.0,6.0,0.0,10405.0
-14704_6860,28.0,1258.0,3380.0,462.0,1.0,1506.0,20.0,300.0,450.0,49.0,0.0,52.0,6.0,10.0,22.0,728.0,4276.0,0.0,109.0,745.0,8.0,2.0,82.0,780.0,39.0,7.0,2264.0,308.0,101.0,39.0,1.0,0.0,0.0,2.0,0.0,1.0,0.0,0.0,0.0,0.0,1.0,0.0,0.0,1.0,0.0,0.0,0.0,2.0,0.0,0.0,1.0,2.0,0.0,0.0,0.0,0.0,0.0,1.0,0.0,0.0,0.0,0.0,12.0,8.0,4.0,17032.0
-14704_6861,23.0,422.0,1156.0,283.0,1.0,622.0,7.0,65.0,106.0,15.0,0.0,8.0,2.0,3.0,8.0,397.0,426.0,0.0,39.0,320.0,3.0,0.0,28.0,179.0,15.0,3.0,1011.0,53.0,0.0,13.0,0.0,0.0,0.0,0.0,0.0,0.0,0.0,0.0,0.0,0.0,0.0,0.0,0.0,0.0,0.0,0.0,0.0,0.0,0.0,0.0,0.0,1.0,0.0,0.0,0.0,0.0,0.0,0.0,0.0,0.0,0.0,0.0,1.0,1.0,0.0,5208.0
-14704_6862,5.0,420.0,1073.0,143.0,2.0,483.0,14.0,137.0,136.0,4.0,0.0,16.0,1.0,4.0,18.0,264.0,521.0,0.0,14.0,306.0,3.0,0.0,72.0,198.0,34.0,4.0,1003.0,57.0,2.0,16.0,1.0,0.0,0.0,1.0,0.0,1.0,0.0,0.0,0.0,0.0,1.0,1.0,0.0,0.0,0.0,0.0,0.0,1.0,0.0,0.0,0.0,1.0,0.0,0.0,0.0,0.0,0.0,1.0,1.0,0.0,0.0,0.0,9.0,6.0,3.0,4950.0
-14704_6863,28.0,957.0,2502.0,632.0,1.0,1327.0,11.0,466.0,307.0,15.0,0.0,32.0,6.0,9.0,50.0,480.0,1301.0,0.0,80.0,686.0,142.0,0.0,133.0,398.0,58.0,12.0,1918.0,217.0,12.0,26.0,1.0,0.0,0.0,1.0,0.0,0.0,0.0,0.0,0.0,0.0,0.0,0.0,0.0,0.0,0.0,0.0,0.0,0.0,0.0,1.0,4.0,1.0,0.0,0.0,0.0,0.0,0.0,1.0,0.0,0.0,1.0,0.0,10.0,6.0,2.0,11806.0
-14704_6864,20.0,400.0,1148.0,696.0,0.0,1040.0,4.0,158.0,268.0,13.0,0.0,6.0,6.0,7.0,28.0,449.0,415.0,0.0,52.0,468.0,127.0,0.0,30.0,270.0,23.0,3.0,1635.0,89.0,4.0,31.0,0.0,0.0,0.0,0.0,0.0,0.0,0.0,0.0,0.0,0.0,0.0,0.0,0.0,0.0,0.0,0.0,0.0,2.0,0.0,0.0,4.0,2.0,0.0,0.0,0.0,0.0,0.0,0.0,1.0,0.0,0.0,0.0,9.0,9.0,0.0,7390.0
-14704_6865,17.0,618.0,1700.0,571.0,0.0,1230.0,6.0,265.0,490.0,5.0,0.0,13.0,2.0,6.0,35.0,588.0,323.0,1.0,32.0,355.0,42.0,1.0,61.0,522.0,41.0,1.0,3797.0,70.0,1.0,31.0,1.0,0.0,1.0,7.0,0.0,0.0,0.0,0.0,0.0,0.0,0.0,0.0,1.0,0.0,0.0,0.0,0.0,0.0,0.0,1.0,0.0,0.0,0.0,0.0,0.0,0.0,0.0,0.0,0.0,0.0,1.0,0.0,12.0,0.0,8.0,10824.0
-14704_6866,4.0,277.0,653.0,567.0,0.0,714.0,8.0,89.0,316.0,2.0,0.0,9.0,4.0,1.0,18.0,412.0,115.0,1.0,16.0,290.0,3.0,0.0,20.0,215.0,24.0,6.0,1781.0,30.0,3.0,11.0,1.0,0.0,0.0,2.0,0.0,1.0,0.0,0.0,0.0,0.0,2.0,0.0,0.0,0.0,0.0,0.0,0.0,2.0,0.0,0.0,1.0,1.0,0.0,0.0,1.0,0.0,0.0,1.0,0.0,0.0,0.0,0.0,12.0,6.0,6.0,5589.0
-14704_6867,3.0,256.0,493.0,96.0,0.0,372.0,2.0,503.0,568.0,4.0,0.0,2.0,1.0,1.0,7.0,126.0,152.0,0.0,17.0,158.0,2.0,0.0,32.0,82.0,15.0,0.0,4167.0,21.0,4.0,6.0,0.0,0.0,0.0,0.0,0.0,1.0,0.0,0.0,0.0,0.0,0.0,0.0,0.0,0.0,0.0,0.0,0.0,4.0,0.0,0.0,0.0,1.0,0.0,0.0,0.0,0.0,0.0,0.0,1.0,0.0,1.0,0.0,8.0,7.0,0.0,7090.0
-14704_6868,8.0,318.0,773.0,327.0,0.0,603.0,0.0,1037.0,389.0,5.0,0.0,8.0,3.0,7.0,22.0,184.0,473.0,1.0,21.0,269.0,188.0,0.0,27.0,137.0,16.0,2.0,1684.0,43.0,7.0,14.0,0.0,0.0,0.0,0.0,0.0,0.0,0.0,0.0,0.0,0.0,2.0,0.0,0.0,0.0,0.0,0.0,0.0,1.0,0.0,0.0,2.0,1.0,0.0,0.0,0.0,0.0,0.0,0.0,0.0,0.0,0.0,0.0,6.0,4.0,2.0,6566.0
-14704_6869,1.0,150.0,368.0,418.0,0.0,519.0,1.0,91.0,298.0,1.0,0.0,1.0,3.0,1.0,10.0,188.0,48.0,0.0,13.0,168.0,3.0,0.0,13.0,97.0,22.0,0.0,1370.0,9.0,1.0,6.0,2.0,0.0,0.0,2.0,0.0,0.0,0.0,0.0,0.0,0.0,0.0,0.0,0.0,1.0,0.0,0.0,0.0,1.0,0.0,1.0,0.0,4.0,0.0,0.0,0.0,0.0,0.0,2.0,0.0,0.0,0.0,0.0,13.0,8.0,4.0,3800.0
-14704_6870,6.0,170.0,384.0,559.0,0.0,663.0,4.0,126.0,478.0,3.0,0.0,4.0,6.0,0.0,11.0,282.0,51.0,1.0,11.0,207.0,2.0,0.0,23.0,190.0,25.0,4.0,2815.0,6.0,0.0,10.0,1.0,0.0,0.0,4.0,0.0,0.0,0.0,0.0,0.0,0.0,0.0,0.0,0.0,0.0,0.0,0.0,0.0,0.0,0.0,0.0,3.0,2.0,0.0,0.0,0.0,0.0,0.0,2.0,1.0,0.0,0.0,1.0,14.0,8.0,6.0,6041.0
-14704_6871,0.0,128.0,313.0,570.0,0.0,516.0,5.0,102.0,421.0,0.0,0.0,3.0,2.0,0.0,7.0,201.0,35.0,0.0,9.0,239.0,1.0,0.0,17.0,168.0,17.0,5.0,1855.0,14.0,2.0,12.0,0.0,0.0,0.0,2.0,0.0,0.0,0.0,0.0,0.0,0.0,0.0,0.0,0.0,0.0,0.0,0.0,0.0,2.0,0.0,1.0,0.0,3.0,0.0,0.0,0.0,0.0,0.0,1.0,0.0,0.0,1.0,0.0,10.0,6.0,2.0,4642.0
-14704_6872,4.0,140.0,310.0,237.0,0.0,410.0,3.0,72.0,186.0,0.0,0.0,0.0,1.0,1.0,8.0,183.0,54.0,0.0,6.0,132.0,3.0,0.0,12.0,88.0,12.0,1.0,881.0,7.0,0.0,8.0,0.0,0.0,0.0,1.0,0.0,0.0,1.0,0.0,0.0,0.0,1.0,0.0,0.0,0.0,0.0,0.0,0.0,0.0,0.0,0.0,0.0,0.0,0.0,0.0,0.0,0.0,0.0,1.0,0.0,0.0,1.0,0.0,5.0,2.0,2.0,2759.0
-14704_6873,6.0,256.0,748.0,325.0,0.0,513.0,14.0,146.0,277.0,1.0,0.0,0.0,2.0,4.0,3.0,169.0,130.0,1.0,19.0,307.0,43.0,0.0,18.0,127.0,35.0,4.0,1376.0,9.0,0.0,21.0,0.0,0.0,0.0,1.0,0.0,1.0,1.0,0.0,0.0,0.0,0.0,0.0,0.0,1.0,0.0,0.0,0.0,2.0,0.0,0.0,1.0,2.0,0.0,0.0,0.0,0.0,0.0,1.0,1.0,0.0,0.0,0.0,11.0,10.0,1.0,4554.0
-14704_6874,22.0,1757.0,4683.0,490.0,1.0,1634.0,47.0,1101.0,1323.0,32.0,1.0,37.0,14.0,16.0,41.0,567.0,2583.0,1.0,122.0,1283.0,219.0,0.0,184.0,720.0,127.0,15.0,7075.0,182.0,28.0,96.0,1.0,0.0,2.0,3.0,0.0,1.0,2.0,0.0,0.0,0.0,0.0,0.0,0.0,0.0,0.0,0.0,0.0,0.0,0.0,1.0,1.0,1.0,0.0,0.0,0.0,0.0,0.0,1.0,1.0,0.0,2.0,0.0,16.0,7.0,4.0,24401.0
-14704_6875,7.0,361.0,1175.0,121.0,0.0,630.0,37.0,170.0,241.0,5.0,0.0,11.0,1.0,1.0,5.0,292.0,415.0,1.0,48.0,296.0,9.0,0.0,26.0,131.0,44.0,3.0,1582.0,34.0,2.0,52.0,0.0,0.0,0.0,0.0,0.0,0.0,0.0,0.0,0.0,0.0,1.0,2.0,0.0,0.0,0.0,0.0,0.0,3.0,0.0,1.0,0.0,2.0,0.0,0.0,0.0,0.0,0.0,0.0,2.0,0.0,0.0,0.0,11.0,9.0,1.0,5700.0
-14704_6876,0.0,7.0,15.0,7.0,0.0,14.0,0.0,1.0,4.0,1.0,0.0,0.0,0.0,0.0,6.0,3.0,24.0,0.0,0.0,6.0,0.0,0.0,3.0,9.0,4.0,0.0,63.0,1.0,0.0,0.0,0.0,0.0,0.0,0.0,0.0,0.0,0.0,0.0,0.0,0.0,0.0,0.0,0.0,0.0,0.0,0.0,0.0,0.0,0.0,0.0,0.0,0.0,0.0,0.0,0.0,0.0,0.0,0.0,0.0,0.0,0.0,0.0,0.0,0.0,0.0,168.0
-14705_6838,1.0,18.0,41.0,80.0,0.0,58.0,0.0,2.0,18.0,0.0,0.0,0.0,0.0,0.0,0.0,19.0,12.0,0.0,0.0,28.0,0.0,0.0,2.0,4.0,2.0,1.0,113.0,2.0,0.0,0.0,0.0,0.0,0.0,0.0,0.0,0.0,0.0,0.0,0.0,0.0,0.0,0.0,0.0,0.0,0.0,0.0,0.0,1.0,0.0,0.0,0.0,0.0,0.0,0.0,0.0,0.0,0.0,0.0,1.0,0.0,0.0,0.0,2.0,2.0,0.0,401.0
-14705_6839,0.0,64.0,153.0,90.0,0.0,220.0,1.0,21.0,98.0,0.0,0.0,0.0,0.0,3.0,1.0,46.0,15.0,1.0,13.0,131.0,0.0,0.0,2.0,3.0,5.0,2.0,276.0,2.0,0.0,2.0,0.0,0.0,0.0,0.0,0.0,0.0,0.0,0.0,0.0,0.0,0.0,0.0,0.0,0.0,0.0,0.0,0.0,0.0,0.0,0.0,0.0,0.0,0.0,0.0,0.0,0.0,0.0,0.0,0.0,0.0,0.0,0.0,0.0,0.0,0.0,1149.0
-14705_6840,4.0,130.0,277.0,143.0,0.0,402.0,1.0,41.0,141.0,0.0,0.0,5.0,0.0,2.0,7.0,93.0,80.0,0.0,11.0,140.0,1.0,0.0,14.0,38.0,8.0,2.0,368.0,8.0,0.0,5.0,0.0,0.0,0.0,2.0,0.0,0.0,0.0,0.0,0.0,0.0,1.0,0.0,0.0,0.0,0.0,0.0,0.0,0.0,0.0,0.0,0.0,1.0,0.0,0.0,1.0,0.0,0.0,1.0,0.0,0.0,0.0,0.0,6.0,2.0,4.0,1921.0
-14705_6841,3.0,71.0,137.0,83.0,0.0,211.0,1.0,23.0,108.0,1.0,0.0,2.0,4.0,3.0,1.0,45.0,23.0,0.0,22.0,106.0,0.0,0.0,5.0,5.0,3.0,6.0,209.0,6.0,0.0,2.0,0.0,0.0,0.0,0.0,0.0,0.0,0.0,0.0,0.0,0.0,0.0,0.0,0.0,0.0,0.0,0.0,0.0,1.0,0.0,0.0,0.0,2.0,0.0,0.0,0.0,0.0,0.0,0.0,0.0,0.0,0.0,0.0,3.0,3.0,0.0,1080.0
-14705_6853,0.0,0.0,1.0,0.0,0.0,0.0,0.0,1.0,0.0,0.0,0.0,0.0,0.0,0.0,0.0,0.0,0.0,0.0,0.0,0.0,9.0,0.0,0.0,2.0,0.0,0.0,3.0,0.0,0.0,0.0,0.0,0.0,0.0,0.0,0.0,0.0,0.0,0.0,0.0,0.0,0.0,0.0,0.0,0.0,0.0,0.0,0.0,0.0,0.0,0.0,0.0,0.0,0.0,0.0,0.0,0.0,0.0,0.0,0.0,0.0,0.0,0.0,0.0,0.0,0.0,16.0
-14705_6854,8.0,83.0,281.0,55.0,2.0,139.0,5.0,20.0,21.0,8.0,0.0,1.0,1.0,0.0,1.0,62.0,114.0,0.0,7.0,68.0,55.0,0.0,0.0,46.0,2.0,1.0,172.0,15.0,1.0,3.0,0.0,0.0,0.0,0.0,0.0,0.0,0.0,0.0,0.0,0.0,0.0,0.0,0.0,0.0,0.0,0.0,0.0,0.0,0.0,0.0,1.0,0.0,0.0,0.0,0.0,0.0,0.0,0.0,0.0,0.0,0.0,0.0,1.0,1.0,0.0,1171.0
-14705_6855,12.0,315.0,842.0,178.0,3.0,389.0,11.0,42.0,100.0,13.0,0.0,13.0,1.0,4.0,1.0,269.0,305.0,0.0,28.0,210.0,540.0,0.0,13.0,222.0,9.0,2.0,566.0,122.0,5.0,22.0,0.0,0.0,0.0,0.0,0.0,0.0,0.0,0.0,0.0,0.0,1.0,0.0,0.0,0.0,0.0,0.0,0.0,0.0,0.0,0.0,4.0,0.0,0.0,0.0,0.0,0.0,0.0,0.0,0.0,0.0,0.0,0.0,5.0,4.0,1.0,4237.0
-14705_6856,23.0,657.0,1997.0,374.0,0.0,1093.0,12.0,90.0,168.0,32.0,0.0,27.0,2.0,9.0,10.0,509.0,2174.0,0.0,65.0,469.0,11.0,0.0,41.0,374.0,31.0,4.0,1006.0,203.0,32.0,29.0,0.0,0.0,0.0,0.0,0.0,0.0,0.0,0.0,0.0,0.0,0.0,0.0,0.0,0.0,0.0,0.0,0.0,0.0,0.0,0.0,1.0,1.0,0.0,0.0,0.0,0.0,0.0,1.0,0.0,0.0,0.0,0.0,3.0,3.0,0.0,9442.0
-14705_6857,48.0,1512.0,5326.0,633.0,10.0,1914.0,15.0,315.0,443.0,94.0,0.0,166.0,5.0,15.0,18.0,792.0,8535.0,2.0,107.0,1045.0,156.0,1.0,173.0,1289.0,49.0,11.0,2627.0,633.0,75.0,67.0,0.0,0.0,0.0,0.0,0.0,0.0,0.0,0.0,0.0,0.0,0.0,0.0,0.0,1.0,0.0,0.0,0.0,0.0,0.0,0.0,5.0,0.0,0.0,0.0,0.0,0.0,0.0,2.0,0.0,0.0,0.0,0.0,8.0,8.0,0.0,26076.0
-14705_6858,16.0,924.0,2876.0,400.0,5.0,1164.0,17.0,386.0,482.0,50.0,0.0,91.0,6.0,6.0,31.0,702.0,4057.0,1.0,57.0,676.0,121.0,0.0,99.0,924.0,28.0,1.0,2674.0,267.0,32.0,42.0,0.0,0.0,0.0,0.0,0.0,0.0,0.0,0.0,0.0,1.0,1.0,0.0,0.0,0.0,0.0,0.0,0.0,0.0,0.0,0.0,0.0,0.0,0.0,0.0,0.0,0.0,0.0,0.0,0.0,0.0,0.0,0.0,2.0,1.0,1.0,16135.0
-14705_6859,25.0,495.0,1927.0,314.0,2.0,826.0,24.0,127.0,126.0,15.0,0.0,34.0,3.0,8.0,5.0,404.0,1754.0,0.0,75.0,487.0,2.0,0.0,74.0,291.0,32.0,5.0,910.0,179.0,53.0,28.0,0.0,0.0,0.0,0.0,0.0,0.0,1.0,0.0,0.0,0.0,0.0,1.0,0.0,0.0,0.0,0.0,0.0,1.0,0.0,0.0,1.0,1.0,0.0,0.0,0.0,0.0,0.0,0.0,0.0,0.0,0.0,0.0,5.0,5.0,0.0,8225.0
-14705_6860,33.0,1027.0,3624.0,468.0,1.0,1398.0,10.0,178.0,255.0,64.0,0.0,106.0,4.0,6.0,10.0,602.0,7341.0,1.0,79.0,817.0,3.0,0.0,139.0,606.0,48.0,4.0,1398.0,406.0,129.0,41.0,0.0,0.0,0.0,0.0,0.0,0.0,0.0,0.0,0.0,0.0,0.0,0.0,0.0,0.0,0.0,0.0,0.0,2.0,0.0,0.0,3.0,2.0,0.0,0.0,0.0,0.0,0.0,2.0,1.0,0.0,0.0,0.0,10.0,10.0,0.0,18798.0
-14705_6861,27.0,625.0,2087.0,407.0,1.0,976.0,18.0,142.0,201.0,28.0,0.0,55.0,2.0,7.0,3.0,547.0,4534.0,1.0,56.0,618.0,4.0,0.0,84.0,482.0,27.0,5.0,1231.0,214.0,85.0,31.0,0.0,0.0,0.0,0.0,0.0,0.0,0.0,0.0,0.0,0.0,0.0,0.0,1.0,0.0,0.0,0.0,0.0,2.0,0.0,0.0,1.0,0.0,0.0,0.0,0.0,0.0,0.0,0.0,3.0,0.0,1.0,0.0,8.0,6.0,0.0,12498.0
-14705_6862,22.0,610.0,1784.0,524.0,2.0,1094.0,9.0,196.0,222.0,15.0,0.0,20.0,2.0,3.0,17.0,435.0,1127.0,3.0,72.0,718.0,7.0,0.0,62.0,267.0,24.0,5.0,1194.0,120.0,2.0,26.0,0.0,0.0,0.0,0.0,0.0,1.0,0.0,0.0,0.0,0.0,0.0,0.0,0.0,0.0,0.0,0.0,0.0,0.0,0.0,0.0,1.0,1.0,0.0,0.0,0.0,0.0,0.0,0.0,1.0,0.0,0.0,0.0,4.0,4.0,0.0,8582.0
-14705_6863,4.0,301.0,709.0,138.0,2.0,364.0,12.0,158.0,84.0,4.0,0.0,16.0,3.0,5.0,14.0,207.0,468.0,1.0,14.0,254.0,72.0,0.0,48.0,187.0,27.0,3.0,707.0,71.0,29.0,9.0,0.0,0.0,0.0,1.0,0.0,0.0,0.0,0.0,0.0,0.0,1.0,0.0,1.0,1.0,0.0,0.0,0.0,0.0,0.0,0.0,0.0,1.0,0.0,0.0,0.0,0.0,0.0,0.0,0.0,0.0,0.0,0.0,5.0,2.0,2.0,3911.0
-14705_6864,27.0,654.0,1642.0,469.0,1.0,963.0,10.0,196.0,186.0,6.0,0.0,10.0,4.0,11.0,18.0,401.0,777.0,3.0,55.0,501.0,17.0,0.0,71.0,170.0,44.0,10.0,1367.0,110.0,1.0,12.0,0.0,0.0,0.0,0.0,0.0,0.0,0.0,0.0,0.0,0.0,0.0,0.0,0.0,0.0,0.0,0.0,0.0,1.0,0.0,0.0,2.0,2.0,0.0,0.0,0.0,0.0,0.0,2.0,0.0,0.0,0.0,0.0,7.0,7.0,0.0,7736.0
-14705_6865,20.0,560.0,1306.0,610.0,0.0,1070.0,5.0,195.0,389.0,6.0,0.0,36.0,13.0,18.0,46.0,483.0,560.0,1.0,103.0,599.0,131.0,0.0,74.0,313.0,40.0,13.0,2388.0,72.0,2.0,26.0,1.0,0.0,0.0,1.0,0.0,0.0,0.0,0.0,0.0,1.0,1.0,0.0,0.0,0.0,0.0,0.0,0.0,0.0,0.0,0.0,3.0,1.0,0.0,0.0,4.0,0.0,0.0,1.0,1.0,0.0,1.0,0.0,15.0,7.0,7.0,9079.0
-14705_6866,16.0,276.0,741.0,408.0,0.0,771.0,12.0,96.0,308.0,6.0,0.0,2.0,1.0,9.0,18.0,479.0,113.0,1.0,39.0,335.0,2.0,0.0,16.0,231.0,28.0,6.0,2020.0,43.0,3.0,16.0,1.0,0.0,0.0,2.0,0.0,0.0,0.0,0.0,0.0,0.0,0.0,0.0,1.0,0.0,0.0,0.0,0.0,0.0,0.0,0.0,3.0,1.0,0.0,0.0,0.0,0.0,0.0,1.0,0.0,0.0,0.0,0.0,9.0,5.0,3.0,5996.0
-14705_6867,8.0,190.0,518.0,238.0,0.0,600.0,4.0,73.0,240.0,5.0,0.0,3.0,1.0,5.0,6.0,329.0,88.0,1.0,10.0,196.0,5.0,0.0,18.0,107.0,14.0,4.0,2295.0,13.0,0.0,10.0,0.0,0.0,0.0,1.0,0.0,0.0,0.0,0.0,0.0,0.0,0.0,0.0,0.0,0.0,0.0,0.0,0.0,0.0,0.0,0.0,1.0,0.0,0.0,0.0,0.0,0.0,0.0,1.0,0.0,0.0,0.0,0.0,3.0,2.0,1.0,4981.0
-14705_6868,3.0,274.0,736.0,231.0,0.0,485.0,5.0,582.0,230.0,5.0,0.0,1.0,4.0,4.0,10.0,171.0,249.0,1.0,23.0,293.0,7.0,0.0,16.0,97.0,13.0,5.0,1224.0,21.0,4.0,8.0,0.0,0.0,0.0,0.0,0.0,0.0,0.0,0.0,0.0,0.0,0.0,0.0,0.0,0.0,0.0,0.0,0.0,5.0,0.0,0.0,0.0,2.0,0.0,0.0,0.0,0.0,0.0,0.0,1.0,0.0,0.0,0.0,8.0,8.0,0.0,4702.0
-14705_6869,5.0,166.0,421.0,406.0,0.0,683.0,3.0,90.0,286.0,3.0,0.0,3.0,1.0,7.0,23.0,195.0,115.0,5.0,20.0,204.0,35.0,0.0,43.0,89.0,14.0,5.0,1178.0,20.0,1.0,11.0,1.0,0.0,0.0,0.0,0.0,0.0,0.0,0.0,0.0,1.0,0.0,0.0,0.0,0.0,0.0,1.0,0.0,2.0,0.0,0.0,1.0,2.0,0.0,0.0,0.0,0.0,0.0,1.0,0.0,0.0,0.0,0.0,9.0,7.0,2.0,4032.0
-14705_6870,4.0,128.0,287.0,446.0,0.0,429.0,5.0,66.0,236.0,0.0,0.0,0.0,2.0,0.0,14.0,184.0,39.0,5.0,9.0,174.0,3.0,0.0,8.0,99.0,12.0,4.0,1214.0,4.0,0.0,10.0,0.0,1.0,0.0,3.0,0.0,0.0,0.0,0.0,0.0,0.0,1.0,0.0,0.0,0.0,0.0,0.0,0.0,1.0,0.0,0.0,3.0,1.0,0.0,0.0,0.0,0.0,0.0,0.0,0.0,0.0,0.0,0.0,10.0,6.0,4.0,3382.0
-14705_6871,4.0,115.0,307.0,504.0,1.0,583.0,6.0,73.0,305.0,3.0,0.0,3.0,1.0,4.0,5.0,212.0,46.0,1.0,7.0,153.0,4.0,1.0,15.0,113.0,16.0,4.0,1279.0,9.0,0.0,8.0,0.0,0.0,0.0,2.0,0.0,0.0,0.0,0.0,0.0,0.0,1.0,0.0,0.0,0.0,0.0,0.0,0.0,2.0,0.0,0.0,3.0,3.0,0.0,0.0,0.0,0.0,0.0,3.0,0.0,0.0,1.0,0.0,15.0,11.0,3.0,3782.0
-14705_6872,7.0,288.0,730.0,583.0,0.0,718.0,9.0,125.0,318.0,5.0,0.0,3.0,8.0,2.0,11.0,250.0,177.0,0.0,22.0,260.0,31.0,0.0,64.0,136.0,28.0,8.0,1577.0,29.0,1.0,14.0,0.0,0.0,0.0,4.0,0.0,0.0,0.0,0.0,0.0,0.0,0.0,0.0,0.0,0.0,0.0,0.0,0.0,0.0,0.0,0.0,2.0,1.0,0.0,0.0,0.0,0.0,0.0,1.0,0.0,0.0,0.0,0.0,8.0,4.0,4.0,5404.0
-14705_6873,3.0,38.0,87.0,209.0,0.0,242.0,2.0,29.0,101.0,2.0,0.0,3.0,0.0,1.0,4.0,103.0,24.0,1.0,3.0,66.0,1.0,0.0,8.0,51.0,3.0,0.0,596.0,5.0,0.0,2.0,0.0,0.0,0.0,0.0,0.0,0.0,0.0,0.0,0.0,0.0,1.0,0.0,0.0,0.0,0.0,0.0,0.0,1.0,0.0,0.0,1.0,0.0,0.0,0.0,0.0,0.0,0.0,0.0,0.0,0.0,0.0,0.0,3.0,2.0,1.0,1584.0
-14705_6874,6.0,917.0,2271.0,360.0,0.0,1015.0,14.0,600.0,1587.0,15.0,0.0,28.0,9.0,3.0,23.0,278.0,1706.0,5.0,39.0,670.0,67.0,1.0,119.0,321.0,62.0,10.0,2135.0,104.0,3.0,34.0,0.0,0.0,0.0,1.0,0.0,0.0,0.0,0.0,0.0,1.0,0.0,0.0,0.0,0.0,0.0,0.0,0.0,1.0,0.0,0.0,0.0,4.0,0.0,0.0,0.0,0.0,0.0,2.0,0.0,0.0,0.0,0.0,9.0,8.0,1.0,12402.0
-14705_6875,22.0,1721.0,4284.0,540.0,1.0,1494.0,30.0,990.0,1300.0,19.0,1.0,57.0,9.0,20.0,54.0,533.0,3309.0,1.0,152.0,1293.0,312.0,0.0,199.0,852.0,129.0,13.0,3905.0,129.0,20.0,65.0,2.0,0.0,0.0,5.0,0.0,1.0,1.0,0.0,0.0,0.0,0.0,0.0,0.0,0.0,0.0,0.0,0.0,4.0,0.0,0.0,4.0,2.0,0.0,0.0,0.0,0.0,0.0,2.0,1.0,0.0,0.0,0.0,22.0,15.0,7.0,21454.0
-14705_6876,13.0,796.0,2236.0,391.0,0.0,1001.0,28.0,427.0,663.0,6.0,0.0,22.0,3.0,6.0,23.0,448.0,1108.0,0.0,40.0,787.0,99.0,0.0,96.0,370.0,62.0,10.0,2277.0,47.0,21.0,40.0,1.0,0.0,0.0,1.0,0.0,0.0,1.0,0.0,0.0,0.0,0.0,0.0,0.0,0.0,0.0,0.0,0.0,3.0,0.0,0.0,0.0,2.0,0.0,0.0,0.0,0.0,0.0,1.0,2.0,0.0,1.0,0.0,12.0,9.0,2.0,11020.0
-14705_6877,0.0,31.0,81.0,9.0,2.0,30.0,0.0,3.0,11.0,1.0,0.0,1.0,0.0,0.0,3.0,11.0,31.0,0.0,3.0,6.0,1.0,0.0,11.0,12.0,11.0,0.0,214.0,3.0,0.0,6.0,0.0,0.0,0.0,0.0,0.0,0.0,0.0,0.0,0.0,0.0,0.0,0.0,0.0,0.0,0.0,0.0,0.0,0.0,0.0,0.0,0.0,0.0,0.0,0.0,0.0,0.0,0.0,0.0,0.0,0.0,0.0,0.0,0.0,0.0,0.0,481.0
-14706_6839,0.0,12.0,28.0,15.0,0.0,31.0,0.0,2.0,24.0,0.0,0.0,0.0,0.0,1.0,0.0,14.0,5.0,0.0,0.0,10.0,0.0,0.0,1.0,12.0,2.0,0.0,87.0,0.0,0.0,0.0,0.0,0.0,0.0,0.0,0.0,0.0,0.0,0.0,0.0,0.0,0.0,0.0,0.0,0.0,0.0,0.0,0.0,0.0,0.0,0.0,0.0,0.0,0.0,0.0,0.0,0.0,0.0,0.0,0.0,0.0,0.0,0.0,0.0,0.0,0.0,244.0
-14706_6840,4.0,91.0,221.0,93.0,0.0,196.0,5.0,30.0,93.0,1.0,0.0,4.0,1.0,2.0,6.0,67.0,84.0,0.0,11.0,85.0,1.0,0.0,16.0,44.0,10.0,1.0,340.0,9.0,4.0,7.0,0.0,0.0,0.0,0.0,0.0,1.0,0.0,0.0,0.0,0.0,0.0,0.0,0.0,0.0,0.0,0.0,0.0,0.0,0.0,1.0,0.0,0.0,0.0,0.0,0.0,0.0,0.0,0.0,0.0,0.0,1.0,0.0,3.0,1.0,0.0,1426.0
-14706_6841,0.0,56.0,80.0,61.0,0.0,120.0,0.0,15.0,86.0,0.0,0.0,0.0,1.0,0.0,1.0,27.0,17.0,0.0,5.0,87.0,0.0,0.0,4.0,5.0,2.0,3.0,159.0,3.0,0.0,1.0,0.0,0.0,0.0,0.0,0.0,0.0,0.0,0.0,0.0,0.0,0.0,0.0,0.0,0.0,0.0,0.0,0.0,1.0,0.0,0.0,0.0,0.0,0.0,0.0,0.0,0.0,0.0,0.0,0.0,0.0,0.0,0.0,1.0,1.0,0.0,733.0
-14706_6854,0.0,1.0,1.0,0.0,0.0,3.0,0.0,0.0,0.0,0.0,0.0,2.0,0.0,0.0,0.0,3.0,5.0,0.0,0.0,1.0,6.0,0.0,1.0,1.0,0.0,0.0,5.0,1.0,0.0,0.0,0.0,0.0,0.0,0.0,0.0,0.0,0.0,0.0,0.0,0.0,0.0,0.0,0.0,0.0,0.0,0.0,0.0,0.0,0.0,0.0,0.0,0.0,0.0,0.0,0.0,0.0,0.0,0.0,0.0,0.0,0.0,0.0,0.0,0.0,0.0,30.0
-14706_6855,6.0,184.0,438.0,85.0,0.0,219.0,19.0,46.0,42.0,12.0,4.0,27.0,0.0,2.0,0.0,174.0,907.0,0.0,8.0,103.0,2636.0,0.0,7.0,251.0,8.0,1.0,266.0,89.0,8.0,20.0,0.0,0.0,0.0,0.0,0.0,0.0,0.0,0.0,0.0,0.0,0.0,0.0,0.0,0.0,0.0,0.0,0.0,0.0,0.0,0.0,1.0,0.0,0.0,0.0,0.0,0.0,0.0,0.0,0.0,0.0,0.0,0.0,1.0,1.0,0.0,5562.0
-14706_6856,24.0,546.0,1625.0,235.0,3.0,716.0,16.0,208.0,140.0,38.0,0.0,50.0,3.0,8.0,13.0,436.0,2568.0,0.0,42.0,384.0,137.0,0.0,48.0,418.0,15.0,1.0,759.0,253.0,29.0,29.0,0.0,0.0,0.0,0.0,0.0,0.0,0.0,0.0,0.0,0.0,1.0,0.0,0.0,0.0,0.0,0.0,0.0,0.0,0.0,0.0,1.0,0.0,0.0,0.0,0.0,0.0,0.0,0.0,0.0,0.0,0.0,0.0,2.0,1.0,1.0,8744.0
-14706_6857,44.0,1418.0,4981.0,626.0,3.0,2021.0,23.0,228.0,340.0,75.0,0.0,97.0,6.0,16.0,22.0,878.0,6195.0,1.0,126.0,1016.0,826.0,0.0,92.0,771.0,48.0,5.0,1784.0,642.0,92.0,65.0,0.0,0.0,0.0,0.0,0.0,0.0,1.0,0.0,0.0,0.0,0.0,0.0,0.0,0.0,0.0,0.0,0.0,0.0,0.0,0.0,3.0,0.0,0.0,0.0,0.0,0.0,0.0,1.0,0.0,0.0,0.0,0.0,5.0,5.0,0.0,22441.0
-14706_6858,29.0,1216.0,3606.0,551.0,0.0,1487.0,19.0,254.0,252.0,37.0,1.0,80.0,9.0,10.0,25.0,700.0,5206.0,1.0,95.0,813.0,151.0,0.0,102.0,701.0,39.0,7.0,1997.0,341.0,50.0,51.0,0.0,0.0,0.0,0.0,0.0,1.0,1.0,0.0,0.0,0.0,0.0,0.0,0.0,0.0,0.0,0.0,0.0,1.0,0.0,0.0,6.0,0.0,0.0,0.0,0.0,0.0,0.0,2.0,0.0,0.0,0.0,0.0,11.0,11.0,0.0,17830.0
-14706_6859,8.0,264.0,849.0,122.0,0.0,410.0,7.0,119.0,2050.0,16.0,1.0,29.0,1.0,4.0,6.0,188.0,1859.0,0.0,21.0,210.0,4.0,0.0,31.0,349.0,12.0,1.0,771.0,124.0,38.0,9.0,0.0,0.0,0.0,0.0,0.0,0.0,0.0,0.0,0.0,0.0,0.0,0.0,0.0,0.0,0.0,0.0,0.0,0.0,0.0,0.0,1.0,1.0,0.0,0.0,0.0,0.0,0.0,0.0,0.0,0.0,0.0,0.0,2.0,2.0,0.0,7503.0
-14706_6860,39.0,1268.0,4117.0,401.0,3.0,1502.0,19.0,273.0,301.0,66.0,0.0,100.0,5.0,9.0,22.0,605.0,6120.0,2.0,126.0,709.0,11.0,0.0,123.0,716.0,51.0,11.0,1727.0,433.0,179.0,55.0,1.0,0.0,0.0,0.0,0.0,0.0,0.0,0.0,0.0,0.0,1.0,0.0,0.0,0.0,0.0,0.0,0.0,1.0,0.0,0.0,4.0,1.0,0.0,0.0,0.0,0.0,0.0,2.0,0.0,0.0,0.0,0.0,10.0,8.0,2.0,18993.0
-14706_6861,43.0,1292.0,4466.0,630.0,1.0,1865.0,12.0,210.0,361.0,58.0,1.0,75.0,8.0,15.0,13.0,779.0,7842.0,4.0,147.0,1149.0,5.0,0.0,119.0,705.0,38.0,7.0,1724.0,449.0,148.0,70.0,0.0,0.0,0.0,0.0,0.0,0.0,0.0,0.0,0.0,0.0,0.0,0.0,0.0,0.0,0.0,0.0,0.0,0.0,0.0,0.0,5.0,0.0,0.0,0.0,0.0,0.0,0.0,0.0,0.0,0.0,0.0,0.0,5.0,5.0,0.0,22236.0
-14706_6862,29.0,734.0,1853.0,368.0,0.0,864.0,8.0,213.0,192.0,23.0,0.0,36.0,0.0,12.0,15.0,434.0,3275.0,0.0,45.0,475.0,9.0,0.0,75.0,483.0,33.0,9.0,1310.0,177.0,39.0,20.0,0.0,0.0,0.0,0.0,0.0,1.0,0.0,0.0,0.0,0.0,1.0,0.0,0.0,0.0,0.0,0.0,0.0,1.0,0.0,0.0,4.0,2.0,0.0,0.0,0.0,0.0,0.0,2.0,0.0,0.0,1.0,0.0,12.0,10.0,1.0,10731.0
-14706_6863,37.0,897.0,2495.0,599.0,0.0,1179.0,9.0,209.0,402.0,23.0,0.0,30.0,7.0,9.0,39.0,623.0,1399.0,2.0,109.0,813.0,144.0,1.0,111.0,429.0,55.0,3.0,1597.0,217.0,9.0,33.0,1.0,0.0,0.0,0.0,0.0,0.0,0.0,0.0,0.0,0.0,0.0,0.0,0.0,0.0,0.0,0.0,0.0,0.0,0.0,0.0,4.0,0.0,0.0,0.0,0.0,0.0,0.0,1.0,0.0,0.0,0.0,1.0,7.0,5.0,2.0,11480.0
-14706_6864,37.0,564.0,1509.0,519.0,0.0,978.0,5.0,158.0,242.0,8.0,0.0,14.0,6.0,3.0,19.0,475.0,649.0,0.0,82.0,557.0,46.0,0.0,58.0,300.0,38.0,2.0,1399.0,83.0,3.0,30.0,0.0,1.0,0.0,0.0,0.0,0.0,0.0,0.0,0.0,0.0,0.0,0.0,0.0,0.0,0.0,0.0,0.0,1.0,0.0,0.0,2.0,1.0,0.0,0.0,0.0,0.0,0.0,0.0,1.0,0.0,0.0,0.0,6.0,6.0,0.0,7784.0
-14706_6865,6.0,400.0,974.0,545.0,1.0,846.0,5.0,95.0,253.0,11.0,0.0,4.0,5.0,1.0,15.0,466.0,247.0,1.0,56.0,414.0,162.0,1.0,32.0,261.0,18.0,6.0,1641.0,33.0,3.0,20.0,0.0,0.0,0.0,3.0,0.0,0.0,0.0,0.0,0.0,0.0,0.0,0.0,0.0,0.0,0.0,0.0,0.0,1.0,0.0,1.0,1.0,1.0,0.0,0.0,0.0,0.0,0.0,1.0,1.0,0.0,0.0,0.0,9.0,5.0,3.0,6522.0
-14706_6866,12.0,604.0,1705.0,589.0,3.0,1291.0,10.0,196.0,495.0,6.0,0.0,12.0,10.0,9.0,46.0,610.0,320.0,0.0,45.0,539.0,10.0,0.0,57.0,418.0,47.0,14.0,3189.0,56.0,1.0,31.0,1.0,0.0,0.0,15.0,0.0,1.0,0.0,0.0,0.0,0.0,3.0,0.0,0.0,0.0,0.0,0.0,0.0,0.0,0.0,0.0,3.0,0.0,1.0,0.0,1.0,0.0,0.0,1.0,0.0,0.0,0.0,1.0,27.0,6.0,21.0,10325.0
-14706_6867,8.0,188.0,464.0,407.0,0.0,668.0,3.0,88.0,182.0,2.0,0.0,1.0,0.0,3.0,9.0,380.0,88.0,1.0,31.0,216.0,2.0,0.0,27.0,113.0,14.0,3.0,1513.0,21.0,0.0,13.0,0.0,0.0,0.0,1.0,0.0,0.0,0.0,0.0,0.0,0.0,0.0,0.0,0.0,0.0,0.0,0.0,0.0,1.0,0.0,0.0,3.0,2.0,0.0,0.0,0.0,0.0,0.0,1.0,0.0,0.0,0.0,0.0,8.0,7.0,1.0,4445.0
-14706_6868,14.0,215.0,557.0,289.0,1.0,478.0,1.0,68.0,150.0,5.0,0.0,0.0,3.0,2.0,20.0,303.0,98.0,0.0,29.0,234.0,3.0,0.0,12.0,85.0,13.0,4.0,747.0,18.0,2.0,11.0,1.0,0.0,0.0,2.0,0.0,0.0,0.0,0.0,0.0,0.0,1.0,0.0,0.0,0.0,0.0,0.0,0.0,1.0,0.0,0.0,0.0,1.0,0.0,0.0,0.0,0.0,0.0,0.0,0.0,0.0,0.0,0.0,6.0,2.0,4.0,3362.0
-14706_6869,5.0,221.0,496.0,152.0,0.0,444.0,5.0,84.0,249.0,2.0,0.0,30.0,25.0,6.0,17.0,139.0,224.0,0.0,38.0,329.0,1.0,0.0,38.0,56.0,17.0,3.0,643.0,16.0,3.0,12.0,0.0,0.0,0.0,3.0,0.0,0.0,0.0,0.0,0.0,0.0,1.0,0.0,1.0,0.0,0.0,0.0,0.0,0.0,0.0,0.0,0.0,0.0,1.0,0.0,0.0,0.0,0.0,0.0,0.0,0.0,0.0,0.0,6.0,1.0,4.0,3255.0
-14706_6870,6.0,132.0,309.0,395.0,2.0,530.0,3.0,80.0,321.0,2.0,0.0,0.0,2.0,4.0,3.0,270.0,79.0,0.0,20.0,245.0,2.0,0.0,10.0,79.0,13.0,4.0,1880.0,4.0,1.0,7.0,0.0,0.0,0.0,2.0,0.0,0.0,0.0,0.0,0.0,0.0,0.0,0.0,0.0,0.0,0.0,0.0,0.0,0.0,0.0,0.0,1.0,0.0,0.0,0.0,0.0,0.0,0.0,1.0,0.0,0.0,0.0,0.0,4.0,2.0,2.0,4403.0
-14706_6871,4.0,66.0,185.0,390.0,0.0,416.0,3.0,57.0,207.0,1.0,0.0,1.0,2.0,2.0,5.0,157.0,32.0,0.0,9.0,140.0,1.0,0.0,5.0,59.0,12.0,2.0,851.0,7.0,1.0,4.0,0.0,0.0,0.0,1.0,0.0,0.0,0.0,0.0,0.0,1.0,0.0,0.0,0.0,0.0,0.0,0.0,0.0,0.0,0.0,0.0,2.0,1.0,0.0,0.0,0.0,0.0,0.0,1.0,0.0,0.0,0.0,0.0,6.0,5.0,1.0,2619.0
-14706_6872,10.0,141.0,341.0,486.0,0.0,582.0,4.0,77.0,413.0,0.0,0.0,4.0,3.0,2.0,11.0,201.0,68.0,0.0,12.0,206.0,1.0,0.0,20.0,122.0,20.0,5.0,1361.0,10.0,8.0,14.0,0.0,0.0,3.0,11.0,0.0,3.0,0.0,0.0,0.0,0.0,0.0,0.0,0.0,0.0,0.0,0.0,0.0,1.0,0.0,0.0,1.0,1.0,0.0,0.0,1.0,0.0,0.0,0.0,0.0,0.0,0.0,0.0,21.0,6.0,12.0,4122.0
-14706_6873,3.0,98.0,212.0,276.0,0.0,547.0,1.0,74.0,159.0,0.0,0.0,2.0,3.0,4.0,7.0,224.0,58.0,0.0,13.0,165.0,0.0,0.0,6.0,61.0,9.0,4.0,964.0,17.0,0.0,6.0,0.0,0.0,0.0,0.0,0.0,0.0,0.0,0.0,0.0,0.0,0.0,0.0,0.0,0.0,0.0,0.0,0.0,1.0,0.0,0.0,3.0,3.0,0.0,0.0,0.0,0.0,0.0,1.0,0.0,0.0,0.0,0.0,8.0,8.0,0.0,2913.0
-14706_6874,8.0,284.0,743.0,435.0,0.0,854.0,4.0,169.0,484.0,3.0,0.0,7.0,7.0,4.0,23.0,289.0,194.0,1.0,27.0,434.0,10.0,0.0,29.0,158.0,26.0,1.0,2047.0,20.0,1.0,22.0,2.0,0.0,0.0,1.0,0.0,0.0,0.0,0.0,0.0,0.0,0.0,0.0,0.0,0.0,0.0,0.0,0.0,0.0,0.0,1.0,2.0,0.0,0.0,0.0,0.0,0.0,0.0,0.0,0.0,0.0,0.0,0.0,6.0,2.0,3.0,6284.0
-14706_6875,8.0,443.0,1129.0,363.0,0.0,767.0,7.0,231.0,353.0,10.0,0.0,8.0,6.0,2.0,13.0,289.0,420.0,2.0,33.0,468.0,72.0,0.0,33.0,192.0,35.0,8.0,1345.0,29.0,0.0,20.0,0.0,0.0,0.0,2.0,0.0,0.0,0.0,0.0,0.0,0.0,0.0,0.0,0.0,0.0,0.0,0.0,0.0,2.0,0.0,0.0,2.0,1.0,0.0,0.0,0.0,0.0,0.0,0.0,0.0,0.0,0.0,0.0,7.0,5.0,2.0,6286.0
-14706_6876,9.0,766.0,1530.0,541.0,0.0,990.0,14.0,432.0,624.0,10.0,0.0,14.0,4.0,0.0,29.0,343.0,1097.0,0.0,31.0,540.0,44.0,0.0,78.0,379.0,46.0,3.0,2144.0,54.0,30.0,20.0,0.0,0.0,0.0,0.0,0.0,1.0,0.0,0.0,0.0,0.0,2.0,0.0,0.0,1.0,0.0,0.0,0.0,1.0,0.0,1.0,0.0,1.0,0.0,0.0,0.0,0.0,0.0,0.0,0.0,0.0,3.0,0.0,10.0,4.0,2.0,9772.0
-14706_6877,11.0,808.0,1911.0,451.0,0.0,1082.0,22.0,444.0,971.0,11.0,0.0,14.0,7.0,4.0,22.0,392.0,481.0,0.0,41.0,820.0,16.0,0.0,87.0,423.0,63.0,8.0,5345.0,61.0,4.0,25.0,0.0,0.0,1.0,1.0,0.0,2.0,0.0,0.0,0.0,0.0,0.0,0.0,0.0,0.0,0.0,0.0,0.0,2.0,0.0,1.0,1.0,4.0,0.0,0.0,0.0,0.0,0.0,1.0,1.0,0.0,2.0,0.0,16.0,11.0,1.0,13524.0
-14706_6878,2.0,333.0,960.0,167.0,0.0,374.0,23.0,118.0,371.0,1.0,0.0,7.0,4.0,1.0,2.0,134.0,174.0,1.0,17.0,492.0,5.0,0.0,31.0,130.0,37.0,4.0,950.0,14.0,0.0,22.0,0.0,0.0,0.0,2.0,0.0,0.0,0.0,0.0,0.0,0.0,0.0,0.0,0.0,0.0,0.0,0.0,0.0,3.0,0.0,0.0,2.0,1.0,0.0,0.0,0.0,0.0,0.0,0.0,0.0,0.0,0.0,0.0,8.0,6.0,2.0,4374.0
-14707_6854,0.0,4.0,20.0,0.0,0.0,9.0,0.0,0.0,1.0,3.0,0.0,1.0,0.0,0.0,0.0,12.0,3.0,0.0,0.0,3.0,1.0,0.0,2.0,0.0,0.0,0.0,19.0,1.0,0.0,0.0,0.0,0.0,0.0,0.0,0.0,0.0,0.0,0.0,0.0,0.0,0.0,0.0,0.0,0.0,0.0,0.0,0.0,0.0,0.0,0.0,0.0,0.0,0.0,0.0,0.0,0.0,0.0,0.0,0.0,0.0,0.0,0.0,0.0,0.0,0.0,79.0
-14707_6855,2.0,61.0,168.0,41.0,0.0,91.0,4.0,6.0,25.0,4.0,0.0,3.0,1.0,0.0,0.0,96.0,149.0,0.0,2.0,65.0,6.0,0.0,1.0,37.0,2.0,0.0,172.0,24.0,2.0,5.0,0.0,0.0,0.0,0.0,0.0,0.0,0.0,0.0,0.0,0.0,0.0,0.0,0.0,0.0,0.0,0.0,0.0,0.0,0.0,0.0,0.0,0.0,0.0,0.0,0.0,0.0,0.0,0.0,0.0,0.0,0.0,0.0,0.0,0.0,0.0,967.0
-14707_6856,25.0,891.0,2738.0,330.0,0.0,1018.0,21.0,193.0,258.0,46.0,1.0,59.0,6.0,15.0,23.0,674.0,4590.0,1.0,46.0,721.0,233.0,0.0,84.0,844.0,52.0,9.0,1449.0,336.0,38.0,48.0,0.0,0.0,0.0,0.0,0.0,0.0,0.0,0.0,0.0,0.0,2.0,0.0,0.0,0.0,0.0,0.0,0.0,0.0,0.0,0.0,3.0,0.0,0.0,0.0,0.0,0.0,0.0,1.0,0.0,0.0,0.0,0.0,6.0,4.0,2.0,14749.0
-14707_6857,37.0,1204.0,3615.0,497.0,4.0,1448.0,27.0,412.0,354.0,53.0,0.0,102.0,5.0,17.0,22.0,821.0,5921.0,1.0,85.0,956.0,2395.0,0.0,132.0,1010.0,48.0,8.0,1696.0,448.0,121.0,68.0,0.0,0.0,0.0,0.0,0.0,0.0,0.0,0.0,0.0,0.0,2.0,0.0,0.0,0.0,0.0,0.0,0.0,1.0,0.0,0.0,5.0,1.0,0.0,0.0,0.0,0.0,0.0,0.0,0.0,0.0,0.0,0.0,9.0,7.0,2.0,21507.0
-14707_6858,21.0,692.0,2485.0,410.0,0.0,1081.0,27.0,141.0,187.0,45.0,1.0,43.0,4.0,11.0,4.0,595.0,2381.0,2.0,53.0,613.0,2060.0,1.0,53.0,566.0,31.0,6.0,1258.0,254.0,29.0,44.0,0.0,0.0,0.0,1.0,0.0,0.0,0.0,0.0,0.0,0.0,1.0,0.0,0.0,0.0,0.0,0.0,0.0,0.0,0.0,0.0,6.0,0.0,0.0,0.0,0.0,0.0,0.0,0.0,0.0,0.0,0.0,0.0,8.0,6.0,2.0,13098.0
-14707_6859,3.0,94.0,308.0,83.0,1.0,156.0,0.0,34.0,30.0,4.0,0.0,6.0,0.0,0.0,8.0,102.0,298.0,0.0,6.0,58.0,4.0,0.0,7.0,73.0,1.0,0.0,304.0,42.0,4.0,8.0,0.0,0.0,0.0,0.0,0.0,0.0,0.0,0.0,0.0,0.0,0.0,0.0,0.0,0.0,0.0,0.0,0.0,1.0,0.0,0.0,0.0,0.0,0.0,0.0,0.0,0.0,0.0,0.0,0.0,0.0,0.0,0.0,1.0,1.0,0.0,1634.0
-14707_6860,4.0,143.0,257.0,64.0,0.0,157.0,1.0,23.0,46.0,2.0,0.0,4.0,0.0,1.0,1.0,90.0,90.0,0.0,8.0,98.0,5.0,0.0,7.0,60.0,3.0,0.0,281.0,21.0,0.0,6.0,0.0,0.0,0.0,0.0,0.0,0.0,0.0,0.0,0.0,0.0,0.0,0.0,0.0,0.0,0.0,0.0,0.0,1.0,0.0,0.0,0.0,0.0,0.0,0.0,0.0,0.0,0.0,1.0,0.0,0.0,0.0,0.0,2.0,2.0,0.0,1372.0
-14707_6861,21.0,935.0,3277.0,522.0,1.0,1319.0,16.0,162.0,295.0,42.0,0.0,47.0,6.0,19.0,16.0,692.0,3583.0,0.0,95.0,799.0,41.0,0.0,69.0,696.0,33.0,12.0,1439.0,303.0,60.0,46.0,0.0,0.0,0.0,0.0,0.0,0.0,0.0,0.0,0.0,0.0,2.0,0.0,0.0,0.0,0.0,0.0,0.0,0.0,0.0,0.0,0.0,0.0,0.0,0.0,0.0,0.0,0.0,0.0,0.0,0.0,0.0,0.0,2.0,0.0,2.0,14546.0
-14707_6862,44.0,1080.0,3472.0,679.0,3.0,1491.0,21.0,253.0,377.0,49.0,1.0,113.0,8.0,14.0,39.0,786.0,6269.0,2.0,135.0,952.0,368.0,0.0,94.0,812.0,48.0,6.0,1851.0,331.0,53.0,51.0,0.0,0.0,0.0,0.0,0.0,0.0,0.0,0.0,0.0,0.0,1.0,0.0,0.0,0.0,0.0,0.0,0.0,2.0,0.0,0.0,2.0,2.0,0.0,0.0,0.0,0.0,0.0,0.0,0.0,0.0,0.0,0.0,7.0,6.0,1.0,19402.0
-14707_6863,23.0,587.0,1460.0,520.0,0.0,886.0,8.0,162.0,219.0,7.0,0.0,27.0,7.0,8.0,28.0,678.0,826.0,1.0,64.0,616.0,936.0,0.0,55.0,409.0,38.0,2.0,1361.0,155.0,4.0,40.0,1.0,0.0,0.0,1.0,0.0,1.0,0.0,0.0,0.0,0.0,1.0,0.0,0.0,0.0,0.0,0.0,0.0,1.0,0.0,0.0,2.0,0.0,0.0,0.0,0.0,0.0,0.0,1.0,0.0,0.0,0.0,0.0,8.0,5.0,3.0,9127.0
-14707_6864,28.0,702.0,1958.0,464.0,0.0,1064.0,12.0,166.0,185.0,10.0,0.0,19.0,6.0,7.0,19.0,573.0,612.0,1.0,79.0,597.0,79.0,0.0,77.0,282.0,39.0,14.0,1421.0,126.0,1.0,23.0,0.0,0.0,0.0,1.0,0.0,0.0,0.0,0.0,0.0,0.0,0.0,0.0,0.0,0.0,0.0,0.0,0.0,2.0,0.0,0.0,1.0,3.0,0.0,0.0,0.0,0.0,0.0,1.0,0.0,0.0,0.0,0.0,8.0,7.0,1.0,8564.0
-14707_6865,24.0,615.0,1784.0,600.0,1.0,1102.0,7.0,182.0,236.0,12.0,0.0,16.0,12.0,9.0,48.0,552.0,771.0,2.0,77.0,636.0,438.0,0.0,87.0,410.0,47.0,7.0,1646.0,88.0,6.0,30.0,0.0,0.0,0.0,3.0,0.0,0.0,0.0,0.0,0.0,0.0,0.0,0.0,0.0,0.0,0.0,0.0,0.0,1.0,0.0,0.0,0.0,1.0,0.0,0.0,0.0,0.0,0.0,0.0,0.0,0.0,1.0,0.0,6.0,2.0,3.0,9445.0
-14707_6866,15.0,352.0,986.0,520.0,1.0,852.0,8.0,124.0,241.0,3.0,0.0,5.0,4.0,9.0,10.0,526.0,199.0,2.0,37.0,367.0,1.0,0.0,29.0,287.0,39.0,10.0,1805.0,47.0,1.0,30.0,2.0,0.0,0.0,1.0,0.0,0.0,0.0,0.0,0.0,0.0,0.0,0.0,0.0,0.0,0.0,0.0,0.0,0.0,0.0,1.0,4.0,1.0,0.0,0.0,0.0,0.0,0.0,1.0,0.0,0.0,0.0,0.0,10.0,6.0,3.0,6510.0
-14707_6867,11.0,302.0,842.0,565.0,0.0,848.0,11.0,102.0,301.0,5.0,0.0,7.0,2.0,5.0,18.0,500.0,196.0,0.0,9.0,347.0,54.0,1.0,20.0,385.0,38.0,6.0,2752.0,30.0,0.0,30.0,2.0,0.0,0.0,7.0,0.0,1.0,0.0,0.0,0.0,0.0,0.0,0.0,0.0,1.0,0.0,0.0,0.0,2.0,0.0,0.0,1.0,0.0,0.0,0.0,0.0,0.0,0.0,0.0,0.0,0.0,0.0,1.0,15.0,5.0,10.0,7387.0
-14707_6868,10.0,247.0,630.0,353.0,0.0,636.0,4.0,68.0,267.0,5.0,0.0,4.0,2.0,2.0,13.0,359.0,148.0,0.0,26.0,288.0,3.0,0.0,10.0,175.0,24.0,4.0,1038.0,34.0,0.0,6.0,0.0,0.0,0.0,2.0,0.0,1.0,0.0,0.0,0.0,0.0,1.0,0.0,0.0,0.0,0.0,0.0,0.0,1.0,0.0,1.0,1.0,3.0,0.0,0.0,0.0,0.0,0.0,0.0,0.0,0.0,0.0,0.0,10.0,6.0,3.0,4356.0
-14707_6869,14.0,210.0,506.0,310.0,0.0,603.0,1.0,50.0,229.0,5.0,0.0,3.0,3.0,2.0,9.0,325.0,109.0,2.0,18.0,286.0,6.0,0.0,20.0,97.0,17.0,5.0,855.0,25.0,0.0,7.0,1.0,0.0,0.0,3.0,0.0,0.0,0.0,0.0,0.0,0.0,0.0,0.0,0.0,0.0,0.0,0.0,0.0,0.0,0.0,0.0,2.0,0.0,0.0,0.0,0.0,0.0,0.0,2.0,0.0,0.0,1.0,0.0,9.0,4.0,4.0,3717.0
-14707_6870,1.0,59.0,104.0,13.0,0.0,115.0,0.0,22.0,86.0,1.0,0.0,0.0,1.0,2.0,2.0,23.0,34.0,1.0,7.0,83.0,0.0,0.0,6.0,31.0,8.0,1.0,910.0,1.0,0.0,5.0,0.0,0.0,0.0,0.0,0.0,0.0,0.0,0.0,0.0,0.0,0.0,0.0,0.0,0.0,0.0,0.0,0.0,2.0,0.0,1.0,0.0,0.0,0.0,0.0,0.0,0.0,0.0,2.0,0.0,0.0,2.0,0.0,7.0,4.0,0.0,1516.0
-14707_6871,4.0,251.0,623.0,287.0,0.0,574.0,7.0,135.0,379.0,1.0,0.0,7.0,2.0,8.0,21.0,168.0,303.0,1.0,20.0,334.0,0.0,0.0,49.0,122.0,27.0,4.0,1373.0,31.0,2.0,13.0,0.0,0.0,0.0,0.0,0.0,0.0,0.0,0.0,0.0,0.0,0.0,0.0,0.0,0.0,0.0,0.0,0.0,0.0,0.0,0.0,0.0,0.0,0.0,0.0,0.0,0.0,0.0,1.0,0.0,0.0,0.0,0.0,1.0,1.0,0.0,4746.0
-14707_6872,8.0,105.0,238.0,319.0,0.0,381.0,2.0,52.0,205.0,0.0,0.0,1.0,1.0,2.0,0.0,163.0,37.0,1.0,8.0,183.0,2.0,0.0,9.0,54.0,15.0,3.0,900.0,10.0,0.0,4.0,0.0,0.0,0.0,1.0,0.0,2.0,1.0,0.0,0.0,0.0,1.0,0.0,0.0,0.0,0.0,0.0,0.0,0.0,0.0,1.0,1.0,1.0,0.0,0.0,0.0,0.0,0.0,2.0,0.0,0.0,0.0,1.0,11.0,7.0,3.0,2703.0
-14707_6873,1.0,201.0,489.0,446.0,0.0,573.0,4.0,117.0,364.0,1.0,0.0,3.0,7.0,2.0,12.0,178.0,66.0,0.0,11.0,194.0,1.0,0.0,17.0,111.0,19.0,4.0,1563.0,9.0,3.0,15.0,1.0,0.0,0.0,6.0,0.0,0.0,0.0,0.0,0.0,0.0,0.0,0.0,0.0,0.0,0.0,0.0,0.0,0.0,0.0,1.0,2.0,0.0,0.0,0.0,1.0,0.0,0.0,2.0,0.0,0.0,1.0,0.0,14.0,4.0,8.0,4411.0
-14707_6874,3.0,154.0,404.0,365.0,1.0,681.0,10.0,101.0,274.0,1.0,0.0,0.0,1.0,5.0,7.0,216.0,58.0,1.0,12.0,303.0,3.0,0.0,25.0,105.0,23.0,10.0,1312.0,8.0,0.0,8.0,1.0,1.0,1.0,4.0,0.0,0.0,0.0,0.0,0.0,0.0,0.0,0.0,0.0,0.0,0.0,0.0,0.0,0.0,0.0,0.0,3.0,2.0,0.0,0.0,1.0,0.0,0.0,2.0,0.0,0.0,0.0,0.0,15.0,8.0,6.0,4091.0
-14707_6875,3.0,213.0,474.0,322.0,1.0,594.0,6.0,118.0,447.0,2.0,0.0,3.0,1.0,4.0,19.0,245.0,106.0,1.0,25.0,306.0,4.0,0.0,32.0,111.0,37.0,5.0,1701.0,10.0,1.0,14.0,0.0,0.0,0.0,1.0,0.0,0.0,0.0,0.0,0.0,0.0,2.0,0.0,0.0,0.0,0.0,0.0,0.0,0.0,0.0,0.0,1.0,1.0,0.0,0.0,1.0,0.0,0.0,0.0,0.0,0.0,1.0,0.0,7.0,2.0,4.0,4805.0
-14707_6876,6.0,238.0,600.0,354.0,0.0,648.0,12.0,116.0,382.0,1.0,0.0,1.0,2.0,8.0,30.0,252.0,132.0,0.0,14.0,299.0,2.0,0.0,46.0,128.0,27.0,3.0,1499.0,19.0,1.0,28.0,1.0,0.0,2.0,3.0,0.0,1.0,0.0,0.0,0.0,0.0,0.0,1.0,0.0,0.0,0.0,0.0,0.0,2.0,0.0,0.0,0.0,0.0,0.0,0.0,3.0,0.0,0.0,0.0,1.0,0.0,0.0,0.0,14.0,5.0,7.0,4848.0
-14707_6877,2.0,157.0,343.0,368.0,0.0,576.0,5.0,100.0,414.0,2.0,0.0,0.0,0.0,5.0,12.0,195.0,65.0,1.0,4.0,204.0,1.0,1.0,15.0,127.0,17.0,1.0,1235.0,10.0,0.0,5.0,0.0,0.0,0.0,6.0,0.0,1.0,0.0,0.0,0.0,0.0,0.0,0.0,0.0,0.0,0.0,0.0,0.0,0.0,0.0,0.0,1.0,0.0,0.0,0.0,0.0,0.0,0.0,0.0,2.0,0.0,0.0,0.0,10.0,4.0,6.0,3865.0
-14707_6878,7.0,541.0,1470.0,456.0,0.0,829.0,21.0,369.0,558.0,4.0,0.0,13.0,5.0,10.0,21.0,333.0,576.0,1.0,34.0,460.0,22.0,1.0,90.0,402.0,36.0,8.0,2478.0,43.0,6.0,24.0,1.0,0.0,0.0,0.0,0.0,1.0,0.0,0.0,0.0,0.0,1.0,0.0,0.0,0.0,0.0,0.0,0.0,2.0,0.0,1.0,1.0,1.0,0.0,0.0,0.0,0.0,0.0,0.0,0.0,0.0,1.0,0.0,9.0,5.0,2.0,8818.0
-14707_6879,9.0,974.0,2921.0,574.0,0.0,1340.0,38.0,426.0,695.0,16.0,0.0,17.0,13.0,7.0,27.0,501.0,797.0,6.0,71.0,1187.0,44.0,0.0,102.0,425.0,79.0,17.0,2678.0,80.0,28.0,60.0,1.0,0.0,0.0,1.0,0.0,1.0,0.0,0.0,0.0,0.0,0.0,0.0,0.0,0.0,0.0,0.0,0.0,2.0,0.0,0.0,2.0,2.0,0.0,0.0,0.0,0.0,0.0,1.0,1.0,0.0,0.0,0.0,11.0,9.0,2.0,13132.0
-14707_6880,3.0,227.0,578.0,152.0,0.0,311.0,11.0,68.0,346.0,3.0,0.0,5.0,3.0,0.0,2.0,143.0,92.0,0.0,23.0,432.0,4.0,0.0,10.0,70.0,23.0,1.0,851.0,4.0,1.0,16.0,0.0,0.0,0.0,0.0,0.0,0.0,0.0,0.0,0.0,0.0,0.0,1.0,0.0,0.0,0.0,0.0,0.0,2.0,0.0,0.0,1.0,2.0,0.0,0.0,0.0,0.0,0.0,0.0,0.0,0.0,0.0,0.0,6.0,6.0,0.0,3379.0
-14708_6854,0.0,15.0,17.0,5.0,0.0,13.0,0.0,1.0,3.0,1.0,0.0,0.0,0.0,0.0,0.0,6.0,5.0,0.0,0.0,3.0,1.0,0.0,1.0,2.0,0.0,1.0,32.0,0.0,0.0,1.0,0.0,0.0,0.0,0.0,0.0,0.0,0.0,0.0,0.0,0.0,0.0,0.0,0.0,0.0,0.0,0.0,0.0,0.0,0.0,0.0,0.0,0.0,0.0,0.0,0.0,0.0,0.0,0.0,0.0,0.0,0.0,0.0,0.0,0.0,0.0,107.0
-14708_6855,0.0,54.0,101.0,14.0,0.0,85.0,1.0,11.0,32.0,1.0,0.0,0.0,1.0,2.0,0.0,42.0,9.0,0.0,2.0,30.0,3.0,0.0,1.0,5.0,1.0,0.0,134.0,3.0,0.0,3.0,0.0,0.0,0.0,0.0,0.0,0.0,0.0,0.0,0.0,0.0,0.0,0.0,0.0,0.0,0.0,0.0,0.0,0.0,0.0,0.0,0.0,0.0,0.0,0.0,0.0,0.0,0.0,0.0,0.0,0.0,0.0,0.0,0.0,0.0,0.0,535.0
-14708_6856,12.0,739.0,2163.0,273.0,1.0,962.0,5.0,155.0,219.0,23.0,1.0,21.0,2.0,4.0,0.0,532.0,950.0,1.0,58.0,519.0,6.0,0.0,75.0,346.0,28.0,2.0,1090.0,190.0,27.0,27.0,0.0,0.0,0.0,0.0,0.0,0.0,2.0,0.0,0.0,1.0,0.0,0.0,0.0,0.0,0.0,0.0,0.0,0.0,0.0,0.0,2.0,0.0,0.0,0.0,0.0,0.0,0.0,1.0,0.0,0.0,0.0,0.0,6.0,6.0,0.0,8431.0
-14708_6857,45.0,1508.0,5280.0,689.0,1.0,2427.0,37.0,545.0,463.0,55.0,2.0,96.0,10.0,12.0,31.0,1024.0,4671.0,0.0,141.0,1517.0,312.0,0.0,151.0,912.0,57.0,10.0,2449.0,375.0,162.0,102.0,0.0,0.0,0.0,0.0,0.0,0.0,1.0,0.0,0.0,0.0,1.0,0.0,0.0,0.0,0.0,0.0,0.0,1.0,0.0,0.0,2.0,1.0,0.0,0.0,0.0,0.0,0.0,3.0,1.0,0.0,0.0,0.0,10.0,9.0,1.0,23084.0
-14708_6858,30.0,1204.0,3608.0,437.0,4.0,1422.0,17.0,233.0,291.0,49.0,0.0,64.0,6.0,7.0,10.0,813.0,4847.0,2.0,98.0,971.0,279.0,0.0,93.0,680.0,46.0,8.0,1688.0,408.0,106.0,72.0,0.0,0.0,0.0,0.0,0.0,0.0,0.0,0.0,0.0,0.0,1.0,0.0,0.0,0.0,0.0,0.0,0.0,0.0,0.0,0.0,3.0,0.0,0.0,0.0,0.0,0.0,0.0,0.0,0.0,0.0,0.0,0.0,4.0,3.0,1.0,17493.0
-14708_6859,17.0,267.0,667.0,103.0,0.0,299.0,6.0,149.0,286.0,8.0,0.0,23.0,0.0,7.0,13.0,282.0,860.0,0.0,17.0,188.0,25.0,1.0,22.0,431.0,13.0,0.0,687.0,85.0,3.0,14.0,0.0,0.0,0.0,0.0,0.0,0.0,0.0,0.0,0.0,0.0,0.0,0.0,0.0,0.0,0.0,0.0,0.0,0.0,0.0,0.0,2.0,0.0,0.0,0.0,0.0,0.0,0.0,0.0,0.0,0.0,0.0,0.0,2.0,2.0,0.0,4473.0
-14708_6860,2.0,106.0,241.0,83.0,1.0,158.0,2.0,27.0,33.0,10.0,0.0,7.0,0.0,1.0,0.0,96.0,135.0,0.0,9.0,74.0,0.0,0.0,6.0,64.0,2.0,0.0,296.0,30.0,5.0,7.0,0.0,0.0,0.0,0.0,0.0,0.0,0.0,0.0,0.0,0.0,0.0,0.0,0.0,0.0,0.0,0.0,0.0,0.0,0.0,0.0,0.0,0.0,0.0,0.0,0.0,0.0,0.0,1.0,1.0,0.0,0.0,0.0,2.0,2.0,0.0,1395.0
-14708_6861,31.0,674.0,1950.0,512.0,0.0,1074.0,17.0,85.0,188.0,19.0,0.0,13.0,1.0,5.0,4.0,651.0,1082.0,0.0,86.0,633.0,0.0,0.0,43.0,338.0,35.0,9.0,1207.0,143.0,24.0,36.0,0.0,0.0,0.0,0.0,0.0,0.0,0.0,0.0,0.0,0.0,0.0,0.0,0.0,0.0,0.0,0.0,0.0,1.0,0.0,0.0,2.0,1.0,0.0,0.0,0.0,0.0,0.0,2.0,0.0,0.0,0.0,0.0,6.0,6.0,0.0,8860.0
-14708_6862,35.0,1135.0,3691.0,816.0,2.0,1690.0,19.0,206.0,338.0,48.0,0.0,72.0,5.0,13.0,22.0,796.0,2534.0,1.0,165.0,1029.0,25.0,0.0,86.0,524.0,54.0,9.0,1620.0,277.0,49.0,62.0,0.0,0.0,0.0,0.0,0.0,0.0,0.0,0.0,0.0,0.0,0.0,0.0,0.0,0.0,0.0,0.0,0.0,1.0,0.0,0.0,1.0,0.0,0.0,0.0,0.0,0.0,0.0,1.0,0.0,0.0,0.0,0.0,3.0,3.0,0.0,15323.0
-14708_6863,38.0,1060.0,2451.0,667.0,3.0,1312.0,15.0,352.0,532.0,19.0,0.0,51.0,12.0,15.0,24.0,784.0,1245.0,2.0,110.0,712.0,1362.0,1.0,88.0,897.0,60.0,9.0,3085.0,235.0,3.0,47.0,0.0,0.0,0.0,0.0,0.0,0.0,0.0,0.0,0.0,0.0,1.0,0.0,0.0,0.0,0.0,0.0,0.0,2.0,0.0,0.0,3.0,1.0,0.0,0.0,0.0,0.0,0.0,1.0,2.0,0.0,0.0,0.0,10.0,9.0,1.0,15191.0
-14708_6864,25.0,289.0,785.0,270.0,1.0,521.0,3.0,61.0,92.0,7.0,0.0,8.0,4.0,10.0,7.0,337.0,288.0,0.0,58.0,370.0,71.0,0.0,31.0,165.0,25.0,2.0,672.0,110.0,1.0,15.0,0.0,0.0,0.0,0.0,0.0,0.0,0.0,0.0,0.0,1.0,0.0,0.0,0.0,0.0,0.0,0.0,0.0,2.0,0.0,1.0,0.0,4.0,0.0,0.0,0.0,0.0,0.0,1.0,1.0,0.0,1.0,0.0,11.0,9.0,0.0,4228.0
-14708_6865,28.0,933.0,2515.0,703.0,2.0,1208.0,6.0,258.0,300.0,16.0,0.0,20.0,5.0,21.0,42.0,618.0,1128.0,1.0,111.0,799.0,840.0,0.0,103.0,411.0,56.0,6.0,1532.0,195.0,9.0,41.0,0.0,0.0,0.0,1.0,0.0,1.0,0.0,0.0,0.0,0.0,0.0,0.0,1.0,0.0,0.0,1.0,0.0,0.0,0.0,0.0,1.0,6.0,0.0,0.0,0.0,0.0,0.0,2.0,0.0,0.0,1.0,1.0,15.0,10.0,3.0,11907.0
-14708_6866,18.0,545.0,1403.0,561.0,0.0,894.0,6.0,169.0,284.0,15.0,0.0,13.0,3.0,8.0,52.0,540.0,527.0,0.0,70.0,539.0,9.0,0.0,68.0,284.0,39.0,11.0,1561.0,70.0,3.0,28.0,2.0,1.0,0.0,3.0,0.0,5.0,0.0,0.0,0.0,0.0,0.0,0.0,1.0,0.0,0.0,0.0,0.0,0.0,0.0,0.0,4.0,0.0,0.0,0.0,0.0,0.0,0.0,0.0,1.0,0.0,1.0,0.0,18.0,11.0,5.0,7720.0
-14708_6867,11.0,455.0,1135.0,624.0,1.0,901.0,8.0,152.0,365.0,5.0,0.0,7.0,3.0,7.0,17.0,448.0,279.0,0.0,29.0,362.0,15.0,0.0,41.0,473.0,58.0,6.0,2199.0,39.0,0.0,22.0,0.0,1.0,0.0,3.0,0.0,1.0,0.0,0.0,0.0,0.0,0.0,0.0,0.0,0.0,0.0,0.0,0.0,2.0,0.0,0.0,4.0,3.0,0.0,0.0,0.0,0.0,0.0,0.0,1.0,0.0,1.0,1.0,17.0,12.0,4.0,7662.0
-14708_6868,18.0,592.0,1506.0,518.0,0.0,1067.0,15.0,131.0,293.0,12.0,0.0,8.0,8.0,9.0,28.0,559.0,294.0,2.0,70.0,675.0,2.0,0.0,43.0,267.0,36.0,8.0,1478.0,77.0,0.0,37.0,0.0,0.0,0.0,1.0,0.0,0.0,0.0,0.0,0.0,0.0,0.0,0.0,2.0,0.0,0.0,0.0,0.0,1.0,0.0,0.0,3.0,1.0,0.0,0.0,0.0,0.0,0.0,1.0,0.0,0.0,0.0,0.0,9.0,6.0,1.0,7753.0
-14708_6869,17.0,279.0,707.0,334.0,0.0,692.0,4.0,65.0,133.0,7.0,0.0,4.0,4.0,5.0,16.0,413.0,222.0,0.0,43.0,283.0,3.0,0.0,44.0,147.0,34.0,3.0,853.0,46.0,4.0,24.0,0.0,0.0,0.0,1.0,0.0,0.0,0.0,0.0,0.0,0.0,2.0,0.0,0.0,0.0,0.0,0.0,0.0,1.0,0.0,0.0,0.0,3.0,0.0,0.0,1.0,0.0,0.0,1.0,0.0,0.0,0.0,0.0,9.0,5.0,4.0,4386.0
-14708_6870,1.0,59.0,158.0,91.0,0.0,186.0,0.0,34.0,57.0,1.0,0.0,1.0,0.0,1.0,1.0,126.0,30.0,0.0,6.0,116.0,1.0,0.0,9.0,26.0,7.0,1.0,379.0,6.0,0.0,4.0,0.0,0.0,0.0,0.0,0.0,0.0,0.0,0.0,0.0,1.0,0.0,0.0,0.0,0.0,0.0,0.0,0.0,1.0,0.0,0.0,0.0,1.0,0.0,0.0,0.0,0.0,0.0,0.0,0.0,0.0,0.0,0.0,3.0,3.0,0.0,1301.0
-14708_6871,1.0,119.0,479.0,62.0,0.0,255.0,2.0,32.0,71.0,0.0,0.0,1.0,0.0,0.0,2.0,70.0,60.0,0.0,15.0,80.0,0.0,0.0,15.0,28.0,19.0,1.0,373.0,6.0,0.0,8.0,0.0,0.0,0.0,0.0,0.0,0.0,0.0,0.0,0.0,0.0,0.0,0.0,0.0,0.0,0.0,0.0,0.0,0.0,0.0,0.0,0.0,1.0,0.0,0.0,1.0,0.0,0.0,1.0,0.0,0.0,0.0,0.0,3.0,2.0,1.0,1699.0
-14708_6872,2.0,88.0,159.0,181.0,0.0,225.0,2.0,35.0,143.0,2.0,0.0,6.0,0.0,5.0,3.0,110.0,63.0,0.0,5.0,158.0,3.0,0.0,8.0,41.0,12.0,3.0,506.0,13.0,1.0,4.0,0.0,0.0,0.0,0.0,0.0,1.0,0.0,0.0,0.0,0.0,1.0,1.0,0.0,0.0,0.0,0.0,0.0,1.0,0.0,0.0,0.0,1.0,0.0,0.0,0.0,0.0,0.0,0.0,1.0,0.0,0.0,0.0,6.0,5.0,1.0,1778.0
-14708_6873,7.0,134.0,304.0,299.0,0.0,446.0,3.0,60.0,243.0,2.0,0.0,4.0,0.0,1.0,7.0,206.0,97.0,1.0,30.0,300.0,4.0,0.0,9.0,62.0,8.0,4.0,717.0,6.0,5.0,9.0,0.0,0.0,0.0,0.0,0.0,0.0,0.0,0.0,0.0,0.0,1.0,0.0,0.0,0.0,0.0,0.0,0.0,0.0,0.0,0.0,0.0,0.0,0.0,0.0,0.0,0.0,0.0,0.0,0.0,0.0,0.0,0.0,1.0,0.0,1.0,2968.0
-14708_6874,3.0,156.0,352.0,417.0,0.0,491.0,6.0,129.0,249.0,1.0,0.0,3.0,0.0,1.0,10.0,180.0,33.0,1.0,16.0,210.0,2.0,4.0,15.0,82.0,32.0,1.0,1359.0,7.0,0.0,16.0,0.0,1.0,0.0,0.0,0.0,0.0,0.0,0.0,0.0,0.0,0.0,0.0,0.0,1.0,0.0,0.0,0.0,1.0,0.0,0.0,3.0,2.0,0.0,0.0,0.0,0.0,0.0,0.0,0.0,0.0,1.0,0.0,9.0,8.0,0.0,3776.0
-14708_6875,5.0,208.0,547.0,377.0,0.0,588.0,3.0,104.0,334.0,2.0,0.0,1.0,1.0,3.0,21.0,203.0,80.0,0.0,13.0,246.0,17.0,1.0,38.0,143.0,29.0,4.0,1550.0,9.0,3.0,9.0,1.0,0.0,1.0,0.0,0.0,0.0,1.0,0.0,0.0,0.0,1.0,0.0,1.0,0.0,0.0,0.0,0.0,1.0,0.0,1.0,2.0,2.0,0.0,0.0,1.0,0.0,0.0,1.0,1.0,0.0,0.0,0.0,14.0,8.0,3.0,4539.0
-14708_6876,3.0,255.0,638.0,246.0,0.0,585.0,4.0,281.0,258.0,1.0,0.0,5.0,5.0,1.0,30.0,234.0,399.0,1.0,17.0,229.0,0.0,0.0,101.0,94.0,24.0,6.0,1143.0,28.0,1.0,7.0,0.0,0.0,0.0,1.0,0.0,0.0,0.0,0.0,0.0,0.0,0.0,0.0,0.0,0.0,0.0,0.0,0.0,0.0,0.0,0.0,0.0,0.0,0.0,0.0,0.0,0.0,0.0,1.0,0.0,0.0,0.0,0.0,2.0,1.0,1.0,4596.0
-14708_6877,3.0,149.0,352.0,278.0,0.0,498.0,2.0,88.0,210.0,2.0,0.0,4.0,4.0,2.0,14.0,198.0,82.0,0.0,18.0,218.0,0.0,0.0,19.0,74.0,24.0,1.0,901.0,12.0,0.0,4.0,0.0,0.0,0.0,1.0,0.0,0.0,0.0,0.0,0.0,0.0,1.0,0.0,0.0,0.0,0.0,0.0,0.0,1.0,0.0,0.0,3.0,3.0,0.0,0.0,0.0,0.0,0.0,1.0,0.0,0.0,0.0,0.0,10.0,8.0,2.0,3157.0
-14708_6878,6.0,315.0,807.0,353.0,0.0,703.0,5.0,220.0,485.0,1.0,0.0,3.0,3.0,3.0,25.0,205.0,180.0,0.0,30.0,326.0,2.0,0.0,56.0,165.0,24.0,5.0,1979.0,21.0,0.0,12.0,1.0,0.0,0.0,0.0,0.0,0.0,0.0,0.0,0.0,0.0,1.0,0.0,0.0,0.0,0.0,0.0,0.0,2.0,0.0,1.0,5.0,3.0,0.0,0.0,0.0,0.0,0.0,5.0,0.0,0.0,2.0,0.0,20.0,15.0,2.0,5934.0
-14708_6879,11.0,453.0,1424.0,360.0,0.0,780.0,17.0,155.0,266.0,4.0,0.0,5.0,6.0,3.0,25.0,298.0,272.0,2.0,35.0,363.0,5.0,0.0,69.0,206.0,42.0,2.0,1319.0,42.0,1.0,22.0,0.0,0.0,0.0,0.0,0.0,0.0,0.0,0.0,0.0,0.0,0.0,0.0,0.0,0.0,0.0,0.0,0.0,1.0,0.0,0.0,1.0,0.0,0.0,0.0,0.0,0.0,0.0,1.0,0.0,0.0,0.0,0.0,3.0,3.0,0.0,6187.0
-14708_6880,8.0,570.0,1498.0,598.0,0.0,989.0,19.0,378.0,562.0,10.0,0.0,11.0,8.0,5.0,22.0,410.0,426.0,0.0,38.0,551.0,50.0,0.0,36.0,406.0,42.0,17.0,4118.0,51.0,8.0,30.0,0.0,0.0,0.0,3.0,0.0,1.0,0.0,0.0,0.0,0.0,0.0,0.0,0.0,1.0,0.0,0.0,0.0,0.0,0.0,2.0,2.0,0.0,1.0,0.0,0.0,0.0,0.0,0.0,0.0,0.0,2.0,0.0,12.0,5.0,3.0,10861.0
-14708_6881,6.0,344.0,763.0,191.0,1.0,419.0,14.0,251.0,439.0,4.0,0.0,9.0,6.0,4.0,11.0,163.0,154.0,0.0,9.0,416.0,6.0,1.0,16.0,141.0,38.0,6.0,1771.0,12.0,0.0,21.0,0.0,0.0,0.0,0.0,0.0,0.0,0.0,0.0,0.0,0.0,0.0,0.0,0.0,2.0,0.0,0.0,0.0,0.0,0.0,0.0,1.0,1.0,0.0,0.0,0.0,0.0,0.0,1.0,0.0,0.0,0.0,0.0,5.0,5.0,0.0,5216.0
-14708_6882,0.0,0.0,0.0,0.0,0.0,1.0,0.0,0.0,0.0,0.0,0.0,0.0,0.0,0.0,0.0,0.0,0.0,0.0,0.0,1.0,0.0,0.0,0.0,0.0,0.0,0.0,1.0,0.0,0.0,0.0,0.0,0.0,0.0,0.0,0.0,0.0,0.0,0.0,0.0,0.0,0.0,0.0,0.0,0.0,0.0,0.0,0.0,0.0,0.0,0.0,0.0,0.0,0.0,0.0,0.0,0.0,0.0,0.0,0.0,0.0,0.0,0.0,0.0,0.0,0.0,3.0
-14709_6854,2.0,51.0,159.0,14.0,0.0,67.0,45.0,4.0,13.0,0.0,0.0,0.0,0.0,0.0,0.0,34.0,18.0,0.0,20.0,42.0,33.0,0.0,4.0,26.0,30.0,0.0,83.0,4.0,4.0,18.0,0.0,0.0,0.0,0.0,0.0,0.0,0.0,0.0,0.0,0.0,0.0,0.0,0.0,0.0,0.0,0.0,0.0,0.0,0.0,0.0,0.0,0.0,0.0,0.0,0.0,0.0,0.0,0.0,0.0,0.0,0.0,0.0,0.0,0.0,0.0,671.0
-14709_6855,2.0,122.0,198.0,64.0,1.0,137.0,3.0,44.0,59.0,0.0,0.0,2.0,0.0,1.0,0.0,79.0,143.0,0.0,5.0,51.0,3.0,0.0,8.0,90.0,3.0,0.0,439.0,16.0,0.0,4.0,0.0,0.0,0.0,0.0,0.0,0.0,0.0,0.0,0.0,0.0,0.0,1.0,0.0,0.0,0.0,0.0,0.0,0.0,0.0,0.0,0.0,1.0,0.0,0.0,0.0,0.0,0.0,0.0,0.0,0.0,1.0,0.0,3.0,2.0,0.0,1474.0
-14709_6856,26.0,861.0,2352.0,334.0,0.0,972.0,35.0,147.0,209.0,19.0,0.0,28.0,3.0,10.0,5.0,447.0,2156.0,2.0,77.0,750.0,4.0,0.0,70.0,309.0,28.0,8.0,1280.0,185.0,53.0,53.0,0.0,0.0,0.0,0.0,0.0,0.0,0.0,0.0,0.0,0.0,0.0,1.0,0.0,0.0,0.0,0.0,0.0,0.0,0.0,0.0,4.0,1.0,0.0,0.0,0.0,0.0,0.0,2.0,1.0,0.0,0.0,0.0,9.0,9.0,0.0,10423.0
-14709_6857,25.0,1209.0,3620.0,417.0,1.0,1467.0,21.0,560.0,498.0,55.0,0.0,89.0,6.0,10.0,35.0,657.0,5011.0,0.0,95.0,1151.0,66.0,0.0,135.0,755.0,39.0,10.0,2895.0,359.0,126.0,44.0,0.0,0.0,0.0,0.0,0.0,0.0,0.0,0.0,0.0,0.0,1.0,0.0,0.0,0.0,0.0,0.0,0.0,0.0,0.0,0.0,4.0,0.0,0.0,0.0,0.0,0.0,0.0,0.0,0.0,0.0,0.0,0.0,5.0,4.0,1.0,19356.0
-14709_6858,31.0,1338.0,4592.0,653.0,0.0,1806.0,18.0,290.0,434.0,48.0,0.0,71.0,8.0,14.0,26.0,697.0,7007.0,1.0,127.0,1196.0,93.0,0.0,158.0,805.0,61.0,8.0,1831.0,396.0,247.0,65.0,0.0,0.0,0.0,0.0,0.0,0.0,0.0,0.0,0.0,0.0,0.0,0.0,0.0,0.0,0.0,0.0,0.0,2.0,0.0,1.0,4.0,0.0,0.0,0.0,0.0,0.0,0.0,2.0,0.0,0.0,0.0,0.0,9.0,8.0,0.0,22021.0
-14709_6859,27.0,669.0,2357.0,366.0,0.0,1066.0,14.0,152.0,354.0,53.0,1.0,33.0,2.0,9.0,14.0,469.0,3872.0,1.0,56.0,637.0,7.0,0.0,55.0,447.0,29.0,4.0,1063.0,272.0,93.0,41.0,0.0,0.0,0.0,0.0,0.0,0.0,0.0,0.0,0.0,0.0,0.0,0.0,0.0,0.0,0.0,0.0,0.0,1.0,0.0,0.0,3.0,0.0,0.0,0.0,0.0,0.0,0.0,0.0,0.0,0.0,0.0,0.0,4.0,4.0,0.0,12163.0
-14709_6860,35.0,1037.0,3376.0,454.0,0.0,1339.0,10.0,228.0,347.0,41.0,0.0,54.0,4.0,13.0,46.0,602.0,5088.0,1.0,84.0,899.0,120.0,0.0,90.0,828.0,46.0,10.0,1590.0,291.0,108.0,55.0,0.0,0.0,0.0,0.0,0.0,1.0,0.0,0.0,0.0,1.0,1.0,0.0,0.0,1.0,0.0,0.0,0.0,1.0,0.0,0.0,8.0,1.0,0.0,0.0,0.0,0.0,0.0,2.0,0.0,0.0,0.0,0.0,16.0,15.0,1.0,16796.0
-14709_6861,9.0,147.0,290.0,137.0,0.0,229.0,2.0,41.0,88.0,6.0,0.0,12.0,2.0,3.0,4.0,185.0,280.0,0.0,3.0,111.0,234.0,0.0,10.0,157.0,2.0,0.0,431.0,42.0,0.0,5.0,0.0,0.0,0.0,0.0,0.0,0.0,0.0,0.0,0.0,0.0,1.0,0.0,0.0,0.0,0.0,0.0,0.0,0.0,0.0,0.0,2.0,0.0,0.0,0.0,0.0,0.0,0.0,0.0,0.0,0.0,0.0,0.0,3.0,2.0,1.0,2430.0
-14709_6862,8.0,173.0,526.0,180.0,0.0,358.0,2.0,53.0,89.0,8.0,0.0,7.0,1.0,2.0,1.0,294.0,156.0,0.0,15.0,148.0,5.0,0.0,7.0,143.0,10.0,1.0,596.0,45.0,0.0,11.0,0.0,0.0,0.0,0.0,0.0,0.0,0.0,0.0,0.0,0.0,0.0,0.0,0.0,0.0,0.0,0.0,0.0,0.0,0.0,0.0,0.0,0.0,0.0,0.0,0.0,0.0,0.0,0.0,0.0,0.0,0.0,0.0,0.0,0.0,0.0,2839.0
-14709_6863,28.0,870.0,2029.0,543.0,2.0,996.0,11.0,190.0,375.0,19.0,0.0,25.0,4.0,14.0,14.0,677.0,638.0,1.0,67.0,676.0,56.0,0.0,63.0,547.0,52.0,5.0,1601.0,169.0,7.0,36.0,0.0,0.0,0.0,0.0,0.0,1.0,0.0,0.0,0.0,0.0,0.0,0.0,0.0,1.0,0.0,0.0,0.0,0.0,0.0,0.0,0.0,1.0,0.0,0.0,0.0,0.0,0.0,1.0,1.0,0.0,2.0,0.0,7.0,5.0,0.0,9715.0
-14709_6864,41.0,533.0,1484.0,433.0,0.0,955.0,8.0,106.0,196.0,13.0,0.0,8.0,5.0,15.0,24.0,532.0,442.0,0.0,104.0,579.0,5.0,0.0,71.0,248.0,37.0,5.0,881.0,134.0,1.0,22.0,0.0,0.0,0.0,0.0,0.0,0.0,0.0,0.0,0.0,0.0,0.0,0.0,0.0,0.0,0.0,0.0,0.0,1.0,0.0,0.0,5.0,1.0,0.0,0.0,0.0,0.0,0.0,1.0,0.0,0.0,0.0,0.0,8.0,8.0,0.0,6882.0
-14709_6865,29.0,623.0,1699.0,482.0,4.0,919.0,7.0,139.0,224.0,11.0,1.0,43.0,5.0,10.0,36.0,480.0,867.0,1.0,78.0,664.0,763.0,0.0,99.0,380.0,35.0,8.0,1141.0,183.0,9.0,35.0,1.0,0.0,0.0,2.0,0.0,0.0,1.0,0.0,0.0,0.0,1.0,0.0,1.0,0.0,0.0,0.0,0.0,1.0,0.0,0.0,2.0,1.0,0.0,0.0,0.0,0.0,0.0,1.0,0.0,0.0,0.0,0.0,11.0,6.0,4.0,8975.0
-14709_6866,27.0,567.0,1472.0,544.0,3.0,936.0,11.0,116.0,259.0,19.0,0.0,13.0,2.0,14.0,28.0,617.0,533.0,1.0,80.0,547.0,30.0,1.0,77.0,398.0,45.0,2.0,1715.0,117.0,3.0,26.0,0.0,0.0,0.0,0.0,0.0,0.0,0.0,0.0,0.0,0.0,1.0,0.0,1.0,0.0,0.0,0.0,0.0,0.0,0.0,1.0,1.0,2.0,0.0,0.0,0.0,0.0,0.0,4.0,1.0,0.0,2.0,0.0,13.0,8.0,1.0,8203.0
-14709_6867,19.0,407.0,1102.0,593.0,0.0,835.0,6.0,76.0,200.0,7.0,0.0,5.0,3.0,14.0,9.0,543.0,272.0,1.0,59.0,473.0,0.0,0.0,36.0,198.0,36.0,5.0,1100.0,65.0,0.0,33.0,0.0,0.0,0.0,0.0,0.0,0.0,0.0,0.0,0.0,0.0,0.0,0.0,0.0,0.0,0.0,0.0,0.0,0.0,0.0,0.0,3.0,1.0,0.0,0.0,0.0,0.0,0.0,1.0,0.0,0.0,0.0,0.0,5.0,5.0,0.0,6097.0
-14709_6868,24.0,663.0,1688.0,662.0,0.0,1181.0,10.0,192.0,462.0,14.0,0.0,15.0,7.0,6.0,24.0,604.0,330.0,1.0,54.0,542.0,28.0,2.0,48.0,596.0,45.0,4.0,1889.0,48.0,4.0,23.0,0.0,3.0,0.0,5.0,0.0,2.0,1.0,0.0,0.0,0.0,0.0,0.0,2.0,0.0,0.0,0.0,0.0,1.0,0.0,0.0,1.0,0.0,0.0,0.0,1.0,0.0,0.0,1.0,0.0,0.0,0.0,0.0,17.0,9.0,6.0,9166.0
-14709_6869,17.0,427.0,1077.0,439.0,1.0,752.0,5.0,149.0,322.0,9.0,0.0,6.0,2.0,10.0,11.0,469.0,401.0,0.0,36.0,336.0,3.0,0.0,42.0,410.0,49.0,2.0,2506.0,53.0,6.0,25.0,0.0,0.0,0.0,0.0,0.0,0.0,0.0,0.0,0.0,0.0,1.0,0.0,1.0,0.0,0.0,0.0,0.0,0.0,0.0,0.0,1.0,0.0,0.0,0.0,0.0,0.0,0.0,0.0,0.0,0.0,1.0,0.0,4.0,1.0,1.0,7565.0
-14709_6870,9.0,189.0,367.0,201.0,0.0,431.0,1.0,64.0,279.0,0.0,0.0,8.0,0.0,4.0,12.0,292.0,119.0,0.0,17.0,214.0,2.0,0.0,13.0,85.0,4.0,2.0,1167.0,19.0,2.0,5.0,1.0,0.0,0.0,2.0,0.0,0.0,0.0,0.0,0.0,0.0,2.0,0.0,0.0,0.0,0.0,0.0,0.0,1.0,0.0,0.0,0.0,1.0,0.0,0.0,0.0,0.0,0.0,1.0,0.0,0.0,1.0,0.0,9.0,3.0,5.0,3506.0
-14709_6871,19.0,280.0,703.0,413.0,1.0,761.0,4.0,98.0,302.0,3.0,0.0,4.0,4.0,4.0,8.0,352.0,129.0,2.0,30.0,376.0,0.0,0.0,16.0,109.0,24.0,5.0,1694.0,34.0,1.0,14.0,0.0,0.0,0.0,0.0,0.0,0.0,0.0,0.0,0.0,0.0,0.0,0.0,0.0,0.0,0.0,0.0,0.0,1.0,0.0,0.0,2.0,1.0,0.0,0.0,0.0,0.0,0.0,0.0,0.0,0.0,0.0,0.0,4.0,4.0,0.0,5390.0
-14709_6872,6.0,220.0,641.0,306.0,0.0,583.0,7.0,108.0,212.0,5.0,0.0,2.0,3.0,6.0,18.0,299.0,142.0,2.0,22.0,269.0,3.0,0.0,22.0,119.0,15.0,5.0,1011.0,26.0,2.0,8.0,0.0,0.0,0.0,2.0,0.0,0.0,0.0,0.0,0.0,0.0,1.0,0.0,3.0,0.0,0.0,0.0,0.0,1.0,0.0,0.0,0.0,1.0,0.0,0.0,0.0,0.0,0.0,0.0,1.0,0.0,1.0,0.0,10.0,3.0,3.0,4062.0
-14709_6873,1.0,34.0,130.0,162.0,0.0,247.0,0.0,23.0,77.0,1.0,0.0,1.0,1.0,1.0,5.0,97.0,46.0,0.0,9.0,123.0,0.0,0.0,7.0,26.0,9.0,4.0,383.0,1.0,0.0,3.0,0.0,0.0,0.0,0.0,0.0,0.0,0.0,0.0,0.0,0.0,0.0,0.0,0.0,0.0,0.0,0.0,0.0,2.0,0.0,0.0,1.0,1.0,0.0,0.0,0.0,0.0,0.0,0.0,0.0,0.0,0.0,0.0,4.0,4.0,0.0,1391.0
-14709_6874,4.0,145.0,407.0,390.0,0.0,486.0,12.0,88.0,249.0,3.0,0.0,4.0,1.0,3.0,7.0,184.0,102.0,0.0,19.0,298.0,4.0,0.0,7.0,85.0,25.0,2.0,1046.0,14.0,1.0,10.0,0.0,0.0,0.0,0.0,0.0,0.0,1.0,0.0,0.0,0.0,0.0,1.0,0.0,0.0,0.0,0.0,0.0,2.0,0.0,0.0,1.0,2.0,0.0,0.0,0.0,0.0,0.0,2.0,0.0,0.0,1.0,0.0,10.0,9.0,0.0,3596.0
-14709_6875,6.0,392.0,784.0,370.0,1.0,761.0,7.0,163.0,536.0,5.0,0.0,8.0,5.0,4.0,24.0,211.0,142.0,2.0,25.0,346.0,86.0,0.0,38.0,218.0,30.0,5.0,2071.0,24.0,6.0,13.0,0.0,0.0,1.0,3.0,0.0,0.0,1.0,0.0,0.0,0.0,0.0,0.0,0.0,0.0,0.0,0.0,0.0,2.0,0.0,0.0,1.0,1.0,0.0,0.0,0.0,0.0,0.0,1.0,0.0,0.0,0.0,1.0,11.0,6.0,4.0,6283.0
-14709_6876,2.0,119.0,245.0,169.0,0.0,351.0,3.0,64.0,140.0,1.0,0.0,0.0,3.0,6.0,13.0,116.0,46.0,0.0,11.0,159.0,0.0,0.0,6.0,38.0,16.0,4.0,595.0,14.0,0.0,4.0,0.0,0.0,0.0,0.0,0.0,0.0,0.0,0.0,0.0,0.0,0.0,0.0,0.0,0.0,0.0,0.0,0.0,1.0,0.0,0.0,0.0,2.0,0.0,0.0,0.0,0.0,0.0,2.0,0.0,0.0,0.0,0.0,5.0,5.0,0.0,2125.0
-14709_6877,4.0,168.0,798.0,164.0,0.0,503.0,6.0,64.0,186.0,1.0,0.0,8.0,1.0,6.0,15.0,170.0,85.0,0.0,14.0,255.0,0.0,0.0,25.0,39.0,14.0,4.0,669.0,11.0,4.0,7.0,0.0,0.0,0.0,3.0,0.0,0.0,0.0,0.0,0.0,0.0,0.0,0.0,0.0,0.0,0.0,0.0,0.0,0.0,0.0,0.0,0.0,0.0,0.0,0.0,0.0,0.0,0.0,0.0,0.0,0.0,0.0,0.0,3.0,0.0,3.0,3221.0
-14709_6878,1.0,39.0,98.0,52.0,0.0,124.0,1.0,18.0,44.0,0.0,0.0,0.0,0.0,1.0,0.0,41.0,20.0,0.0,1.0,42.0,0.0,0.0,6.0,12.0,6.0,1.0,200.0,1.0,0.0,6.0,0.0,0.0,0.0,0.0,0.0,0.0,0.0,0.0,0.0,0.0,0.0,0.0,0.0,0.0,0.0,0.0,0.0,0.0,0.0,0.0,0.0,1.0,0.0,0.0,0.0,0.0,0.0,1.0,0.0,0.0,0.0,0.0,2.0,2.0,0.0,714.0
-14709_6879,6.0,199.0,494.0,209.0,0.0,431.0,14.0,92.0,226.0,4.0,0.0,3.0,1.0,1.0,6.0,158.0,108.0,2.0,26.0,252.0,2.0,1.0,19.0,78.0,10.0,6.0,741.0,13.0,1.0,7.0,0.0,0.0,0.0,1.0,0.0,0.0,0.0,0.0,0.0,0.0,0.0,0.0,0.0,0.0,0.0,0.0,0.0,0.0,0.0,0.0,0.0,0.0,0.0,0.0,0.0,0.0,0.0,0.0,0.0,0.0,0.0,0.0,1.0,0.0,1.0,3110.0
-14709_6880,6.0,199.0,434.0,329.0,0.0,637.0,3.0,88.0,222.0,1.0,0.0,3.0,5.0,3.0,11.0,242.0,107.0,1.0,19.0,225.0,3.0,0.0,14.0,138.0,17.0,2.0,1052.0,16.0,5.0,10.0,0.0,0.0,0.0,1.0,0.0,0.0,0.0,0.0,0.0,1.0,0.0,0.0,1.0,0.0,0.0,0.0,0.0,0.0,0.0,0.0,3.0,1.0,0.0,0.0,0.0,0.0,0.0,3.0,1.0,0.0,0.0,0.0,11.0,9.0,1.0,3792.0
-14709_6881,4.0,352.0,925.0,656.0,0.0,884.0,17.0,185.0,363.0,6.0,0.0,9.0,5.0,7.0,26.0,301.0,250.0,2.0,30.0,436.0,21.0,0.0,21.0,329.0,25.0,3.0,1656.0,22.0,2.0,19.0,0.0,0.0,0.0,1.0,0.0,0.0,0.0,0.0,0.0,0.0,1.0,0.0,0.0,0.0,0.0,0.0,0.0,1.0,0.0,0.0,1.0,0.0,0.0,0.0,0.0,0.0,0.0,0.0,0.0,0.0,1.0,0.0,5.0,2.0,2.0,6556.0
-14709_6882,12.0,549.0,1701.0,624.0,0.0,1192.0,22.0,422.0,615.0,6.0,0.0,24.0,7.0,8.0,22.0,437.0,391.0,0.0,37.0,713.0,6.0,0.0,47.0,514.0,76.0,11.0,2865.0,61.0,1.0,47.0,0.0,0.0,1.0,3.0,0.0,0.0,0.0,0.0,0.0,0.0,0.0,0.0,0.0,0.0,0.0,0.0,0.0,4.0,0.0,0.0,0.0,3.0,0.0,0.0,0.0,0.0,0.0,2.0,0.0,0.0,0.0,0.0,13.0,9.0,3.0,10410.0
-14709_6883,1.0,49.0,176.0,38.0,1.0,120.0,3.0,21.0,50.0,2.0,0.0,2.0,1.0,0.0,5.0,47.0,51.0,0.0,4.0,70.0,1.0,0.0,5.0,24.0,5.0,1.0,212.0,8.0,0.0,4.0,0.0,0.0,0.0,0.0,0.0,0.0,0.0,0.0,0.0,0.0,0.0,0.0,0.0,0.0,0.0,0.0,0.0,2.0,0.0,0.0,0.0,0.0,0.0,0.0,0.0,0.0,0.0,0.0,0.0,0.0,0.0,0.0,2.0,2.0,0.0,901.0
-14710_6855,20.0,454.0,1618.0,306.0,0.0,601.0,19.0,80.0,179.0,6.0,0.0,12.0,3.0,1.0,7.0,293.0,222.0,0.0,35.0,365.0,2.0,0.0,25.0,178.0,31.0,2.0,670.0,52.0,10.0,23.0,0.0,0.0,0.0,0.0,0.0,0.0,0.0,0.0,0.0,0.0,0.0,0.0,0.0,0.0,0.0,0.0,0.0,0.0,0.0,0.0,1.0,1.0,0.0,0.0,0.0,0.0,0.0,1.0,1.0,0.0,0.0,0.0,4.0,4.0,0.0,5214.0
-14710_6856,0.0,1.0,4.0,0.0,0.0,3.0,0.0,0.0,0.0,0.0,0.0,0.0,0.0,0.0,0.0,1.0,3.0,0.0,0.0,0.0,0.0,0.0,0.0,2.0,0.0,0.0,3.0,0.0,0.0,0.0,0.0,0.0,0.0,0.0,0.0,0.0,0.0,0.0,0.0,0.0,0.0,0.0,0.0,0.0,0.0,0.0,0.0,1.0,0.0,0.0,0.0,0.0,0.0,0.0,0.0,0.0,0.0,0.0,0.0,0.0,0.0,0.0,1.0,1.0,0.0,17.0
-14710_6857,25.0,997.0,3170.0,343.0,2.0,1331.0,13.0,279.0,381.0,22.0,1.0,67.0,12.0,17.0,7.0,466.0,2350.0,1.0,145.0,918.0,19.0,2.0,120.0,496.0,51.0,7.0,1486.0,213.0,62.0,50.0,0.0,0.0,0.0,0.0,0.0,0.0,0.0,0.0,0.0,0.0,0.0,0.0,0.0,0.0,0.0,0.0,0.0,0.0,0.0,0.0,2.0,1.0,1.0,0.0,0.0,0.0,0.0,1.0,0.0,0.0,1.0,0.0,6.0,5.0,0.0,13053.0
-14710_6858,42.0,1937.0,6348.0,793.0,1.0,2174.0,22.0,445.0,409.0,47.0,0.0,66.0,11.0,13.0,34.0,889.0,5215.0,0.0,184.0,1550.0,27.0,0.0,137.0,876.0,54.0,13.0,2534.0,378.0,109.0,76.0,0.0,0.0,0.0,0.0,0.0,0.0,0.0,0.0,0.0,0.0,0.0,0.0,0.0,0.0,0.0,0.0,0.0,0.0,0.0,0.0,1.0,0.0,0.0,0.0,0.0,0.0,0.0,2.0,0.0,0.0,0.0,0.0,3.0,3.0,0.0,24384.0
-14710_6859,25.0,737.0,2712.0,327.0,0.0,1068.0,7.0,205.0,236.0,50.0,1.0,60.0,3.0,11.0,38.0,472.0,4087.0,2.0,67.0,672.0,19.0,0.0,75.0,746.0,30.0,5.0,1273.0,240.0,107.0,46.0,0.0,0.0,0.0,0.0,0.0,1.0,1.0,0.0,0.0,0.0,0.0,0.0,0.0,0.0,0.0,0.0,0.0,2.0,0.0,0.0,5.0,0.0,0.0,0.0,0.0,0.0,0.0,2.0,0.0,0.0,0.0,0.0,11.0,11.0,0.0,13321.0
-14710_6860,30.0,1104.0,3875.0,584.0,0.0,1649.0,18.0,425.0,460.0,36.0,1.0,97.0,7.0,15.0,45.0,634.0,6445.0,2.0,130.0,1051.0,8.0,1.0,125.0,949.0,40.0,7.0,1874.0,456.0,186.0,36.0,0.0,0.0,0.0,0.0,0.0,0.0,0.0,0.0,0.0,0.0,1.0,0.0,0.0,0.0,0.0,0.0,0.0,1.0,0.0,0.0,6.0,0.0,1.0,0.0,0.0,0.0,0.0,0.0,0.0,0.0,0.0,0.0,9.0,8.0,1.0,20290.0
-14710_6861,26.0,1008.0,3431.0,433.0,0.0,1369.0,15.0,232.0,306.0,53.0,0.0,37.0,8.0,8.0,29.0,550.0,5976.0,0.0,115.0,929.0,15.0,0.0,91.0,392.0,41.0,6.0,1337.0,313.0,179.0,43.0,0.0,0.0,0.0,0.0,0.0,0.0,0.0,0.0,0.0,0.0,0.0,0.0,0.0,0.0,0.0,0.0,0.0,0.0,0.0,0.0,2.0,1.0,0.0,0.0,0.0,0.0,0.0,1.0,0.0,0.0,0.0,0.0,4.0,4.0,0.0,16942.0
-14710_6862,20.0,422.0,1164.0,291.0,0.0,669.0,8.0,97.0,259.0,13.0,0.0,27.0,4.0,8.0,4.0,349.0,951.0,0.0,42.0,470.0,943.0,0.0,35.0,308.0,17.0,3.0,847.0,142.0,14.0,20.0,0.0,0.0,0.0,0.0,0.0,0.0,0.0,0.0,0.0,0.0,1.0,0.0,0.0,0.0,0.0,0.0,0.0,0.0,0.0,0.0,1.0,0.0,0.0,0.0,0.0,0.0,0.0,0.0,1.0,0.0,0.0,0.0,3.0,2.0,1.0,7127.0
-14710_6863,13.0,481.0,820.0,244.0,3.0,524.0,5.0,222.0,642.0,4.0,0.0,22.0,4.0,2.0,10.0,406.0,392.0,0.0,31.0,308.0,270.0,0.0,34.0,460.0,18.0,6.0,5825.0,80.0,3.0,8.0,0.0,0.0,0.0,0.0,0.0,0.0,0.0,0.0,0.0,0.0,0.0,0.0,0.0,0.0,0.0,0.0,0.0,0.0,0.0,1.0,0.0,0.0,0.0,0.0,0.0,0.0,0.0,0.0,0.0,0.0,0.0,0.0,1.0,0.0,0.0,10837.0
-14710_6864,14.0,183.0,497.0,158.0,1.0,287.0,1.0,62.0,139.0,2.0,0.0,9.0,2.0,0.0,1.0,219.0,164.0,0.0,13.0,150.0,6.0,0.0,25.0,95.0,8.0,3.0,1412.0,40.0,0.0,4.0,0.0,0.0,0.0,0.0,0.0,0.0,0.0,0.0,0.0,0.0,0.0,0.0,0.0,0.0,0.0,0.0,0.0,0.0,0.0,0.0,0.0,0.0,0.0,0.0,0.0,0.0,0.0,1.0,0.0,0.0,0.0,0.0,1.0,1.0,0.0,3495.0
-14710_6865,46.0,515.0,1597.0,470.0,0.0,1053.0,6.0,113.0,264.0,8.0,0.0,25.0,5.0,12.0,25.0,544.0,491.0,3.0,103.0,665.0,94.0,0.0,92.0,339.0,34.0,2.0,1035.0,168.0,1.0,27.0,1.0,0.0,0.0,0.0,0.0,0.0,0.0,0.0,0.0,0.0,0.0,0.0,1.0,0.0,0.0,0.0,0.0,0.0,0.0,0.0,2.0,0.0,0.0,0.0,0.0,0.0,0.0,1.0,0.0,0.0,1.0,0.0,6.0,3.0,1.0,7737.0
-14710_6866,20.0,372.0,1056.0,416.0,0.0,623.0,8.0,108.0,305.0,11.0,0.0,10.0,4.0,12.0,30.0,551.0,485.0,1.0,55.0,481.0,6.0,0.0,56.0,259.0,33.0,6.0,895.0,98.0,0.0,24.0,0.0,0.0,0.0,1.0,0.0,0.0,0.0,0.0,0.0,0.0,0.0,0.0,0.0,0.0,0.0,0.0,0.0,0.0,0.0,0.0,2.0,0.0,0.0,0.0,0.0,0.0,0.0,0.0,0.0,0.0,0.0,0.0,3.0,2.0,1.0,5925.0
-14710_6867,14.0,259.0,643.0,350.0,0.0,450.0,2.0,99.0,115.0,4.0,0.0,10.0,1.0,2.0,5.0,302.0,259.0,0.0,31.0,355.0,23.0,0.0,12.0,127.0,19.0,2.0,745.0,54.0,2.0,8.0,0.0,0.0,0.0,0.0,0.0,0.0,0.0,0.0,0.0,0.0,1.0,0.0,0.0,0.0,0.0,0.0,0.0,0.0,0.0,0.0,0.0,2.0,0.0,0.0,0.0,0.0,0.0,0.0,0.0,0.0,1.0,0.0,4.0,2.0,1.0,3893.0
-14710_6868,17.0,563.0,1655.0,706.0,0.0,1014.0,8.0,156.0,255.0,11.0,0.0,21.0,2.0,9.0,24.0,636.0,506.0,2.0,80.0,632.0,36.0,0.0,56.0,396.0,40.0,5.0,1395.0,124.0,4.0,27.0,1.0,0.0,0.0,1.0,0.0,0.0,0.0,0.0,0.0,1.0,0.0,0.0,0.0,0.0,0.0,0.0,0.0,1.0,0.0,0.0,0.0,0.0,0.0,0.0,0.0,0.0,0.0,0.0,0.0,0.0,2.0,0.0,6.0,2.0,2.0,8380.0
-14710_6869,17.0,583.0,1733.0,609.0,0.0,1125.0,2.0,182.0,274.0,8.0,0.0,15.0,5.0,8.0,38.0,695.0,346.0,5.0,65.0,537.0,15.0,0.0,82.0,496.0,45.0,2.0,1486.0,88.0,12.0,33.0,1.0,0.0,0.0,5.0,0.0,0.0,0.0,0.0,0.0,0.0,1.0,0.0,1.0,0.0,0.0,0.0,0.0,0.0,0.0,0.0,0.0,0.0,0.0,0.0,1.0,0.0,0.0,2.0,1.0,0.0,1.0,0.0,13.0,3.0,8.0,8506.0
-14710_6870,10.0,151.0,376.0,205.0,0.0,408.0,3.0,57.0,105.0,4.0,0.0,1.0,5.0,2.0,10.0,241.0,87.0,0.0,12.0,167.0,0.0,0.0,15.0,76.0,19.0,1.0,1283.0,18.0,0.0,5.0,0.0,0.0,0.0,0.0,0.0,0.0,0.0,0.0,0.0,0.0,1.0,0.0,0.0,0.0,0.0,0.0,0.0,1.0,0.0,0.0,0.0,1.0,0.0,0.0,0.0,0.0,0.0,0.0,0.0,0.0,1.0,0.0,4.0,2.0,1.0,3261.0
-14710_6871,16.0,348.0,907.0,396.0,0.0,753.0,4.0,111.0,399.0,3.0,0.0,6.0,4.0,4.0,17.0,438.0,196.0,0.0,26.0,398.0,2.0,1.0,38.0,177.0,28.0,6.0,2146.0,35.0,7.0,8.0,0.0,0.0,0.0,1.0,0.0,0.0,0.0,0.0,0.0,0.0,0.0,0.0,1.0,0.0,0.0,0.0,0.0,0.0,0.0,0.0,0.0,0.0,0.0,0.0,0.0,0.0,0.0,1.0,0.0,0.0,0.0,0.0,3.0,1.0,1.0,6474.0
-14710_6872,13.0,370.0,1028.0,426.0,0.0,809.0,7.0,139.0,398.0,8.0,0.0,10.0,6.0,5.0,32.0,412.0,222.0,1.0,34.0,374.0,7.0,0.0,36.0,189.0,40.0,0.0,1777.0,29.0,12.0,19.0,0.0,0.0,0.0,6.0,0.0,0.0,0.0,0.0,0.0,0.0,0.0,0.0,1.0,0.0,0.0,0.0,0.0,0.0,0.0,0.0,4.0,1.0,0.0,0.0,1.0,0.0,0.0,1.0,1.0,0.0,0.0,0.0,15.0,7.0,7.0,6403.0
-14710_6873,9.0,231.0,724.0,411.0,0.0,755.0,7.0,97.0,179.0,6.0,0.0,10.0,1.0,4.0,11.0,363.0,191.0,1.0,31.0,376.0,2.0,0.0,26.0,108.0,32.0,7.0,919.0,38.0,0.0,16.0,0.0,0.0,0.0,2.0,0.0,0.0,0.0,0.0,0.0,0.0,0.0,0.0,0.0,0.0,0.0,0.0,0.0,0.0,0.0,0.0,0.0,1.0,0.0,0.0,0.0,0.0,0.0,1.0,0.0,0.0,0.0,0.0,4.0,2.0,2.0,4555.0
-14710_6874,4.0,123.0,288.0,241.0,0.0,371.0,6.0,45.0,149.0,1.0,0.0,2.0,0.0,1.0,5.0,176.0,73.0,0.0,16.0,128.0,1.0,0.0,17.0,124.0,19.0,0.0,727.0,27.0,0.0,7.0,0.0,0.0,0.0,0.0,0.0,0.0,0.0,0.0,0.0,0.0,0.0,0.0,0.0,0.0,0.0,0.0,0.0,2.0,0.0,0.0,0.0,1.0,0.0,0.0,0.0,0.0,0.0,0.0,1.0,0.0,0.0,0.0,4.0,4.0,0.0,2551.0
-14710_6875,6.0,278.0,716.0,390.0,0.0,783.0,3.0,110.0,296.0,1.0,0.0,8.0,7.0,4.0,53.0,256.0,185.0,1.0,19.0,418.0,97.0,0.0,53.0,143.0,19.0,3.0,1270.0,34.0,39.0,10.0,0.0,0.0,0.0,1.0,0.0,1.0,0.0,0.0,0.0,0.0,1.0,0.0,0.0,0.0,0.0,0.0,0.0,2.0,0.0,0.0,0.0,3.0,0.0,0.0,0.0,0.0,0.0,0.0,0.0,0.0,1.0,0.0,9.0,6.0,2.0,5202.0
-14710_6876,2.0,316.0,751.0,337.0,0.0,618.0,6.0,125.0,347.0,0.0,0.0,4.0,3.0,5.0,29.0,235.0,160.0,1.0,24.0,384.0,7.0,0.0,29.0,94.0,20.0,4.0,1254.0,21.0,10.0,11.0,2.0,0.0,1.0,1.0,0.0,0.0,0.0,0.0,0.0,0.0,0.0,0.0,0.0,0.0,0.0,0.0,0.0,0.0,0.0,1.0,0.0,0.0,0.0,0.0,0.0,0.0,0.0,0.0,0.0,0.0,0.0,0.0,5.0,0.0,3.0,4797.0
-14710_6877,5.0,219.0,703.0,185.0,0.0,504.0,7.0,72.0,216.0,2.0,0.0,4.0,2.0,1.0,9.0,201.0,130.0,0.0,18.0,273.0,4.0,0.0,16.0,75.0,19.0,4.0,824.0,10.0,1.0,13.0,0.0,0.0,0.0,1.0,0.0,0.0,0.0,0.0,0.0,1.0,2.0,0.0,0.0,0.0,0.0,0.0,0.0,1.0,0.0,0.0,0.0,0.0,0.0,0.0,0.0,0.0,0.0,0.0,0.0,0.0,1.0,0.0,6.0,2.0,3.0,3517.0
-14710_6879,0.0,24.0,50.0,20.0,0.0,59.0,1.0,5.0,31.0,1.0,0.0,0.0,0.0,0.0,2.0,28.0,20.0,0.0,1.0,19.0,0.0,0.0,1.0,39.0,3.0,0.0,126.0,4.0,0.0,1.0,0.0,0.0,0.0,0.0,0.0,0.0,0.0,0.0,0.0,0.0,0.0,0.0,0.0,0.0,0.0,0.0,0.0,0.0,0.0,0.0,1.0,0.0,0.0,0.0,0.0,0.0,0.0,0.0,0.0,0.0,0.0,0.0,1.0,1.0,0.0,435.0
-14710_6880,9.0,268.0,674.0,236.0,0.0,780.0,9.0,87.0,241.0,3.0,0.0,9.0,1.0,5.0,5.0,277.0,165.0,0.0,40.0,408.0,3.0,0.0,16.0,177.0,17.0,5.0,1033.0,29.0,2.0,12.0,0.0,0.0,0.0,0.0,0.0,0.0,0.0,0.0,0.0,0.0,1.0,0.0,0.0,0.0,0.0,0.0,0.0,2.0,0.0,0.0,0.0,2.0,0.0,0.0,0.0,0.0,0.0,0.0,1.0,0.0,0.0,0.0,6.0,5.0,1.0,4511.0
-14710_6881,6.0,401.0,1069.0,216.0,0.0,779.0,9.0,172.0,408.0,0.0,0.0,30.0,5.0,8.0,23.0,249.0,473.0,1.0,32.0,435.0,56.0,0.0,54.0,159.0,26.0,8.0,1238.0,35.0,37.0,12.0,1.0,0.0,0.0,6.0,0.0,1.0,1.0,0.0,0.0,0.0,3.0,0.0,1.0,1.0,0.0,1.0,0.0,1.0,0.0,1.0,1.0,2.0,1.0,0.0,0.0,0.0,0.0,0.0,0.0,0.0,0.0,0.0,21.0,8.0,11.0,5941.0
-14710_6882,8.0,710.0,2080.0,483.0,0.0,1245.0,15.0,385.0,396.0,8.0,0.0,23.0,9.0,8.0,46.0,371.0,787.0,2.0,78.0,693.0,53.0,0.0,109.0,401.0,52.0,9.0,1939.0,109.0,17.0,27.0,1.0,0.0,0.0,0.0,0.0,0.0,0.0,0.0,0.0,0.0,0.0,0.0,1.0,0.0,0.0,0.0,0.0,0.0,0.0,0.0,1.0,1.0,0.0,0.0,0.0,0.0,0.0,3.0,0.0,0.0,0.0,0.0,7.0,5.0,1.0,10063.0
-14710_6883,13.0,887.0,2478.0,772.0,0.0,1523.0,23.0,459.0,853.0,14.0,0.0,30.0,6.0,2.0,75.0,439.0,1395.0,1.0,76.0,937.0,38.0,0.0,81.0,715.0,76.0,9.0,3041.0,123.0,26.0,54.0,1.0,1.0,0.0,5.0,0.0,0.0,0.0,0.0,1.0,0.0,0.0,0.0,1.0,0.0,0.0,0.0,0.0,1.0,0.0,0.0,2.0,1.0,0.0,0.0,0.0,0.0,0.0,0.0,1.0,0.0,1.0,0.0,15.0,6.0,7.0,14146.0
-14710_6884,11.0,273.0,893.0,239.0,0.0,632.0,16.0,138.0,241.0,5.0,0.0,14.0,5.0,2.0,2.0,180.0,247.0,0.0,28.0,407.0,8.0,0.0,14.0,169.0,30.0,2.0,1047.0,29.0,4.0,20.0,0.0,0.0,0.0,1.0,0.0,0.0,0.0,0.0,0.0,0.0,1.0,0.0,0.0,0.0,0.0,0.0,0.0,3.0,0.0,0.0,0.0,3.0,0.0,0.0,0.0,0.0,0.0,0.0,1.0,0.0,0.0,0.0,9.0,7.0,2.0,4656.0
-14711_6856,0.0,5.0,12.0,0.0,0.0,8.0,1.0,0.0,0.0,1.0,0.0,0.0,0.0,0.0,0.0,7.0,9.0,0.0,0.0,2.0,0.0,0.0,0.0,6.0,0.0,0.0,14.0,1.0,0.0,0.0,0.0,0.0,0.0,0.0,0.0,0.0,0.0,0.0,0.0,0.0,0.0,0.0,0.0,0.0,0.0,0.0,0.0,0.0,0.0,0.0,0.0,0.0,0.0,0.0,0.0,0.0,0.0,0.0,0.0,0.0,0.0,0.0,0.0,0.0,0.0,66.0
-14711_6857,10.0,389.0,1131.0,194.0,1.0,455.0,9.0,109.0,142.0,8.0,0.0,19.0,0.0,2.0,9.0,226.0,435.0,1.0,17.0,351.0,1.0,0.0,27.0,245.0,13.0,1.0,691.0,72.0,21.0,32.0,0.0,0.0,0.0,2.0,0.0,0.0,0.0,0.0,0.0,0.0,0.0,0.0,0.0,0.0,0.0,0.0,0.0,0.0,0.0,0.0,0.0,0.0,0.0,0.0,0.0,0.0,0.0,1.0,0.0,0.0,0.0,0.0,3.0,1.0,2.0,4611.0
-14711_6858,25.0,1229.0,3690.0,690.0,0.0,1721.0,25.0,222.0,395.0,37.0,0.0,20.0,7.0,7.0,12.0,792.0,2099.0,1.0,113.0,1167.0,10.0,0.0,47.0,532.0,52.0,6.0,1871.0,165.0,39.0,53.0,0.0,0.0,0.0,0.0,0.0,0.0,0.0,0.0,0.0,0.0,0.0,0.0,0.0,0.0,0.0,0.0,0.0,0.0,0.0,0.0,2.0,0.0,0.0,0.0,0.0,0.0,0.0,1.0,0.0,0.0,0.0,0.0,3.0,3.0,0.0,15027.0
-14711_6859,21.0,1365.0,4126.0,450.0,0.0,1407.0,48.0,555.0,465.0,30.0,0.0,53.0,6.0,14.0,27.0,561.0,2693.0,0.0,81.0,822.0,343.0,0.0,151.0,943.0,61.0,5.0,2156.0,282.0,46.0,75.0,0.0,0.0,0.0,0.0,0.0,0.0,1.0,0.0,0.0,1.0,0.0,0.0,0.0,1.0,0.0,0.0,0.0,1.0,0.0,0.0,6.0,3.0,0.0,0.0,0.0,0.0,0.0,2.0,1.0,0.0,0.0,0.0,16.0,16.0,0.0,16786.0
-14711_6860,64.0,1192.0,3549.0,523.0,2.0,1409.0,13.0,314.0,409.0,42.0,0.0,65.0,7.0,19.0,25.0,573.0,4086.0,0.0,125.0,925.0,18.0,0.0,106.0,697.0,34.0,6.0,2403.0,283.0,46.0,53.0,0.0,0.0,0.0,0.0,0.0,0.0,0.0,0.0,0.0,0.0,1.0,0.0,0.0,0.0,0.0,0.0,0.0,0.0,0.0,0.0,4.0,0.0,0.0,0.0,0.0,0.0,0.0,3.0,0.0,0.0,0.0,0.0,8.0,7.0,1.0,16988.0
-14711_6861,24.0,804.0,2707.0,549.0,2.0,1171.0,10.0,137.0,245.0,30.0,0.0,28.0,8.0,13.0,6.0,502.0,1904.0,0.0,102.0,859.0,3.0,0.0,64.0,414.0,38.0,10.0,1144.0,245.0,62.0,39.0,0.0,0.0,0.0,0.0,0.0,0.0,0.0,0.0,0.0,0.0,0.0,0.0,0.0,0.0,0.0,0.0,0.0,0.0,0.0,0.0,1.0,1.0,0.0,0.0,0.0,0.0,0.0,1.0,0.0,0.0,0.0,0.0,3.0,3.0,0.0,11120.0
-14711_6862,24.0,750.0,2545.0,437.0,0.0,1132.0,12.0,205.0,347.0,33.0,0.0,66.0,8.0,9.0,23.0,515.0,2688.0,2.0,66.0,755.0,41.0,0.0,52.0,546.0,42.0,3.0,1301.0,246.0,48.0,42.0,0.0,0.0,0.0,0.0,0.0,0.0,0.0,0.0,0.0,0.0,2.0,0.0,0.0,0.0,0.0,0.0,0.0,1.0,0.0,0.0,1.0,2.0,0.0,0.0,0.0,0.0,0.0,0.0,0.0,0.0,0.0,0.0,6.0,4.0,2.0,11938.0
-14711_6863,20.0,696.0,1720.0,355.0,4.0,868.0,10.0,203.0,394.0,17.0,0.0,69.0,2.0,5.0,30.0,473.0,1671.0,1.0,62.0,582.0,373.0,0.0,68.0,518.0,21.0,2.0,3527.0,224.0,40.0,24.0,0.0,0.0,0.0,0.0,0.0,0.0,0.0,0.0,0.0,0.0,1.0,0.0,0.0,0.0,0.0,0.0,0.0,1.0,0.0,0.0,1.0,0.0,0.0,0.0,0.0,0.0,0.0,1.0,0.0,0.0,1.0,0.0,5.0,3.0,1.0,11979.0
-14711_6864,15.0,409.0,904.0,331.0,3.0,629.0,5.0,193.0,428.0,7.0,0.0,22.0,7.0,8.0,22.0,554.0,830.0,0.0,31.0,410.0,154.0,0.0,43.0,295.0,21.0,3.0,1671.0,142.0,19.0,21.0,0.0,0.0,0.0,0.0,0.0,0.0,0.0,0.0,0.0,0.0,1.0,0.0,0.0,0.0,0.0,0.0,0.0,0.0,0.0,0.0,2.0,0.0,0.0,0.0,0.0,0.0,0.0,0.0,0.0,0.0,1.0,0.0,4.0,2.0,1.0,7177.0
-14711_6865,20.0,345.0,833.0,338.0,1.0,638.0,3.0,77.0,185.0,4.0,0.0,15.0,3.0,3.0,13.0,386.0,318.0,0.0,39.0,412.0,472.0,0.0,37.0,155.0,21.0,2.0,839.0,77.0,2.0,24.0,0.0,0.0,0.0,0.0,0.0,0.0,0.0,0.0,0.0,0.0,0.0,0.0,0.0,0.0,0.0,0.0,0.0,0.0,0.0,0.0,0.0,0.0,0.0,0.0,0.0,0.0,0.0,0.0,0.0,0.0,0.0,0.0,0.0,0.0,0.0,5262.0
-14711_6866,20.0,360.0,965.0,308.0,1.0,753.0,9.0,74.0,191.0,2.0,0.0,23.0,2.0,5.0,14.0,378.0,371.0,1.0,50.0,440.0,1.0,0.0,53.0,200.0,21.0,5.0,662.0,131.0,0.0,16.0,0.0,0.0,0.0,0.0,0.0,0.0,0.0,0.0,0.0,0.0,2.0,0.0,0.0,0.0,0.0,0.0,0.0,1.0,0.0,0.0,1.0,1.0,0.0,0.0,0.0,0.0,0.0,0.0,0.0,0.0,0.0,0.0,5.0,3.0,2.0,5056.0
-14711_6867,29.0,476.0,1417.0,296.0,0.0,648.0,6.0,100.0,132.0,7.0,0.0,12.0,2.0,10.0,11.0,408.0,454.0,1.0,46.0,394.0,0.0,0.0,88.0,104.0,30.0,1.0,769.0,106.0,0.0,13.0,0.0,0.0,0.0,0.0,0.0,0.0,0.0,0.0,0.0,0.0,0.0,0.0,0.0,0.0,0.0,0.0,0.0,1.0,0.0,0.0,2.0,1.0,0.0,0.0,0.0,0.0,0.0,1.0,0.0,0.0,0.0,0.0,5.0,5.0,0.0,5560.0
-14711_6868,5.0,181.0,467.0,291.0,0.0,412.0,7.0,40.0,113.0,2.0,0.0,6.0,2.0,4.0,4.0,279.0,107.0,0.0,25.0,259.0,7.0,0.0,24.0,102.0,15.0,4.0,655.0,27.0,0.0,11.0,0.0,0.0,0.0,0.0,0.0,0.0,0.0,0.0,0.0,0.0,0.0,0.0,0.0,0.0,0.0,0.0,0.0,1.0,0.0,0.0,0.0,1.0,0.0,0.0,0.0,0.0,0.0,0.0,0.0,0.0,1.0,0.0,3.0,2.0,0.0,3049.0
-14711_6869,23.0,683.0,1725.0,686.0,2.0,1170.0,5.0,278.0,486.0,7.0,0.0,10.0,2.0,10.0,17.0,670.0,540.0,0.0,62.0,607.0,214.0,1.0,49.0,524.0,55.0,8.0,2688.0,90.0,5.0,27.0,1.0,0.0,2.0,2.0,0.0,0.0,0.0,0.0,0.0,0.0,2.0,0.0,1.0,0.0,0.0,0.0,0.0,0.0,0.0,2.0,0.0,1.0,0.0,0.0,0.0,0.0,0.0,2.0,2.0,0.0,0.0,0.0,15.0,5.0,5.0,10644.0
-14711_6870,14.0,187.0,629.0,513.0,0.0,751.0,5.0,74.0,167.0,7.0,0.0,3.0,4.0,11.0,4.0,418.0,93.0,1.0,37.0,294.0,2.0,0.0,10.0,152.0,21.0,3.0,850.0,16.0,0.0,14.0,0.0,0.0,0.0,0.0,0.0,0.0,0.0,0.0,0.0,0.0,0.0,0.0,0.0,0.0,0.0,0.0,0.0,1.0,0.0,0.0,1.0,1.0,0.0,0.0,0.0,0.0,0.0,1.0,0.0,0.0,0.0,0.0,4.0,4.0,0.0,4280.0
-14711_6871,6.0,155.0,464.0,283.0,0.0,489.0,5.0,61.0,119.0,0.0,0.0,1.0,4.0,3.0,3.0,310.0,122.0,2.0,10.0,153.0,3.0,0.0,16.0,114.0,27.0,1.0,750.0,17.0,0.0,8.0,0.0,0.0,0.0,0.0,0.0,0.0,0.0,0.0,0.0,0.0,1.0,0.0,0.0,0.0,0.0,0.0,0.0,1.0,0.0,0.0,0.0,3.0,0.0,0.0,0.0,0.0,0.0,1.0,0.0,0.0,0.0,0.0,6.0,5.0,1.0,3126.0
-14711_6872,9.0,371.0,1145.0,431.0,0.0,938.0,6.0,124.0,347.0,9.0,0.0,8.0,2.0,6.0,37.0,465.0,327.0,0.0,59.0,473.0,9.0,0.0,34.0,220.0,26.0,7.0,1243.0,40.0,5.0,30.0,0.0,0.0,0.0,1.0,0.0,0.0,0.0,0.0,0.0,0.0,0.0,0.0,0.0,0.0,0.0,0.0,0.0,0.0,0.0,0.0,1.0,0.0,0.0,0.0,0.0,0.0,0.0,0.0,0.0,0.0,0.0,0.0,2.0,1.0,1.0,6371.0
-14711_6873,11.0,326.0,1080.0,391.0,1.0,798.0,5.0,151.0,258.0,2.0,0.0,10.0,2.0,12.0,26.0,436.0,365.0,2.0,62.0,507.0,4.0,0.0,26.0,232.0,36.0,4.0,1395.0,60.0,5.0,17.0,0.0,0.0,0.0,1.0,0.0,0.0,0.0,0.0,0.0,0.0,0.0,0.0,0.0,0.0,0.0,0.0,0.0,0.0,0.0,1.0,0.0,0.0,0.0,0.0,0.0,0.0,0.0,0.0,0.0,0.0,1.0,0.0,3.0,0.0,1.0,6224.0
-14711_6874,9.0,422.0,1307.0,455.0,1.0,918.0,8.0,192.0,295.0,11.0,0.0,15.0,9.0,7.0,45.0,464.0,377.0,0.0,65.0,552.0,6.0,0.0,58.0,296.0,61.0,7.0,1221.0,65.0,1.0,11.0,0.0,0.0,0.0,1.0,0.0,0.0,0.0,0.0,0.0,1.0,1.0,0.0,0.0,0.0,0.0,0.0,0.0,0.0,0.0,0.0,4.0,0.0,0.0,0.0,1.0,0.0,0.0,0.0,0.0,0.0,0.0,0.0,8.0,5.0,3.0,6878.0
-14711_6875,13.0,383.0,1632.0,405.0,0.0,987.0,10.0,113.0,198.0,13.0,0.0,13.0,5.0,3.0,39.0,334.0,375.0,0.0,58.0,411.0,59.0,0.0,72.0,214.0,53.0,5.0,953.0,65.0,12.0,30.0,0.0,0.0,0.0,1.0,0.0,0.0,0.0,0.0,0.0,0.0,0.0,0.0,0.0,0.0,0.0,0.0,0.0,1.0,0.0,0.0,0.0,2.0,0.0,0.0,0.0,0.0,0.0,0.0,1.0,0.0,0.0,0.0,5.0,4.0,1.0,6455.0
-14711_6876,2.0,150.0,497.0,163.0,0.0,401.0,19.0,105.0,135.0,0.0,0.0,4.0,4.0,3.0,4.0,165.0,94.0,0.0,11.0,205.0,2.0,0.0,20.0,49.0,25.0,1.0,817.0,14.0,1.0,16.0,0.0,0.0,0.0,0.0,0.0,0.0,0.0,0.0,0.0,0.0,0.0,1.0,0.0,0.0,0.0,0.0,0.0,1.0,0.0,0.0,3.0,1.0,0.0,0.0,0.0,0.0,0.0,2.0,0.0,0.0,0.0,0.0,8.0,8.0,0.0,2907.0
-14711_6877,1.0,402.0,1027.0,288.0,0.0,844.0,34.0,154.0,399.0,2.0,0.0,17.0,5.0,5.0,9.0,317.0,245.0,0.0,59.0,499.0,21.0,0.0,41.0,132.0,32.0,10.0,1662.0,31.0,3.0,34.0,0.0,0.0,0.0,0.0,0.0,0.0,0.0,0.0,0.0,0.0,0.0,0.0,0.0,0.0,0.0,0.0,0.0,0.0,0.0,0.0,4.0,1.0,1.0,0.0,0.0,0.0,0.0,0.0,0.0,0.0,0.0,0.0,6.0,6.0,0.0,6273.0
-14711_6878,4.0,349.0,967.0,330.0,1.0,762.0,18.0,115.0,331.0,7.0,0.0,4.0,3.0,6.0,11.0,349.0,231.0,1.0,32.0,503.0,33.0,0.0,25.0,101.0,41.0,3.0,1185.0,25.0,12.0,25.0,0.0,0.0,0.0,1.0,0.0,0.0,0.0,0.0,0.0,0.0,1.0,0.0,0.0,0.0,0.0,0.0,0.0,0.0,0.0,0.0,2.0,0.0,0.0,0.0,0.0,0.0,0.0,2.0,0.0,0.0,0.0,0.0,6.0,4.0,2.0,5474.0
-14711_6879,6.0,138.0,326.0,143.0,0.0,328.0,1.0,45.0,120.0,0.0,0.0,8.0,1.0,4.0,5.0,189.0,123.0,0.0,18.0,187.0,1.0,0.0,16.0,70.0,11.0,0.0,540.0,13.0,0.0,9.0,0.0,0.0,0.0,0.0,0.0,0.0,0.0,0.0,0.0,0.0,1.0,0.0,0.0,0.0,0.0,0.0,0.0,0.0,0.0,0.0,0.0,1.0,0.0,0.0,0.0,0.0,0.0,0.0,0.0,0.0,0.0,0.0,2.0,1.0,1.0,2302.0
-14711_6880,8.0,385.0,1098.0,267.0,0.0,814.0,9.0,115.0,286.0,4.0,0.0,12.0,2.0,3.0,2.0,349.0,214.0,2.0,44.0,533.0,2.0,0.0,21.0,213.0,26.0,6.0,1649.0,43.0,1.0,19.0,0.0,0.0,0.0,0.0,0.0,0.0,0.0,0.0,0.0,0.0,0.0,0.0,1.0,0.0,0.0,0.0,0.0,0.0,0.0,0.0,0.0,2.0,0.0,0.0,0.0,0.0,0.0,1.0,0.0,0.0,0.0,0.0,4.0,3.0,0.0,6127.0
-14711_6881,12.0,449.0,1229.0,352.0,0.0,848.0,17.0,123.0,246.0,6.0,0.0,6.0,4.0,3.0,8.0,288.0,219.0,2.0,45.0,445.0,6.0,1.0,24.0,200.0,32.0,5.0,1330.0,40.0,0.0,16.0,0.0,0.0,0.0,0.0,0.0,0.0,0.0,0.0,0.0,0.0,1.0,0.0,0.0,0.0,0.0,0.0,0.0,0.0,0.0,0.0,1.0,0.0,0.0,0.0,0.0,0.0,0.0,0.0,2.0,0.0,0.0,0.0,4.0,3.0,1.0,5956.0
-14711_6882,4.0,336.0,970.0,229.0,2.0,636.0,5.0,136.0,232.0,3.0,0.0,11.0,8.0,6.0,16.0,243.0,367.0,3.0,51.0,419.0,14.0,0.0,25.0,146.0,26.0,9.0,1196.0,49.0,2.0,13.0,0.0,0.0,0.0,0.0,0.0,0.0,0.0,0.0,0.0,0.0,0.0,0.0,0.0,0.0,0.0,0.0,0.0,1.0,0.0,0.0,1.0,1.0,0.0,0.0,0.0,0.0,0.0,0.0,0.0,0.0,1.0,0.0,4.0,3.0,0.0,5157.0
-14711_6883,14.0,676.0,2006.0,440.0,0.0,1146.0,15.0,351.0,507.0,10.0,0.0,30.0,5.0,9.0,38.0,453.0,646.0,1.0,62.0,735.0,514.0,0.0,64.0,490.0,62.0,11.0,1853.0,106.0,6.0,27.0,0.0,0.0,0.0,1.0,0.0,0.0,0.0,0.0,0.0,0.0,0.0,0.0,0.0,1.0,0.0,0.0,0.0,0.0,0.0,0.0,4.0,4.0,0.0,0.0,0.0,0.0,0.0,3.0,0.0,0.0,1.0,0.0,14.0,12.0,1.0,10277.0
-14711_6884,9.0,423.0,1462.0,488.0,0.0,1070.0,10.0,210.0,326.0,5.0,0.0,12.0,5.0,7.0,7.0,356.0,503.0,1.0,61.0,578.0,26.0,1.0,26.0,447.0,39.0,6.0,1784.0,49.0,4.0,30.0,0.0,0.0,0.0,2.0,0.0,0.0,0.0,0.0,0.0,0.0,0.0,0.0,0.0,0.0,0.0,0.0,0.0,0.0,0.0,0.0,2.0,0.0,0.0,0.0,0.0,0.0,0.0,0.0,0.0,0.0,0.0,0.0,4.0,2.0,2.0,7945.0
-14711_6885,11.0,478.0,1590.0,474.0,0.0,953.0,24.0,266.0,346.0,10.0,0.0,8.0,6.0,3.0,12.0,280.0,658.0,1.0,54.0,628.0,31.0,1.0,20.0,364.0,59.0,8.0,1817.0,46.0,16.0,32.0,0.0,0.0,0.0,0.0,0.0,0.0,0.0,0.0,0.0,0.0,1.0,0.0,0.0,0.0,0.0,0.0,0.0,3.0,0.0,0.0,1.0,1.0,0.0,0.0,0.0,0.0,0.0,1.0,2.0,0.0,0.0,0.0,9.0,8.0,1.0,8196.0
-14712_6858,0.0,63.0,167.0,45.0,0.0,96.0,0.0,23.0,20.0,1.0,0.0,3.0,1.0,1.0,0.0,57.0,36.0,0.0,5.0,84.0,0.0,0.0,2.0,48.0,2.0,0.0,130.0,7.0,0.0,7.0,0.0,0.0,0.0,0.0,0.0,0.0,0.0,0.0,0.0,0.0,0.0,0.0,0.0,0.0,0.0,0.0,0.0,0.0,0.0,0.0,0.0,0.0,0.0,0.0,0.0,0.0,0.0,0.0,0.0,0.0,0.0,0.0,0.0,0.0,0.0,798.0
-14712_6859,8.0,382.0,1110.0,330.0,0.0,758.0,11.0,97.0,151.0,3.0,0.0,6.0,3.0,4.0,2.0,453.0,291.0,0.0,41.0,366.0,59.0,0.0,12.0,354.0,26.0,6.0,1173.0,59.0,4.0,30.0,0.0,0.0,0.0,0.0,0.0,0.0,0.0,0.0,0.0,0.0,0.0,0.0,0.0,0.0,0.0,0.0,0.0,1.0,0.0,0.0,2.0,2.0,0.0,0.0,0.0,0.0,0.0,0.0,0.0,0.0,0.0,0.0,5.0,5.0,0.0,5739.0
-14712_6860,34.0,823.0,2386.0,555.0,1.0,1210.0,14.0,170.0,286.0,43.0,0.0,35.0,4.0,9.0,12.0,569.0,1215.0,2.0,88.0,756.0,5.0,1.0,58.0,470.0,27.0,3.0,1395.0,168.0,71.0,44.0,0.0,0.0,0.0,0.0,0.0,0.0,1.0,0.0,0.0,0.0,0.0,0.0,0.0,0.0,0.0,0.0,0.0,0.0,0.0,0.0,8.0,0.0,0.0,0.0,0.0,0.0,0.0,1.0,0.0,0.0,1.0,0.0,11.0,10.0,0.0,10454.0
-14712_6861,35.0,839.0,2545.0,387.0,0.0,1066.0,9.0,140.0,251.0,26.0,0.0,32.0,6.0,13.0,5.0,502.0,1269.0,1.0,100.0,720.0,3.0,0.0,50.0,383.0,38.0,10.0,1144.0,202.0,34.0,37.0,0.0,0.0,0.0,0.0,0.0,0.0,0.0,0.0,0.0,0.0,0.0,0.0,0.0,0.0,0.0,0.0,0.0,0.0,0.0,0.0,4.0,1.0,0.0,0.0,0.0,0.0,0.0,1.0,0.0,0.0,0.0,0.0,6.0,6.0,0.0,9847.0
-14712_6862,20.0,774.0,2159.0,570.0,1.0,1086.0,11.0,169.0,346.0,34.0,0.0,34.0,1.0,7.0,10.0,635.0,1670.0,0.0,86.0,895.0,12.0,0.0,53.0,557.0,29.0,8.0,1409.0,248.0,61.0,35.0,0.0,0.0,0.0,0.0,0.0,0.0,0.0,0.0,0.0,0.0,1.0,0.0,0.0,0.0,0.0,0.0,0.0,1.0,0.0,0.0,6.0,1.0,0.0,0.0,0.0,0.0,0.0,0.0,0.0,0.0,0.0,0.0,9.0,8.0,1.0,10920.0
-14712_6863,33.0,1129.0,3055.0,690.0,1.0,1415.0,20.0,384.0,616.0,33.0,0.0,83.0,5.0,7.0,22.0,620.0,2048.0,3.0,101.0,1007.0,226.0,2.0,98.0,731.0,62.0,1.0,1639.0,296.0,53.0,48.0,0.0,0.0,0.0,0.0,0.0,0.0,0.0,0.0,0.0,0.0,1.0,0.0,0.0,0.0,0.0,0.0,0.0,0.0,0.0,0.0,3.0,0.0,0.0,0.0,0.0,0.0,0.0,2.0,0.0,0.0,0.0,0.0,6.0,5.0,1.0,14428.0
-14712_6864,18.0,266.0,851.0,311.0,0.0,656.0,3.0,56.0,174.0,9.0,0.0,15.0,5.0,5.0,5.0,316.0,469.0,2.0,41.0,421.0,13.0,0.0,20.0,168.0,21.0,2.0,588.0,106.0,14.0,29.0,0.0,0.0,0.0,0.0,0.0,0.0,0.0,0.0,0.0,0.0,0.0,0.0,0.0,0.0,0.0,0.0,0.0,0.0,0.0,0.0,0.0,0.0,0.0,0.0,0.0,0.0,0.0,0.0,0.0,0.0,0.0,0.0,0.0,0.0,0.0,4584.0
-14712_6865,28.0,450.0,1301.0,543.0,1.0,870.0,4.0,94.0,209.0,10.0,0.0,16.0,6.0,7.0,20.0,489.0,403.0,1.0,82.0,546.0,23.0,0.0,46.0,234.0,26.0,5.0,853.0,111.0,4.0,22.0,0.0,0.0,0.0,0.0,0.0,0.0,0.0,0.0,0.0,0.0,0.0,0.0,0.0,0.0,0.0,0.0,0.0,0.0,0.0,0.0,1.0,1.0,0.0,0.0,0.0,0.0,0.0,1.0,0.0,0.0,0.0,0.0,3.0,3.0,0.0,6404.0
-14712_6866,25.0,512.0,1168.0,410.0,1.0,805.0,5.0,196.0,345.0,2.0,0.0,21.0,3.0,11.0,28.0,483.0,529.0,0.0,49.0,561.0,286.0,1.0,54.0,337.0,42.0,5.0,1550.0,119.0,4.0,21.0,0.0,0.0,0.0,0.0,0.0,0.0,0.0,0.0,0.0,0.0,1.0,0.0,0.0,0.0,0.0,0.0,0.0,0.0,0.0,1.0,2.0,0.0,0.0,0.0,0.0,0.0,0.0,1.0,0.0,0.0,0.0,0.0,5.0,3.0,1.0,7573.0
-14712_6867,16.0,339.0,766.0,390.0,2.0,728.0,3.0,99.0,296.0,5.0,0.0,9.0,3.0,3.0,6.0,378.0,258.0,0.0,50.0,404.0,145.0,0.0,42.0,128.0,21.0,5.0,1884.0,69.0,0.0,9.0,0.0,0.0,0.0,0.0,0.0,0.0,0.0,0.0,0.0,0.0,0.0,0.0,0.0,0.0,0.0,0.0,0.0,0.0,0.0,0.0,0.0,0.0,0.0,0.0,0.0,0.0,0.0,0.0,1.0,0.0,1.0,0.0,2.0,1.0,0.0,6058.0
-14712_6868,9.0,322.0,900.0,453.0,0.0,685.0,6.0,76.0,262.0,8.0,0.0,9.0,2.0,7.0,11.0,393.0,140.0,1.0,42.0,382.0,2.0,0.0,23.0,170.0,28.0,2.0,963.0,46.0,0.0,12.0,0.0,0.0,0.0,0.0,0.0,1.0,0.0,0.0,0.0,0.0,1.0,0.0,1.0,0.0,0.0,0.0,0.0,0.0,0.0,0.0,1.0,0.0,0.0,0.0,0.0,0.0,0.0,1.0,0.0,0.0,0.0,0.0,5.0,3.0,1.0,4954.0
-14712_6869,24.0,216.0,596.0,342.0,0.0,552.0,5.0,43.0,113.0,1.0,0.0,8.0,2.0,3.0,6.0,330.0,160.0,0.0,32.0,264.0,2.0,0.0,11.0,148.0,9.0,5.0,746.0,42.0,0.0,12.0,0.0,0.0,0.0,0.0,0.0,0.0,0.0,0.0,0.0,0.0,1.0,0.0,0.0,0.0,0.0,0.0,0.0,0.0,0.0,0.0,0.0,0.0,0.0,0.0,0.0,0.0,0.0,0.0,0.0,0.0,0.0,0.0,1.0,0.0,1.0,3672.0
-14712_6870,18.0,331.0,978.0,424.0,0.0,922.0,8.0,91.0,194.0,3.0,0.0,3.0,5.0,8.0,12.0,504.0,229.0,1.0,33.0,388.0,8.0,0.0,30.0,168.0,34.0,4.0,1136.0,38.0,2.0,19.0,0.0,0.0,0.0,3.0,0.0,0.0,0.0,0.0,0.0,0.0,0.0,0.0,1.0,0.0,0.0,0.0,0.0,0.0,0.0,0.0,1.0,0.0,0.0,0.0,0.0,0.0,0.0,1.0,0.0,0.0,1.0,0.0,7.0,2.0,3.0,5591.0
-14712_6871,3.0,114.0,399.0,348.0,0.0,429.0,1.0,46.0,119.0,3.0,0.0,2.0,1.0,3.0,13.0,238.0,151.0,0.0,12.0,173.0,6.0,0.0,10.0,92.0,12.0,1.0,669.0,13.0,0.0,8.0,0.0,0.0,0.0,2.0,0.0,0.0,0.0,0.0,0.0,0.0,0.0,0.0,0.0,0.0,0.0,0.0,0.0,0.0,0.0,0.0,0.0,1.0,0.0,0.0,0.0,0.0,0.0,0.0,0.0,0.0,0.0,0.0,3.0,1.0,2.0,2866.0
-14712_6872,9.0,271.0,734.0,312.0,0.0,620.0,3.0,90.0,193.0,2.0,1.0,8.0,7.0,8.0,15.0,308.0,197.0,0.0,18.0,268.0,6.0,0.0,24.0,118.0,32.0,1.0,1037.0,28.0,8.0,10.0,0.0,0.0,0.0,0.0,0.0,0.0,3.0,0.0,0.0,0.0,0.0,0.0,0.0,1.0,0.0,0.0,0.0,1.0,0.0,0.0,0.0,1.0,0.0,0.0,0.0,0.0,0.0,1.0,0.0,0.0,1.0,0.0,8.0,7.0,0.0,4328.0
-14712_6873,6.0,296.0,905.0,381.0,1.0,872.0,4.0,93.0,179.0,2.0,0.0,5.0,1.0,5.0,16.0,400.0,209.0,0.0,56.0,396.0,2.0,0.0,24.0,117.0,34.0,5.0,903.0,55.0,4.0,28.0,0.0,0.0,0.0,1.0,0.0,0.0,0.0,0.0,0.0,0.0,0.0,0.0,0.0,0.0,0.0,0.0,0.0,0.0,0.0,0.0,3.0,1.0,0.0,0.0,0.0,0.0,0.0,1.0,0.0,0.0,0.0,0.0,6.0,5.0,1.0,4999.0
-14712_6874,19.0,646.0,2117.0,454.0,0.0,1064.0,17.0,284.0,259.0,13.0,0.0,17.0,15.0,6.0,38.0,475.0,676.0,1.0,69.0,600.0,9.0,1.0,142.0,308.0,53.0,2.0,1368.0,140.0,4.0,40.0,0.0,0.0,0.0,0.0,0.0,0.0,0.0,0.0,0.0,0.0,0.0,0.0,0.0,0.0,0.0,0.0,0.0,0.0,0.0,0.0,1.0,0.0,0.0,0.0,0.0,0.0,0.0,1.0,0.0,0.0,1.0,0.0,3.0,2.0,0.0,8837.0
-14712_6875,15.0,601.0,1607.0,482.0,0.0,1537.0,12.0,245.0,418.0,10.0,0.0,15.0,7.0,7.0,51.0,462.0,432.0,0.0,44.0,511.0,534.0,0.0,82.0,474.0,70.0,11.0,2035.0,61.0,35.0,33.0,0.0,0.0,0.0,0.0,0.0,0.0,0.0,0.0,0.0,0.0,0.0,0.0,0.0,0.0,0.0,0.0,0.0,0.0,0.0,0.0,3.0,2.0,0.0,0.0,0.0,0.0,0.0,1.0,2.0,0.0,2.0,0.0,10.0,8.0,0.0,9791.0
-14712_6876,7.0,239.0,815.0,258.0,0.0,668.0,7.0,143.0,166.0,10.0,0.0,12.0,1.0,4.0,25.0,261.0,236.0,2.0,43.0,347.0,5.0,0.0,37.0,115.0,36.0,8.0,987.0,43.0,1.0,27.0,0.0,0.0,0.0,0.0,0.0,0.0,0.0,0.0,0.0,0.0,0.0,0.0,0.0,0.0,0.0,0.0,0.0,0.0,0.0,0.0,1.0,1.0,0.0,0.0,0.0,0.0,0.0,3.0,0.0,0.0,0.0,0.0,5.0,5.0,0.0,4503.0
-14712_6877,1.0,71.0,203.0,111.0,0.0,177.0,1.0,29.0,76.0,1.0,0.0,0.0,2.0,2.0,1.0,70.0,37.0,0.0,12.0,92.0,0.0,0.0,3.0,23.0,11.0,0.0,308.0,4.0,0.0,1.0,0.0,0.0,0.0,0.0,0.0,0.0,0.0,0.0,0.0,0.0,0.0,0.0,0.0,0.0,0.0,0.0,0.0,0.0,0.0,0.0,0.0,1.0,0.0,0.0,0.0,0.0,0.0,0.0,0.0,0.0,0.0,0.0,1.0,1.0,0.0,1236.0
-14712_6878,7.0,176.0,404.0,271.0,1.0,442.0,0.0,60.0,237.0,1.0,0.0,4.0,1.0,4.0,3.0,154.0,131.0,2.0,8.0,276.0,6.0,0.0,17.0,78.0,16.0,5.0,658.0,15.0,3.0,5.0,0.0,0.0,0.0,0.0,0.0,0.0,0.0,0.0,0.0,0.0,0.0,0.0,0.0,1.0,0.0,0.0,0.0,0.0,0.0,0.0,1.0,2.0,0.0,0.0,0.0,0.0,0.0,2.0,1.0,0.0,0.0,0.0,7.0,7.0,0.0,2985.0
-14712_6879,1.0,221.0,663.0,328.0,0.0,678.0,6.0,95.0,198.0,3.0,0.0,6.0,2.0,7.0,27.0,241.0,245.0,0.0,12.0,302.0,3.0,1.0,25.0,118.0,20.0,1.0,783.0,34.0,9.0,8.0,0.0,0.0,0.0,2.0,0.0,0.0,0.0,0.0,0.0,0.0,1.0,0.0,0.0,0.0,0.0,0.0,0.0,1.0,0.0,0.0,1.0,1.0,0.0,0.0,0.0,0.0,0.0,0.0,0.0,0.0,0.0,0.0,6.0,3.0,3.0,4037.0
-14712_6880,10.0,395.0,1094.0,490.0,0.0,956.0,5.0,130.0,389.0,5.0,0.0,16.0,1.0,5.0,12.0,420.0,350.0,2.0,67.0,424.0,2.0,0.0,24.0,220.0,29.0,4.0,1482.0,55.0,6.0,21.0,0.0,0.0,0.0,0.0,0.0,0.0,1.0,0.0,0.0,0.0,1.0,0.0,1.0,0.0,0.0,0.0,0.0,1.0,0.0,0.0,1.0,1.0,0.0,0.0,0.0,0.0,0.0,0.0,0.0,0.0,0.0,0.0,6.0,4.0,1.0,6614.0
-14712_6881,13.0,632.0,1797.0,534.0,0.0,1202.0,5.0,168.0,609.0,7.0,0.0,27.0,14.0,7.0,49.0,509.0,615.0,3.0,67.0,619.0,29.0,0.0,74.0,427.0,33.0,7.0,2052.0,80.0,12.0,30.0,0.0,0.0,0.0,1.0,0.0,0.0,0.0,0.0,0.0,0.0,0.0,0.0,1.0,0.0,0.0,0.0,0.0,0.0,0.0,0.0,1.0,1.0,0.0,0.0,0.0,0.0,0.0,0.0,0.0,0.0,3.0,0.0,7.0,2.0,1.0,9621.0
-14712_6882,2.0,71.0,205.0,66.0,0.0,207.0,1.0,19.0,45.0,1.0,0.0,2.0,2.0,2.0,1.0,59.0,60.0,0.0,15.0,91.0,0.0,0.0,4.0,28.0,9.0,2.0,245.0,3.0,0.0,3.0,0.0,0.0,0.0,0.0,0.0,0.0,0.0,0.0,0.0,0.0,0.0,0.0,0.0,0.0,0.0,0.0,0.0,1.0,0.0,0.0,0.0,1.0,0.0,0.0,0.0,0.0,0.0,0.0,0.0,0.0,0.0,0.0,2.0,2.0,0.0,1143.0
-14712_6883,5.0,171.0,575.0,323.0,0.0,724.0,4.0,72.0,244.0,2.0,0.0,4.0,6.0,4.0,0.0,257.0,119.0,1.0,36.0,404.0,7.0,0.0,7.0,132.0,19.0,3.0,1039.0,21.0,0.0,8.0,0.0,0.0,0.0,0.0,0.0,0.0,0.0,0.0,0.0,0.0,0.0,0.0,0.0,0.0,0.0,0.0,0.0,2.0,0.0,0.0,2.0,3.0,0.0,0.0,0.0,0.0,0.0,0.0,0.0,0.0,0.0,0.0,7.0,7.0,0.0,4187.0
-14712_6884,12.0,466.0,1422.0,373.0,0.0,918.0,13.0,188.0,239.0,13.0,0.0,25.0,3.0,10.0,28.0,300.0,506.0,0.0,34.0,470.0,179.0,0.0,44.0,280.0,46.0,5.0,1293.0,72.0,2.0,22.0,0.0,0.0,0.0,0.0,0.0,0.0,0.0,0.0,0.0,1.0,1.0,0.0,0.0,0.0,0.0,0.0,0.0,2.0,0.0,0.0,0.0,2.0,0.0,0.0,0.0,0.0,0.0,1.0,0.0,0.0,1.0,0.0,8.0,6.0,1.0,6963.0
-14712_6885,9.0,1461.0,4027.0,482.0,1.0,1562.0,38.0,1125.0,763.0,30.0,1.0,73.0,13.0,9.0,52.0,394.0,2706.0,4.0,92.0,902.0,78.0,2.0,122.0,816.0,100.0,9.0,6678.0,242.0,52.0,51.0,0.0,0.0,0.0,0.0,0.0,0.0,3.0,0.0,0.0,0.0,0.0,0.0,0.0,0.0,0.0,0.0,0.0,3.0,0.0,0.0,0.0,3.0,0.0,0.0,0.0,0.0,0.0,1.0,0.0,0.0,1.0,1.0,12.0,10.0,1.0,21894.0
-14712_6886,4.0,352.0,1230.0,275.0,0.0,566.0,6.0,199.0,147.0,7.0,0.0,11.0,2.0,2.0,5.0,130.0,486.0,1.0,44.0,432.0,5.0,0.0,25.0,142.0,7.0,5.0,744.0,70.0,7.0,28.0,0.0,0.0,0.0,0.0,0.0,0.0,0.0,0.0,0.0,0.0,0.0,0.0,0.0,0.0,0.0,0.0,0.0,1.0,0.0,0.0,0.0,0.0,0.0,0.0,0.0,0.0,0.0,0.0,0.0,0.0,0.0,0.0,1.0,1.0,0.0,4932.0
-14713_6860,4.0,89.0,370.0,87.0,0.0,160.0,1.0,14.0,22.0,0.0,0.0,1.0,2.0,0.0,3.0,69.0,57.0,0.0,13.0,107.0,0.0,0.0,8.0,101.0,4.0,0.0,209.0,9.0,0.0,3.0,0.0,0.0,0.0,0.0,0.0,0.0,0.0,0.0,0.0,0.0,0.0,0.0,0.0,0.0,0.0,0.0,0.0,1.0,0.0,0.0,3.0,1.0,0.0,0.0,0.0,0.0,0.0,0.0,0.0,0.0,0.0,0.0,5.0,5.0,0.0,1333.0
-14713_6861,22.0,534.0,1529.0,319.0,1.0,859.0,5.0,92.0,225.0,19.0,0.0,17.0,2.0,0.0,5.0,337.0,861.0,1.0,55.0,545.0,1.0,0.0,43.0,225.0,18.0,1.0,772.0,120.0,34.0,24.0,0.0,0.0,0.0,0.0,0.0,0.0,0.0,0.0,0.0,0.0,0.0,0.0,0.0,0.0,0.0,0.0,0.0,0.0,0.0,0.0,4.0,0.0,0.0,0.0,0.0,0.0,0.0,0.0,0.0,0.0,0.0,0.0,4.0,4.0,0.0,6666.0
-14713_6862,23.0,592.0,1661.0,440.0,1.0,922.0,7.0,132.0,300.0,22.0,0.0,31.0,6.0,8.0,17.0,442.0,1441.0,1.0,53.0,619.0,2.0,0.0,47.0,339.0,33.0,5.0,1070.0,181.0,36.0,23.0,0.0,0.0,0.0,0.0,0.0,0.0,0.0,0.0,0.0,0.0,0.0,0.0,0.0,0.0,0.0,0.0,0.0,0.0,0.0,0.0,5.0,0.0,0.0,0.0,0.0,0.0,0.0,1.0,0.0,0.0,0.0,0.0,6.0,6.0,0.0,8454.0
-14713_6863,20.0,1166.0,3359.0,669.0,1.0,1392.0,17.0,317.0,511.0,28.0,0.0,57.0,10.0,9.0,23.0,607.0,1793.0,2.0,102.0,1050.0,110.0,0.0,83.0,719.0,41.0,6.0,2228.0,239.0,42.0,51.0,0.0,0.0,0.0,0.0,0.0,0.0,0.0,0.0,0.0,0.0,0.0,0.0,0.0,1.0,0.0,0.0,0.0,0.0,0.0,1.0,0.0,0.0,0.0,0.0,0.0,0.0,0.0,1.0,0.0,0.0,1.0,0.0,4.0,2.0,0.0,14652.0
-14713_6864,17.0,458.0,1484.0,369.0,2.0,853.0,7.0,77.0,291.0,16.0,0.0,7.0,1.0,3.0,7.0,439.0,464.0,0.0,56.0,634.0,8.0,0.0,33.0,234.0,22.0,3.0,1018.0,100.0,7.0,28.0,0.0,0.0,0.0,1.0,0.0,0.0,0.0,0.0,0.0,0.0,1.0,0.0,0.0,0.0,0.0,0.0,0.0,0.0,0.0,0.0,1.0,0.0,0.0,0.0,0.0,0.0,0.0,0.0,0.0,0.0,0.0,0.0,3.0,1.0,2.0,6638.0
-14713_6865,18.0,562.0,1488.0,339.0,1.0,684.0,6.0,97.0,185.0,5.0,0.0,14.0,6.0,15.0,7.0,347.0,375.0,1.0,74.0,476.0,4.0,0.0,53.0,167.0,39.0,3.0,926.0,108.0,2.0,22.0,0.0,0.0,0.0,0.0,0.0,0.0,0.0,0.0,0.0,1.0,1.0,0.0,0.0,0.0,0.0,0.0,0.0,0.0,0.0,0.0,0.0,0.0,0.0,0.0,0.0,0.0,0.0,2.0,0.0,0.0,0.0,0.0,4.0,3.0,1.0,6024.0
-14713_6866,19.0,465.0,1354.0,464.0,1.0,807.0,11.0,80.0,340.0,13.0,1.0,31.0,5.0,13.0,19.0,560.0,402.0,0.0,71.0,565.0,3.0,0.0,67.0,271.0,40.0,2.0,834.0,145.0,1.0,23.0,0.0,0.0,0.0,0.0,0.0,0.0,1.0,0.0,0.0,0.0,0.0,0.0,0.0,0.0,0.0,0.0,0.0,1.0,0.0,0.0,0.0,1.0,0.0,0.0,0.0,0.0,0.0,0.0,0.0,0.0,0.0,0.0,3.0,3.0,0.0,6607.0
-14713_6867,23.0,318.0,905.0,462.0,0.0,730.0,7.0,55.0,184.0,12.0,0.0,16.0,5.0,9.0,7.0,524.0,224.0,0.0,52.0,567.0,10.0,0.0,19.0,128.0,23.0,4.0,650.0,80.0,0.0,20.0,0.0,0.0,0.0,0.0,0.0,0.0,0.0,0.0,0.0,0.0,0.0,0.0,0.0,0.0,0.0,0.0,0.0,0.0,0.0,0.0,0.0,0.0,0.0,0.0,0.0,0.0,0.0,0.0,0.0,0.0,0.0,0.0,0.0,0.0,0.0,5034.0
-14713_6868,11.0,487.0,1078.0,435.0,3.0,786.0,6.0,87.0,332.0,11.0,2.0,41.0,5.0,9.0,19.0,508.0,397.0,1.0,57.0,536.0,377.0,0.0,52.0,319.0,29.0,6.0,1220.0,85.0,4.0,25.0,0.0,0.0,0.0,0.0,0.0,0.0,0.0,0.0,0.0,0.0,2.0,0.0,1.0,0.0,0.0,0.0,0.0,0.0,0.0,0.0,2.0,0.0,0.0,0.0,0.0,0.0,0.0,0.0,0.0,0.0,3.0,0.0,8.0,2.0,2.0,6928.0
-14713_6869,15.0,273.0,740.0,311.0,0.0,591.0,4.0,83.0,207.0,5.0,0.0,12.0,4.0,5.0,17.0,360.0,275.0,1.0,30.0,324.0,13.0,0.0,29.0,171.0,17.0,6.0,1082.0,69.0,1.0,10.0,0.0,0.0,0.0,0.0,0.0,0.0,0.0,0.0,0.0,0.0,0.0,0.0,0.0,0.0,0.0,0.0,0.0,1.0,0.0,1.0,0.0,0.0,0.0,0.0,0.0,0.0,0.0,1.0,1.0,0.0,1.0,0.0,5.0,3.0,0.0,4655.0
-14713_6870,9.0,197.0,500.0,212.0,0.0,596.0,2.0,51.0,77.0,2.0,0.0,3.0,5.0,3.0,7.0,261.0,129.0,0.0,18.0,301.0,0.0,0.0,17.0,83.0,22.0,3.0,435.0,22.0,0.0,9.0,0.0,0.0,0.0,0.0,0.0,0.0,0.0,0.0,0.0,0.0,0.0,0.0,0.0,0.0,0.0,0.0,0.0,1.0,0.0,0.0,0.0,1.0,0.0,0.0,0.0,0.0,0.0,0.0,0.0,0.0,0.0,0.0,2.0,2.0,0.0,2964.0
-14713_6871,5.0,275.0,802.0,253.0,0.0,507.0,3.0,99.0,109.0,1.0,0.0,4.0,1.0,2.0,16.0,183.0,317.0,2.0,11.0,142.0,1.0,0.0,173.0,62.0,17.0,3.0,794.0,59.0,1.0,6.0,0.0,0.0,0.0,0.0,0.0,0.0,0.0,0.0,0.0,0.0,0.0,0.0,0.0,0.0,0.0,0.0,0.0,0.0,0.0,0.0,2.0,0.0,0.0,0.0,0.0,0.0,0.0,2.0,0.0,0.0,0.0,0.0,4.0,4.0,0.0,3848.0
-14713_6872,6.0,376.0,1013.0,372.0,1.0,776.0,5.0,106.0,279.0,5.0,0.0,7.0,6.0,4.0,3.0,402.0,304.0,0.0,23.0,345.0,5.0,1.0,63.0,214.0,29.0,5.0,1592.0,29.0,4.0,18.0,0.0,0.0,0.0,1.0,0.0,0.0,0.0,0.0,0.0,1.0,2.0,0.0,0.0,0.0,0.0,0.0,0.0,0.0,0.0,1.0,3.0,1.0,0.0,0.0,1.0,0.0,0.0,1.0,0.0,0.0,0.0,0.0,11.0,6.0,4.0,5993.0
-14713_6873,4.0,339.0,937.0,394.0,1.0,808.0,3.0,96.0,257.0,2.0,0.0,7.0,4.0,3.0,12.0,435.0,222.0,1.0,23.0,448.0,8.0,0.0,41.0,147.0,18.0,5.0,1294.0,46.0,5.0,12.0,0.0,0.0,0.0,2.0,0.0,1.0,0.0,0.0,0.0,0.0,1.0,0.0,0.0,0.0,0.0,0.0,0.0,0.0,0.0,0.0,2.0,0.0,0.0,0.0,0.0,0.0,0.0,0.0,0.0,0.0,0.0,0.0,6.0,3.0,3.0,5572.0
-14713_6874,15.0,372.0,1179.0,319.0,0.0,821.0,11.0,103.0,183.0,4.0,0.0,14.0,8.0,6.0,14.0,376.0,311.0,2.0,46.0,523.0,4.0,0.0,34.0,162.0,41.0,3.0,823.0,53.0,1.0,19.0,0.0,0.0,0.0,0.0,0.0,0.0,0.0,0.0,0.0,0.0,0.0,0.0,0.0,0.0,0.0,0.0,0.0,1.0,0.0,0.0,0.0,1.0,0.0,0.0,0.0,0.0,0.0,2.0,0.0,0.0,0.0,0.0,4.0,4.0,0.0,5447.0
-14713_6875,16.0,592.0,2033.0,488.0,1.0,1215.0,18.0,266.0,351.0,15.0,0.0,18.0,5.0,7.0,82.0,554.0,644.0,1.0,70.0,706.0,57.0,0.0,93.0,537.0,71.0,8.0,1440.0,178.0,6.0,35.0,0.0,0.0,0.0,0.0,0.0,0.0,0.0,0.0,0.0,0.0,0.0,0.0,1.0,0.0,0.0,0.0,0.0,0.0,0.0,1.0,2.0,1.0,0.0,0.0,0.0,0.0,0.0,1.0,0.0,0.0,1.0,0.0,7.0,4.0,0.0,9507.0
-14713_6876,17.0,250.0,803.0,286.0,0.0,544.0,13.0,122.0,148.0,8.0,0.0,5.0,4.0,1.0,8.0,238.0,291.0,0.0,25.0,251.0,1.0,0.0,44.0,102.0,29.0,1.0,1021.0,57.0,1.0,16.0,0.0,0.0,1.0,0.0,0.0,0.0,1.0,0.0,0.0,0.0,1.0,0.0,0.0,2.0,0.0,0.0,0.0,1.0,0.0,0.0,4.0,0.0,0.0,0.0,0.0,0.0,0.0,2.0,0.0,0.0,0.0,0.0,12.0,10.0,1.0,4286.0
-14713_6877,7.0,161.0,429.0,409.0,0.0,571.0,2.0,64.0,179.0,0.0,0.0,3.0,4.0,6.0,3.0,260.0,90.0,0.0,34.0,267.0,0.0,0.0,7.0,87.0,16.0,4.0,774.0,18.0,16.0,8.0,0.0,0.0,0.0,0.0,0.0,0.0,0.0,0.0,0.0,0.0,0.0,0.0,0.0,0.0,0.0,0.0,0.0,0.0,0.0,0.0,1.0,0.0,0.0,0.0,0.0,0.0,0.0,1.0,0.0,0.0,0.0,0.0,2.0,2.0,0.0,3419.0
-14713_6878,2.0,146.0,338.0,236.0,0.0,430.0,8.0,59.0,124.0,1.0,1.0,4.0,1.0,1.0,18.0,206.0,129.0,1.0,13.0,160.0,2.0,0.0,8.0,68.0,25.0,3.0,727.0,21.0,10.0,8.0,0.0,0.0,0.0,0.0,0.0,0.0,0.0,0.0,0.0,0.0,1.0,0.0,0.0,0.0,0.0,0.0,0.0,1.0,0.0,0.0,1.0,4.0,0.0,0.0,0.0,0.0,0.0,1.0,0.0,0.0,0.0,0.0,8.0,7.0,1.0,2750.0
-14713_6879,2.0,260.0,643.0,189.0,0.0,408.0,6.0,158.0,227.0,1.0,0.0,4.0,4.0,4.0,16.0,125.0,271.0,1.0,7.0,225.0,26.0,0.0,70.0,84.0,32.0,5.0,1036.0,27.0,3.0,14.0,0.0,0.0,0.0,0.0,0.0,0.0,0.0,0.0,0.0,0.0,0.0,0.0,0.0,0.0,0.0,0.0,0.0,1.0,0.0,1.0,3.0,1.0,0.0,0.0,0.0,0.0,0.0,1.0,0.0,0.0,0.0,0.0,7.0,6.0,0.0,3848.0
-14713_6880,13.0,460.0,1356.0,509.0,1.0,1091.0,8.0,121.0,306.0,7.0,0.0,9.0,8.0,8.0,16.0,381.0,253.0,0.0,71.0,563.0,6.0,0.0,35.0,196.0,46.0,4.0,1313.0,48.0,4.0,22.0,0.0,0.0,0.0,0.0,0.0,0.0,0.0,0.0,0.0,1.0,1.0,0.0,0.0,0.0,0.0,0.0,0.0,0.0,0.0,0.0,2.0,0.0,0.0,0.0,0.0,0.0,0.0,1.0,2.0,0.0,1.0,0.0,8.0,6.0,1.0,6855.0
-14713_6881,8.0,436.0,1156.0,649.0,1.0,1136.0,6.0,128.0,368.0,7.0,0.0,14.0,7.0,10.0,16.0,483.0,329.0,0.0,59.0,490.0,30.0,0.0,32.0,359.0,37.0,8.0,2148.0,37.0,6.0,18.0,0.0,0.0,0.0,1.0,0.0,0.0,0.0,0.0,0.0,0.0,0.0,0.0,0.0,0.0,0.0,0.0,0.0,0.0,0.0,0.0,4.0,0.0,0.0,0.0,0.0,0.0,0.0,1.0,0.0,0.0,2.0,0.0,8.0,5.0,1.0,7978.0
-14713_6882,6.0,147.0,492.0,251.0,0.0,551.0,2.0,66.0,185.0,2.0,0.0,7.0,2.0,5.0,10.0,199.0,225.0,0.0,15.0,257.0,3.0,0.0,9.0,119.0,28.0,4.0,754.0,30.0,0.0,12.0,0.0,0.0,0.0,0.0,0.0,0.0,0.0,0.0,0.0,0.0,1.0,0.0,0.0,1.0,0.0,0.0,0.0,0.0,0.0,0.0,2.0,1.0,0.0,0.0,0.0,0.0,0.0,1.0,0.0,0.0,0.0,0.0,6.0,5.0,1.0,3381.0
-14713_6883,3.0,192.0,503.0,289.0,0.0,640.0,5.0,66.0,339.0,4.0,0.0,6.0,2.0,3.0,5.0,178.0,122.0,2.0,28.0,262.0,2.0,0.0,10.0,128.0,18.0,4.0,974.0,15.0,2.0,7.0,0.0,0.0,0.0,0.0,0.0,0.0,0.0,0.0,0.0,0.0,0.0,0.0,1.0,0.0,0.0,0.0,0.0,1.0,0.0,0.0,5.0,3.0,0.0,0.0,0.0,0.0,0.0,0.0,0.0,0.0,0.0,0.0,10.0,9.0,0.0,3809.0
-14713_6884,2.0,355.0,1092.0,350.0,0.0,910.0,11.0,123.0,314.0,1.0,0.0,12.0,3.0,7.0,9.0,313.0,327.0,0.0,55.0,541.0,2.0,0.0,23.0,186.0,35.0,5.0,1155.0,39.0,7.0,24.0,0.0,0.0,0.0,0.0,0.0,1.0,0.0,0.0,0.0,0.0,0.0,0.0,0.0,0.0,0.0,0.0,0.0,0.0,0.0,0.0,0.0,1.0,0.0,0.0,0.0,0.0,0.0,2.0,0.0,0.0,0.0,0.0,4.0,4.0,0.0,5901.0
-14713_6885,13.0,615.0,1774.0,360.0,0.0,997.0,8.0,263.0,254.0,13.0,0.0,24.0,6.0,12.0,19.0,307.0,1057.0,3.0,93.0,629.0,11.0,0.0,41.0,291.0,44.0,3.0,1257.0,121.0,15.0,27.0,0.0,0.0,0.0,1.0,0.0,0.0,0.0,0.0,0.0,0.0,0.0,0.0,0.0,0.0,0.0,0.0,0.0,0.0,0.0,0.0,1.0,1.0,0.0,0.0,0.0,0.0,0.0,2.0,0.0,0.0,0.0,0.0,5.0,4.0,1.0,8257.0
-14713_6886,2.0,114.0,355.0,50.0,0.0,969.0,3.0,70.0,41.0,1.0,0.0,11.0,0.0,1.0,4.0,50.0,204.0,0.0,18.0,127.0,0.0,0.0,7.0,45.0,7.0,1.0,204.0,18.0,1.0,9.0,0.0,0.0,0.0,0.0,0.0,0.0,0.0,0.0,0.0,0.0,0.0,0.0,0.0,0.0,0.0,0.0,0.0,1.0,0.0,0.0,0.0,1.0,0.0,0.0,0.0,0.0,0.0,0.0,0.0,0.0,0.0,0.0,2.0,2.0,0.0,2312.0
-14714_6862,6.0,159.0,446.0,129.0,0.0,303.0,0.0,36.0,73.0,9.0,0.0,11.0,3.0,2.0,3.0,125.0,449.0,0.0,20.0,172.0,1.0,0.0,17.0,132.0,8.0,2.0,300.0,59.0,23.0,9.0,0.0,0.0,0.0,0.0,0.0,0.0,0.0,0.0,0.0,0.0,0.0,0.0,0.0,0.0,0.0,0.0,0.0,0.0,0.0,0.0,0.0,0.0,0.0,0.0,0.0,0.0,0.0,0.0,0.0,0.0,0.0,0.0,0.0,0.0,0.0,2497.0
-14714_6863,21.0,572.0,1688.0,553.0,1.0,964.0,10.0,161.0,377.0,18.0,0.0,60.0,0.0,1.0,25.0,446.0,1914.0,0.0,51.0,666.0,17.0,0.0,53.0,414.0,25.0,2.0,1179.0,150.0,51.0,27.0,0.0,0.0,0.0,0.0,0.0,0.0,0.0,0.0,0.0,0.0,0.0,0.0,0.0,0.0,0.0,0.0,0.0,0.0,0.0,0.0,2.0,0.0,0.0,0.0,0.0,0.0,0.0,0.0,0.0,0.0,0.0,0.0,2.0,2.0,0.0,9446.0
-14714_6864,11.0,215.0,694.0,230.0,1.0,442.0,8.0,46.0,150.0,16.0,0.0,19.0,1.0,4.0,8.0,257.0,620.0,1.0,37.0,308.0,1.0,0.0,17.0,119.0,11.0,3.0,502.0,73.0,18.0,15.0,0.0,0.0,0.0,0.0,0.0,0.0,0.0,0.0,0.0,0.0,0.0,0.0,0.0,0.0,0.0,0.0,0.0,1.0,0.0,0.0,0.0,1.0,0.0,0.0,0.0,0.0,0.0,0.0,0.0,0.0,0.0,0.0,2.0,2.0,0.0,3827.0
-14714_6865,11.0,407.0,843.0,154.0,3.0,498.0,5.0,445.0,168.0,4.0,0.0,60.0,48.0,10.0,18.0,216.0,648.0,1.0,80.0,456.0,4.0,0.0,75.0,109.0,11.0,11.0,468.0,82.0,2.0,9.0,0.0,0.0,0.0,0.0,0.0,0.0,0.0,1.0,0.0,0.0,0.0,0.0,0.0,0.0,0.0,0.0,0.0,0.0,0.0,0.0,0.0,0.0,1.0,0.0,0.0,0.0,0.0,1.0,0.0,0.0,0.0,0.0,3.0,2.0,0.0,4846.0
-14714_6866,21.0,404.0,1191.0,333.0,0.0,718.0,11.0,103.0,132.0,2.0,0.0,24.0,1.0,10.0,28.0,325.0,482.0,1.0,58.0,378.0,2.0,0.0,107.0,186.0,38.0,1.0,628.0,101.0,4.0,19.0,0.0,0.0,0.0,0.0,0.0,1.0,0.0,0.0,0.0,0.0,0.0,0.0,0.0,0.0,0.0,0.0,0.0,0.0,0.0,0.0,1.0,2.0,0.0,0.0,0.0,0.0,0.0,3.0,0.0,0.0,0.0,0.0,7.0,7.0,0.0,5308.0
-14714_6867,31.0,484.0,1379.0,653.0,3.0,1086.0,13.0,85.0,218.0,9.0,0.0,14.0,9.0,13.0,13.0,608.0,331.0,2.0,81.0,585.0,2.0,0.0,48.0,188.0,37.0,8.0,837.0,138.0,1.0,23.0,0.0,0.0,0.0,0.0,0.0,0.0,0.0,0.0,0.0,0.0,0.0,0.0,0.0,0.0,0.0,0.0,0.0,1.0,0.0,0.0,1.0,1.0,0.0,0.0,0.0,0.0,0.0,4.0,0.0,0.0,0.0,0.0,7.0,7.0,0.0,6899.0
-14714_6868,15.0,352.0,879.0,485.0,0.0,847.0,7.0,89.0,280.0,3.0,0.0,7.0,1.0,11.0,19.0,479.0,207.0,0.0,58.0,482.0,5.0,0.0,23.0,215.0,39.0,6.0,1062.0,59.0,2.0,14.0,0.0,0.0,0.0,0.0,0.0,0.0,0.0,0.0,0.0,0.0,0.0,0.0,0.0,0.0,0.0,0.0,0.0,0.0,0.0,1.0,3.0,0.0,0.0,0.0,0.0,0.0,0.0,0.0,0.0,0.0,0.0,0.0,4.0,3.0,0.0,5646.0
-14714_6869,15.0,500.0,1545.0,334.0,1.0,955.0,4.0,210.0,315.0,2.0,0.0,24.0,6.0,9.0,31.0,441.0,731.0,2.0,66.0,657.0,256.0,0.0,98.0,230.0,50.0,4.0,1102.0,116.0,4.0,28.0,0.0,0.0,0.0,0.0,0.0,0.0,0.0,0.0,0.0,1.0,0.0,0.0,0.0,0.0,0.0,0.0,0.0,1.0,0.0,0.0,0.0,0.0,0.0,0.0,0.0,0.0,0.0,3.0,0.0,0.0,0.0,0.0,5.0,5.0,0.0,7736.0
-14714_6870,12.0,301.0,871.0,322.0,0.0,648.0,14.0,97.0,228.0,1.0,0.0,9.0,1.0,7.0,26.0,406.0,417.0,1.0,42.0,499.0,126.0,1.0,21.0,140.0,25.0,7.0,810.0,49.0,1.0,10.0,0.0,0.0,0.0,0.0,0.0,0.0,0.0,0.0,0.0,0.0,0.0,0.0,1.0,0.0,0.0,0.0,0.0,0.0,0.0,0.0,1.0,0.0,0.0,0.0,0.0,0.0,0.0,1.0,1.0,0.0,0.0,0.0,4.0,3.0,0.0,5092.0
-14714_6871,6.0,141.0,379.0,248.0,0.0,476.0,2.0,49.0,112.0,2.0,0.0,3.0,3.0,2.0,2.0,220.0,90.0,1.0,23.0,207.0,4.0,0.0,10.0,64.0,13.0,2.0,558.0,10.0,1.0,8.0,0.0,0.0,0.0,1.0,0.0,0.0,0.0,0.0,0.0,0.0,0.0,0.0,0.0,0.0,0.0,0.0,0.0,0.0,0.0,0.0,0.0,0.0,0.0,0.0,0.0,0.0,0.0,0.0,0.0,0.0,0.0,0.0,1.0,0.0,1.0,2636.0
-14714_6872,6.0,105.0,330.0,258.0,1.0,369.0,1.0,53.0,130.0,0.0,0.0,3.0,0.0,0.0,3.0,221.0,52.0,0.0,21.0,157.0,0.0,0.0,9.0,57.0,12.0,4.0,616.0,9.0,0.0,13.0,0.0,0.0,0.0,1.0,0.0,1.0,0.0,0.0,0.0,0.0,0.0,0.0,0.0,0.0,0.0,0.0,0.0,1.0,0.0,0.0,2.0,0.0,0.0,0.0,0.0,0.0,0.0,0.0,1.0,0.0,0.0,0.0,6.0,5.0,1.0,2430.0
-14714_6873,6.0,123.0,354.0,175.0,0.0,398.0,3.0,51.0,117.0,0.0,0.0,2.0,0.0,3.0,2.0,210.0,79.0,0.0,12.0,182.0,1.0,0.0,8.0,54.0,7.0,1.0,553.0,11.0,0.0,6.0,0.0,0.0,0.0,0.0,0.0,0.0,0.0,0.0,0.0,0.0,0.0,0.0,0.0,0.0,0.0,0.0,0.0,0.0,0.0,0.0,1.0,1.0,0.0,0.0,0.0,0.0,0.0,1.0,0.0,0.0,0.0,0.0,3.0,3.0,0.0,2358.0
-14714_6874,4.0,309.0,756.0,258.0,0.0,579.0,3.0,71.0,221.0,3.0,0.0,10.0,4.0,5.0,8.0,304.0,157.0,1.0,36.0,356.0,1.0,0.0,30.0,86.0,15.0,5.0,916.0,33.0,3.0,9.0,0.0,0.0,0.0,1.0,0.0,0.0,0.0,0.0,0.0,0.0,1.0,0.0,0.0,0.0,0.0,0.0,0.0,1.0,0.0,0.0,1.0,0.0,0.0,0.0,0.0,0.0,0.0,0.0,0.0,0.0,0.0,0.0,4.0,2.0,2.0,4183.0
-14714_6875,13.0,497.0,1288.0,353.0,2.0,916.0,10.0,183.0,412.0,3.0,1.0,16.0,9.0,7.0,22.0,398.0,329.0,0.0,60.0,505.0,20.0,0.0,53.0,305.0,37.0,3.0,2089.0,61.0,7.0,11.0,0.0,0.0,1.0,1.0,0.0,0.0,0.0,0.0,0.0,0.0,0.0,0.0,1.0,0.0,0.0,0.0,0.0,1.0,0.0,1.0,0.0,1.0,1.0,0.0,0.0,0.0,0.0,0.0,0.0,1.0,0.0,0.0,8.0,3.0,2.0,7610.0
-14714_6876,7.0,174.0,605.0,189.0,1.0,545.0,4.0,55.0,124.0,7.0,0.0,2.0,0.0,4.0,8.0,168.0,112.0,0.0,26.0,250.0,2.0,0.0,10.0,78.0,26.0,6.0,547.0,20.0,0.0,2.0,0.0,0.0,0.0,0.0,0.0,0.0,0.0,0.0,0.0,0.0,0.0,0.0,0.0,0.0,0.0,0.0,0.0,1.0,0.0,0.0,1.0,1.0,0.0,0.0,0.0,0.0,0.0,1.0,0.0,0.0,0.0,0.0,4.0,4.0,0.0,2972.0
-14714_6877,0.0,11.0,12.0,34.0,0.0,30.0,0.0,6.0,14.0,0.0,0.0,0.0,0.0,0.0,1.0,14.0,2.0,1.0,6.0,30.0,0.0,0.0,7.0,4.0,0.0,0.0,53.0,1.0,1.0,0.0,0.0,0.0,0.0,0.0,0.0,0.0,0.0,0.0,0.0,0.0,0.0,0.0,0.0,1.0,0.0,0.0,0.0,0.0,0.0,0.0,0.0,0.0,0.0,0.0,0.0,0.0,0.0,0.0,0.0,0.0,0.0,0.0,1.0,1.0,0.0,227.0
-14714_6878,4.0,228.0,698.0,350.0,0.0,581.0,4.0,64.0,226.0,2.0,0.0,1.0,3.0,4.0,13.0,269.0,86.0,1.0,39.0,339.0,0.0,0.0,16.0,112.0,16.0,5.0,954.0,26.0,3.0,4.0,0.0,0.0,0.0,1.0,0.0,0.0,0.0,0.0,0.0,0.0,0.0,0.0,0.0,0.0,0.0,0.0,0.0,0.0,0.0,0.0,1.0,2.0,0.0,0.0,0.0,0.0,0.0,2.0,0.0,0.0,0.0,0.0,6.0,5.0,1.0,4048.0
-14714_6879,1.0,121.0,291.0,268.0,0.0,403.0,2.0,44.0,111.0,2.0,0.0,2.0,4.0,5.0,2.0,149.0,99.0,0.0,27.0,168.0,5.0,0.0,9.0,62.0,13.0,2.0,495.0,14.0,0.0,5.0,0.0,0.0,0.0,0.0,0.0,0.0,0.0,0.0,0.0,0.0,0.0,0.0,0.0,0.0,0.0,0.0,0.0,1.0,0.0,0.0,2.0,2.0,0.0,0.0,0.0,0.0,0.0,1.0,0.0,0.0,0.0,0.0,6.0,6.0,0.0,2304.0
-14714_6880,3.0,172.0,457.0,288.0,0.0,486.0,5.0,73.0,152.0,3.0,0.0,4.0,0.0,3.0,3.0,187.0,164.0,0.0,19.0,220.0,6.0,0.0,20.0,75.0,11.0,2.0,702.0,21.0,0.0,17.0,0.0,0.0,0.0,0.0,0.0,0.0,0.0,0.0,0.0,0.0,0.0,0.0,0.0,0.0,0.0,0.0,0.0,2.0,0.0,0.0,0.0,0.0,0.0,0.0,0.0,0.0,0.0,0.0,1.0,0.0,0.0,0.0,3.0,3.0,0.0,3093.0
-14714_6881,13.0,401.0,1060.0,531.0,0.0,936.0,4.0,134.0,358.0,7.0,0.0,7.0,3.0,8.0,20.0,367.0,203.0,2.0,42.0,530.0,19.0,0.0,32.0,194.0,23.0,6.0,1452.0,42.0,18.0,14.0,0.0,0.0,0.0,0.0,0.0,0.0,1.0,0.0,0.0,0.0,0.0,0.0,0.0,0.0,0.0,0.0,0.0,0.0,0.0,0.0,5.0,0.0,0.0,0.0,0.0,0.0,0.0,1.0,1.0,0.0,0.0,0.0,8.0,8.0,0.0,6426.0
-14714_6882,7.0,173.0,426.0,244.0,0.0,477.0,0.0,63.0,134.0,1.0,0.0,1.0,1.0,4.0,5.0,161.0,57.0,2.0,18.0,204.0,0.0,0.0,8.0,66.0,17.0,1.0,674.0,16.0,0.0,6.0,0.0,0.0,0.0,0.0,0.0,0.0,0.0,0.0,0.0,0.0,0.0,0.0,0.0,0.0,0.0,0.0,0.0,0.0,0.0,0.0,5.0,1.0,0.0,0.0,0.0,0.0,0.0,4.0,0.0,0.0,0.0,0.0,10.0,10.0,0.0,2766.0
-14714_6883,7.0,120.0,320.0,239.0,1.0,530.0,2.0,67.0,147.0,2.0,0.0,3.0,3.0,5.0,6.0,149.0,68.0,2.0,25.0,261.0,1.0,1.0,12.0,65.0,16.0,2.0,682.0,17.0,0.0,9.0,0.0,0.0,0.0,0.0,0.0,0.0,0.0,0.0,0.0,0.0,0.0,0.0,0.0,0.0,0.0,0.0,0.0,1.0,0.0,0.0,2.0,1.0,0.0,0.0,0.0,0.0,0.0,0.0,0.0,0.0,0.0,0.0,4.0,4.0,0.0,2762.0
-14714_6884,11.0,270.0,788.0,189.0,1.0,641.0,7.0,56.0,291.0,4.0,0.0,9.0,5.0,1.0,7.0,220.0,130.0,1.0,26.0,307.0,1.0,0.0,12.0,97.0,36.0,1.0,1203.0,26.0,1.0,20.0,1.0,0.0,0.0,1.0,0.0,0.0,0.0,0.0,0.0,0.0,1.0,0.0,1.0,0.0,0.0,0.0,0.0,1.0,0.0,0.0,2.0,1.0,0.0,0.0,0.0,0.0,0.0,0.0,0.0,0.0,1.0,0.0,9.0,4.0,3.0,4361.0
-14714_6885,3.0,381.0,805.0,234.0,1.0,685.0,8.0,144.0,336.0,4.0,0.0,6.0,0.0,5.0,17.0,244.0,215.0,1.0,35.0,379.0,1.0,0.0,17.0,183.0,19.0,10.0,1652.0,33.0,3.0,8.0,1.0,0.0,1.0,2.0,0.0,1.0,0.0,0.0,0.0,0.0,0.0,0.0,2.0,0.0,0.0,0.0,0.0,0.0,0.0,1.0,1.0,0.0,0.0,0.0,0.0,0.0,0.0,0.0,0.0,0.0,0.0,1.0,10.0,2.0,4.0,5429.0
-14715_6863,2.0,149.0,372.0,193.0,1.0,297.0,4.0,37.0,107.0,4.0,0.0,4.0,0.0,2.0,2.0,151.0,98.0,0.0,18.0,206.0,0.0,0.0,8.0,111.0,13.0,2.0,458.0,24.0,1.0,20.0,0.0,0.0,0.0,0.0,0.0,0.0,0.0,0.0,0.0,0.0,0.0,0.0,0.0,0.0,0.0,0.0,0.0,0.0,0.0,0.0,1.0,0.0,0.0,0.0,0.0,0.0,0.0,0.0,0.0,0.0,0.0,0.0,1.0,1.0,0.0,2284.0
-14715_6864,6.0,335.0,981.0,355.0,2.0,682.0,7.0,75.0,212.0,7.0,0.0,7.0,2.0,6.0,10.0,416.0,380.0,1.0,34.0,500.0,3.0,0.0,39.0,156.0,19.0,2.0,895.0,96.0,20.0,14.0,0.0,0.0,0.0,0.0,0.0,0.0,0.0,0.0,0.0,0.0,0.0,0.0,0.0,0.0,0.0,0.0,0.0,1.0,0.0,0.0,0.0,1.0,0.0,0.0,0.0,0.0,0.0,0.0,0.0,0.0,0.0,0.0,2.0,2.0,0.0,5262.0
-14715_6865,10.0,267.0,698.0,304.0,0.0,503.0,3.0,51.0,128.0,6.0,0.0,3.0,2.0,6.0,24.0,333.0,207.0,0.0,39.0,278.0,7.0,0.0,24.0,123.0,14.0,2.0,568.0,54.0,1.0,10.0,0.0,0.0,0.0,0.0,0.0,0.0,0.0,0.0,0.0,0.0,0.0,0.0,0.0,0.0,0.0,0.0,0.0,1.0,0.0,0.0,0.0,1.0,0.0,0.0,0.0,0.0,0.0,0.0,0.0,0.0,0.0,0.0,2.0,2.0,0.0,3665.0
-14715_6866,17.0,535.0,1496.0,477.0,0.0,1003.0,12.0,171.0,282.0,14.0,0.0,24.0,4.0,9.0,22.0,473.0,426.0,0.0,90.0,587.0,6.0,0.0,84.0,303.0,55.0,3.0,1638.0,108.0,2.0,23.0,0.0,0.0,0.0,0.0,0.0,0.0,0.0,0.0,0.0,0.0,1.0,0.0,0.0,0.0,0.0,0.0,0.0,0.0,0.0,1.0,2.0,0.0,0.0,0.0,0.0,0.0,0.0,1.0,0.0,0.0,0.0,0.0,5.0,3.0,1.0,7864.0
-14715_6867,20.0,325.0,1005.0,387.0,0.0,754.0,5.0,102.0,251.0,1.0,0.0,18.0,1.0,6.0,7.0,460.0,260.0,0.0,52.0,410.0,2.0,0.0,26.0,186.0,37.0,4.0,1124.0,70.0,0.0,13.0,0.0,0.0,0.0,0.0,0.0,0.0,0.0,0.0,0.0,0.0,2.0,0.0,0.0,0.0,0.0,0.0,0.0,0.0,0.0,0.0,1.0,0.0,0.0,0.0,0.0,0.0,0.0,0.0,0.0,0.0,1.0,0.0,4.0,1.0,2.0,5526.0
-14715_6868,17.0,260.0,749.0,466.0,0.0,749.0,8.0,47.0,181.0,6.0,0.0,8.0,4.0,6.0,12.0,399.0,169.0,1.0,37.0,401.0,3.0,1.0,18.0,168.0,17.0,3.0,734.0,54.0,0.0,8.0,0.0,0.0,0.0,0.0,0.0,0.0,1.0,0.0,0.0,0.0,1.0,0.0,0.0,0.0,0.0,0.0,0.0,0.0,0.0,0.0,2.0,0.0,0.0,0.0,0.0,0.0,0.0,1.0,0.0,0.0,0.0,0.0,5.0,4.0,1.0,4526.0
-14715_6869,6.0,380.0,1060.0,524.0,1.0,933.0,6.0,149.0,237.0,2.0,0.0,14.0,2.0,7.0,35.0,402.0,325.0,1.0,52.0,480.0,5.0,0.0,31.0,246.0,40.0,6.0,1034.0,57.0,5.0,11.0,0.0,0.0,0.0,0.0,0.0,0.0,0.0,0.0,0.0,0.0,0.0,0.0,0.0,1.0,0.0,0.0,0.0,0.0,0.0,0.0,0.0,0.0,0.0,0.0,0.0,0.0,0.0,0.0,0.0,0.0,2.0,0.0,3.0,1.0,0.0,6051.0
-14715_6870,17.0,269.0,800.0,284.0,1.0,729.0,6.0,86.0,182.0,3.0,0.0,4.0,3.0,6.0,14.0,345.0,278.0,1.0,46.0,501.0,1.0,0.0,32.0,101.0,28.0,2.0,675.0,45.0,0.0,8.0,0.0,0.0,0.0,0.0,0.0,0.0,0.0,0.0,0.0,0.0,0.0,0.0,0.0,0.0,0.0,0.0,0.0,0.0,0.0,0.0,0.0,0.0,0.0,0.0,0.0,0.0,0.0,0.0,0.0,0.0,0.0,0.0,0.0,0.0,0.0,4467.0
-14715_6871,13.0,250.0,720.0,324.0,0.0,669.0,5.0,73.0,195.0,2.0,0.0,9.0,3.0,6.0,18.0,378.0,303.0,1.0,42.0,468.0,5.0,0.0,21.0,80.0,22.0,3.0,745.0,44.0,0.0,20.0,0.0,0.0,0.0,0.0,0.0,0.0,0.0,0.0,0.0,0.0,0.0,0.0,0.0,0.0,0.0,0.0,0.0,0.0,0.0,0.0,3.0,0.0,0.0,0.0,0.0,0.0,0.0,1.0,0.0,0.0,0.0,0.0,4.0,4.0,0.0,4419.0
-14715_6872,8.0,425.0,865.0,270.0,0.0,690.0,12.0,167.0,530.0,2.0,1.0,11.0,3.0,8.0,22.0,293.0,471.0,1.0,35.0,499.0,17.0,1.0,45.0,217.0,21.0,5.0,5043.0,40.0,3.0,13.0,1.0,3.0,0.0,1.0,0.0,0.0,0.0,0.0,0.0,0.0,0.0,0.0,0.0,0.0,0.0,0.0,0.0,1.0,0.0,1.0,0.0,0.0,0.0,0.0,0.0,0.0,0.0,0.0,1.0,0.0,1.0,1.0,10.0,5.0,3.0,9718.0
-14715_6873,4.0,51.0,119.0,63.0,0.0,159.0,2.0,37.0,66.0,0.0,0.0,1.0,0.0,0.0,1.0,70.0,40.0,0.0,5.0,70.0,0.0,0.0,5.0,44.0,10.0,2.0,312.0,10.0,0.0,3.0,0.0,0.0,0.0,0.0,0.0,0.0,0.0,0.0,0.0,0.0,0.0,0.0,0.0,0.0,0.0,0.0,0.0,5.0,0.0,0.0,0.0,1.0,0.0,0.0,0.0,0.0,0.0,0.0,1.0,0.0,0.0,0.0,7.0,7.0,0.0,1074.0
-14715_6874,5.0,126.0,410.0,200.0,0.0,490.0,3.0,62.0,147.0,2.0,0.0,1.0,2.0,4.0,4.0,244.0,59.0,0.0,14.0,206.0,1.0,0.0,15.0,52.0,19.0,5.0,1110.0,20.0,0.0,8.0,0.0,0.0,0.0,2.0,0.0,0.0,0.0,0.0,0.0,0.0,0.0,0.0,1.0,0.0,0.0,0.0,0.0,1.0,0.0,0.0,2.0,1.0,0.0,0.0,0.0,0.0,0.0,1.0,0.0,0.0,0.0,0.0,8.0,5.0,2.0,3209.0
-14715_6875,8.0,156.0,425.0,251.0,1.0,597.0,5.0,67.0,145.0,3.0,0.0,3.0,3.0,3.0,7.0,263.0,87.0,0.0,27.0,276.0,1.0,0.0,10.0,77.0,15.0,1.0,814.0,20.0,1.0,9.0,0.0,0.0,0.0,0.0,0.0,0.0,0.0,0.0,0.0,0.0,2.0,0.0,0.0,1.0,0.0,0.0,0.0,0.0,0.0,0.0,3.0,0.0,0.0,0.0,0.0,0.0,0.0,0.0,0.0,0.0,0.0,0.0,6.0,4.0,2.0,3275.0
-14715_6876,5.0,157.0,371.0,129.0,0.0,261.0,7.0,68.0,141.0,1.0,0.0,2.0,1.0,2.0,11.0,116.0,77.0,0.0,9.0,124.0,0.0,0.0,38.0,59.0,16.0,2.0,966.0,21.0,2.0,6.0,0.0,0.0,0.0,0.0,0.0,0.0,0.0,0.0,0.0,0.0,0.0,0.0,0.0,0.0,0.0,0.0,0.0,1.0,0.0,0.0,0.0,0.0,0.0,0.0,0.0,0.0,0.0,0.0,1.0,0.0,2.0,0.0,4.0,2.0,0.0,2592.0
-14715_6877,0.0,29.0,68.0,20.0,0.0,51.0,0.0,13.0,24.0,0.0,0.0,0.0,1.0,0.0,0.0,7.0,23.0,0.0,0.0,18.0,0.0,0.0,5.0,15.0,3.0,1.0,183.0,5.0,0.0,1.0,0.0,0.0,0.0,0.0,0.0,0.0,0.0,0.0,0.0,0.0,0.0,0.0,0.0,0.0,0.0,0.0,0.0,0.0,0.0,0.0,0.0,0.0,0.0,0.0,0.0,0.0,0.0,0.0,0.0,0.0,0.0,0.0,0.0,0.0,0.0,467.0
-14715_6878,0.0,5.0,43.0,2.0,0.0,25.0,4.0,4.0,14.0,0.0,0.0,0.0,0.0,0.0,0.0,8.0,11.0,0.0,1.0,18.0,0.0,0.0,1.0,2.0,3.0,0.0,73.0,3.0,0.0,4.0,0.0,0.0,0.0,0.0,0.0,0.0,0.0,0.0,0.0,0.0,0.0,0.0,0.0,0.0,0.0,0.0,0.0,0.0,0.0,0.0,1.0,0.0,0.0,0.0,0.0,0.0,0.0,1.0,0.0,0.0,0.0,0.0,2.0,2.0,0.0,221.0
-14715_6879,4.0,40.0,90.0,108.0,0.0,153.0,1.0,17.0,107.0,0.0,0.0,0.0,0.0,1.0,2.0,58.0,26.0,0.0,4.0,86.0,1.0,0.0,2.0,13.0,2.0,0.0,263.0,6.0,0.0,0.0,0.0,0.0,0.0,0.0,0.0,0.0,0.0,0.0,0.0,0.0,0.0,0.0,0.0,0.0,0.0,0.0,0.0,1.0,0.0,0.0,2.0,1.0,0.0,0.0,0.0,0.0,0.0,0.0,0.0,0.0,0.0,0.0,4.0,4.0,0.0,984.0
-14715_6880,1.0,139.0,266.0,246.0,0.0,319.0,3.0,65.0,229.0,5.0,0.0,4.0,1.0,1.0,6.0,195.0,115.0,0.0,11.0,151.0,23.0,0.0,11.0,74.0,19.0,4.0,1951.0,12.0,0.0,13.0,0.0,0.0,0.0,0.0,0.0,0.0,0.0,0.0,0.0,0.0,0.0,0.0,0.0,0.0,0.0,0.0,0.0,0.0,0.0,0.0,1.0,0.0,0.0,0.0,0.0,0.0,0.0,0.0,0.0,0.0,0.0,0.0,1.0,1.0,0.0,3864.0
-14715_6881,0.0,76.0,197.0,100.0,0.0,189.0,1.0,15.0,205.0,2.0,0.0,3.0,0.0,0.0,2.0,109.0,39.0,0.0,4.0,78.0,0.0,0.0,1.0,36.0,7.0,0.0,333.0,2.0,0.0,1.0,0.0,0.0,0.0,0.0,0.0,0.0,0.0,0.0,0.0,0.0,0.0,0.0,0.0,0.0,0.0,0.0,0.0,0.0,0.0,0.0,2.0,0.0,0.0,0.0,0.0,0.0,0.0,0.0,0.0,0.0,1.0,0.0,3.0,2.0,0.0,1400.0
-14715_6882,1.0,49.0,137.0,57.0,0.0,142.0,1.0,16.0,62.0,0.0,0.0,0.0,0.0,3.0,1.0,60.0,26.0,0.0,8.0,66.0,1.0,0.0,4.0,18.0,5.0,1.0,261.0,8.0,0.0,4.0,0.0,0.0,0.0,0.0,0.0,0.0,0.0,0.0,0.0,0.0,0.0,0.0,0.0,0.0,0.0,0.0,0.0,1.0,0.0,0.0,1.0,1.0,0.0,0.0,0.0,0.0,0.0,1.0,1.0,0.0,0.0,0.0,5.0,5.0,0.0,931.0
-14715_6883,1.0,33.0,104.0,110.0,0.0,202.0,0.0,35.0,75.0,1.0,0.0,0.0,1.0,6.0,4.0,67.0,12.0,0.0,6.0,74.0,1.0,0.0,2.0,25.0,9.0,2.0,363.0,2.0,0.0,3.0,0.0,0.0,0.0,0.0,0.0,0.0,0.0,0.0,0.0,0.0,0.0,0.0,0.0,0.0,0.0,0.0,0.0,1.0,0.0,0.0,2.0,3.0,0.0,0.0,0.0,0.0,0.0,1.0,1.0,0.0,0.0,0.0,8.0,8.0,0.0,1138.0
-14715_6884,0.0,107.0,195.0,199.0,0.0,343.0,4.0,66.0,243.0,1.0,0.0,1.0,1.0,6.0,3.0,115.0,59.0,0.0,10.0,111.0,2.0,0.0,9.0,74.0,13.0,1.0,633.0,9.0,0.0,5.0,0.0,0.0,0.0,0.0,0.0,0.0,0.0,0.0,0.0,0.0,0.0,0.0,0.0,0.0,0.0,0.0,0.0,0.0,0.0,0.0,7.0,2.0,0.0,0.0,0.0,0.0,0.0,1.0,2.0,0.0,0.0,0.0,12.0,12.0,0.0,2210.0
-14715_6885,3.0,56.0,133.0,88.0,0.0,210.0,3.0,22.0,63.0,0.0,0.0,0.0,3.0,1.0,1.0,65.0,21.0,0.0,6.0,102.0,1.0,0.0,1.0,31.0,6.0,0.0,317.0,10.0,0.0,3.0,0.0,0.0,0.0,0.0,0.0,0.0,0.0,0.0,0.0,0.0,0.0,0.0,0.0,0.0,0.0,0.0,0.0,0.0,0.0,0.0,0.0,0.0,0.0,0.0,0.0,0.0,0.0,1.0,0.0,0.0,0.0,0.0,1.0,1.0,0.0,1146.0
-14716_6863,1.0,63.0,88.0,134.0,1.0,103.0,4.0,15.0,157.0,0.0,0.0,1.0,1.0,2.0,0.0,68.0,20.0,0.0,9.0,72.0,1.0,0.0,6.0,74.0,3.0,0.0,250.0,9.0,0.0,1.0,0.0,0.0,0.0,0.0,0.0,0.0,0.0,0.0,0.0,0.0,0.0,0.0,0.0,0.0,0.0,0.0,0.0,0.0,0.0,0.0,0.0,0.0,0.0,0.0,0.0,0.0,0.0,0.0,0.0,0.0,0.0,0.0,0.0,0.0,0.0,1083.0
-14716_6864,4.0,158.0,370.0,268.0,0.0,347.0,2.0,20.0,110.0,2.0,0.0,0.0,4.0,4.0,0.0,190.0,42.0,1.0,15.0,212.0,0.0,0.0,10.0,68.0,13.0,0.0,487.0,28.0,0.0,8.0,0.0,0.0,0.0,0.0,0.0,0.0,0.0,0.0,0.0,0.0,0.0,0.0,0.0,0.0,0.0,0.0,0.0,0.0,0.0,0.0,2.0,0.0,0.0,0.0,0.0,0.0,0.0,2.0,0.0,0.0,0.0,0.0,4.0,4.0,0.0,2363.0
-14716_6865,21.0,288.0,751.0,242.0,0.0,540.0,3.0,60.0,109.0,6.0,0.0,4.0,0.0,3.0,8.0,324.0,161.0,2.0,54.0,291.0,0.0,0.0,19.0,80.0,23.0,0.0,510.0,58.0,0.0,11.0,0.0,0.0,0.0,0.0,0.0,0.0,0.0,0.0,0.0,0.0,0.0,0.0,0.0,0.0,0.0,0.0,0.0,0.0,0.0,0.0,0.0,0.0,0.0,0.0,0.0,0.0,0.0,1.0,0.0,0.0,0.0,0.0,1.0,1.0,0.0,3568.0
-14716_6866,13.0,378.0,1081.0,327.0,3.0,785.0,3.0,83.0,173.0,21.0,0.0,24.0,6.0,7.0,27.0,388.0,528.0,0.0,50.0,444.0,8.0,0.0,56.0,207.0,32.0,3.0,752.0,150.0,1.0,27.0,0.0,0.0,0.0,0.0,0.0,0.0,0.0,0.0,0.0,0.0,1.0,0.0,1.0,0.0,0.0,0.0,0.0,0.0,0.0,0.0,1.0,2.0,0.0,0.0,0.0,0.0,0.0,2.0,0.0,0.0,0.0,0.0,7.0,5.0,1.0,5577.0
-14716_6867,19.0,321.0,873.0,377.0,1.0,686.0,7.0,55.0,160.0,2.0,0.0,6.0,3.0,6.0,5.0,462.0,205.0,1.0,57.0,412.0,2.0,0.0,22.0,128.0,22.0,3.0,578.0,65.0,1.0,9.0,0.0,0.0,0.0,0.0,0.0,0.0,0.0,0.0,0.0,0.0,0.0,0.0,0.0,0.0,0.0,0.0,0.0,0.0,0.0,0.0,0.0,0.0,0.0,0.0,0.0,0.0,0.0,0.0,0.0,0.0,0.0,0.0,0.0,0.0,0.0,4488.0
-14716_6868,15.0,332.0,893.0,452.0,1.0,916.0,5.0,124.0,202.0,2.0,0.0,5.0,4.0,7.0,12.0,535.0,172.0,0.0,36.0,409.0,11.0,0.0,30.0,193.0,32.0,4.0,1147.0,44.0,1.0,13.0,0.0,0.0,0.0,1.0,0.0,0.0,0.0,0.0,0.0,0.0,1.0,0.0,1.0,0.0,0.0,1.0,0.0,0.0,0.0,0.0,1.0,0.0,0.0,0.0,0.0,0.0,0.0,1.0,1.0,0.0,1.0,0.0,8.0,3.0,3.0,5597.0
-14716_6869,13.0,425.0,1181.0,381.0,1.0,899.0,4.0,156.0,518.0,7.0,0.0,13.0,7.0,2.0,38.0,420.0,301.0,1.0,24.0,459.0,0.0,0.0,29.0,358.0,21.0,5.0,2143.0,58.0,4.0,11.0,0.0,0.0,0.0,1.0,0.0,0.0,0.0,0.0,0.0,0.0,0.0,0.0,0.0,0.0,0.0,0.0,0.0,0.0,0.0,0.0,2.0,0.0,0.0,0.0,0.0,0.0,0.0,1.0,0.0,0.0,1.0,0.0,5.0,3.0,1.0,7479.0
-14716_6870,9.0,209.0,612.0,332.0,0.0,628.0,2.0,80.0,138.0,2.0,0.0,5.0,2.0,4.0,18.0,267.0,242.0,1.0,21.0,324.0,0.0,0.0,19.0,133.0,24.0,6.0,585.0,36.0,2.0,9.0,0.0,0.0,0.0,0.0,0.0,0.0,0.0,0.0,0.0,0.0,0.0,0.0,0.0,0.0,0.0,0.0,0.0,1.0,0.0,0.0,2.0,1.0,0.0,0.0,0.0,0.0,0.0,2.0,0.0,0.0,0.0,0.0,6.0,6.0,0.0,3710.0
-14716_6871,14.0,250.0,675.0,243.0,0.0,605.0,2.0,78.0,176.0,1.0,0.0,2.0,5.0,7.0,18.0,269.0,214.0,1.0,38.0,335.0,0.0,0.0,26.0,89.0,19.0,2.0,669.0,48.0,1.0,10.0,0.0,0.0,0.0,0.0,0.0,0.0,0.0,0.0,0.0,0.0,2.0,0.0,0.0,0.0,0.0,0.0,0.0,0.0,0.0,0.0,1.0,2.0,0.0,0.0,0.0,0.0,0.0,1.0,0.0,0.0,1.0,0.0,7.0,4.0,2.0,3797.0
-14716_6872,7.0,219.0,659.0,229.0,0.0,608.0,3.0,75.0,157.0,3.0,0.0,6.0,4.0,3.0,15.0,267.0,250.0,0.0,23.0,378.0,1.0,0.0,23.0,107.0,21.0,3.0,737.0,33.0,2.0,9.0,0.0,0.0,0.0,1.0,0.0,0.0,0.0,0.0,0.0,0.0,1.0,0.0,1.0,0.0,0.0,0.0,0.0,1.0,0.0,0.0,1.0,1.0,0.0,0.0,0.0,0.0,0.0,0.0,0.0,0.0,0.0,0.0,6.0,3.0,2.0,3842.0
-14716_6873,10.0,326.0,814.0,350.0,1.0,720.0,4.0,100.0,415.0,3.0,0.0,12.0,7.0,3.0,30.0,340.0,285.0,0.0,31.0,392.0,7.0,0.0,20.0,127.0,25.0,1.0,989.0,40.0,0.0,6.0,0.0,0.0,0.0,0.0,0.0,0.0,0.0,0.0,0.0,0.0,1.0,0.0,0.0,0.0,0.0,0.0,0.0,0.0,0.0,0.0,1.0,1.0,0.0,0.0,0.0,0.0,0.0,1.0,0.0,0.0,0.0,0.0,4.0,3.0,1.0,5058.0
-14716_6874,0.0,82.0,173.0,77.0,0.0,195.0,2.0,35.0,68.0,0.0,0.0,8.0,2.0,1.0,2.0,101.0,163.0,0.0,3.0,114.0,1.0,0.0,8.0,56.0,5.0,3.0,325.0,13.0,0.0,4.0,0.0,0.0,0.0,2.0,0.0,0.0,0.0,0.0,0.0,0.0,2.0,0.0,0.0,0.0,0.0,0.0,0.0,0.0,0.0,0.0,2.0,0.0,0.0,0.0,0.0,0.0,0.0,0.0,0.0,0.0,0.0,0.0,6.0,2.0,4.0,1441.0
-14716_6875,8.0,159.0,520.0,297.0,0.0,576.0,5.0,69.0,198.0,2.0,0.0,3.0,2.0,3.0,6.0,255.0,79.0,0.0,24.0,306.0,1.0,0.0,8.0,80.0,17.0,3.0,891.0,8.0,10.0,12.0,0.0,0.0,0.0,1.0,0.0,0.0,1.0,0.0,0.0,0.0,0.0,0.0,0.0,0.0,0.0,0.0,0.0,0.0,0.0,0.0,1.0,0.0,0.0,0.0,0.0,0.0,0.0,0.0,1.0,0.0,0.0,0.0,4.0,3.0,1.0,3542.0
-14716_6876,3.0,67.0,155.0,171.0,0.0,331.0,2.0,17.0,69.0,0.0,0.0,1.0,0.0,5.0,1.0,95.0,28.0,1.0,6.0,100.0,1.0,0.0,8.0,19.0,16.0,1.0,415.0,9.0,0.0,3.0,0.0,0.0,0.0,0.0,0.0,0.0,0.0,0.0,0.0,0.0,0.0,0.0,0.0,0.0,0.0,0.0,0.0,1.0,0.0,0.0,0.0,4.0,0.0,0.0,0.0,0.0,0.0,1.0,0.0,0.0,0.0,0.0,6.0,6.0,0.0,1524.0
-14716_6877,1.0,16.0,42.0,25.0,0.0,56.0,0.0,10.0,39.0,0.0,0.0,1.0,0.0,0.0,1.0,14.0,11.0,0.0,3.0,41.0,0.0,0.0,1.0,6.0,2.0,1.0,87.0,1.0,0.0,1.0,0.0,0.0,0.0,0.0,0.0,0.0,0.0,0.0,0.0,0.0,0.0,0.0,0.0,0.0,0.0,0.0,0.0,0.0,0.0,0.0,0.0,0.0,0.0,0.0,0.0,0.0,0.0,0.0,0.0,0.0,0.0,0.0,0.0,0.0,0.0,359.0
-14716_6878,3.0,45.0,98.0,57.0,0.0,109.0,0.0,6.0,32.0,0.0,0.0,0.0,0.0,2.0,0.0,32.0,9.0,0.0,6.0,58.0,0.0,0.0,0.0,4.0,3.0,1.0,123.0,3.0,0.0,1.0,0.0,0.0,0.0,0.0,0.0,1.0,0.0,0.0,0.0,0.0,0.0,0.0,0.0,0.0,0.0,0.0,0.0,1.0,0.0,0.0,1.0,0.0,0.0,0.0,0.0,0.0,0.0,0.0,0.0,0.0,0.0,0.0,3.0,3.0,0.0,592.0
-14716_6879,0.0,88.0,172.0,51.0,0.0,134.0,1.0,20.0,56.0,0.0,0.0,0.0,1.0,1.0,1.0,24.0,90.0,1.0,4.0,79.0,1.0,0.0,15.0,11.0,10.0,2.0,229.0,30.0,0.0,5.0,0.0,0.0,0.0,0.0,0.0,0.0,0.0,0.0,0.0,1.0,1.0,0.0,0.0,0.0,0.0,0.0,0.0,5.0,0.0,0.0,0.0,0.0,0.0,0.0,0.0,0.0,0.0,1.0,0.0,0.0,0.0,0.0,8.0,7.0,1.0,1026.0
-14716_6880,1.0,43.0,51.0,120.0,0.0,126.0,0.0,31.0,76.0,0.0,0.0,1.0,1.0,0.0,2.0,49.0,10.0,0.0,7.0,75.0,0.0,0.0,1.0,15.0,1.0,1.0,225.0,4.0,0.0,2.0,0.0,0.0,0.0,0.0,0.0,0.0,0.0,0.0,0.0,0.0,0.0,0.0,0.0,0.0,0.0,0.0,0.0,0.0,0.0,0.0,0.0,0.0,0.0,0.0,0.0,0.0,0.0,1.0,0.0,0.0,0.0,0.0,1.0,1.0,0.0,842.0
-14716_6881,0.0,41.0,75.0,65.0,0.0,88.0,0.0,17.0,53.0,0.0,0.0,0.0,2.0,1.0,2.0,29.0,12.0,0.0,2.0,37.0,2.0,0.0,1.0,12.0,1.0,0.0,181.0,1.0,0.0,0.0,0.0,0.0,0.0,0.0,0.0,0.0,0.0,0.0,0.0,0.0,0.0,0.0,0.0,0.0,0.0,0.0,0.0,0.0,0.0,0.0,2.0,0.0,0.0,0.0,0.0,0.0,0.0,0.0,0.0,0.0,0.0,0.0,2.0,2.0,0.0,622.0
-14716_6883,0.0,16.0,38.0,22.0,0.0,61.0,1.0,8.0,70.0,0.0,0.0,0.0,1.0,1.0,0.0,32.0,4.0,1.0,4.0,70.0,0.0,0.0,1.0,3.0,1.0,1.0,122.0,2.0,0.0,0.0,0.0,0.0,0.0,0.0,0.0,0.0,0.0,0.0,0.0,0.0,0.0,0.0,0.0,0.0,0.0,0.0,0.0,0.0,0.0,0.0,0.0,0.0,0.0,0.0,0.0,0.0,0.0,0.0,0.0,0.0,0.0,0.0,0.0,0.0,0.0,459.0
-14716_6884,3.0,52.0,91.0,89.0,0.0,135.0,0.0,27.0,75.0,0.0,0.0,0.0,0.0,2.0,2.0,57.0,14.0,0.0,3.0,94.0,0.0,0.0,2.0,33.0,6.0,1.0,325.0,2.0,0.0,1.0,0.0,0.0,0.0,0.0,0.0,0.0,1.0,0.0,0.0,0.0,0.0,0.0,0.0,0.0,0.0,0.0,0.0,1.0,0.0,0.0,2.0,0.0,0.0,0.0,0.0,0.0,0.0,0.0,1.0,0.0,0.0,0.0,5.0,5.0,0.0,1014.0
-14716_6885,2.0,34.0,72.0,111.0,0.0,176.0,0.0,39.0,54.0,2.0,0.0,1.0,0.0,5.0,2.0,84.0,15.0,0.0,10.0,70.0,0.0,0.0,0.0,25.0,3.0,0.0,278.0,6.0,3.0,1.0,0.0,0.0,0.0,0.0,0.0,0.0,0.0,0.0,0.0,0.0,0.0,0.0,0.0,0.0,0.0,0.0,0.0,0.0,0.0,0.0,1.0,0.0,0.0,0.0,0.0,0.0,0.0,0.0,0.0,0.0,0.0,0.0,1.0,1.0,0.0,993.0
-14717_6863,2.0,42.0,79.0,88.0,0.0,113.0,1.0,9.0,72.0,1.0,0.0,1.0,0.0,0.0,1.0,60.0,11.0,0.0,10.0,61.0,0.0,1.0,0.0,73.0,3.0,0.0,262.0,5.0,1.0,3.0,0.0,0.0,0.0,0.0,0.0,0.0,0.0,0.0,0.0,0.0,0.0,0.0,0.0,0.0,0.0,0.0,0.0,0.0,0.0,0.0,1.0,0.0,0.0,0.0,0.0,0.0,0.0,0.0,0.0,0.0,0.0,0.0,1.0,1.0,0.0,899.0
-14717_6864,2.0,88.0,176.0,233.0,0.0,300.0,3.0,27.0,137.0,0.0,0.0,1.0,0.0,2.0,1.0,145.0,25.0,0.0,16.0,187.0,0.0,0.0,2.0,31.0,7.0,13.0,447.0,10.0,0.0,5.0,0.0,0.0,0.0,0.0,0.0,0.0,0.0,0.0,0.0,0.0,0.0,0.0,0.0,0.0,0.0,0.0,0.0,0.0,0.0,0.0,0.0,0.0,0.0,0.0,0.0,0.0,0.0,0.0,0.0,0.0,0.0,0.0,0.0,0.0,0.0,1858.0
-14717_6865,7.0,76.0,200.0,171.0,0.0,194.0,4.0,27.0,81.0,4.0,0.0,1.0,0.0,2.0,3.0,128.0,27.0,0.0,10.0,127.0,0.0,0.0,6.0,18.0,7.0,3.0,284.0,7.0,0.0,3.0,0.0,0.0,0.0,0.0,0.0,0.0,0.0,0.0,0.0,0.0,0.0,0.0,0.0,0.0,0.0,0.0,0.0,0.0,0.0,0.0,0.0,1.0,0.0,0.0,0.0,0.0,0.0,1.0,0.0,0.0,0.0,0.0,2.0,2.0,0.0,1390.0
-14717_6866,10.0,352.0,657.0,164.0,2.0,508.0,3.0,81.0,239.0,2.0,0.0,10.0,1.0,6.0,11.0,349.0,210.0,0.0,32.0,242.0,5.0,0.0,21.0,178.0,35.0,2.0,3051.0,36.0,2.0,11.0,0.0,0.0,0.0,0.0,0.0,0.0,0.0,0.0,0.0,1.0,2.0,0.0,0.0,0.0,0.0,0.0,0.0,0.0,0.0,0.0,2.0,0.0,0.0,0.0,0.0,0.0,0.0,0.0,1.0,0.0,3.0,0.0,9.0,4.0,2.0,6220.0
-14717_6867,4.0,196.0,466.0,221.0,1.0,435.0,5.0,43.0,125.0,3.0,0.0,6.0,2.0,1.0,2.0,267.0,118.0,0.0,31.0,245.0,1.0,0.0,13.0,83.0,13.0,1.0,382.0,38.0,0.0,12.0,0.0,0.0,0.0,0.0,0.0,0.0,0.0,0.0,0.0,0.0,0.0,0.0,1.0,0.0,0.0,0.0,0.0,1.0,0.0,0.0,3.0,1.0,0.0,0.0,0.0,0.0,0.0,0.0,0.0,0.0,0.0,0.0,6.0,5.0,0.0,2714.0
-14717_6868,20.0,306.0,805.0,322.0,2.0,650.0,4.0,60.0,159.0,6.0,0.0,2.0,3.0,9.0,18.0,325.0,167.0,0.0,38.0,355.0,1.0,1.0,24.0,163.0,23.0,6.0,622.0,66.0,13.0,15.0,1.0,0.0,0.0,0.0,0.0,1.0,0.0,0.0,0.0,0.0,0.0,0.0,0.0,0.0,0.0,0.0,0.0,0.0,0.0,0.0,2.0,0.0,0.0,0.0,0.0,0.0,0.0,2.0,0.0,0.0,1.0,0.0,7.0,5.0,1.0,4185.0
-14717_6869,6.0,220.0,546.0,305.0,1.0,582.0,2.0,47.0,234.0,3.0,0.0,7.0,3.0,5.0,11.0,254.0,146.0,1.0,13.0,314.0,4.0,0.0,20.0,180.0,16.0,4.0,760.0,32.0,7.0,8.0,0.0,0.0,0.0,0.0,0.0,0.0,0.0,0.0,0.0,0.0,1.0,0.0,0.0,0.0,0.0,0.0,0.0,0.0,0.0,0.0,1.0,0.0,0.0,0.0,0.0,0.0,0.0,2.0,0.0,0.0,0.0,0.0,4.0,3.0,1.0,3731.0
-14717_6870,9.0,193.0,493.0,262.0,0.0,571.0,3.0,77.0,195.0,3.0,0.0,4.0,6.0,5.0,9.0,243.0,175.0,0.0,15.0,286.0,2.0,0.0,12.0,94.0,19.0,1.0,651.0,20.0,1.0,8.0,0.0,0.0,0.0,0.0,0.0,0.0,0.0,0.0,0.0,0.0,0.0,1.0,0.0,0.0,0.0,0.0,0.0,0.0,0.0,0.0,0.0,2.0,0.0,0.0,0.0,0.0,0.0,1.0,0.0,0.0,0.0,0.0,4.0,4.0,0.0,3357.0
-14717_6871,12.0,260.0,723.0,242.0,0.0,585.0,17.0,102.0,152.0,0.0,0.0,13.0,0.0,3.0,15.0,239.0,212.0,0.0,22.0,279.0,0.0,0.0,27.0,80.0,14.0,3.0,972.0,23.0,1.0,14.0,0.0,0.0,0.0,1.0,0.0,0.0,0.0,0.0,0.0,0.0,0.0,0.0,0.0,0.0,0.0,0.0,0.0,0.0,0.0,0.0,1.0,0.0,0.0,0.0,0.0,0.0,0.0,0.0,0.0,0.0,0.0,0.0,2.0,1.0,1.0,4010.0
-14717_6872,10.0,213.0,523.0,208.0,1.0,544.0,1.0,80.0,168.0,3.0,0.0,5.0,1.0,1.0,21.0,288.0,203.0,0.0,25.0,333.0,2.0,0.0,15.0,75.0,25.0,0.0,912.0,26.0,0.0,6.0,0.0,0.0,0.0,1.0,0.0,0.0,0.0,0.0,0.0,0.0,0.0,0.0,0.0,0.0,0.0,0.0,0.0,1.0,0.0,0.0,0.0,0.0,0.0,0.0,0.0,0.0,0.0,0.0,0.0,0.0,0.0,0.0,2.0,1.0,1.0,3689.0
-14717_6873,5.0,213.0,676.0,239.0,0.0,560.0,3.0,61.0,163.0,1.0,0.0,2.0,3.0,9.0,5.0,244.0,164.0,2.0,36.0,350.0,1.0,0.0,22.0,58.0,14.0,2.0,625.0,30.0,0.0,9.0,0.0,0.0,0.0,0.0,0.0,0.0,0.0,0.0,0.0,0.0,0.0,0.0,0.0,0.0,0.0,0.0,0.0,0.0,0.0,0.0,1.0,0.0,0.0,0.0,0.0,0.0,0.0,1.0,0.0,0.0,0.0,0.0,2.0,2.0,0.0,3497.0
-14717_6874,6.0,190.0,528.0,232.0,1.0,422.0,3.0,68.0,177.0,2.0,1.0,4.0,0.0,5.0,13.0,155.0,136.0,0.0,21.0,325.0,9.0,0.0,16.0,52.0,12.0,3.0,562.0,14.0,5.0,10.0,0.0,0.0,0.0,3.0,0.0,0.0,0.0,0.0,0.0,1.0,0.0,0.0,0.0,0.0,0.0,0.0,0.0,0.0,0.0,0.0,0.0,0.0,0.0,0.0,0.0,0.0,0.0,1.0,0.0,0.0,0.0,0.0,5.0,2.0,3.0,2972.0
-14717_6875,4.0,170.0,345.0,165.0,0.0,336.0,5.0,34.0,132.0,2.0,0.0,4.0,0.0,1.0,10.0,146.0,97.0,1.0,17.0,190.0,0.0,0.0,18.0,51.0,9.0,2.0,535.0,8.0,0.0,4.0,0.0,0.0,0.0,0.0,0.0,0.0,0.0,0.0,0.0,0.0,1.0,0.0,0.0,0.0,0.0,0.0,0.0,2.0,0.0,0.0,1.0,2.0,0.0,0.0,0.0,0.0,0.0,0.0,0.0,0.0,0.0,0.0,6.0,5.0,1.0,2286.0
-14717_6876,3.0,128.0,213.0,209.0,0.0,298.0,2.0,46.0,150.0,0.0,0.0,5.0,1.0,5.0,2.0,83.0,95.0,1.0,7.0,108.0,8.0,0.0,15.0,54.0,31.0,1.0,882.0,20.0,0.0,6.0,0.0,0.0,1.0,0.0,0.0,0.0,0.0,0.0,0.0,0.0,2.0,0.0,0.0,0.0,0.0,0.0,0.0,0.0,0.0,0.0,1.0,0.0,0.0,0.0,0.0,0.0,0.0,0.0,0.0,0.0,1.0,0.0,5.0,1.0,2.0,2373.0
-14717_6877,0.0,1.0,4.0,5.0,0.0,3.0,0.0,4.0,2.0,0.0,0.0,0.0,0.0,0.0,0.0,0.0,3.0,0.0,0.0,1.0,0.0,0.0,0.0,0.0,1.0,0.0,2.0,1.0,0.0,0.0,0.0,0.0,0.0,0.0,0.0,0.0,0.0,0.0,0.0,0.0,0.0,0.0,0.0,0.0,0.0,0.0,0.0,0.0,0.0,0.0,0.0,0.0,0.0,0.0,0.0,0.0,0.0,0.0,0.0,0.0,0.0,0.0,0.0,0.0,0.0,27.0
-14717_6878,0.0,11.0,22.0,33.0,0.0,92.0,0.0,12.0,34.0,0.0,0.0,0.0,0.0,1.0,2.0,11.0,11.0,0.0,0.0,42.0,0.0,0.0,1.0,2.0,2.0,0.0,111.0,4.0,0.0,2.0,0.0,0.0,0.0,0.0,0.0,0.0,0.0,0.0,0.0,0.0,0.0,0.0,0.0,0.0,0.0,0.0,0.0,0.0,0.0,0.0,0.0,0.0,0.0,0.0,0.0,0.0,0.0,0.0,0.0,0.0,0.0,0.0,0.0,0.0,0.0,393.0
-14717_6879,0.0,44.0,73.0,73.0,0.0,159.0,1.0,12.0,107.0,0.0,0.0,0.0,0.0,2.0,4.0,31.0,24.0,0.0,5.0,55.0,0.0,0.0,3.0,13.0,5.0,1.0,217.0,1.0,0.0,1.0,0.0,0.0,0.0,1.0,0.0,0.0,0.0,0.0,0.0,0.0,0.0,0.0,0.0,0.0,0.0,0.0,0.0,2.0,0.0,0.0,0.0,1.0,0.0,0.0,0.0,0.0,0.0,0.0,0.0,0.0,0.0,0.0,4.0,3.0,1.0,831.0
-14717_6880,0.0,51.0,97.0,139.0,0.0,157.0,5.0,23.0,76.0,0.0,0.0,0.0,0.0,1.0,2.0,50.0,17.0,0.0,3.0,78.0,0.0,0.0,0.0,4.0,7.0,1.0,276.0,2.0,0.0,4.0,0.0,0.0,0.0,0.0,0.0,0.0,0.0,0.0,0.0,0.0,0.0,0.0,0.0,0.0,0.0,0.0,0.0,0.0,0.0,0.0,1.0,0.0,0.0,0.0,0.0,0.0,0.0,0.0,0.0,0.0,0.0,0.0,1.0,1.0,0.0,993.0
-14717_6881,1.0,37.0,53.0,44.0,0.0,59.0,0.0,10.0,52.0,0.0,0.0,0.0,2.0,1.0,0.0,24.0,4.0,0.0,2.0,63.0,0.0,0.0,3.0,5.0,0.0,0.0,108.0,0.0,2.0,0.0,0.0,0.0,0.0,0.0,0.0,0.0,0.0,0.0,0.0,0.0,0.0,0.0,0.0,0.0,0.0,0.0,0.0,0.0,0.0,0.0,1.0,0.0,0.0,0.0,0.0,0.0,0.0,0.0,0.0,0.0,0.0,0.0,1.0,1.0,0.0,470.0
-14717_6885,0.0,1.0,5.0,1.0,0.0,10.0,0.0,0.0,2.0,0.0,0.0,0.0,0.0,0.0,0.0,4.0,2.0,0.0,1.0,2.0,0.0,0.0,0.0,1.0,0.0,0.0,5.0,1.0,0.0,0.0,0.0,0.0,0.0,0.0,0.0,0.0,0.0,0.0,0.0,0.0,0.0,0.0,0.0,0.0,0.0,0.0,0.0,0.0,0.0,0.0,0.0,0.0,0.0,0.0,0.0,0.0,0.0,0.0,0.0,0.0,0.0,0.0,0.0,0.0,0.0,35.0
-14718_6863,0.0,32.0,57.0,32.0,0.0,48.0,0.0,6.0,101.0,0.0,0.0,0.0,0.0,0.0,0.0,43.0,15.0,1.0,0.0,19.0,0.0,0.0,3.0,32.0,2.0,0.0,1072.0,5.0,0.0,2.0,0.0,0.0,0.0,0.0,0.0,1.0,0.0,0.0,0.0,0.0,0.0,0.0,0.0,0.0,0.0,0.0,0.0,0.0,0.0,0.0,0.0,0.0,0.0,0.0,0.0,0.0,0.0,0.0,0.0,0.0,0.0,0.0,1.0,1.0,0.0,1470.0
-14718_6864,0.0,63.0,172.0,159.0,0.0,253.0,3.0,16.0,85.0,0.0,0.0,0.0,0.0,6.0,0.0,102.0,17.0,0.0,7.0,112.0,0.0,0.0,4.0,25.0,9.0,1.0,288.0,7.0,0.0,3.0,0.0,0.0,0.0,0.0,0.0,0.0,0.0,0.0,0.0,0.0,0.0,0.0,0.0,0.0,0.0,0.0,0.0,0.0,0.0,0.0,0.0,0.0,0.0,0.0,0.0,0.0,0.0,1.0,0.0,0.0,0.0,0.0,1.0,1.0,0.0,1332.0
-14718_6865,2.0,61.0,129.0,125.0,0.0,204.0,1.0,18.0,64.0,3.0,0.0,2.0,2.0,1.0,1.0,81.0,52.0,0.0,12.0,106.0,0.0,0.0,2.0,30.0,4.0,0.0,280.0,11.0,0.0,3.0,0.0,0.0,0.0,0.0,0.0,0.0,0.0,0.0,0.0,0.0,0.0,0.0,0.0,1.0,0.0,0.0,0.0,2.0,0.0,0.0,0.0,1.0,0.0,0.0,0.0,0.0,0.0,0.0,0.0,0.0,0.0,0.0,4.0,4.0,0.0,1194.0
-14718_6866,5.0,205.0,449.0,196.0,0.0,434.0,0.0,57.0,313.0,3.0,1.0,4.0,4.0,6.0,6.0,278.0,75.0,0.0,24.0,231.0,3.0,0.0,15.0,58.0,8.0,2.0,1893.0,12.0,0.0,8.0,0.0,0.0,0.0,0.0,0.0,0.0,0.0,0.0,0.0,0.0,0.0,1.0,0.0,0.0,0.0,0.0,0.0,0.0,0.0,0.0,0.0,0.0,0.0,0.0,0.0,0.0,0.0,0.0,1.0,0.0,1.0,0.0,3.0,2.0,0.0,4290.0
-14718_6867,2.0,118.0,231.0,106.0,0.0,185.0,1.0,30.0,255.0,1.0,0.0,5.0,0.0,3.0,1.0,149.0,33.0,0.0,19.0,81.0,0.0,0.0,7.0,53.0,5.0,0.0,2142.0,8.0,0.0,4.0,0.0,0.0,0.0,0.0,0.0,0.0,0.0,0.0,0.0,0.0,0.0,0.0,0.0,0.0,0.0,0.0,0.0,0.0,0.0,0.0,0.0,0.0,0.0,0.0,0.0,0.0,0.0,0.0,0.0,0.0,1.0,0.0,1.0,0.0,0.0,3439.0
-14718_6868,4.0,496.0,1342.0,245.0,0.0,609.0,8.0,109.0,241.0,3.0,0.0,3.0,7.0,3.0,2.0,295.0,227.0,0.0,53.0,302.0,0.0,0.0,103.0,184.0,28.0,5.0,1158.0,85.0,3.0,14.0,0.0,0.0,0.0,0.0,0.0,1.0,0.0,0.0,0.0,0.0,0.0,0.0,0.0,0.0,0.0,0.0,0.0,1.0,0.0,0.0,1.0,0.0,0.0,0.0,0.0,0.0,0.0,1.0,0.0,0.0,0.0,0.0,4.0,4.0,0.0,5529.0
-14718_6869,10.0,153.0,442.0,262.0,1.0,456.0,2.0,46.0,139.0,0.0,0.0,3.0,0.0,4.0,17.0,235.0,102.0,0.0,16.0,233.0,1.0,0.0,16.0,123.0,15.0,2.0,596.0,19.0,4.0,10.0,0.0,0.0,0.0,0.0,0.0,0.0,0.0,0.0,0.0,0.0,0.0,0.0,0.0,0.0,0.0,0.0,0.0,0.0,0.0,0.0,2.0,1.0,0.0,0.0,1.0,0.0,0.0,0.0,0.0,0.0,0.0,0.0,4.0,3.0,1.0,2907.0
-14718_6870,7.0,180.0,448.0,244.0,0.0,501.0,4.0,53.0,143.0,2.0,0.0,2.0,1.0,3.0,21.0,177.0,170.0,1.0,17.0,231.0,4.0,0.0,18.0,60.0,16.0,3.0,534.0,20.0,0.0,5.0,0.0,0.0,0.0,0.0,0.0,0.0,0.0,0.0,0.0,0.0,1.0,0.0,0.0,0.0,0.0,0.0,0.0,0.0,0.0,1.0,0.0,0.0,0.0,0.0,0.0,0.0,0.0,1.0,0.0,0.0,0.0,0.0,3.0,1.0,1.0,2865.0
-14718_6871,7.0,153.0,418.0,207.0,0.0,487.0,4.0,47.0,155.0,2.0,0.0,9.0,3.0,7.0,5.0,194.0,122.0,1.0,20.0,253.0,0.0,0.0,13.0,40.0,19.0,5.0,649.0,27.0,0.0,7.0,0.0,0.0,0.0,0.0,0.0,0.0,0.0,0.0,0.0,1.0,0.0,0.0,0.0,0.0,0.0,0.0,0.0,0.0,0.0,0.0,1.0,0.0,0.0,0.0,0.0,0.0,0.0,0.0,0.0,0.0,0.0,0.0,2.0,2.0,0.0,2854.0
-14718_6872,4.0,212.0,567.0,325.0,1.0,661.0,5.0,104.0,222.0,4.0,0.0,10.0,3.0,3.0,19.0,232.0,225.0,0.0,29.0,336.0,3.0,0.0,27.0,98.0,20.0,1.0,794.0,28.0,3.0,6.0,0.0,0.0,0.0,0.0,0.0,0.0,0.0,0.0,0.0,0.0,0.0,0.0,0.0,0.0,0.0,0.0,0.0,0.0,0.0,0.0,5.0,1.0,0.0,0.0,0.0,0.0,0.0,0.0,0.0,0.0,0.0,0.0,6.0,6.0,0.0,3942.0
-14718_6873,5.0,184.0,392.0,192.0,0.0,370.0,1.0,65.0,227.0,0.0,0.0,3.0,2.0,2.0,10.0,134.0,211.0,1.0,20.0,230.0,0.0,0.0,23.0,94.0,17.0,1.0,911.0,20.0,3.0,6.0,0.0,0.0,0.0,0.0,0.0,0.0,0.0,0.0,0.0,0.0,1.0,0.0,0.0,0.0,0.0,0.0,0.0,0.0,0.0,1.0,1.0,0.0,0.0,0.0,0.0,0.0,0.0,1.0,0.0,0.0,0.0,0.0,4.0,2.0,1.0,3124.0
-14718_6874,6.0,152.0,375.0,187.0,0.0,431.0,1.0,55.0,149.0,0.0,0.0,2.0,4.0,1.0,11.0,152.0,105.0,0.0,25.0,270.0,2.0,0.0,10.0,50.0,15.0,1.0,577.0,17.0,0.0,7.0,0.0,0.0,0.0,0.0,0.0,0.0,0.0,0.0,0.0,0.0,0.0,0.0,0.0,0.0,0.0,0.0,0.0,1.0,0.0,0.0,1.0,1.0,0.0,0.0,0.0,0.0,0.0,0.0,0.0,0.0,0.0,0.0,3.0,3.0,0.0,2605.0
-14718_6875,4.0,222.0,457.0,138.0,0.0,403.0,3.0,116.0,216.0,4.0,0.0,7.0,2.0,5.0,21.0,124.0,152.0,0.0,16.0,189.0,1.0,0.0,15.0,103.0,16.0,0.0,745.0,13.0,0.0,1.0,2.0,1.0,1.0,0.0,0.0,0.0,0.0,0.0,0.0,0.0,0.0,0.0,1.0,1.0,0.0,0.0,0.0,0.0,0.0,0.0,2.0,0.0,0.0,0.0,0.0,0.0,0.0,0.0,0.0,0.0,0.0,0.0,8.0,4.0,2.0,2973.0
-14718_6876,3.0,155.0,411.0,168.0,0.0,462.0,5.0,60.0,144.0,1.0,0.0,3.0,1.0,3.0,3.0,166.0,53.0,1.0,25.0,183.0,1.0,0.0,16.0,26.0,13.0,3.0,535.0,17.0,11.0,5.0,0.0,0.0,0.0,1.0,0.0,0.0,0.0,0.0,0.0,0.0,0.0,0.0,0.0,0.0,0.0,0.0,0.0,0.0,0.0,0.0,0.0,2.0,0.0,0.0,0.0,0.0,0.0,1.0,0.0,0.0,0.0,0.0,4.0,3.0,1.0,2474.0
-14718_6877,0.0,27.0,89.0,154.0,0.0,163.0,0.0,15.0,73.0,1.0,0.0,0.0,1.0,0.0,2.0,47.0,28.0,0.0,4.0,63.0,10.0,0.0,4.0,7.0,24.0,0.0,261.0,8.0,0.0,1.0,0.0,0.0,0.0,0.0,0.0,0.0,0.0,0.0,0.0,0.0,0.0,0.0,0.0,0.0,0.0,0.0,0.0,0.0,0.0,0.0,2.0,0.0,0.0,0.0,0.0,0.0,0.0,0.0,0.0,0.0,0.0,0.0,2.0,2.0,0.0,982.0
-14718_6878,0.0,20.0,26.0,39.0,0.0,61.0,0.0,20.0,38.0,0.0,0.0,0.0,0.0,1.0,0.0,17.0,11.0,0.0,2.0,36.0,0.0,0.0,1.0,3.0,1.0,1.0,93.0,1.0,0.0,1.0,0.0,0.0,0.0,0.0,0.0,0.0,0.0,0.0,0.0,0.0,0.0,0.0,0.0,0.0,0.0,0.0,0.0,0.0,0.0,0.0,0.0,0.0,0.0,0.0,0.0,0.0,0.0,0.0,0.0,0.0,0.0,0.0,0.0,0.0,0.0,372.0
-14718_6879,0.0,22.0,66.0,90.0,0.0,140.0,0.0,22.0,58.0,0.0,0.0,1.0,2.0,3.0,0.0,35.0,12.0,0.0,4.0,71.0,0.0,0.0,1.0,5.0,2.0,2.0,199.0,4.0,0.0,0.0,0.0,0.0,0.0,0.0,0.0,0.0,0.0,0.0,0.0,0.0,0.0,0.0,0.0,0.0,0.0,0.0,0.0,0.0,0.0,0.0,1.0,0.0,0.0,0.0,0.0,0.0,0.0,0.0,0.0,0.0,0.0,0.0,1.0,1.0,0.0,739.0
-14718_6880,0.0,19.0,48.0,93.0,0.0,125.0,0.0,41.0,72.0,0.0,0.0,1.0,0.0,2.0,1.0,31.0,6.0,0.0,3.0,75.0,0.0,0.0,2.0,2.0,0.0,1.0,201.0,1.0,0.0,0.0,0.0,0.0,0.0,0.0,0.0,0.0,0.0,0.0,0.0,0.0,0.0,0.0,0.0,0.0,0.0,0.0,0.0,0.0,0.0,0.0,0.0,0.0,0.0,0.0,0.0,0.0,0.0,0.0,0.0,0.0,0.0,0.0,0.0,0.0,0.0,724.0
-14718_6881,0.0,13.0,28.0,54.0,0.0,22.0,0.0,7.0,26.0,1.0,0.0,0.0,0.0,1.0,0.0,8.0,1.0,0.0,0.0,17.0,0.0,0.0,1.0,1.0,1.0,0.0,53.0,1.0,0.0,0.0,0.0,0.0,0.0,0.0,0.0,0.0,0.0,0.0,0.0,0.0,0.0,0.0,0.0,0.0,0.0,0.0,0.0,0.0,0.0,0.0,0.0,0.0,0.0,0.0,0.0,0.0,0.0,0.0,0.0,0.0,0.0,0.0,0.0,0.0,0.0,235.0
-14719_6864,0.0,30.0,22.0,28.0,0.0,40.0,0.0,14.0,40.0,0.0,0.0,0.0,0.0,0.0,2.0,21.0,9.0,0.0,0.0,12.0,0.0,0.0,3.0,22.0,1.0,0.0,173.0,0.0,0.0,0.0,0.0,0.0,0.0,0.0,0.0,0.0,0.0,0.0,0.0,0.0,0.0,0.0,0.0,0.0,0.0,0.0,0.0,0.0,0.0,1.0,0.0,0.0,0.0,0.0,0.0,0.0,0.0,0.0,0.0,0.0,0.0,0.0,1.0,0.0,0.0,417.0
-14719_6865,2.0,62.0,204.0,120.0,0.0,223.0,0.0,19.0,80.0,0.0,0.0,1.0,0.0,1.0,1.0,115.0,33.0,0.0,7.0,119.0,1.0,0.0,5.0,30.0,6.0,2.0,247.0,19.0,0.0,2.0,0.0,0.0,0.0,0.0,0.0,0.0,0.0,0.0,0.0,0.0,0.0,0.0,0.0,0.0,0.0,0.0,0.0,0.0,0.0,0.0,1.0,0.0,0.0,0.0,0.0,0.0,0.0,0.0,0.0,0.0,0.0,0.0,1.0,1.0,0.0,1299.0
-14719_6866,5.0,193.0,527.0,156.0,0.0,460.0,2.0,36.0,159.0,3.0,0.0,2.0,1.0,3.0,8.0,274.0,100.0,1.0,31.0,256.0,10.0,0.0,19.0,68.0,13.0,4.0,648.0,15.0,8.0,7.0,0.0,0.0,0.0,1.0,0.0,0.0,0.0,0.0,0.0,0.0,0.0,0.0,0.0,0.0,0.0,0.0,0.0,0.0,0.0,0.0,2.0,0.0,0.0,0.0,0.0,0.0,0.0,0.0,0.0,0.0,0.0,0.0,3.0,2.0,1.0,3009.0
-14719_6867,14.0,231.0,679.0,270.0,0.0,567.0,3.0,44.0,151.0,0.0,0.0,3.0,2.0,6.0,3.0,302.0,104.0,0.0,35.0,330.0,1.0,0.0,16.0,59.0,13.0,2.0,516.0,34.0,0.0,9.0,0.0,0.0,0.0,0.0,0.0,0.0,0.0,0.0,0.0,0.0,0.0,0.0,0.0,0.0,0.0,0.0,0.0,0.0,0.0,0.0,0.0,0.0,0.0,0.0,0.0,0.0,0.0,1.0,0.0,0.0,0.0,0.0,1.0,1.0,0.0,3394.0
-14719_6868,6.0,224.0,599.0,290.0,0.0,487.0,5.0,55.0,120.0,3.0,0.0,5.0,3.0,2.0,6.0,271.0,66.0,0.0,28.0,311.0,0.0,0.0,19.0,65.0,16.0,2.0,564.0,30.0,0.0,3.0,0.0,0.0,0.0,0.0,0.0,0.0,0.0,0.0,0.0,0.0,0.0,0.0,0.0,0.0,0.0,0.0,0.0,0.0,0.0,0.0,1.0,1.0,0.0,0.0,0.0,0.0,0.0,1.0,0.0,0.0,0.0,0.0,3.0,3.0,0.0,3180.0
-14719_6869,2.0,168.0,516.0,326.0,0.0,570.0,5.0,64.0,206.0,3.0,0.0,6.0,1.0,1.0,11.0,207.0,106.0,0.0,18.0,304.0,0.0,0.0,17.0,139.0,21.0,4.0,671.0,15.0,2.0,3.0,1.0,0.0,0.0,0.0,0.0,0.0,0.0,0.0,0.0,0.0,1.0,0.0,0.0,1.0,0.0,0.0,0.0,0.0,0.0,0.0,2.0,0.0,0.0,0.0,0.0,0.0,0.0,1.0,0.0,0.0,1.0,0.0,7.0,4.0,2.0,3386.0
-14719_6870,13.0,169.0,463.0,246.0,0.0,506.0,5.0,60.0,128.0,0.0,0.0,1.0,3.0,3.0,5.0,215.0,108.0,0.0,17.0,258.0,0.0,0.0,9.0,50.0,10.0,0.0,481.0,19.0,0.0,9.0,0.0,0.0,0.0,0.0,0.0,0.0,0.0,0.0,0.0,0.0,0.0,0.0,0.0,0.0,0.0,0.0,0.0,1.0,0.0,0.0,1.0,0.0,0.0,0.0,1.0,0.0,0.0,0.0,0.0,0.0,0.0,0.0,3.0,2.0,1.0,2778.0
-14719_6871,2.0,136.0,344.0,208.0,0.0,401.0,4.0,53.0,147.0,0.0,0.0,1.0,4.0,5.0,7.0,183.0,80.0,0.0,13.0,240.0,0.0,0.0,8.0,38.0,11.0,1.0,543.0,20.0,2.0,3.0,0.0,0.0,0.0,0.0,0.0,0.0,0.0,0.0,0.0,0.0,0.0,0.0,0.0,0.0,0.0,0.0,0.0,0.0,0.0,0.0,1.0,0.0,0.0,0.0,0.0,0.0,0.0,2.0,0.0,0.0,0.0,0.0,3.0,3.0,0.0,2454.0
-14719_6872,7.0,235.0,624.0,226.0,1.0,540.0,2.0,97.0,204.0,1.0,0.0,4.0,3.0,1.0,12.0,237.0,140.0,0.0,26.0,395.0,1.0,0.0,15.0,83.0,21.0,6.0,667.0,25.0,1.0,10.0,0.0,0.0,0.0,0.0,0.0,1.0,0.0,0.0,0.0,0.0,0.0,0.0,0.0,1.0,0.0,0.0,0.0,0.0,0.0,0.0,1.0,0.0,0.0,0.0,0.0,0.0,0.0,1.0,0.0,0.0,0.0,0.0,4.0,4.0,0.0,3584.0
-14719_6873,3.0,125.0,464.0,241.0,0.0,483.0,0.0,47.0,164.0,0.0,0.0,1.0,2.0,1.0,7.0,202.0,99.0,3.0,25.0,282.0,2.0,0.0,12.0,51.0,11.0,4.0,503.0,10.0,0.0,9.0,0.0,0.0,0.0,1.0,0.0,0.0,0.0,0.0,0.0,0.0,1.0,0.0,1.0,0.0,0.0,0.0,0.0,0.0,0.0,0.0,1.0,0.0,0.0,0.0,0.0,0.0,0.0,1.0,1.0,0.0,1.0,0.0,7.0,3.0,2.0,2751.0
-14719_6874,2.0,132.0,373.0,164.0,0.0,376.0,2.0,43.0,131.0,1.0,1.0,1.0,2.0,5.0,6.0,144.0,83.0,0.0,15.0,202.0,0.0,0.0,14.0,37.0,15.0,1.0,467.0,10.0,3.0,4.0,0.0,0.0,0.0,0.0,0.0,0.0,0.0,0.0,0.0,0.0,0.0,0.0,0.0,0.0,0.0,0.0,0.0,0.0,0.0,0.0,2.0,0.0,0.0,0.0,0.0,0.0,0.0,0.0,0.0,0.0,0.0,0.0,2.0,2.0,0.0,2234.0
-14719_6875,3.0,361.0,866.0,261.0,1.0,668.0,6.0,229.0,502.0,3.0,0.0,8.0,2.0,9.0,13.0,231.0,262.0,1.0,19.0,384.0,0.0,0.0,29.0,154.0,48.0,4.0,1600.0,23.0,1.0,9.0,0.0,0.0,1.0,1.0,0.0,2.0,0.0,0.0,0.0,0.0,0.0,0.0,0.0,0.0,0.0,0.0,0.0,1.0,0.0,0.0,0.0,1.0,0.0,0.0,0.0,0.0,0.0,0.0,0.0,0.0,1.0,0.0,7.0,4.0,1.0,5697.0
-14719_6876,1.0,179.0,496.0,168.0,0.0,417.0,2.0,101.0,145.0,2.0,1.0,5.0,4.0,5.0,5.0,126.0,99.0,1.0,12.0,258.0,0.0,0.0,17.0,48.0,12.0,8.0,602.0,7.0,6.0,3.0,0.0,0.0,0.0,1.0,0.0,0.0,0.0,0.0,0.0,0.0,0.0,0.0,0.0,0.0,0.0,0.0,0.0,1.0,0.0,0.0,1.0,1.0,0.0,0.0,0.0,0.0,0.0,0.0,0.0,0.0,0.0,0.0,4.0,3.0,1.0,2730.0
-14719_6877,1.0,84.0,177.0,98.0,0.0,229.0,3.0,35.0,136.0,0.0,0.0,1.0,2.0,3.0,1.0,103.0,31.0,0.0,6.0,157.0,1.0,0.0,7.0,23.0,8.0,4.0,533.0,6.0,0.0,5.0,0.0,0.0,0.0,0.0,0.0,0.0,0.0,0.0,0.0,0.0,0.0,0.0,0.0,0.0,0.0,0.0,0.0,1.0,0.0,0.0,0.0,1.0,0.0,0.0,0.0,0.0,0.0,0.0,0.0,0.0,1.0,0.0,3.0,2.0,0.0,1654.0
-14719_6878,0.0,6.0,13.0,13.0,0.0,39.0,0.0,4.0,14.0,0.0,0.0,0.0,0.0,0.0,2.0,4.0,5.0,0.0,2.0,17.0,0.0,0.0,0.0,0.0,0.0,0.0,43.0,0.0,0.0,1.0,0.0,0.0,0.0,0.0,0.0,0.0,0.0,0.0,0.0,0.0,0.0,0.0,0.0,0.0,0.0,0.0,0.0,0.0,0.0,0.0,0.0,0.0,0.0,0.0,0.0,0.0,0.0,0.0,0.0,0.0,0.0,0.0,0.0,0.0,0.0,163.0
-14719_6879,0.0,51.0,66.0,82.0,0.0,95.0,0.0,10.0,117.0,0.0,0.0,0.0,0.0,0.0,0.0,33.0,43.0,0.0,6.0,78.0,1.0,0.0,5.0,10.0,3.0,1.0,328.0,8.0,0.0,0.0,0.0,0.0,0.0,0.0,0.0,1.0,1.0,0.0,0.0,0.0,0.0,0.0,0.0,0.0,0.0,0.0,0.0,0.0,0.0,0.0,1.0,0.0,0.0,0.0,0.0,0.0,0.0,0.0,0.0,0.0,1.0,0.0,4.0,3.0,0.0,937.0
-14719_6880,1.0,44.0,94.0,83.0,0.0,160.0,1.0,17.0,69.0,0.0,0.0,0.0,1.0,5.0,0.0,39.0,22.0,0.0,3.0,82.0,0.0,0.0,3.0,9.0,3.0,5.0,230.0,3.0,0.0,1.0,0.0,0.0,0.0,0.0,0.0,1.0,0.0,0.0,0.0,0.0,0.0,0.0,0.0,0.0,0.0,0.0,0.0,0.0,0.0,0.0,1.0,0.0,0.0,0.0,0.0,0.0,0.0,2.0,0.0,0.0,0.0,0.0,4.0,4.0,0.0,875.0
-14719_6881,0.0,2.0,11.0,14.0,0.0,12.0,0.0,0.0,7.0,0.0,0.0,0.0,0.0,0.0,1.0,2.0,2.0,0.0,0.0,10.0,0.0,0.0,0.0,0.0,0.0,0.0,22.0,0.0,0.0,0.0,0.0,0.0,0.0,0.0,0.0,0.0,0.0,0.0,0.0,0.0,0.0,0.0,0.0,0.0,0.0,0.0,0.0,0.0,0.0,0.0,0.0,0.0,0.0,0.0,0.0,0.0,0.0,0.0,0.0,0.0,0.0,0.0,0.0,0.0,0.0,83.0
-14720_6866,2.0,52.0,99.0,81.0,0.0,103.0,0.0,7.0,56.0,2.0,0.0,0.0,0.0,0.0,6.0,23.0,16.0,0.0,3.0,34.0,0.0,0.0,6.0,34.0,3.0,1.0,167.0,3.0,0.0,0.0,0.0,0.0,0.0,1.0,0.0,0.0,0.0,0.0,0.0,0.0,0.0,0.0,0.0,0.0,0.0,0.0,0.0,0.0,0.0,0.0,0.0,0.0,0.0,0.0,0.0,0.0,0.0,0.0,0.0,0.0,0.0,0.0,1.0,0.0,1.0,698.0
-14720_6867,8.0,170.0,357.0,172.0,1.0,338.0,1.0,41.0,101.0,2.0,0.0,0.0,3.0,3.0,6.0,178.0,45.0,0.0,22.0,197.0,4.0,0.0,11.0,83.0,6.0,0.0,472.0,21.0,5.0,7.0,0.0,0.0,0.0,0.0,0.0,1.0,0.0,0.0,0.0,0.0,0.0,0.0,0.0,0.0,0.0,0.0,0.0,0.0,0.0,0.0,1.0,0.0,0.0,0.0,0.0,0.0,0.0,0.0,0.0,0.0,0.0,0.0,2.0,2.0,0.0,2254.0
-14720_6868,8.0,121.0,411.0,230.0,0.0,478.0,2.0,34.0,108.0,0.0,0.0,4.0,1.0,5.0,1.0,196.0,42.0,1.0,18.0,267.0,1.0,0.0,5.0,40.0,9.0,0.0,437.0,16.0,1.0,2.0,0.0,0.0,0.0,1.0,0.0,0.0,0.0,0.0,0.0,0.0,0.0,0.0,0.0,0.0,0.0,0.0,0.0,0.0,0.0,0.0,0.0,0.0,0.0,0.0,0.0,0.0,0.0,0.0,0.0,0.0,0.0,0.0,1.0,0.0,1.0,2438.0
-14720_6869,3.0,130.0,284.0,239.0,0.0,406.0,2.0,49.0,184.0,3.0,0.0,2.0,0.0,4.0,3.0,145.0,79.0,0.0,15.0,185.0,0.0,0.0,8.0,61.0,14.0,3.0,608.0,10.0,0.0,7.0,0.0,0.0,0.0,2.0,0.0,0.0,0.0,0.0,0.0,0.0,0.0,0.0,1.0,0.0,0.0,0.0,0.0,1.0,0.0,1.0,1.0,0.0,0.0,0.0,0.0,0.0,0.0,0.0,0.0,0.0,1.0,0.0,7.0,2.0,2.0,2444.0
-14720_6870,4.0,70.0,194.0,175.0,0.0,351.0,1.0,26.0,128.0,1.0,0.0,0.0,1.0,1.0,2.0,132.0,45.0,0.0,7.0,157.0,1.0,0.0,3.0,23.0,3.0,1.0,405.0,9.0,0.0,1.0,0.0,0.0,0.0,0.0,0.0,0.0,0.0,0.0,0.0,0.0,0.0,0.0,0.0,0.0,0.0,0.0,0.0,0.0,0.0,0.0,0.0,0.0,0.0,0.0,0.0,0.0,0.0,0.0,0.0,0.0,0.0,0.0,0.0,0.0,0.0,1741.0
-14720_6871,0.0,31.0,72.0,34.0,0.0,97.0,1.0,13.0,29.0,1.0,0.0,1.0,1.0,0.0,2.0,27.0,29.0,0.0,1.0,44.0,0.0,0.0,2.0,1.0,6.0,1.0,99.0,9.0,0.0,1.0,0.0,0.0,0.0,0.0,0.0,0.0,0.0,0.0,0.0,0.0,0.0,0.0,0.0,0.0,0.0,0.0,0.0,0.0,0.0,0.0,1.0,0.0,0.0,0.0,0.0,0.0,0.0,0.0,0.0,0.0,0.0,0.0,1.0,1.0,0.0,502.0
-14720_6872,7.0,198.0,390.0,109.0,0.0,359.0,2.0,93.0,241.0,1.0,0.0,5.0,0.0,4.0,9.0,153.0,145.0,0.0,16.0,256.0,1.0,0.0,12.0,62.0,13.0,5.0,1284.0,17.0,0.0,3.0,0.0,0.0,1.0,0.0,0.0,0.0,0.0,0.0,0.0,0.0,0.0,0.0,0.0,0.0,0.0,0.0,0.0,1.0,0.0,1.0,1.0,1.0,0.0,0.0,0.0,0.0,0.0,0.0,0.0,0.0,1.0,0.0,6.0,3.0,0.0,3385.0
-14720_6873,2.0,188.0,391.0,176.0,0.0,426.0,2.0,39.0,125.0,0.0,0.0,5.0,2.0,2.0,6.0,137.0,66.0,2.0,30.0,209.0,0.0,0.0,17.0,33.0,12.0,2.0,480.0,10.0,2.0,9.0,0.0,0.0,0.0,0.0,0.0,0.0,0.0,0.0,0.0,0.0,0.0,0.0,0.0,0.0,0.0,0.0,0.0,0.0,0.0,0.0,0.0,0.0,0.0,0.0,0.0,0.0,0.0,2.0,0.0,0.0,0.0,0.0,2.0,2.0,0.0,2373.0
-14720_6874,8.0,114.0,292.0,172.0,0.0,342.0,1.0,44.0,124.0,0.0,0.0,4.0,2.0,1.0,1.0,107.0,80.0,0.0,19.0,227.0,0.0,0.0,6.0,21.0,6.0,3.0,370.0,9.0,0.0,4.0,0.0,0.0,0.0,0.0,0.0,0.0,0.0,0.0,0.0,0.0,0.0,0.0,0.0,0.0,0.0,0.0,0.0,0.0,0.0,0.0,1.0,0.0,0.0,0.0,0.0,0.0,0.0,1.0,0.0,0.0,0.0,0.0,2.0,2.0,0.0,1957.0
-14720_6875,2.0,163.0,385.0,213.0,0.0,444.0,1.0,48.0,160.0,0.0,0.0,1.0,2.0,5.0,13.0,137.0,50.0,0.0,23.0,234.0,0.0,0.0,7.0,34.0,10.0,3.0,612.0,8.0,10.0,10.0,1.0,0.0,0.0,1.0,0.0,0.0,0.0,0.0,0.0,0.0,0.0,0.0,0.0,0.0,0.0,0.0,0.0,0.0,0.0,0.0,2.0,2.0,0.0,0.0,2.0,0.0,0.0,2.0,0.0,0.0,0.0,0.0,10.0,6.0,4.0,2575.0
-14720_6876,2.0,185.0,409.0,117.0,0.0,447.0,3.0,82.0,214.0,2.0,0.0,16.0,2.0,8.0,2.0,125.0,155.0,1.0,53.0,323.0,0.0,0.0,23.0,35.0,6.0,8.0,548.0,9.0,2.0,5.0,0.0,0.0,0.0,1.0,0.0,0.0,0.0,0.0,0.0,0.0,1.0,0.0,0.0,0.0,0.0,0.0,0.0,0.0,0.0,1.0,0.0,0.0,1.0,0.0,0.0,0.0,0.0,0.0,0.0,0.0,0.0,0.0,4.0,1.0,2.0,2782.0
-14720_6877,5.0,170.0,396.0,172.0,0.0,404.0,2.0,54.0,236.0,1.0,0.0,2.0,2.0,2.0,5.0,129.0,51.0,1.0,26.0,249.0,0.0,1.0,13.0,55.0,16.0,7.0,685.0,16.0,1.0,3.0,1.0,0.0,0.0,1.0,0.0,0.0,0.0,0.0,0.0,0.0,0.0,0.0,0.0,0.0,0.0,0.0,0.0,0.0,0.0,0.0,1.0,0.0,0.0,0.0,0.0,0.0,0.0,1.0,0.0,0.0,0.0,0.0,4.0,2.0,2.0,2704.0
-14720_6878,4.0,63.0,108.0,62.0,0.0,141.0,0.0,22.0,65.0,0.0,0.0,0.0,0.0,0.0,1.0,59.0,21.0,1.0,6.0,88.0,0.0,0.0,4.0,6.0,2.0,2.0,185.0,2.0,1.0,0.0,0.0,0.0,0.0,1.0,0.0,0.0,0.0,0.0,0.0,0.0,1.0,0.0,0.0,0.0,0.0,0.0,0.0,1.0,0.0,0.0,1.0,0.0,0.0,0.0,0.0,0.0,0.0,0.0,0.0,0.0,0.0,0.0,4.0,2.0,2.0,843.0
-14720_6879,0.0,2.0,8.0,8.0,0.0,18.0,0.0,2.0,12.0,0.0,0.0,0.0,0.0,0.0,0.0,8.0,1.0,0.0,2.0,8.0,0.0,0.0,1.0,0.0,1.0,0.0,16.0,0.0,0.0,0.0,0.0,0.0,0.0,0.0,0.0,0.0,0.0,0.0,0.0,0.0,0.0,0.0,0.0,0.0,0.0,0.0,0.0,0.0,0.0,0.0,0.0,0.0,0.0,0.0,0.0,0.0,0.0,0.0,0.0,0.0,0.0,0.0,0.0,0.0,0.0,87.0
-14720_6880,0.0,24.0,49.0,80.0,0.0,147.0,0.0,16.0,88.0,0.0,0.0,0.0,0.0,2.0,0.0,22.0,8.0,0.0,8.0,51.0,0.0,0.0,3.0,3.0,0.0,0.0,170.0,1.0,1.0,3.0,0.0,0.0,0.0,0.0,0.0,0.0,0.0,0.0,0.0,0.0,0.0,0.0,0.0,0.0,0.0,0.0,0.0,1.0,0.0,0.0,0.0,2.0,0.0,0.0,0.0,0.0,0.0,0.0,0.0,0.0,0.0,0.0,3.0,3.0,0.0,676.0
-14720_6881,0.0,13.0,24.0,40.0,0.0,23.0,0.0,2.0,16.0,0.0,0.0,1.0,0.0,1.0,0.0,9.0,2.0,0.0,1.0,14.0,0.0,0.0,0.0,1.0,1.0,0.0,58.0,0.0,0.0,0.0,0.0,0.0,0.0,0.0,0.0,0.0,0.0,0.0,0.0,0.0,0.0,0.0,0.0,0.0,0.0,0.0,0.0,0.0,0.0,0.0,0.0,0.0,0.0,0.0,0.0,0.0,0.0,0.0,0.0,0.0,0.0,0.0,0.0,0.0,0.0,206.0
-14721_6868,2.0,92.0,217.0,89.0,0.0,173.0,2.0,24.0,82.0,0.0,0.0,1.0,4.0,1.0,0.0,95.0,22.0,0.0,7.0,158.0,0.0,0.0,18.0,18.0,5.0,0.0,256.0,9.0,1.0,2.0,0.0,0.0,0.0,0.0,0.0,0.0,0.0,0.0,0.0,0.0,0.0,0.0,0.0,0.0,0.0,0.0,0.0,0.0,0.0,0.0,0.0,0.0,0.0,0.0,0.0,0.0,0.0,0.0,0.0,0.0,0.0,0.0,0.0,0.0,0.0,1278.0
-14721_6869,4.0,189.0,493.0,234.0,0.0,483.0,0.0,25.0,188.0,1.0,0.0,5.0,4.0,1.0,10.0,179.0,91.0,0.0,12.0,213.0,3.0,0.0,9.0,80.0,11.0,0.0,570.0,11.0,13.0,3.0,0.0,0.0,0.0,0.0,0.0,0.0,0.0,0.0,0.0,0.0,0.0,0.0,0.0,0.0,0.0,0.0,0.0,0.0,0.0,0.0,0.0,0.0,0.0,0.0,0.0,0.0,0.0,1.0,0.0,0.0,0.0,0.0,1.0,1.0,0.0,2832.0
-14721_6870,0.0,103.0,279.0,162.0,0.0,354.0,2.0,48.0,96.0,0.0,0.0,5.0,1.0,6.0,7.0,111.0,67.0,0.0,13.0,154.0,0.0,0.0,10.0,39.0,22.0,1.0,416.0,10.0,0.0,1.0,0.0,0.0,0.0,0.0,0.0,0.0,0.0,0.0,0.0,0.0,0.0,0.0,0.0,0.0,0.0,0.0,0.0,1.0,0.0,0.0,1.0,1.0,0.0,0.0,0.0,0.0,0.0,0.0,0.0,0.0,0.0,0.0,3.0,3.0,0.0,1907.0
-14721_6871,2.0,105.0,279.0,151.0,0.0,323.0,2.0,39.0,147.0,1.0,0.0,1.0,1.0,4.0,3.0,107.0,57.0,1.0,23.0,211.0,0.0,0.0,7.0,25.0,5.0,3.0,347.0,10.0,1.0,6.0,0.0,0.0,0.0,0.0,0.0,0.0,0.0,0.0,0.0,0.0,0.0,0.0,0.0,0.0,0.0,0.0,0.0,0.0,0.0,0.0,2.0,0.0,0.0,0.0,0.0,0.0,0.0,1.0,0.0,0.0,0.0,0.0,3.0,3.0,0.0,1861.0
-14721_6872,3.0,118.0,248.0,77.0,0.0,216.0,1.0,50.0,114.0,5.0,0.0,1.0,1.0,2.0,6.0,77.0,67.0,0.0,4.0,152.0,2.0,0.0,6.0,24.0,4.0,0.0,392.0,6.0,0.0,3.0,0.0,0.0,0.0,0.0,0.0,0.0,0.0,0.0,0.0,0.0,1.0,0.0,0.0,0.0,0.0,0.0,0.0,0.0,0.0,0.0,0.0,0.0,0.0,0.0,0.0,0.0,0.0,2.0,0.0,0.0,1.0,0.0,4.0,2.0,1.0,1579.0
-14721_6873,2.0,81.0,163.0,47.0,0.0,146.0,0.0,37.0,101.0,1.0,0.0,0.0,2.0,0.0,1.0,54.0,26.0,1.0,12.0,151.0,0.0,0.0,6.0,14.0,8.0,4.0,398.0,2.0,0.0,2.0,0.0,0.0,1.0,0.0,0.0,0.0,0.0,0.0,0.0,0.0,1.0,0.0,0.0,1.0,0.0,0.0,0.0,0.0,0.0,0.0,1.0,1.0,0.0,0.0,0.0,0.0,0.0,1.0,0.0,0.0,0.0,0.0,6.0,4.0,1.0,1259.0
-14721_6874,1.0,52.0,115.0,123.0,0.0,184.0,0.0,20.0,68.0,0.0,0.0,1.0,0.0,2.0,2.0,48.0,49.0,0.0,3.0,118.0,0.0,0.0,4.0,7.0,6.0,0.0,229.0,3.0,0.0,1.0,0.0,0.0,0.0,0.0,0.0,0.0,0.0,0.0,0.0,0.0,0.0,0.0,0.0,0.0,0.0,0.0,0.0,1.0,0.0,0.0,0.0,0.0,0.0,0.0,0.0,0.0,0.0,0.0,0.0,0.0,0.0,0.0,1.0,1.0,0.0,1036.0
-14721_6875,3.0,135.0,374.0,166.0,0.0,317.0,2.0,34.0,127.0,4.0,0.0,3.0,1.0,6.0,3.0,94.0,54.0,0.0,17.0,237.0,0.0,0.0,20.0,20.0,6.0,1.0,419.0,8.0,2.0,4.0,0.0,0.0,0.0,2.0,0.0,0.0,0.0,0.0,0.0,0.0,0.0,0.0,0.0,0.0,0.0,0.0,0.0,0.0,0.0,0.0,1.0,1.0,0.0,0.0,0.0,0.0,0.0,0.0,0.0,0.0,0.0,0.0,4.0,2.0,2.0,2057.0
-14721_6876,4.0,116.0,280.0,206.0,1.0,361.0,0.0,45.0,142.0,2.0,0.0,3.0,2.0,2.0,1.0,95.0,58.0,1.0,14.0,212.0,0.0,0.0,8.0,46.0,9.0,1.0,514.0,15.0,1.0,3.0,0.0,0.0,0.0,0.0,0.0,0.0,0.0,0.0,0.0,0.0,1.0,0.0,0.0,0.0,0.0,0.0,0.0,0.0,0.0,0.0,1.0,1.0,0.0,0.0,0.0,0.0,0.0,0.0,0.0,0.0,0.0,0.0,3.0,2.0,1.0,2142.0
-14721_6877,2.0,89.0,246.0,99.0,0.0,301.0,2.0,29.0,147.0,2.0,0.0,1.0,1.0,2.0,1.0,130.0,52.0,0.0,18.0,230.0,0.0,0.0,8.0,19.0,10.0,3.0,396.0,2.0,0.0,4.0,0.0,0.0,1.0,1.0,0.0,0.0,0.0,0.0,0.0,0.0,0.0,0.0,1.0,0.0,0.0,0.0,0.0,1.0,0.0,0.0,0.0,1.0,0.0,0.0,0.0,0.0,0.0,0.0,1.0,0.0,0.0,0.0,6.0,3.0,1.0,1794.0
-14721_6878,13.0,176.0,538.0,183.0,0.0,464.0,2.0,56.0,175.0,3.0,0.0,6.0,5.0,4.0,14.0,163.0,53.0,0.0,16.0,322.0,2.0,0.0,10.0,39.0,12.0,8.0,579.0,14.0,2.0,9.0,0.0,0.0,0.0,0.0,0.0,0.0,0.0,0.0,0.0,0.0,0.0,0.0,0.0,0.0,0.0,0.0,0.0,0.0,0.0,0.0,0.0,0.0,0.0,0.0,0.0,0.0,0.0,0.0,0.0,0.0,0.0,0.0,0.0,0.0,0.0,2868.0
-14721_6879,1.0,22.0,56.0,29.0,0.0,63.0,0.0,10.0,37.0,0.0,0.0,0.0,0.0,0.0,0.0,8.0,14.0,0.0,3.0,37.0,0.0,0.0,2.0,2.0,2.0,0.0,84.0,0.0,0.0,1.0,0.0,0.0,0.0,0.0,0.0,0.0,0.0,0.0,0.0,0.0,0.0,0.0,0.0,0.0,0.0,0.0,0.0,0.0,0.0,0.0,0.0,0.0,0.0,0.0,0.0,0.0,0.0,0.0,0.0,0.0,0.0,0.0,0.0,0.0,0.0,371.0
-14721_6880,0.0,12.0,20.0,27.0,0.0,37.0,0.0,6.0,21.0,0.0,0.0,1.0,0.0,0.0,0.0,10.0,7.0,0.0,2.0,24.0,0.0,0.0,0.0,2.0,0.0,0.0,67.0,2.0,0.0,1.0,0.0,0.0,0.0,0.0,0.0,0.0,0.0,0.0,0.0,0.0,0.0,0.0,0.0,0.0,0.0,0.0,0.0,0.0,0.0,0.0,0.0,0.0,0.0,0.0,0.0,0.0,0.0,0.0,0.0,0.0,0.0,0.0,0.0,0.0,0.0,239.0
-14721_6881,1.0,23.0,70.0,59.0,0.0,104.0,2.0,16.0,42.0,0.0,0.0,0.0,0.0,1.0,0.0,11.0,8.0,0.0,3.0,35.0,0.0,0.0,1.0,1.0,1.0,0.0,135.0,0.0,0.0,1.0,0.0,0.0,0.0,1.0,0.0,0.0,0.0,0.0,0.0,0.0,0.0,0.0,0.0,1.0,0.0,0.0,0.0,1.0,0.0,0.0,3.0,1.0,0.0,0.0,0.0,0.0,0.0,1.0,0.0,0.0,0.0,0.0,8.0,7.0,1.0,514.0
-14722_6868,0.0,11.0,27.0,19.0,0.0,33.0,0.0,3.0,15.0,0.0,0.0,1.0,0.0,0.0,0.0,15.0,3.0,0.0,3.0,28.0,0.0,0.0,0.0,3.0,2.0,0.0,50.0,0.0,0.0,0.0,0.0,0.0,0.0,0.0,0.0,0.0,0.0,0.0,0.0,0.0,0.0,0.0,0.0,0.0,0.0,0.0,0.0,0.0,0.0,0.0,0.0,0.0,0.0,0.0,0.0,0.0,0.0,0.0,0.0,0.0,0.0,0.0,0.0,0.0,0.0,213.0
-14722_6869,3.0,145.0,345.0,128.0,0.0,340.0,2.0,24.0,136.0,1.0,0.0,2.0,2.0,3.0,3.0,146.0,37.0,2.0,9.0,192.0,0.0,0.0,11.0,29.0,14.0,0.0,367.0,9.0,0.0,5.0,0.0,0.0,0.0,0.0,0.0,0.0,0.0,0.0,0.0,0.0,0.0,0.0,0.0,0.0,0.0,0.0,0.0,0.0,0.0,0.0,0.0,0.0,0.0,0.0,0.0,0.0,0.0,0.0,0.0,0.0,0.0,0.0,0.0,0.0,0.0,1955.0
-14722_6870,9.0,176.0,399.0,216.0,0.0,450.0,3.0,51.0,216.0,2.0,0.0,5.0,1.0,9.0,4.0,122.0,79.0,1.0,18.0,234.0,1.0,1.0,10.0,52.0,15.0,3.0,555.0,14.0,3.0,7.0,0.0,0.0,0.0,0.0,0.0,0.0,0.0,0.0,0.0,0.0,1.0,0.0,0.0,0.0,0.0,0.0,0.0,0.0,0.0,0.0,1.0,1.0,0.0,0.0,0.0,0.0,0.0,1.0,0.0,0.0,0.0,0.0,4.0,3.0,1.0,2656.0
-14722_6871,4.0,159.0,429.0,277.0,0.0,468.0,1.0,57.0,176.0,1.0,0.0,2.0,1.0,4.0,7.0,164.0,68.0,1.0,20.0,271.0,0.0,0.0,12.0,49.0,11.0,4.0,589.0,12.0,8.0,5.0,0.0,0.0,0.0,1.0,0.0,0.0,0.0,0.0,0.0,0.0,0.0,0.0,0.0,0.0,0.0,0.0,0.0,0.0,0.0,0.0,1.0,0.0,0.0,0.0,0.0,0.0,0.0,0.0,0.0,0.0,0.0,0.0,2.0,1.0,1.0,2800.0
-14722_6872,3.0,74.0,170.0,112.0,0.0,189.0,0.0,10.0,38.0,0.0,0.0,1.0,0.0,0.0,1.0,71.0,24.0,0.0,6.0,84.0,0.0,0.0,3.0,10.0,6.0,4.0,194.0,2.0,1.0,2.0,0.0,0.0,0.0,1.0,0.0,0.0,0.0,0.0,0.0,0.0,0.0,1.0,0.0,0.0,0.0,0.0,0.0,0.0,0.0,0.0,0.0,0.0,0.0,0.0,0.0,0.0,0.0,0.0,0.0,0.0,0.0,0.0,2.0,1.0,1.0,1005.0
-14722_6873,2.0,41.0,135.0,9.0,0.0,42.0,3.0,13.0,25.0,1.0,0.0,0.0,2.0,0.0,0.0,16.0,6.0,0.0,5.0,32.0,0.0,0.0,4.0,3.0,8.0,0.0,89.0,1.0,0.0,5.0,0.0,0.0,0.0,0.0,0.0,0.0,0.0,0.0,0.0,0.0,0.0,0.0,0.0,0.0,0.0,0.0,0.0,1.0,0.0,0.0,0.0,0.0,0.0,0.0,0.0,0.0,0.0,1.0,1.0,0.0,0.0,0.0,3.0,3.0,0.0,442.0
-14722_6875,1.0,39.0,79.0,42.0,0.0,107.0,0.0,11.0,24.0,0.0,0.0,2.0,0.0,2.0,2.0,23.0,17.0,1.0,4.0,60.0,4.0,0.0,5.0,4.0,4.0,1.0,107.0,3.0,4.0,2.0,0.0,0.0,0.0,0.0,0.0,0.0,0.0,0.0,0.0,0.0,0.0,0.0,0.0,0.0,0.0,0.0,0.0,0.0,0.0,0.0,0.0,1.0,0.0,0.0,0.0,0.0,0.0,1.0,0.0,0.0,0.0,0.0,2.0,2.0,0.0,548.0
-14722_6876,3.0,81.0,160.0,132.0,0.0,214.0,0.0,33.0,111.0,0.0,0.0,2.0,1.0,4.0,6.0,51.0,37.0,0.0,7.0,135.0,0.0,0.0,4.0,24.0,3.0,1.0,392.0,2.0,0.0,1.0,0.0,0.0,0.0,0.0,0.0,0.0,0.0,0.0,0.0,0.0,1.0,0.0,0.0,0.0,0.0,0.0,0.0,0.0,0.0,0.0,1.0,0.0,0.0,0.0,0.0,0.0,0.0,0.0,0.0,0.0,0.0,0.0,2.0,1.0,1.0,1404.0
-14722_6877,2.0,45.0,96.0,116.0,0.0,189.0,0.0,31.0,89.0,0.0,0.0,0.0,1.0,2.0,3.0,58.0,20.0,2.0,4.0,86.0,0.0,0.0,4.0,8.0,4.0,3.0,272.0,5.0,0.0,2.0,0.0,0.0,0.0,0.0,0.0,0.0,0.0,0.0,0.0,0.0,0.0,0.0,0.0,0.0,0.0,0.0,0.0,1.0,0.0,0.0,3.0,0.0,0.0,0.0,0.0,0.0,0.0,0.0,0.0,0.0,0.0,0.0,4.0,4.0,0.0,1042.0
-14722_6878,1.0,173.0,403.0,121.0,0.0,416.0,2.0,36.0,150.0,0.0,0.0,2.0,4.0,8.0,12.0,103.0,48.0,1.0,40.0,288.0,2.0,0.0,13.0,30.0,11.0,5.0,434.0,7.0,1.0,6.0,1.0,0.0,0.0,1.0,0.0,0.0,0.0,0.0,0.0,0.0,0.0,0.0,0.0,0.0,0.0,0.0,0.0,0.0,0.0,0.0,0.0,3.0,0.0,0.0,0.0,0.0,0.0,1.0,0.0,0.0,0.0,0.0,6.0,4.0,2.0,2317.0
-14722_6879,4.0,71.0,188.0,100.0,0.0,250.0,1.0,30.0,94.0,0.0,0.0,0.0,0.0,2.0,2.0,72.0,25.0,0.0,14.0,133.0,4.0,0.0,6.0,8.0,4.0,3.0,341.0,2.0,0.0,3.0,0.0,0.0,0.0,0.0,0.0,0.0,0.0,0.0,0.0,0.0,0.0,0.0,0.0,0.0,0.0,0.0,0.0,0.0,0.0,0.0,1.0,0.0,0.0,0.0,0.0,0.0,0.0,0.0,0.0,0.0,0.0,0.0,1.0,1.0,0.0,1357.0
-14722_6880,1.0,2.0,8.0,8.0,0.0,9.0,0.0,1.0,10.0,0.0,0.0,1.0,0.0,0.0,0.0,3.0,2.0,0.0,0.0,2.0,0.0,0.0,0.0,0.0,1.0,0.0,12.0,1.0,0.0,1.0,0.0,0.0,0.0,0.0,0.0,0.0,0.0,0.0,0.0,0.0,0.0,0.0,0.0,0.0,0.0,0.0,0.0,1.0,0.0,0.0,0.0,0.0,0.0,0.0,0.0,0.0,0.0,0.0,0.0,0.0,0.0,0.0,1.0,1.0,0.0,62.0
-14722_6881,0.0,51.0,74.0,96.0,0.0,137.0,0.0,18.0,118.0,0.0,0.0,1.0,0.0,3.0,2.0,34.0,12.0,1.0,3.0,51.0,0.0,0.0,6.0,10.0,5.0,1.0,244.0,3.0,0.0,0.0,1.0,0.0,0.0,0.0,0.0,0.0,0.0,0.0,0.0,1.0,1.0,0.0,0.0,0.0,0.0,0.0,0.0,1.0,0.0,0.0,0.0,1.0,0.0,0.0,0.0,0.0,0.0,0.0,0.0,0.0,1.0,2.0,8.0,3.0,4.0,870.0
-14722_6882,0.0,23.0,65.0,35.0,0.0,73.0,1.0,6.0,44.0,0.0,0.0,1.0,0.0,0.0,0.0,15.0,2.0,0.0,4.0,40.0,0.0,0.0,1.0,1.0,1.0,0.0,85.0,0.0,0.0,3.0,0.0,0.0,0.0,0.0,0.0,0.0,0.0,0.0,0.0,0.0,0.0,0.0,0.0,0.0,0.0,0.0,0.0,1.0,0.0,0.0,0.0,0.0,0.0,0.0,0.0,0.0,0.0,0.0,0.0,0.0,0.0,0.0,1.0,1.0,0.0,400.0
-14722_6883,0.0,2.0,0.0,1.0,0.0,4.0,0.0,0.0,1.0,0.0,0.0,0.0,0.0,0.0,0.0,1.0,0.0,0.0,0.0,3.0,0.0,0.0,0.0,0.0,0.0,0.0,2.0,0.0,0.0,0.0,0.0,0.0,0.0,0.0,0.0,0.0,0.0,0.0,0.0,0.0,0.0,0.0,0.0,0.0,0.0,0.0,0.0,0.0,0.0,0.0,0.0,0.0,0.0,0.0,0.0,0.0,0.0,0.0,0.0,0.0,0.0,0.0,0.0,0.0,0.0,14.0
-14723_6869,5.0,95.0,299.0,105.0,0.0,279.0,1.0,19.0,74.0,0.0,0.0,2.0,1.0,2.0,7.0,97.0,30.0,1.0,19.0,193.0,0.0,0.0,6.0,21.0,9.0,3.0,249.0,9.0,2.0,2.0,0.0,0.0,0.0,1.0,0.0,0.0,0.0,0.0,0.0,0.0,0.0,0.0,0.0,0.0,0.0,0.0,0.0,0.0,0.0,0.0,0.0,0.0,0.0,0.0,0.0,0.0,0.0,0.0,0.0,0.0,0.0,0.0,1.0,0.0,1.0,1530.0
-14723_6870,3.0,178.0,402.0,170.0,0.0,429.0,5.0,45.0,125.0,1.0,0.0,2.0,1.0,6.0,6.0,101.0,58.0,0.0,21.0,253.0,3.0,0.0,12.0,23.0,21.0,3.0,361.0,18.0,5.0,2.0,0.0,0.0,0.0,0.0,0.0,0.0,0.0,0.0,0.0,0.0,0.0,0.0,0.0,1.0,0.0,0.0,0.0,0.0,0.0,0.0,1.0,1.0,0.0,0.0,0.0,0.0,0.0,1.0,0.0,0.0,0.0,0.0,4.0,4.0,0.0,2254.0
-14723_6871,6.0,102.0,232.0,152.0,0.0,278.0,2.0,22.0,111.0,1.0,0.0,2.0,2.0,6.0,1.0,71.0,34.0,1.0,11.0,192.0,0.0,0.0,5.0,10.0,9.0,1.0,306.0,4.0,0.0,4.0,0.0,0.0,0.0,0.0,0.0,0.0,0.0,0.0,0.0,0.0,0.0,0.0,0.0,0.0,0.0,0.0,0.0,0.0,0.0,0.0,1.0,0.0,0.0,0.0,0.0,0.0,0.0,0.0,0.0,0.0,0.0,0.0,1.0,1.0,0.0,1565.0
-14723_6872,5.0,87.0,206.0,89.0,0.0,188.0,1.0,31.0,130.0,2.0,0.0,3.0,0.0,2.0,7.0,50.0,34.0,0.0,7.0,121.0,0.0,0.0,3.0,50.0,4.0,0.0,249.0,5.0,3.0,0.0,0.0,0.0,0.0,0.0,0.0,0.0,0.0,0.0,0.0,1.0,0.0,0.0,0.0,0.0,0.0,0.0,0.0,0.0,0.0,0.0,0.0,0.0,0.0,0.0,0.0,0.0,0.0,0.0,0.0,0.0,0.0,0.0,1.0,1.0,0.0,1277.0
-14723_6873,0.0,1.0,0.0,1.0,0.0,1.0,0.0,0.0,0.0,0.0,0.0,0.0,0.0,0.0,0.0,0.0,0.0,0.0,0.0,0.0,0.0,0.0,0.0,0.0,0.0,0.0,1.0,0.0,0.0,0.0,0.0,0.0,0.0,0.0,0.0,0.0,0.0,0.0,0.0,0.0,0.0,0.0,0.0,0.0,0.0,0.0,0.0,0.0,0.0,0.0,0.0,0.0,0.0,0.0,0.0,0.0,0.0,0.0,0.0,0.0,0.0,0.0,0.0,0.0,0.0,4.0
-14723_6875,0.0,15.0,34.0,28.0,0.0,52.0,0.0,13.0,45.0,0.0,0.0,0.0,0.0,0.0,0.0,14.0,8.0,0.0,3.0,36.0,0.0,0.0,1.0,3.0,0.0,0.0,77.0,1.0,0.0,0.0,0.0,0.0,0.0,0.0,0.0,0.0,0.0,0.0,0.0,0.0,0.0,0.0,0.0,0.0,0.0,0.0,0.0,0.0,0.0,0.0,0.0,0.0,0.0,0.0,0.0,0.0,0.0,0.0,0.0,0.0,0.0,0.0,0.0,0.0,0.0,330.0
-14723_6876,3.0,43.0,88.0,87.0,0.0,153.0,1.0,29.0,82.0,1.0,0.0,1.0,1.0,1.0,0.0,37.0,9.0,0.0,5.0,116.0,0.0,0.0,2.0,3.0,2.0,1.0,211.0,2.0,0.0,0.0,0.0,0.0,0.0,0.0,0.0,0.0,0.0,0.0,0.0,0.0,0.0,0.0,0.0,0.0,0.0,0.0,0.0,0.0,0.0,0.0,0.0,0.0,0.0,0.0,0.0,0.0,0.0,0.0,0.0,0.0,0.0,0.0,0.0,0.0,0.0,878.0
-14723_6877,4.0,114.0,228.0,147.0,0.0,284.0,1.0,38.0,138.0,2.0,0.0,2.0,1.0,3.0,3.0,66.0,44.0,0.0,14.0,228.0,0.0,0.0,5.0,22.0,10.0,3.0,407.0,4.0,0.0,2.0,1.0,0.0,2.0,0.0,0.0,0.0,0.0,0.0,0.0,0.0,0.0,0.0,0.0,0.0,0.0,0.0,0.0,0.0,0.0,1.0,0.0,0.0,0.0,0.0,0.0,0.0,0.0,0.0,0.0,0.0,0.0,0.0,4.0,0.0,1.0,1770.0
-14723_6878,4.0,76.0,209.0,97.0,1.0,201.0,2.0,34.0,88.0,0.0,0.0,1.0,0.0,1.0,2.0,59.0,52.0,0.0,15.0,107.0,0.0,0.0,10.0,15.0,2.0,2.0,235.0,3.0,0.0,1.0,0.0,0.0,0.0,0.0,0.0,0.0,0.0,0.0,0.0,0.0,0.0,0.0,0.0,0.0,0.0,0.0,0.0,0.0,0.0,0.0,0.0,0.0,0.0,0.0,0.0,0.0,0.0,0.0,0.0,0.0,0.0,0.0,0.0,0.0,0.0,1217.0
-14723_6879,4.0,134.0,237.0,116.0,0.0,290.0,2.0,45.0,174.0,1.0,0.0,1.0,2.0,5.0,3.0,90.0,30.0,1.0,19.0,193.0,0.0,0.0,10.0,16.0,10.0,1.0,391.0,4.0,1.0,7.0,0.0,0.0,0.0,0.0,0.0,0.0,0.0,0.0,0.0,0.0,0.0,0.0,0.0,0.0,0.0,0.0,0.0,0.0,0.0,0.0,2.0,0.0,0.0,0.0,0.0,0.0,0.0,1.0,0.0,0.0,0.0,0.0,3.0,3.0,0.0,1787.0
-14723_6880,1.0,26.0,60.0,41.0,0.0,104.0,0.0,9.0,57.0,0.0,0.0,0.0,0.0,1.0,1.0,31.0,5.0,0.0,6.0,64.0,0.0,0.0,1.0,6.0,5.0,0.0,164.0,1.0,0.0,1.0,0.0,0.0,0.0,0.0,0.0,0.0,0.0,0.0,0.0,0.0,0.0,0.0,0.0,0.0,0.0,0.0,0.0,1.0,0.0,0.0,0.0,1.0,0.0,0.0,0.0,0.0,0.0,0.0,0.0,0.0,0.0,0.0,2.0,2.0,0.0,584.0
-14723_6881,0.0,9.0,18.0,14.0,0.0,18.0,0.0,2.0,16.0,0.0,0.0,0.0,0.0,0.0,0.0,4.0,1.0,0.0,0.0,14.0,0.0,0.0,0.0,0.0,0.0,0.0,18.0,0.0,0.0,0.0,0.0,0.0,0.0,0.0,0.0,0.0,0.0,0.0,0.0,0.0,0.0,0.0,0.0,0.0,0.0,0.0,0.0,0.0,0.0,0.0,0.0,0.0,0.0,0.0,0.0,0.0,0.0,0.0,0.0,0.0,0.0,0.0,0.0,0.0,0.0,114.0
-14723_6882,0.0,11.0,25.0,18.0,0.0,72.0,0.0,10.0,43.0,0.0,0.0,1.0,0.0,2.0,1.0,20.0,1.0,0.0,0.0,29.0,0.0,0.0,3.0,2.0,1.0,0.0,80.0,0.0,0.0,0.0,0.0,0.0,0.0,0.0,0.0,0.0,0.0,0.0,0.0,0.0,0.0,0.0,0.0,0.0,0.0,0.0,0.0,0.0,0.0,0.0,1.0,0.0,0.0,0.0,0.0,0.0,0.0,0.0,0.0,0.0,0.0,0.0,1.0,1.0,0.0,319.0
-14723_6883,2.0,6.0,18.0,16.0,0.0,25.0,0.0,5.0,25.0,0.0,0.0,0.0,0.0,2.0,0.0,8.0,0.0,0.0,0.0,18.0,0.0,0.0,0.0,2.0,1.0,0.0,28.0,1.0,0.0,0.0,0.0,0.0,0.0,0.0,0.0,0.0,0.0,0.0,0.0,0.0,0.0,0.0,0.0,0.0,0.0,0.0,0.0,0.0,0.0,0.0,0.0,0.0,0.0,0.0,0.0,0.0,0.0,0.0,0.0,0.0,0.0,0.0,0.0,0.0,0.0,157.0
-14724_6869,4.0,49.0,132.0,75.0,2.0,188.0,0.0,21.0,77.0,1.0,0.0,0.0,0.0,1.0,2.0,35.0,12.0,0.0,8.0,91.0,0.0,0.0,2.0,12.0,6.0,0.0,189.0,0.0,1.0,1.0,0.0,0.0,0.0,0.0,0.0,0.0,0.0,0.0,0.0,0.0,0.0,0.0,0.0,0.0,0.0,0.0,0.0,0.0,0.0,0.0,0.0,0.0,0.0,0.0,0.0,0.0,0.0,0.0,0.0,0.0,0.0,0.0,0.0,0.0,0.0,909.0
-14724_6870,4.0,99.0,298.0,112.0,0.0,319.0,0.0,34.0,108.0,0.0,0.0,2.0,1.0,3.0,4.0,74.0,38.0,0.0,21.0,159.0,0.0,0.0,7.0,12.0,11.0,1.0,305.0,11.0,0.0,2.0,0.0,0.0,0.0,0.0,0.0,0.0,1.0,0.0,0.0,0.0,0.0,0.0,0.0,0.0,0.0,0.0,0.0,1.0,0.0,0.0,1.0,0.0,0.0,0.0,0.0,0.0,0.0,1.0,0.0,0.0,0.0,0.0,4.0,4.0,0.0,1625.0
-14724_6871,1.0,33.0,109.0,71.0,0.0,128.0,1.0,15.0,56.0,0.0,0.0,0.0,0.0,2.0,3.0,22.0,10.0,0.0,2.0,86.0,0.0,0.0,3.0,9.0,0.0,0.0,111.0,5.0,0.0,3.0,0.0,0.0,0.0,1.0,0.0,0.0,0.0,0.0,0.0,0.0,0.0,0.0,0.0,0.0,0.0,0.0,0.0,0.0,0.0,0.0,0.0,0.0,0.0,0.0,0.0,0.0,0.0,0.0,0.0,0.0,0.0,0.0,1.0,0.0,1.0,670.0
-14724_6872,2.0,55.0,97.0,45.0,0.0,102.0,0.0,9.0,38.0,0.0,0.0,0.0,1.0,0.0,7.0,41.0,6.0,0.0,1.0,65.0,0.0,0.0,5.0,12.0,2.0,0.0,173.0,2.0,3.0,0.0,0.0,0.0,0.0,0.0,0.0,0.0,0.0,0.0,0.0,0.0,0.0,0.0,0.0,0.0,0.0,0.0,0.0,0.0,0.0,0.0,0.0,0.0,0.0,0.0,0.0,0.0,0.0,0.0,0.0,0.0,0.0,0.0,0.0,0.0,0.0,666.0
-14724_6875,0.0,24.0,66.0,33.0,0.0,79.0,0.0,13.0,42.0,0.0,0.0,1.0,0.0,1.0,0.0,22.0,8.0,0.0,2.0,55.0,0.0,0.0,3.0,6.0,2.0,0.0,124.0,0.0,0.0,2.0,0.0,0.0,0.0,0.0,0.0,0.0,0.0,0.0,0.0,0.0,0.0,0.0,0.0,0.0,0.0,0.0,0.0,0.0,0.0,0.0,0.0,0.0,0.0,0.0,0.0,0.0,0.0,0.0,0.0,0.0,0.0,0.0,0.0,0.0,0.0,483.0
-14724_6876,0.0,39.0,86.0,76.0,0.0,136.0,0.0,30.0,91.0,0.0,0.0,1.0,0.0,1.0,1.0,29.0,10.0,1.0,7.0,99.0,0.0,0.0,2.0,2.0,4.0,4.0,212.0,0.0,0.0,2.0,0.0,0.0,0.0,0.0,0.0,0.0,0.0,0.0,0.0,0.0,0.0,0.0,0.0,0.0,0.0,0.0,0.0,0.0,0.0,0.0,1.0,0.0,0.0,0.0,0.0,0.0,0.0,1.0,0.0,0.0,0.0,0.0,2.0,2.0,0.0,833.0
-14724_6877,2.0,89.0,204.0,89.0,0.0,228.0,2.0,24.0,120.0,0.0,0.0,1.0,1.0,4.0,3.0,60.0,20.0,1.0,8.0,153.0,1.0,0.0,4.0,6.0,8.0,1.0,291.0,8.0,0.0,1.0,0.0,0.0,0.0,0.0,0.0,0.0,0.0,0.0,0.0,0.0,0.0,0.0,0.0,0.0,0.0,0.0,0.0,2.0,0.0,0.0,2.0,0.0,0.0,0.0,0.0,0.0,0.0,1.0,0.0,0.0,0.0,0.0,5.0,5.0,0.0,1329.0
-14724_6878,5.0,216.0,560.0,36.0,0.0,198.0,0.0,134.0,42.0,0.0,0.0,2.0,4.0,2.0,6.0,29.0,271.0,0.0,10.0,66.0,0.0,0.0,24.0,8.0,18.0,2.0,424.0,24.0,1.0,1.0,0.0,0.0,0.0,0.0,0.0,0.0,0.0,0.0,0.0,0.0,0.0,0.0,0.0,0.0,0.0,0.0,0.0,0.0,0.0,0.0,0.0,0.0,0.0,0.0,0.0,0.0,0.0,1.0,1.0,0.0,0.0,0.0,2.0,2.0,0.0,2083.0
-14724_6879,1.0,93.0,247.0,105.0,0.0,253.0,3.0,43.0,107.0,0.0,0.0,2.0,4.0,10.0,2.0,70.0,26.0,0.0,18.0,144.0,0.0,0.0,12.0,7.0,5.0,1.0,325.0,6.0,3.0,3.0,0.0,0.0,0.0,1.0,0.0,0.0,0.0,0.0,0.0,0.0,1.0,0.0,0.0,0.0,0.0,0.0,0.0,2.0,0.0,0.0,0.0,1.0,0.0,0.0,1.0,0.0,0.0,0.0,0.0,0.0,0.0,0.0,6.0,3.0,3.0,1490.0
-14724_6880,2.0,149.0,339.0,139.0,0.0,404.0,1.0,41.0,177.0,2.0,0.0,1.0,2.0,4.0,4.0,88.0,31.0,0.0,20.0,208.0,4.0,0.0,9.0,28.0,10.0,2.0,399.0,9.0,4.0,11.0,0.0,0.0,0.0,2.0,0.0,0.0,0.0,0.0,0.0,0.0,0.0,0.0,0.0,0.0,0.0,0.0,0.0,1.0,0.0,0.0,0.0,0.0,0.0,0.0,0.0,0.0,0.0,0.0,0.0,0.0,0.0,0.0,3.0,1.0,2.0,2088.0
-14724_6881,0.0,7.0,28.0,10.0,0.0,27.0,1.0,3.0,8.0,0.0,0.0,0.0,0.0,0.0,0.0,10.0,4.0,0.0,1.0,15.0,0.0,0.0,2.0,3.0,2.0,0.0,30.0,1.0,0.0,0.0,0.0,0.0,0.0,0.0,0.0,0.0,0.0,0.0,0.0,0.0,0.0,0.0,0.0,0.0,0.0,0.0,0.0,0.0,0.0,0.0,0.0,0.0,0.0,0.0,0.0,0.0,0.0,0.0,0.0,0.0,0.0,0.0,0.0,0.0,0.0,152.0
-14724_6882,0.0,6.0,7.0,24.0,0.0,71.0,0.0,5.0,45.0,0.0,0.0,0.0,0.0,0.0,0.0,6.0,1.0,0.0,1.0,19.0,0.0,0.0,1.0,0.0,0.0,0.0,66.0,0.0,0.0,0.0,0.0,0.0,0.0,0.0,0.0,0.0,0.0,0.0,0.0,0.0,0.0,0.0,0.0,0.0,0.0,0.0,0.0,0.0,0.0,0.0,0.0,0.0,0.0,0.0,0.0,0.0,0.0,0.0,0.0,0.0,0.0,0.0,0.0,0.0,0.0,252.0
-14724_6883,0.0,16.0,23.0,28.0,0.0,124.0,0.0,13.0,50.0,0.0,0.0,0.0,0.0,1.0,0.0,14.0,2.0,0.0,0.0,40.0,0.0,0.0,1.0,0.0,1.0,0.0,78.0,1.0,0.0,0.0,0.0,0.0,0.0,0.0,0.0,0.0,0.0,0.0,0.0,0.0,0.0,0.0,0.0,0.0,0.0,0.0,0.0,0.0,0.0,0.0,1.0,0.0,0.0,0.0,0.0,0.0,0.0,0.0,0.0,0.0,0.0,0.0,1.0,1.0,0.0,392.0
-14724_6884,0.0,0.0,4.0,2.0,0.0,8.0,0.0,0.0,1.0,0.0,0.0,0.0,0.0,0.0,0.0,0.0,0.0,0.0,0.0,3.0,0.0,0.0,0.0,0.0,0.0,0.0,2.0,1.0,0.0,0.0,0.0,0.0,0.0,0.0,0.0,0.0,0.0,0.0,0.0,0.0,0.0,0.0,0.0,0.0,0.0,0.0,0.0,0.0,0.0,0.0,0.0,0.0,0.0,0.0,0.0,0.0,0.0,0.0,0.0,0.0,0.0,0.0,0.0,0.0,0.0,21.0
-14725_6869,0.0,30.0,78.0,42.0,0.0,81.0,0.0,9.0,41.0,0.0,0.0,0.0,1.0,0.0,1.0,20.0,21.0,0.0,3.0,53.0,0.0,0.0,1.0,5.0,1.0,0.0,84.0,3.0,0.0,3.0,0.0,0.0,0.0,0.0,0.0,0.0,0.0,0.0,0.0,0.0,0.0,0.0,0.0,0.0,0.0,0.0,0.0,0.0,0.0,0.0,0.0,0.0,0.0,0.0,0.0,0.0,0.0,0.0,0.0,0.0,0.0,0.0,0.0,0.0,0.0,477.0
-14725_6870,7.0,72.0,193.0,109.0,0.0,213.0,1.0,22.0,85.0,0.0,0.0,1.0,3.0,1.0,3.0,67.0,24.0,1.0,8.0,169.0,1.0,0.0,5.0,10.0,4.0,1.0,239.0,4.0,3.0,1.0,0.0,0.0,0.0,0.0,0.0,0.0,0.0,0.0,0.0,0.0,0.0,0.0,0.0,0.0,0.0,0.0,0.0,0.0,0.0,0.0,1.0,1.0,0.0,0.0,0.0,0.0,0.0,0.0,0.0,0.0,0.0,0.0,2.0,2.0,0.0,1247.0
-14725_6871,1.0,79.0,180.0,61.0,0.0,222.0,0.0,23.0,80.0,0.0,0.0,2.0,1.0,4.0,3.0,43.0,16.0,1.0,9.0,156.0,0.0,0.0,6.0,1.0,11.0,3.0,264.0,7.0,0.0,1.0,0.0,0.0,0.0,0.0,0.0,0.0,0.0,0.0,0.0,0.0,0.0,0.0,0.0,0.0,0.0,0.0,0.0,0.0,0.0,0.0,0.0,2.0,0.0,0.0,0.0,0.0,0.0,1.0,0.0,0.0,0.0,0.0,3.0,3.0,0.0,1174.0
-14725_6872,0.0,4.0,13.0,1.0,0.0,15.0,0.0,2.0,1.0,0.0,0.0,0.0,0.0,0.0,0.0,3.0,1.0,0.0,1.0,7.0,0.0,0.0,0.0,1.0,0.0,0.0,34.0,0.0,0.0,0.0,0.0,0.0,0.0,0.0,0.0,0.0,0.0,0.0,0.0,0.0,0.0,0.0,0.0,0.0,0.0,0.0,0.0,0.0,0.0,0.0,0.0,0.0,0.0,0.0,0.0,0.0,0.0,0.0,0.0,0.0,0.0,0.0,0.0,0.0,0.0,83.0
-14725_6876,0.0,63.0,144.0,50.0,0.0,146.0,0.0,24.0,197.0,0.0,0.0,3.0,1.0,4.0,4.0,31.0,26.0,0.0,3.0,81.0,3.0,0.0,2.0,27.0,7.0,1.0,757.0,2.0,0.0,2.0,0.0,0.0,1.0,0.0,0.0,0.0,0.0,0.0,0.0,0.0,0.0,0.0,0.0,0.0,0.0,0.0,0.0,0.0,0.0,1.0,1.0,0.0,0.0,0.0,0.0,0.0,0.0,0.0,0.0,0.0,1.0,0.0,4.0,1.0,0.0,1578.0
-14725_6877,4.0,138.0,377.0,140.0,0.0,407.0,1.0,39.0,189.0,1.0,0.0,4.0,2.0,0.0,10.0,126.0,43.0,1.0,8.0,150.0,2.0,0.0,7.0,38.0,8.0,1.0,564.0,5.0,5.0,5.0,0.0,0.0,0.0,0.0,0.0,0.0,0.0,0.0,0.0,0.0,1.0,0.0,0.0,0.0,0.0,0.0,0.0,0.0,0.0,0.0,0.0,0.0,0.0,0.0,0.0,0.0,0.0,0.0,0.0,0.0,0.0,0.0,1.0,0.0,1.0,2275.0
-14725_6878,2.0,19.0,57.0,58.0,0.0,154.0,0.0,18.0,50.0,0.0,0.0,1.0,1.0,0.0,0.0,26.0,10.0,0.0,10.0,71.0,0.0,0.0,2.0,2.0,3.0,0.0,151.0,1.0,0.0,0.0,0.0,0.0,0.0,0.0,0.0,0.0,0.0,0.0,0.0,0.0,0.0,0.0,0.0,0.0,0.0,0.0,0.0,0.0,0.0,0.0,0.0,0.0,0.0,0.0,0.0,0.0,0.0,0.0,1.0,0.0,0.0,0.0,1.0,1.0,0.0,636.0
-14725_6879,2.0,42.0,73.0,62.0,0.0,201.0,0.0,14.0,66.0,0.0,0.0,0.0,0.0,1.0,1.0,40.0,15.0,0.0,20.0,70.0,0.0,0.0,2.0,2.0,6.0,1.0,237.0,0.0,0.0,0.0,0.0,0.0,0.0,0.0,0.0,0.0,0.0,0.0,0.0,1.0,0.0,0.0,0.0,0.0,0.0,0.0,0.0,0.0,0.0,0.0,1.0,1.0,0.0,0.0,0.0,0.0,0.0,0.0,0.0,0.0,0.0,0.0,3.0,3.0,0.0,855.0
-14725_6880,2.0,50.0,100.0,29.0,0.0,167.0,1.0,19.0,85.0,0.0,0.0,0.0,0.0,3.0,2.0,28.0,6.0,0.0,6.0,71.0,0.0,0.0,2.0,0.0,4.0,0.0,172.0,6.0,0.0,4.0,0.0,0.0,0.0,0.0,0.0,0.0,0.0,0.0,0.0,0.0,0.0,0.0,0.0,0.0,0.0,0.0,0.0,0.0,0.0,0.0,0.0,0.0,0.0,0.0,0.0,0.0,0.0,1.0,0.0,0.0,0.0,0.0,1.0,1.0,0.0,757.0
-14725_6881,3.0,100.0,199.0,99.0,0.0,160.0,5.0,29.0,122.0,2.0,0.0,0.0,2.0,5.0,5.0,42.0,28.0,0.0,4.0,108.0,0.0,0.0,2.0,28.0,9.0,1.0,655.0,6.0,0.0,3.0,1.0,0.0,0.0,0.0,0.0,0.0,0.0,0.0,0.0,0.0,1.0,0.0,0.0,0.0,0.0,0.0,0.0,0.0,0.0,1.0,0.0,0.0,0.0,0.0,0.0,0.0,0.0,0.0,0.0,0.0,1.0,0.0,4.0,0.0,2.0,1617.0
-14725_6882,0.0,3.0,5.0,7.0,0.0,6.0,1.0,0.0,3.0,0.0,0.0,1.0,0.0,1.0,0.0,0.0,0.0,0.0,0.0,1.0,0.0,0.0,0.0,0.0,0.0,0.0,4.0,0.0,0.0,0.0,0.0,0.0,0.0,0.0,0.0,0.0,0.0,0.0,0.0,0.0,0.0,0.0,0.0,0.0,0.0,0.0,0.0,0.0,0.0,0.0,0.0,0.0,0.0,0.0,0.0,0.0,0.0,0.0,0.0,0.0,0.0,0.0,0.0,0.0,0.0,32.0
-14725_6883,2.0,19.0,55.0,26.0,0.0,142.0,0.0,18.0,46.0,0.0,0.0,0.0,0.0,2.0,1.0,12.0,4.0,0.0,5.0,52.0,0.0,0.0,3.0,2.0,4.0,0.0,114.0,1.0,0.0,0.0,0.0,0.0,0.0,0.0,0.0,0.0,0.0,0.0,0.0,0.0,0.0,0.0,0.0,0.0,0.0,0.0,0.0,1.0,0.0,0.0,1.0,4.0,0.0,0.0,0.0,0.0,0.0,2.0,0.0,0.0,0.0,0.0,8.0,8.0,0.0,508.0
-14725_6884,0.0,23.0,18.0,19.0,0.0,44.0,0.0,10.0,46.0,0.0,0.0,0.0,0.0,1.0,2.0,3.0,1.0,0.0,0.0,44.0,0.0,0.0,0.0,0.0,1.0,1.0,49.0,0.0,0.0,0.0,0.0,0.0,0.0,0.0,0.0,0.0,0.0,0.0,0.0,0.0,0.0,0.0,0.0,0.0,0.0,0.0,0.0,0.0,0.0,0.0,0.0,0.0,0.0,0.0,0.0,0.0,0.0,0.0,0.0,0.0,0.0,0.0,0.0,0.0,0.0,262.0
-14726_6869,0.0,2.0,4.0,0.0,0.0,1.0,0.0,0.0,1.0,0.0,0.0,0.0,0.0,0.0,0.0,1.0,1.0,0.0,0.0,0.0,0.0,0.0,0.0,1.0,0.0,0.0,2.0,0.0,0.0,0.0,0.0,0.0,0.0,0.0,0.0,0.0,0.0,0.0,0.0,0.0,0.0,0.0,0.0,0.0,0.0,0.0,0.0,0.0,0.0,0.0,0.0,0.0,0.0,0.0,0.0,0.0,0.0,0.0,0.0,0.0,0.0,0.0,0.0,0.0,0.0,13.0
-14726_6870,0.0,1.0,4.0,2.0,0.0,2.0,0.0,0.0,3.0,0.0,0.0,0.0,0.0,0.0,0.0,1.0,1.0,0.0,0.0,2.0,0.0,0.0,0.0,0.0,0.0,0.0,1.0,0.0,0.0,1.0,0.0,0.0,0.0,0.0,0.0,0.0,0.0,0.0,0.0,0.0,0.0,0.0,0.0,0.0,0.0,0.0,0.0,0.0,0.0,0.0,0.0,0.0,0.0,0.0,0.0,0.0,0.0,0.0,0.0,0.0,0.0,0.0,0.0,0.0,0.0,18.0
-14726_6871,0.0,46.0,113.0,89.0,0.0,176.0,1.0,15.0,64.0,0.0,0.0,1.0,0.0,4.0,1.0,33.0,22.0,0.0,9.0,90.0,0.0,0.0,5.0,6.0,5.0,1.0,150.0,2.0,0.0,1.0,0.0,0.0,0.0,0.0,0.0,0.0,0.0,0.0,0.0,0.0,0.0,0.0,0.0,0.0,0.0,0.0,0.0,0.0,0.0,0.0,1.0,0.0,0.0,0.0,0.0,0.0,0.0,0.0,0.0,0.0,0.0,0.0,1.0,1.0,0.0,834.0
-14726_6872,0.0,71.0,172.0,88.0,0.0,189.0,0.0,24.0,72.0,1.0,0.0,1.0,0.0,2.0,2.0,38.0,26.0,0.0,4.0,135.0,1.0,0.0,1.0,10.0,4.0,4.0,203.0,3.0,0.0,2.0,0.0,0.0,0.0,1.0,0.0,0.0,0.0,0.0,0.0,0.0,0.0,0.0,0.0,0.0,0.0,0.0,0.0,0.0,0.0,0.0,0.0,0.0,0.0,0.0,0.0,0.0,0.0,0.0,0.0,0.0,0.0,0.0,1.0,0.0,1.0,1053.0
-14726_6875,0.0,0.0,0.0,0.0,0.0,0.0,0.0,0.0,16.0,0.0,0.0,0.0,0.0,0.0,0.0,0.0,0.0,0.0,14.0,0.0,0.0,0.0,0.0,0.0,3.0,0.0,2.0,0.0,0.0,2.0,0.0,0.0,0.0,0.0,0.0,0.0,0.0,0.0,0.0,0.0,0.0,0.0,0.0,0.0,0.0,0.0,0.0,0.0,0.0,0.0,0.0,0.0,0.0,0.0,0.0,0.0,0.0,0.0,0.0,0.0,0.0,0.0,0.0,0.0,0.0,37.0
-14726_6876,1.0,15.0,46.0,47.0,0.0,94.0,0.0,15.0,60.0,0.0,0.0,0.0,0.0,2.0,0.0,22.0,7.0,0.0,6.0,52.0,0.0,0.0,0.0,1.0,2.0,0.0,89.0,1.0,0.0,2.0,0.0,0.0,0.0,0.0,0.0,0.0,0.0,0.0,0.0,0.0,0.0,0.0,0.0,0.0,0.0,0.0,0.0,0.0,0.0,0.0,2.0,0.0,0.0,0.0,0.0,0.0,0.0,0.0,0.0,0.0,0.0,0.0,2.0,2.0,0.0,462.0
-14726_6877,3.0,64.0,139.0,44.0,0.0,168.0,1.0,29.0,62.0,0.0,0.0,0.0,1.0,3.0,2.0,26.0,9.0,0.0,10.0,88.0,0.0,0.0,3.0,5.0,7.0,1.0,181.0,3.0,0.0,0.0,0.0,0.0,0.0,0.0,0.0,0.0,0.0,0.0,0.0,0.0,0.0,0.0,0.0,1.0,0.0,0.0,0.0,2.0,0.0,0.0,0.0,2.0,0.0,0.0,0.0,0.0,0.0,1.0,0.0,0.0,0.0,0.0,6.0,6.0,0.0,849.0
-14726_6878,2.0,102.0,284.0,52.0,0.0,163.0,2.0,33.0,121.0,1.0,0.0,5.0,0.0,1.0,2.0,34.0,31.0,0.0,9.0,78.0,0.0,1.0,10.0,47.0,11.0,2.0,443.0,5.0,0.0,2.0,0.0,0.0,0.0,0.0,0.0,0.0,0.0,0.0,0.0,0.0,1.0,0.0,0.0,0.0,0.0,0.0,0.0,0.0,0.0,0.0,1.0,0.0,0.0,0.0,0.0,0.0,0.0,1.0,1.0,0.0,0.0,0.0,4.0,3.0,1.0,1441.0
-14726_6879,4.0,34.0,95.0,42.0,0.0,169.0,1.0,18.0,72.0,0.0,0.0,1.0,1.0,1.0,1.0,19.0,10.0,0.0,8.0,48.0,0.0,0.0,4.0,5.0,4.0,1.0,166.0,1.0,0.0,1.0,0.0,0.0,0.0,0.0,0.0,0.0,0.0,0.0,0.0,0.0,0.0,0.0,0.0,0.0,0.0,0.0,0.0,2.0,0.0,0.0,2.0,1.0,0.0,0.0,0.0,0.0,0.0,1.0,0.0,0.0,0.0,0.0,6.0,6.0,0.0,706.0
-14726_6880,3.0,70.0,150.0,67.0,0.0,225.0,0.0,37.0,132.0,0.0,0.0,0.0,0.0,2.0,2.0,49.0,13.0,1.0,3.0,124.0,0.0,0.0,4.0,23.0,7.0,1.0,323.0,3.0,0.0,3.0,0.0,0.0,0.0,3.0,0.0,0.0,0.0,0.0,0.0,0.0,0.0,0.0,0.0,1.0,0.0,0.0,0.0,1.0,0.0,0.0,2.0,0.0,0.0,0.0,0.0,0.0,0.0,1.0,0.0,0.0,0.0,0.0,8.0,5.0,3.0,1242.0
-14726_6881,0.0,54.0,147.0,75.0,0.0,186.0,0.0,22.0,69.0,0.0,0.0,0.0,0.0,2.0,2.0,35.0,6.0,1.0,8.0,161.0,0.0,0.0,6.0,3.0,4.0,4.0,213.0,3.0,0.0,3.0,0.0,0.0,0.0,1.0,0.0,0.0,0.0,0.0,0.0,0.0,0.0,0.0,0.0,0.0,0.0,0.0,0.0,1.0,0.0,0.0,1.0,2.0,0.0,0.0,0.0,0.0,0.0,1.0,0.0,0.0,0.0,0.0,6.0,5.0,1.0,1004.0
-14726_6882,0.0,2.0,10.0,2.0,0.0,7.0,0.0,0.0,3.0,0.0,0.0,0.0,0.0,0.0,0.0,6.0,1.0,0.0,0.0,5.0,0.0,0.0,0.0,1.0,0.0,0.0,8.0,1.0,0.0,0.0,0.0,0.0,0.0,0.0,0.0,0.0,0.0,0.0,0.0,0.0,0.0,0.0,0.0,0.0,0.0,0.0,0.0,0.0,0.0,0.0,0.0,0.0,0.0,0.0,0.0,0.0,0.0,0.0,0.0,0.0,0.0,0.0,0.0,0.0,0.0,46.0
-14726_6883,0.0,5.0,8.0,10.0,0.0,14.0,0.0,0.0,3.0,0.0,0.0,0.0,0.0,0.0,0.0,3.0,0.0,0.0,0.0,9.0,0.0,0.0,0.0,0.0,0.0,0.0,6.0,0.0,0.0,0.0,0.0,0.0,0.0,0.0,0.0,0.0,0.0,0.0,0.0,0.0,0.0,0.0,0.0,0.0,0.0,0.0,0.0,0.0,0.0,0.0,0.0,0.0,0.0,0.0,0.0,0.0,0.0,0.0,0.0,0.0,0.0,0.0,0.0,0.0,0.0,58.0
-14726_6884,1.0,16.0,43.0,22.0,0.0,36.0,5.0,5.0,14.0,1.0,0.0,1.0,0.0,1.0,0.0,11.0,2.0,0.0,5.0,23.0,5.0,0.0,0.0,6.0,3.0,0.0,35.0,0.0,0.0,4.0,0.0,0.0,0.0,0.0,0.0,0.0,0.0,0.0,0.0,0.0,0.0,0.0,0.0,0.0,0.0,0.0,0.0,0.0,0.0,0.0,0.0,0.0,0.0,0.0,0.0,0.0,0.0,0.0,0.0,0.0,0.0,0.0,0.0,0.0,0.0,239.0
-14727_6869,0.0,0.0,0.0,0.0,0.0,0.0,0.0,0.0,0.0,0.0,0.0,0.0,0.0,0.0,0.0,1.0,0.0,0.0,0.0,0.0,0.0,0.0,0.0,0.0,0.0,0.0,0.0,0.0,0.0,0.0,0.0,0.0,0.0,0.0,0.0,0.0,0.0,0.0,0.0,0.0,0.0,0.0,0.0,0.0,0.0,0.0,0.0,0.0,0.0,0.0,0.0,0.0,0.0,0.0,0.0,0.0,0.0,0.0,0.0,0.0,0.0,0.0,0.0,0.0,0.0,1.0
-14727_6872,0.0,16.0,32.0,11.0,0.0,22.0,0.0,3.0,6.0,0.0,0.0,0.0,1.0,0.0,2.0,11.0,3.0,0.0,2.0,11.0,0.0,0.0,2.0,2.0,1.0,0.0,33.0,3.0,0.0,1.0,0.0,0.0,0.0,0.0,0.0,0.0,0.0,0.0,0.0,0.0,0.0,0.0,0.0,0.0,0.0,0.0,0.0,0.0,0.0,0.0,0.0,0.0,0.0,0.0,0.0,0.0,0.0,0.0,0.0,0.0,0.0,0.0,0.0,0.0,0.0,162.0
-14727_6873,1.0,9.0,14.0,3.0,0.0,12.0,0.0,1.0,4.0,1.0,0.0,0.0,0.0,0.0,2.0,4.0,2.0,0.0,0.0,16.0,0.0,0.0,0.0,0.0,1.0,0.0,22.0,1.0,0.0,0.0,0.0,0.0,0.0,0.0,0.0,0.0,0.0,0.0,0.0,0.0,0.0,0.0,0.0,0.0,0.0,0.0,0.0,0.0,0.0,0.0,0.0,0.0,0.0,0.0,0.0,0.0,0.0,0.0,0.0,0.0,0.0,0.0,0.0,0.0,0.0,93.0
-14727_6876,0.0,11.0,27.0,16.0,0.0,38.0,0.0,4.0,21.0,0.0,0.0,0.0,0.0,0.0,0.0,6.0,4.0,0.0,6.0,29.0,0.0,0.0,1.0,2.0,2.0,3.0,36.0,1.0,0.0,0.0,0.0,0.0,0.0,0.0,0.0,0.0,0.0,0.0,0.0,0.0,0.0,0.0,0.0,0.0,0.0,0.0,0.0,0.0,0.0,0.0,1.0,0.0,0.0,0.0,0.0,0.0,0.0,1.0,0.0,0.0,0.0,0.0,2.0,2.0,0.0,207.0
-14727_6877,3.0,33.0,116.0,80.0,0.0,220.0,0.0,19.0,81.0,0.0,0.0,2.0,2.0,2.0,0.0,21.0,10.0,0.0,9.0,81.0,0.0,0.0,4.0,7.0,6.0,0.0,216.0,0.0,0.0,1.0,0.0,0.0,0.0,0.0,0.0,0.0,0.0,0.0,0.0,0.0,0.0,0.0,0.0,0.0,0.0,0.0,0.0,0.0,0.0,0.0,0.0,0.0,0.0,0.0,0.0,0.0,0.0,0.0,0.0,0.0,0.0,0.0,0.0,0.0,0.0,913.0
-14727_6878,0.0,23.0,49.0,71.0,0.0,121.0,1.0,17.0,77.0,0.0,0.0,0.0,0.0,3.0,1.0,19.0,7.0,0.0,5.0,72.0,0.0,0.0,3.0,5.0,2.0,0.0,169.0,2.0,0.0,0.0,0.0,0.0,0.0,0.0,0.0,0.0,0.0,0.0,0.0,0.0,0.0,0.0,0.0,0.0,0.0,0.0,0.0,0.0,0.0,0.0,0.0,1.0,0.0,0.0,0.0,0.0,0.0,0.0,0.0,0.0,0.0,0.0,1.0,1.0,0.0,647.0
-14727_6879,1.0,94.0,257.0,53.0,0.0,147.0,12.0,46.0,87.0,0.0,0.0,2.0,2.0,0.0,0.0,27.0,45.0,0.0,5.0,141.0,1.0,0.0,15.0,5.0,12.0,2.0,374.0,2.0,1.0,11.0,0.0,0.0,0.0,0.0,0.0,0.0,0.0,0.0,0.0,0.0,0.0,1.0,0.0,0.0,0.0,0.0,0.0,0.0,0.0,0.0,0.0,0.0,0.0,0.0,0.0,0.0,0.0,0.0,2.0,0.0,0.0,0.0,3.0,3.0,0.0,1342.0
-14727_6880,3.0,46.0,103.0,78.0,0.0,106.0,0.0,25.0,86.0,0.0,0.0,1.0,0.0,3.0,1.0,35.0,12.0,0.0,8.0,120.0,0.0,0.0,2.0,4.0,5.0,1.0,232.0,1.0,0.0,2.0,0.0,0.0,0.0,0.0,0.0,0.0,0.0,0.0,0.0,0.0,0.0,0.0,0.0,0.0,0.0,0.0,0.0,1.0,0.0,0.0,2.0,0.0,0.0,0.0,0.0,0.0,0.0,0.0,0.0,0.0,0.0,0.0,3.0,3.0,0.0,874.0
-14727_6881,1.0,75.0,175.0,70.0,0.0,185.0,2.0,20.0,173.0,0.0,0.0,1.0,2.0,6.0,0.0,31.0,18.0,0.0,18.0,162.0,0.0,0.0,5.0,9.0,10.0,4.0,268.0,3.0,0.0,6.0,0.0,0.0,0.0,0.0,0.0,0.0,0.0,0.0,0.0,0.0,1.0,0.0,0.0,0.0,0.0,0.0,0.0,0.0,0.0,0.0,1.0,0.0,0.0,0.0,0.0,0.0,0.0,0.0,0.0,0.0,0.0,0.0,2.0,1.0,1.0,1244.0
-14727_6882,0.0,3.0,3.0,3.0,0.0,8.0,0.0,0.0,5.0,0.0,0.0,0.0,0.0,0.0,0.0,0.0,0.0,0.0,0.0,1.0,0.0,0.0,0.0,0.0,0.0,0.0,14.0,0.0,0.0,0.0,0.0,0.0,0.0,0.0,0.0,0.0,0.0,0.0,0.0,0.0,0.0,0.0,0.0,0.0,0.0,0.0,0.0,0.0,0.0,0.0,0.0,0.0,0.0,0.0,0.0,0.0,0.0,0.0,0.0,0.0,0.0,0.0,0.0,0.0,0.0,37.0
-14728_6872,0.0,0.0,2.0,0.0,0.0,0.0,0.0,0.0,0.0,0.0,0.0,0.0,0.0,0.0,0.0,0.0,0.0,0.0,0.0,0.0,0.0,0.0,0.0,0.0,0.0,0.0,2.0,0.0,0.0,0.0,0.0,0.0,0.0,0.0,0.0,0.0,0.0,0.0,0.0,0.0,0.0,0.0,0.0,0.0,0.0,0.0,0.0,0.0,0.0,0.0,0.0,0.0,0.0,0.0,0.0,0.0,0.0,0.0,0.0,0.0,0.0,0.0,0.0,0.0,0.0,4.0
-14728_6873,0.0,4.0,4.0,9.0,0.0,14.0,0.0,2.0,7.0,0.0,0.0,0.0,0.0,0.0,0.0,1.0,1.0,0.0,0.0,6.0,0.0,0.0,0.0,0.0,0.0,0.0,15.0,0.0,0.0,0.0,0.0,0.0,0.0,0.0,0.0,0.0,0.0,0.0,0.0,0.0,0.0,0.0,0.0,0.0,0.0,0.0,0.0,0.0,0.0,0.0,0.0,0.0,0.0,0.0,0.0,0.0,0.0,0.0,0.0,0.0,0.0,0.0,0.0,0.0,0.0,63.0
-14728_6874,0.0,48.0,149.0,47.0,0.0,141.0,0.0,14.0,114.0,0.0,0.0,0.0,2.0,0.0,5.0,28.0,14.0,0.0,5.0,149.0,0.0,0.0,4.0,6.0,4.0,1.0,192.0,0.0,0.0,2.0,0.0,0.0,0.0,0.0,0.0,0.0,0.0,0.0,0.0,0.0,0.0,0.0,0.0,0.0,0.0,0.0,0.0,0.0,0.0,0.0,0.0,0.0,0.0,0.0,0.0,0.0,0.0,0.0,0.0,0.0,1.0,0.0,1.0,0.0,0.0,925.0
-14728_6875,0.0,27.0,51.0,2.0,0.0,36.0,0.0,10.0,53.0,0.0,0.0,0.0,0.0,0.0,0.0,9.0,7.0,0.0,4.0,22.0,0.0,0.0,3.0,13.0,3.0,0.0,302.0,2.0,0.0,0.0,0.0,0.0,0.0,0.0,0.0,0.0,0.0,0.0,0.0,0.0,0.0,0.0,0.0,0.0,0.0,0.0,0.0,0.0,0.0,0.0,1.0,0.0,0.0,0.0,0.0,0.0,0.0,0.0,0.0,0.0,0.0,0.0,1.0,1.0,0.0,544.0
-14728_6876,0.0,5.0,14.0,10.0,0.0,17.0,0.0,5.0,17.0,0.0,0.0,0.0,0.0,0.0,0.0,6.0,2.0,0.0,1.0,9.0,0.0,0.0,0.0,1.0,0.0,1.0,20.0,0.0,0.0,0.0,0.0,0.0,0.0,0.0,0.0,0.0,0.0,0.0,0.0,0.0,0.0,0.0,0.0,0.0,0.0,0.0,0.0,0.0,0.0,0.0,0.0,0.0,0.0,0.0,0.0,0.0,0.0,0.0,0.0,0.0,0.0,0.0,0.0,0.0,0.0,108.0
-14728_6877,0.0,8.0,24.0,11.0,0.0,24.0,0.0,5.0,16.0,0.0,0.0,0.0,0.0,0.0,0.0,3.0,1.0,0.0,1.0,15.0,0.0,0.0,0.0,0.0,0.0,0.0,19.0,0.0,0.0,1.0,0.0,0.0,0.0,0.0,0.0,0.0,0.0,0.0,0.0,0.0,0.0,0.0,0.0,0.0,0.0,0.0,0.0,0.0,0.0,0.0,0.0,0.0,0.0,0.0,0.0,0.0,0.0,0.0,0.0,0.0,0.0,0.0,0.0,0.0,0.0,128.0
-14728_6878,0.0,37.0,58.0,41.0,0.0,75.0,0.0,19.0,47.0,0.0,0.0,0.0,0.0,1.0,1.0,13.0,13.0,1.0,3.0,61.0,0.0,0.0,5.0,6.0,1.0,0.0,136.0,1.0,0.0,1.0,0.0,0.0,0.0,0.0,0.0,0.0,0.0,0.0,0.0,0.0,0.0,0.0,0.0,0.0,0.0,0.0,0.0,0.0,0.0,1.0,1.0,0.0,0.0,0.0,0.0,0.0,0.0,2.0,0.0,0.0,0.0,0.0,4.0,3.0,0.0,520.0
-14728_6879,0.0,21.0,52.0,36.0,0.0,86.0,1.0,20.0,97.0,0.0,0.0,1.0,1.0,1.0,0.0,12.0,3.0,0.0,3.0,61.0,0.0,0.0,2.0,0.0,0.0,0.0,152.0,1.0,0.0,1.0,0.0,0.0,0.0,0.0,0.0,0.0,0.0,0.0,0.0,0.0,0.0,0.0,0.0,0.0,0.0,0.0,0.0,0.0,0.0,0.0,0.0,0.0,0.0,0.0,0.0,0.0,0.0,0.0,0.0,0.0,0.0,0.0,0.0,0.0,0.0,551.0
-14728_6880,1.0,22.0,57.0,34.0,0.0,102.0,0.0,14.0,83.0,1.0,0.0,0.0,1.0,6.0,1.0,14.0,3.0,0.0,6.0,66.0,0.0,0.0,3.0,0.0,6.0,0.0,122.0,1.0,1.0,1.0,0.0,0.0,0.0,0.0,0.0,0.0,0.0,0.0,0.0,0.0,0.0,0.0,0.0,0.0,0.0,0.0,0.0,0.0,0.0,0.0,0.0,1.0,0.0,0.0,0.0,0.0,0.0,2.0,0.0,0.0,0.0,0.0,3.0,3.0,0.0,545.0
-14728_6881,0.0,71.0,190.0,55.0,0.0,227.0,1.0,37.0,111.0,0.0,0.0,0.0,1.0,3.0,6.0,29.0,21.0,0.0,7.0,163.0,0.0,0.0,6.0,9.0,6.0,2.0,220.0,1.0,0.0,1.0,0.0,0.0,0.0,0.0,0.0,0.0,0.0,0.0,0.0,0.0,0.0,0.0,0.0,0.0,0.0,0.0,0.0,1.0,0.0,0.0,0.0,1.0,0.0,0.0,0.0,0.0,0.0,0.0,0.0,0.0,0.0,0.0,2.0,2.0,0.0,1167.0
-14728_6882,2.0,45.0,82.0,45.0,0.0,169.0,1.0,18.0,68.0,1.0,0.0,0.0,0.0,0.0,0.0,23.0,4.0,0.0,2.0,73.0,0.0,0.0,7.0,0.0,15.0,0.0,168.0,2.0,0.0,2.0,0.0,0.0,0.0,0.0,0.0,0.0,0.0,0.0,0.0,0.0,0.0,0.0,0.0,0.0,0.0,0.0,0.0,0.0,0.0,0.0,0.0,0.0,0.0,0.0,0.0,0.0,0.0,1.0,0.0,0.0,0.0,0.0,1.0,1.0,0.0,727.0
-14728_6883,1.0,9.0,29.0,7.0,0.0,34.0,0.0,8.0,20.0,0.0,0.0,0.0,0.0,1.0,2.0,3.0,3.0,0.0,2.0,14.0,0.0,0.0,0.0,1.0,2.0,0.0,43.0,0.0,0.0,0.0,0.0,0.0,0.0,0.0,0.0,0.0,0.0,0.0,0.0,0.0,0.0,0.0,0.0,0.0,0.0,0.0,0.0,1.0,0.0,0.0,0.0,1.0,0.0,0.0,0.0,0.0,0.0,0.0,0.0,0.0,0.0,0.0,2.0,2.0,0.0,179.0
-14729_6874,0.0,3.0,5.0,12.0,0.0,13.0,0.0,5.0,18.0,0.0,0.0,0.0,0.0,0.0,0.0,1.0,0.0,0.0,0.0,13.0,0.0,0.0,0.0,0.0,0.0,0.0,20.0,0.0,0.0,0.0,0.0,0.0,0.0,0.0,0.0,0.0,0.0,0.0,0.0,0.0,0.0,0.0,0.0,0.0,0.0,0.0,0.0,0.0,0.0,0.0,0.0,0.0,0.0,0.0,0.0,0.0,0.0,0.0,0.0,0.0,0.0,0.0,0.0,0.0,0.0,90.0
-14729_6875,0.0,6.0,10.0,3.0,0.0,11.0,0.0,2.0,7.0,0.0,0.0,0.0,0.0,0.0,0.0,5.0,4.0,0.0,0.0,7.0,0.0,0.0,0.0,0.0,0.0,0.0,20.0,2.0,0.0,0.0,0.0,0.0,0.0,0.0,0.0,0.0,0.0,0.0,0.0,0.0,0.0,0.0,0.0,0.0,0.0,0.0,0.0,0.0,0.0,0.0,1.0,0.0,0.0,0.0,0.0,0.0,0.0,1.0,0.0,0.0,0.0,0.0,2.0,2.0,0.0,77.0
-14729_6876,1.0,170.0,480.0,95.0,0.0,461.0,1.0,36.0,109.0,0.0,0.0,0.0,1.0,3.0,3.0,127.0,24.0,0.0,10.0,266.0,2.0,0.0,9.0,19.0,14.0,3.0,424.0,8.0,0.0,5.0,0.0,0.0,0.0,0.0,0.0,0.0,0.0,0.0,0.0,0.0,0.0,0.0,0.0,0.0,0.0,0.0,0.0,0.0,0.0,0.0,0.0,1.0,0.0,0.0,0.0,0.0,0.0,2.0,0.0,0.0,0.0,0.0,3.0,3.0,0.0,2271.0
-14729_6877,1.0,170.0,455.0,111.0,0.0,448.0,4.0,74.0,184.0,2.0,0.0,1.0,4.0,2.0,8.0,164.0,46.0,2.0,15.0,295.0,4.0,0.0,9.0,35.0,13.0,5.0,917.0,4.0,0.0,9.0,0.0,0.0,0.0,0.0,0.0,1.0,0.0,0.0,0.0,1.0,0.0,0.0,0.0,0.0,0.0,0.0,0.0,1.0,0.0,0.0,0.0,1.0,0.0,0.0,0.0,0.0,0.0,0.0,0.0,0.0,0.0,0.0,4.0,4.0,0.0,2982.0
-14729_6878,0.0,16.0,40.0,9.0,0.0,62.0,2.0,6.0,34.0,0.0,0.0,0.0,0.0,0.0,2.0,17.0,7.0,0.0,2.0,27.0,16.0,0.0,3.0,4.0,2.0,0.0,300.0,0.0,0.0,6.0,0.0,0.0,0.0,1.0,0.0,0.0,0.0,0.0,0.0,0.0,0.0,0.0,0.0,0.0,0.0,0.0,0.0,0.0,0.0,0.0,0.0,0.0,0.0,0.0,0.0,0.0,0.0,0.0,0.0,0.0,0.0,0.0,1.0,0.0,1.0,555.0
-14729_6880,0.0,1.0,13.0,12.0,0.0,10.0,0.0,5.0,14.0,0.0,0.0,0.0,0.0,0.0,0.0,3.0,0.0,0.0,0.0,7.0,0.0,0.0,0.0,0.0,0.0,1.0,18.0,0.0,0.0,0.0,0.0,0.0,0.0,0.0,0.0,0.0,0.0,0.0,0.0,0.0,0.0,0.0,0.0,0.0,0.0,0.0,0.0,0.0,0.0,0.0,0.0,0.0,0.0,0.0,0.0,0.0,0.0,0.0,0.0,0.0,0.0,0.0,0.0,0.0,0.0,84.0
-14729_6881,3.0,25.0,46.0,36.0,0.0,90.0,1.0,11.0,70.0,0.0,0.0,0.0,0.0,0.0,1.0,14.0,1.0,1.0,9.0,59.0,0.0,0.0,3.0,2.0,0.0,0.0,98.0,0.0,0.0,1.0,0.0,0.0,0.0,0.0,0.0,0.0,0.0,0.0,0.0,0.0,0.0,0.0,0.0,0.0,0.0,0.0,0.0,0.0,0.0,0.0,0.0,0.0,0.0,0.0,0.0,0.0,0.0,0.0,0.0,0.0,0.0,0.0,0.0,0.0,0.0,471.0
-14729_6882,4.0,109.0,486.0,82.0,0.0,352.0,3.0,41.0,132.0,1.0,0.0,2.0,4.0,2.0,3.0,72.0,21.0,0.0,9.0,202.0,1.0,0.0,14.0,16.0,11.0,2.0,392.0,3.0,2.0,6.0,0.0,0.0,0.0,1.0,0.0,0.0,0.0,0.0,0.0,0.0,0.0,0.0,0.0,0.0,0.0,0.0,0.0,2.0,0.0,0.0,2.0,2.0,0.0,0.0,0.0,0.0,0.0,0.0,0.0,0.0,0.0,0.0,7.0,6.0,1.0,1972.0
-14729_6883,0.0,16.0,54.0,24.0,0.0,145.0,0.0,17.0,74.0,0.0,0.0,0.0,0.0,4.0,3.0,12.0,3.0,0.0,4.0,48.0,0.0,0.0,0.0,2.0,7.0,0.0,125.0,0.0,0.0,2.0,0.0,0.0,0.0,0.0,0.0,0.0,0.0,0.0,0.0,0.0,0.0,0.0,0.0,0.0,0.0,0.0,0.0,0.0,0.0,0.0,0.0,0.0,0.0,0.0,0.0,0.0,0.0,0.0,0.0,0.0,0.0,0.0,0.0,0.0,0.0,540.0
-14729_6884,2.0,62.0,149.0,93.0,0.0,192.0,2.0,22.0,100.0,1.0,0.0,0.0,6.0,3.0,0.0,34.0,10.0,0.0,18.0,132.0,3.0,0.0,6.0,10.0,3.0,1.0,205.0,0.0,2.0,2.0,0.0,0.0,0.0,0.0,0.0,0.0,0.0,0.0,0.0,0.0,0.0,0.0,0.0,0.0,0.0,0.0,0.0,0.0,0.0,0.0,1.0,0.0,0.0,0.0,0.0,0.0,0.0,1.0,0.0,0.0,0.0,0.0,2.0,2.0,0.0,1058.0
-14729_6885,0.0,25.0,60.0,7.0,0.0,33.0,1.0,5.0,28.0,0.0,0.0,0.0,1.0,0.0,0.0,10.0,7.0,0.0,0.0,26.0,4.0,0.0,0.0,3.0,2.0,1.0,37.0,2.0,0.0,0.0,0.0,0.0,0.0,0.0,0.0,0.0,0.0,0.0,0.0,0.0,0.0,0.0,0.0,0.0,0.0,0.0,0.0,0.0,0.0,0.0,0.0,0.0,0.0,0.0,0.0,0.0,0.0,0.0,0.0,0.0,0.0,0.0,0.0,0.0,0.0,252.0
-14730_6875,0.0,0.0,1.0,0.0,0.0,1.0,0.0,0.0,0.0,0.0,0.0,0.0,0.0,0.0,0.0,0.0,1.0,0.0,0.0,1.0,0.0,0.0,0.0,1.0,0.0,0.0,1.0,0.0,0.0,0.0,0.0,0.0,0.0,0.0,0.0,0.0,0.0,0.0,0.0,0.0,0.0,0.0,0.0,0.0,0.0,0.0,0.0,0.0,0.0,0.0,0.0,0.0,0.0,0.0,0.0,0.0,0.0,0.0,0.0,0.0,0.0,0.0,0.0,0.0,0.0,6.0
-14730_6876,6.0,95.0,382.0,74.0,0.0,324.0,3.0,29.0,78.0,0.0,0.0,0.0,2.0,1.0,2.0,109.0,25.0,2.0,8.0,245.0,0.0,0.0,5.0,11.0,10.0,5.0,296.0,2.0,0.0,7.0,0.0,0.0,0.0,0.0,0.0,0.0,0.0,0.0,0.0,0.0,0.0,0.0,0.0,0.0,0.0,0.0,0.0,0.0,0.0,0.0,0.0,0.0,0.0,0.0,0.0,0.0,0.0,0.0,0.0,0.0,0.0,0.0,0.0,0.0,0.0,1721.0
-14730_6877,8.0,215.0,721.0,152.0,0.0,638.0,3.0,77.0,267.0,2.0,0.0,5.0,4.0,7.0,5.0,299.0,67.0,1.0,36.0,505.0,6.0,0.0,18.0,25.0,19.0,5.0,1070.0,9.0,0.0,14.0,0.0,0.0,0.0,0.0,0.0,0.0,0.0,0.0,0.0,0.0,0.0,0.0,0.0,0.0,0.0,0.0,0.0,0.0,0.0,0.0,0.0,0.0,0.0,0.0,0.0,0.0,0.0,0.0,0.0,0.0,0.0,0.0,0.0,0.0,0.0,4178.0
-14730_6878,0.0,66.0,209.0,36.0,0.0,201.0,9.0,47.0,100.0,1.0,1.0,0.0,0.0,0.0,2.0,51.0,15.0,0.0,8.0,119.0,10.0,0.0,7.0,34.0,17.0,1.0,774.0,8.0,0.0,6.0,0.0,0.0,0.0,0.0,0.0,0.0,0.0,0.0,0.0,0.0,0.0,0.0,0.0,0.0,0.0,0.0,0.0,0.0,0.0,0.0,0.0,0.0,0.0,0.0,0.0,0.0,0.0,0.0,0.0,0.0,0.0,0.0,0.0,0.0,0.0,1722.0
-14730_6879,0.0,6.0,7.0,0.0,0.0,7.0,0.0,1.0,15.0,0.0,0.0,1.0,0.0,0.0,0.0,2.0,2.0,0.0,0.0,7.0,1.0,0.0,1.0,0.0,0.0,0.0,36.0,0.0,0.0,0.0,0.0,0.0,0.0,0.0,0.0,0.0,0.0,0.0,0.0,0.0,0.0,0.0,0.0,0.0,0.0,0.0,0.0,0.0,0.0,0.0,0.0,0.0,0.0,0.0,0.0,0.0,0.0,0.0,0.0,0.0,0.0,0.0,0.0,0.0,0.0,86.0
-14730_6882,0.0,3.0,10.0,6.0,0.0,17.0,0.0,2.0,5.0,0.0,0.0,0.0,0.0,0.0,0.0,7.0,0.0,0.0,0.0,7.0,0.0,0.0,0.0,0.0,1.0,0.0,20.0,0.0,0.0,0.0,0.0,0.0,0.0,0.0,0.0,0.0,0.0,0.0,0.0,0.0,0.0,0.0,0.0,0.0,0.0,0.0,0.0,0.0,0.0,0.0,0.0,0.0,0.0,0.0,0.0,0.0,0.0,0.0,0.0,0.0,0.0,0.0,0.0,0.0,0.0,78.0
-14730_6883,2.0,25.0,55.0,22.0,0.0,87.0,0.0,17.0,70.0,0.0,0.0,1.0,1.0,1.0,0.0,6.0,3.0,1.0,0.0,62.0,0.0,0.0,2.0,0.0,3.0,1.0,108.0,1.0,0.0,0.0,0.0,0.0,0.0,0.0,0.0,0.0,0.0,0.0,0.0,0.0,0.0,0.0,0.0,0.0,0.0,0.0,0.0,0.0,0.0,0.0,0.0,0.0,0.0,0.0,0.0,0.0,0.0,0.0,0.0,0.0,0.0,0.0,0.0,0.0,0.0,468.0
-14730_6884,1.0,24.0,45.0,34.0,0.0,104.0,0.0,31.0,64.0,1.0,0.0,1.0,2.0,3.0,0.0,24.0,7.0,0.0,2.0,77.0,0.0,0.0,0.0,2.0,5.0,2.0,165.0,3.0,0.0,0.0,0.0,0.0,0.0,0.0,0.0,0.0,0.0,0.0,0.0,0.0,0.0,0.0,0.0,0.0,0.0,0.0,0.0,0.0,0.0,0.0,0.0,0.0,0.0,0.0,0.0,0.0,0.0,0.0,0.0,0.0,0.0,0.0,0.0,0.0,0.0,597.0
-14730_6885,0.0,21.0,56.0,27.0,0.0,62.0,0.0,14.0,62.0,0.0,0.0,0.0,1.0,2.0,0.0,10.0,5.0,1.0,3.0,54.0,0.0,0.0,2.0,2.0,3.0,0.0,81.0,0.0,0.0,1.0,0.0,0.0,0.0,0.0,0.0,0.0,0.0,0.0,0.0,0.0,0.0,0.0,0.0,0.0,0.0,0.0,0.0,0.0,0.0,0.0,0.0,0.0,0.0,0.0,0.0,0.0,0.0,0.0,0.0,0.0,0.0,0.0,0.0,0.0,0.0,407.0
-14731_6878,0.0,6.0,4.0,0.0,0.0,7.0,0.0,1.0,2.0,0.0,0.0,0.0,0.0,0.0,0.0,3.0,2.0,0.0,1.0,0.0,0.0,0.0,0.0,1.0,1.0,0.0,18.0,0.0,0.0,0.0,0.0,0.0,0.0,0.0,0.0,0.0,0.0,0.0,0.0,0.0,0.0,0.0,0.0,0.0,0.0,0.0,0.0,0.0,0.0,0.0,0.0,0.0,0.0,0.0,0.0,0.0,0.0,0.0,0.0,0.0,0.0,0.0,0.0,0.0,0.0,46.0
-14731_6879,1.0,19.0,48.0,6.0,0.0,86.0,0.0,17.0,78.0,0.0,0.0,1.0,0.0,0.0,0.0,39.0,7.0,0.0,2.0,43.0,14.0,0.0,6.0,4.0,1.0,0.0,339.0,3.0,0.0,2.0,0.0,0.0,0.0,0.0,0.0,0.0,0.0,0.0,0.0,0.0,0.0,0.0,0.0,0.0,0.0,0.0,0.0,0.0,0.0,0.0,0.0,0.0,0.0,0.0,0.0,0.0,0.0,0.0,0.0,0.0,0.0,0.0,0.0,0.0,0.0,716.0
-14731_6885,0.0,7.0,23.0,9.0,0.0,13.0,0.0,6.0,19.0,0.0,0.0,0.0,0.0,1.0,0.0,5.0,1.0,0.0,2.0,17.0,0.0,0.0,0.0,0.0,0.0,0.0,40.0,0.0,0.0,0.0,0.0,0.0,0.0,0.0,0.0,0.0,0.0,0.0,0.0,0.0,0.0,0.0,0.0,0.0,0.0,0.0,0.0,0.0,0.0,0.0,0.0,0.0,0.0,0.0,0.0,0.0,0.0,0.0,0.0,0.0,0.0,0.0,0.0,0.0,0.0,143.0
-14732_6876,0.0,10.0,8.0,5.0,0.0,15.0,0.0,0.0,19.0,0.0,0.0,0.0,0.0,0.0,0.0,9.0,2.0,0.0,0.0,24.0,0.0,0.0,0.0,0.0,0.0,1.0,33.0,0.0,0.0,0.0,0.0,0.0,0.0,0.0,0.0,0.0,0.0,0.0,0.0,0.0,0.0,0.0,0.0,0.0,0.0,0.0,0.0,0.0,0.0,0.0,0.0,0.0,0.0,0.0,0.0,0.0,0.0,0.0,0.0,0.0,0.0,0.0,0.0,0.0,0.0,126.0
-14732_6877,0.0,0.0,1.0,0.0,0.0,0.0,0.0,0.0,0.0,0.0,0.0,0.0,0.0,0.0,0.0,0.0,0.0,0.0,0.0,0.0,0.0,0.0,0.0,0.0,0.0,0.0,0.0,0.0,0.0,0.0,0.0,0.0,0.0,0.0,0.0,0.0,0.0,0.0,0.0,0.0,0.0,0.0,0.0,0.0,0.0,0.0,0.0,0.0,0.0,0.0,0.0,0.0,0.0,0.0,0.0,0.0,0.0,0.0,0.0,0.0,0.0,0.0,0.0,0.0,0.0,1.0
-14732_6878,0.0,0.0,0.0,0.0,0.0,0.0,0.0,0.0,0.0,0.0,0.0,0.0,0.0,0.0,0.0,0.0,0.0,0.0,0.0,0.0,0.0,0.0,0.0,1.0,0.0,0.0,0.0,0.0,0.0,0.0,0.0,0.0,0.0,0.0,0.0,0.0,0.0,0.0,0.0,0.0,0.0,0.0,0.0,0.0,0.0,0.0,0.0,0.0,0.0,0.0,0.0,0.0,0.0,0.0,0.0,0.0,0.0,0.0,0.0,0.0,0.0,0.0,0.0,0.0,0.0,1.0
-14732_6879,0.0,2.0,0.0,0.0,0.0,4.0,0.0,1.0,1.0,0.0,0.0,1.0,0.0,0.0,0.0,0.0,0.0,0.0,0.0,1.0,0.0,0.0,0.0,0.0,0.0,0.0,3.0,0.0,0.0,0.0,0.0,0.0,0.0,0.0,0.0,0.0,0.0,0.0,0.0,0.0,0.0,0.0,0.0,0.0,0.0,0.0,0.0,0.0,0.0,0.0,1.0,0.0,0.0,0.0,0.0,0.0,0.0,0.0,0.0,0.0,0.0,0.0,1.0,1.0,0.0,13.0
-14733_6873,0.0,6.0,16.0,0.0,0.0,4.0,0.0,0.0,2.0,0.0,0.0,0.0,0.0,0.0,0.0,2.0,1.0,0.0,0.0,0.0,2.0,0.0,0.0,0.0,0.0,0.0,21.0,0.0,0.0,0.0,0.0,0.0,0.0,0.0,0.0,0.0,0.0,0.0,0.0,0.0,0.0,0.0,0.0,0.0,0.0,0.0,0.0,0.0,0.0,0.0,0.0,0.0,0.0,0.0,0.0,0.0,0.0,0.0,0.0,0.0,0.0,0.0,0.0,0.0,0.0,54.0
-14733_6874,0.0,15.0,7.0,0.0,0.0,17.0,0.0,1.0,2.0,0.0,0.0,0.0,0.0,0.0,0.0,2.0,0.0,0.0,0.0,5.0,0.0,0.0,0.0,0.0,0.0,0.0,19.0,0.0,0.0,0.0,0.0,0.0,0.0,0.0,0.0,0.0,0.0,0.0,0.0,0.0,0.0,0.0,0.0,0.0,0.0,0.0,0.0,0.0,0.0,0.0,0.0,0.0,0.0,0.0,0.0,0.0,0.0,0.0,0.0,0.0,0.0,0.0,0.0,0.0,0.0,68.0
-14733_6875,0.0,0.0,1.0,0.0,0.0,0.0,0.0,1.0,0.0,0.0,0.0,0.0,0.0,0.0,0.0,0.0,0.0,0.0,0.0,0.0,0.0,0.0,0.0,0.0,0.0,0.0,3.0,0.0,0.0,0.0,0.0,0.0,0.0,0.0,0.0,0.0,0.0,0.0,0.0,0.0,0.0,0.0,0.0,0.0,0.0,0.0,0.0,0.0,0.0,0.0,0.0,0.0,0.0,0.0,0.0,0.0,0.0,0.0,0.0,0.0,0.0,0.0,0.0,0.0,0.0,5.0
-14733_6876,1.0,3.0,3.0,4.0,0.0,7.0,0.0,1.0,2.0,0.0,0.0,0.0,0.0,0.0,0.0,2.0,0.0,0.0,0.0,1.0,0.0,0.0,1.0,0.0,0.0,0.0,12.0,0.0,0.0,0.0,0.0,0.0,0.0,0.0,0.0,0.0,0.0,0.0,0.0,0.0,0.0,0.0,0.0,0.0,0.0,0.0,0.0,0.0,0.0,0.0,0.0,0.0,0.0,0.0,0.0,0.0,0.0,0.0,0.0,0.0,0.0,0.0,0.0,0.0,0.0,37.0
-14733_6878,0.0,0.0,0.0,0.0,0.0,0.0,0.0,1.0,0.0,0.0,0.0,0.0,0.0,0.0,0.0,0.0,0.0,0.0,0.0,0.0,0.0,0.0,0.0,0.0,0.0,1.0,1.0,0.0,0.0,0.0,0.0,0.0,0.0,0.0,0.0,0.0,0.0,0.0,0.0,0.0,0.0,0.0,0.0,0.0,0.0,0.0,0.0,0.0,0.0,0.0,0.0,0.0,0.0,0.0,0.0,0.0,0.0,0.0,0.0,0.0,0.0,0.0,0.0,0.0,0.0,3.0
-14734_6871,0.0,0.0,2.0,0.0,0.0,0.0,0.0,0.0,0.0,0.0,0.0,0.0,0.0,0.0,0.0,0.0,1.0,0.0,0.0,0.0,0.0,0.0,0.0,0.0,0.0,0.0,0.0,0.0,0.0,0.0,0.0,0.0,0.0,0.0,0.0,0.0,0.0,0.0,0.0,0.0,0.0,0.0,0.0,0.0,0.0,0.0,0.0,0.0,0.0,0.0,0.0,0.0,0.0,0.0,0.0,0.0,0.0,0.0,0.0,0.0,0.0,0.0,0.0,0.0,0.0,3.0
-14734_6872,0.0,2.0,4.0,0.0,0.0,1.0,0.0,0.0,0.0,0.0,0.0,0.0,0.0,0.0,0.0,2.0,0.0,0.0,0.0,2.0,0.0,0.0,0.0,0.0,0.0,0.0,12.0,0.0,0.0,0.0,0.0,0.0,0.0,0.0,0.0,0.0,0.0,0.0,0.0,0.0,0.0,0.0,0.0,0.0,0.0,0.0,0.0,0.0,0.0,0.0,0.0,0.0,0.0,0.0,0.0,0.0,0.0,0.0,0.0,0.0,0.0,0.0,0.0,0.0,0.0,23.0
-14734_6873,0.0,3.0,10.0,0.0,0.0,3.0,0.0,0.0,2.0,0.0,0.0,0.0,0.0,0.0,0.0,0.0,1.0,0.0,0.0,5.0,0.0,0.0,0.0,0.0,0.0,0.0,19.0,1.0,0.0,0.0,0.0,0.0,0.0,0.0,0.0,0.0,0.0,0.0,0.0,0.0,0.0,0.0,0.0,0.0,0.0,0.0,0.0,0.0,0.0,0.0,0.0,0.0,0.0,0.0,0.0,0.0,0.0,0.0,0.0,0.0,0.0,0.0,0.0,0.0,0.0,44.0
-14734_6874,0.0,6.0,5.0,3.0,0.0,15.0,0.0,2.0,0.0,0.0,0.0,0.0,0.0,0.0,0.0,2.0,0.0,0.0,0.0,2.0,0.0,0.0,3.0,0.0,0.0,0.0,15.0,0.0,0.0,0.0,0.0,0.0,0.0,0.0,0.0,0.0,0.0,0.0,0.0,0.0,0.0,0.0,0.0,0.0,0.0,0.0,0.0,0.0,0.0,0.0,0.0,0.0,0.0,0.0,0.0,0.0,0.0,0.0,0.0,0.0,0.0,0.0,0.0,0.0,0.0,53.0
-14734_6876,0.0,1.0,0.0,0.0,0.0,2.0,0.0,7.0,2.0,0.0,0.0,0.0,0.0,0.0,0.0,4.0,0.0,0.0,0.0,1.0,0.0,0.0,1.0,0.0,0.0,0.0,3.0,0.0,0.0,0.0,0.0,0.0,0.0,0.0,0.0,0.0,0.0,0.0,0.0,0.0,0.0,0.0,0.0,0.0,0.0,0.0,0.0,0.0,0.0,0.0,0.0,0.0,0.0,0.0,0.0,0.0,0.0,0.0,0.0,0.0,0.0,0.0,0.0,0.0,0.0,21.0
-14734_6877,0.0,9.0,30.0,0.0,0.0,19.0,2.0,0.0,46.0,0.0,0.0,0.0,0.0,0.0,0.0,17.0,0.0,2.0,1.0,6.0,0.0,0.0,1.0,3.0,3.0,0.0,265.0,0.0,0.0,0.0,0.0,0.0,0.0,0.0,0.0,0.0,0.0,0.0,0.0,0.0,0.0,0.0,0.0,0.0,0.0,0.0,0.0,0.0,0.0,0.0,0.0,0.0,0.0,0.0,0.0,0.0,0.0,0.0,0.0,0.0,0.0,0.0,0.0,0.0,0.0,404.0
-14735_6872,0.0,3.0,6.0,0.0,0.0,1.0,0.0,0.0,0.0,0.0,0.0,0.0,0.0,0.0,0.0,1.0,0.0,0.0,0.0,3.0,0.0,0.0,0.0,0.0,0.0,0.0,0.0,0.0,0.0,0.0,0.0,0.0,0.0,0.0,0.0,0.0,0.0,0.0,0.0,0.0,0.0,0.0,0.0,0.0,0.0,0.0,0.0,0.0,0.0,0.0,0.0,0.0,0.0,0.0,0.0,0.0,0.0,0.0,0.0,0.0,0.0,0.0,0.0,0.0,0.0,14.0
-14735_6873,0.0,0.0,0.0,0.0,0.0,0.0,0.0,0.0,0.0,0.0,0.0,0.0,0.0,0.0,0.0,0.0,0.0,0.0,0.0,0.0,0.0,0.0,1.0,0.0,0.0,0.0,0.0,0.0,0.0,0.0,0.0,0.0,0.0,0.0,0.0,0.0,0.0,0.0,0.0,0.0,0.0,0.0,0.0,0.0,0.0,0.0,0.0,0.0,0.0,0.0,0.0,0.0,0.0,0.0,0.0,0.0,0.0,0.0,0.0,0.0,0.0,0.0,0.0,0.0,0.0,1.0
-14735_6874,0.0,1.0,0.0,0.0,0.0,0.0,0.0,0.0,0.0,0.0,0.0,0.0,0.0,0.0,0.0,0.0,0.0,0.0,0.0,0.0,0.0,0.0,0.0,0.0,0.0,0.0,1.0,0.0,0.0,0.0,0.0,0.0,0.0,0.0,0.0,0.0,0.0,0.0,0.0,0.0,0.0,0.0,0.0,0.0,0.0,0.0,0.0,0.0,0.0,0.0,0.0,0.0,0.0,0.0,0.0,0.0,0.0,0.0,0.0,0.0,0.0,0.0,0.0,0.0,0.0,2.0
-14735_6875,0.0,0.0,1.0,0.0,0.0,0.0,0.0,0.0,0.0,0.0,0.0,0.0,0.0,0.0,0.0,0.0,0.0,0.0,0.0,0.0,0.0,0.0,9.0,0.0,0.0,0.0,0.0,0.0,0.0,0.0,0.0,0.0,0.0,0.0,0.0,0.0,0.0,0.0,0.0,0.0,0.0,0.0,0.0,0.0,0.0,0.0,0.0,0.0,0.0,0.0,0.0,0.0,0.0,0.0,0.0,0.0,0.0,0.0,0.0,0.0,0.0,0.0,0.0,0.0,0.0,10.0
-14735_6876,0.0,77.0,255.0,4.0,28.0,49.0,1.0,298.0,46.0,0.0,0.0,1.0,0.0,0.0,0.0,11.0,29.0,2.0,3.0,143.0,1.0,0.0,17.0,0.0,2.0,0.0,567.0,18.0,0.0,0.0,0.0,0.0,0.0,1.0,0.0,0.0,0.0,0.0,0.0,0.0,0.0,0.0,0.0,0.0,0.0,0.0,0.0,0.0,0.0,0.0,1.0,0.0,0.0,0.0,0.0,0.0,0.0,0.0,0.0,0.0,0.0,0.0,2.0,1.0,1.0,1552.0
-14735_6877,0.0,11.0,20.0,0.0,0.0,16.0,0.0,24.0,342.0,0.0,0.0,0.0,0.0,0.0,0.0,224.0,8.0,0.0,0.0,11.0,0.0,0.0,6.0,0.0,0.0,3.0,100.0,1.0,0.0,0.0,0.0,0.0,0.0,0.0,0.0,0.0,0.0,0.0,0.0,0.0,0.0,0.0,0.0,0.0,0.0,0.0,0.0,0.0,0.0,0.0,0.0,0.0,1.0,0.0,0.0,0.0,0.0,0.0,0.0,0.0,0.0,0.0,1.0,1.0,0.0,766.0
-14735_6878,0.0,1.0,5.0,0.0,0.0,4.0,0.0,5.0,151.0,0.0,0.0,0.0,0.0,0.0,0.0,49.0,2.0,0.0,0.0,6.0,0.0,0.0,0.0,0.0,1.0,0.0,5.0,1.0,0.0,0.0,0.0,0.0,0.0,0.0,0.0,0.0,0.0,0.0,0.0,0.0,0.0,0.0,0.0,0.0,0.0,0.0,0.0,0.0,0.0,0.0,0.0,0.0,0.0,0.0,0.0,0.0,0.0,0.0,0.0,0.0,0.0,0.0,0.0,0.0,0.0,230.0
-14736_6872,0.0,4.0,15.0,2.0,0.0,13.0,0.0,1.0,2.0,0.0,0.0,0.0,1.0,0.0,0.0,1.0,1014.0,0.0,0.0,5.0,0.0,0.0,0.0,1.0,0.0,0.0,17.0,1.0,0.0,0.0,0.0,0.0,0.0,0.0,0.0,0.0,0.0,0.0,0.0,0.0,0.0,0.0,0.0,0.0,0.0,0.0,0.0,0.0,0.0,0.0,0.0,0.0,0.0,0.0,0.0,0.0,0.0,0.0,0.0,0.0,0.0,0.0,0.0,0.0,0.0,1077.0
-14736_6873,0.0,2.0,2.0,0.0,1.0,5.0,0.0,1.0,0.0,0.0,0.0,0.0,0.0,0.0,0.0,1.0,0.0,0.0,0.0,0.0,0.0,0.0,0.0,1.0,0.0,0.0,5.0,0.0,0.0,0.0,0.0,0.0,0.0,0.0,0.0,0.0,0.0,0.0,0.0,0.0,0.0,0.0,0.0,0.0,0.0,0.0,0.0,0.0,0.0,0.0,0.0,0.0,0.0,0.0,0.0,0.0,0.0,0.0,0.0,0.0,0.0,0.0,0.0,0.0,0.0,18.0
-14736_6874,0.0,0.0,0.0,0.0,0.0,0.0,0.0,0.0,0.0,0.0,0.0,0.0,0.0,0.0,0.0,0.0,0.0,0.0,0.0,1.0,0.0,0.0,8.0,0.0,0.0,0.0,0.0,0.0,0.0,0.0,0.0,0.0,0.0,0.0,0.0,0.0,0.0,0.0,0.0,0.0,1.0,0.0,0.0,0.0,0.0,0.0,0.0,0.0,0.0,0.0,0.0,0.0,0.0,0.0,0.0,0.0,0.0,0.0,0.0,0.0,0.0,0.0,1.0,0.0,1.0,9.0
-14736_6875,0.0,0.0,1.0,0.0,0.0,0.0,0.0,0.0,0.0,0.0,0.0,0.0,0.0,0.0,0.0,0.0,0.0,0.0,0.0,0.0,0.0,0.0,0.0,0.0,0.0,0.0,0.0,0.0,0.0,0.0,0.0,0.0,0.0,0.0,0.0,0.0,0.0,0.0,0.0,0.0,0.0,0.0,0.0,0.0,0.0,0.0,0.0,0.0,0.0,0.0,0.0,0.0,0.0,0.0,0.0,0.0,0.0,0.0,0.0,0.0,0.0,0.0,0.0,0.0,0.0,1.0
-14736_6876,0.0,7.0,15.0,0.0,2.0,4.0,0.0,6.0,5.0,0.0,0.0,1.0,0.0,0.0,0.0,0.0,1.0,0.0,0.0,193.0,0.0,0.0,1.0,0.0,1.0,0.0,38.0,0.0,0.0,1.0,0.0,0.0,0.0,2.0,0.0,0.0,0.0,0.0,0.0,0.0,0.0,0.0,0.0,0.0,0.0,0.0,0.0,0.0,0.0,0.0,0.0,0.0,0.0,0.0,0.0,0.0,0.0,0.0,0.0,0.0,0.0,0.0,2.0,0.0,2.0,275.0
-14736_6877,0.0,3.0,5.0,0.0,0.0,2.0,0.0,5.0,0.0,0.0,0.0,0.0,0.0,0.0,0.0,1.0,1.0,0.0,0.0,0.0,0.0,0.0,2.0,0.0,0.0,0.0,12.0,0.0,0.0,0.0,0.0,0.0,0.0,0.0,0.0,0.0,0.0,0.0,0.0,0.0,0.0,0.0,0.0,0.0,0.0,0.0,0.0,0.0,0.0,0.0,0.0,0.0,0.0,0.0,0.0,0.0,0.0,0.0,0.0,0.0,0.0,0.0,0.0,0.0,0.0,31.0
-14736_6878,0.0,32.0,71.0,0.0,0.0,14.0,0.0,9.0,189.0,0.0,0.0,0.0,0.0,0.0,0.0,52.0,3.0,0.0,0.0,2.0,0.0,0.0,4.0,1.0,0.0,0.0,47.0,0.0,0.0,0.0,0.0,0.0,0.0,0.0,0.0,0.0,0.0,0.0,0.0,0.0,0.0,0.0,0.0,0.0,0.0,0.0,0.0,0.0,0.0,0.0,0.0,0.0,0.0,0.0,0.0,0.0,0.0,0.0,0.0,0.0,0.0,0.0,0.0,0.0,0.0,424.0
-14736_6879,0.0,6.0,8.0,0.0,0.0,23.0,0.0,6.0,4.0,0.0,0.0,0.0,0.0,0.0,0.0,6.0,1.0,0.0,0.0,0.0,0.0,0.0,1.0,0.0,0.0,0.0,54.0,0.0,0.0,0.0,0.0,0.0,0.0,0.0,0.0,0.0,0.0,0.0,0.0,0.0,0.0,0.0,0.0,0.0,0.0,0.0,0.0,0.0,0.0,0.0,0.0,0.0,0.0,0.0,0.0,0.0,0.0,0.0,0.0,0.0,0.0,0.0,0.0,0.0,0.0,109.0
-14736_6880,0.0,21.0,38.0,1.0,0.0,27.0,2.0,21.0,612.0,0.0,0.0,0.0,1.0,0.0,0.0,187.0,1.0,0.0,0.0,15.0,0.0,0.0,0.0,1.0,0.0,0.0,75.0,1.0,0.0,0.0,0.0,0.0,0.0,0.0,0.0,0.0,0.0,0.0,0.0,0.0,0.0,0.0,0.0,0.0,0.0,0.0,0.0,0.0,0.0,0.0,0.0,0.0,0.0,0.0,0.0,0.0,0.0,0.0,0.0,0.0,0.0,0.0,0.0,0.0,0.0,1003.0
-14737_6872,0.0,19.0,19.0,0.0,0.0,13.0,1.0,2.0,3.0,0.0,0.0,0.0,0.0,0.0,0.0,5.0,151.0,0.0,0.0,9.0,0.0,0.0,2.0,0.0,1.0,0.0,16.0,1.0,0.0,0.0,0.0,0.0,0.0,0.0,0.0,0.0,0.0,0.0,0.0,0.0,0.0,0.0,0.0,0.0,0.0,0.0,0.0,0.0,0.0,0.0,0.0,0.0,0.0,0.0,0.0,0.0,0.0,0.0,0.0,0.0,0.0,0.0,0.0,0.0,0.0,242.0
-14737_6873,0.0,4.0,7.0,0.0,0.0,3.0,0.0,0.0,0.0,0.0,0.0,0.0,0.0,0.0,0.0,2.0,0.0,0.0,0.0,1.0,0.0,0.0,0.0,0.0,0.0,0.0,15.0,0.0,0.0,0.0,0.0,0.0,0.0,0.0,0.0,0.0,0.0,0.0,0.0,0.0,0.0,0.0,0.0,0.0,0.0,0.0,0.0,0.0,0.0,0.0,0.0,0.0,0.0,0.0,0.0,0.0,0.0,0.0,0.0,0.0,0.0,0.0,0.0,0.0,0.0,32.0
-14737_6874,0.0,2.0,5.0,0.0,0.0,4.0,0.0,0.0,1.0,0.0,0.0,0.0,0.0,0.0,0.0,3.0,0.0,0.0,0.0,3.0,0.0,0.0,1.0,0.0,0.0,0.0,8.0,0.0,0.0,0.0,0.0,0.0,0.0,0.0,0.0,0.0,0.0,0.0,0.0,1.0,0.0,0.0,0.0,0.0,0.0,0.0,0.0,0.0,0.0,0.0,0.0,0.0,0.0,0.0,0.0,0.0,0.0,0.0,0.0,0.0,0.0,0.0,1.0,1.0,0.0,27.0
-14737_6875,0.0,0.0,0.0,0.0,0.0,0.0,0.0,0.0,0.0,0.0,0.0,0.0,0.0,0.0,0.0,0.0,0.0,0.0,0.0,0.0,0.0,0.0,0.0,0.0,0.0,0.0,1.0,0.0,0.0,0.0,0.0,0.0,0.0,0.0,0.0,0.0,0.0,0.0,0.0,0.0,0.0,0.0,0.0,0.0,0.0,0.0,0.0,0.0,0.0,0.0,0.0,0.0,0.0,0.0,0.0,0.0,0.0,0.0,0.0,0.0,0.0,0.0,0.0,0.0,0.0,1.0
-14737_6876,0.0,17.0,48.0,0.0,4.0,8.0,0.0,2.0,13.0,0.0,0.0,1.0,0.0,0.0,0.0,0.0,3.0,0.0,0.0,95.0,0.0,0.0,12.0,0.0,2.0,0.0,111.0,2.0,0.0,1.0,0.0,0.0,6.0,2.0,0.0,0.0,0.0,0.0,0.0,0.0,0.0,0.0,0.0,0.0,0.0,1.0,0.0,0.0,1.0,0.0,0.0,0.0,0.0,0.0,0.0,0.0,0.0,0.0,1.0,0.0,0.0,0.0,11.0,1.0,3.0,319.0
-14737_6877,0.0,138.0,374.0,4.0,160.0,70.0,1.0,515.0,88.0,0.0,0.0,11.0,0.0,1.0,0.0,24.0,48.0,0.0,5.0,1068.0,0.0,0.0,36.0,7.0,9.0,3.0,777.0,52.0,0.0,0.0,0.0,0.0,2.0,1.0,0.0,0.0,0.0,0.0,0.0,1.0,0.0,0.0,0.0,0.0,0.0,1.0,0.0,0.0,0.0,0.0,0.0,0.0,0.0,0.0,1.0,0.0,0.0,0.0,0.0,0.0,0.0,0.0,6.0,1.0,3.0,3391.0
-14737_6878,0.0,3.0,11.0,0.0,1.0,2.0,0.0,2.0,0.0,0.0,0.0,0.0,0.0,0.0,0.0,0.0,0.0,0.0,0.0,1.0,0.0,0.0,1.0,0.0,0.0,0.0,8.0,0.0,0.0,0.0,0.0,0.0,0.0,0.0,0.0,0.0,0.0,0.0,0.0,0.0,0.0,0.0,0.0,0.0,0.0,0.0,0.0,0.0,0.0,0.0,0.0,0.0,0.0,0.0,0.0,0.0,0.0,0.0,0.0,0.0,0.0,0.0,0.0,0.0,0.0,29.0
-14737_6879,0.0,1.0,3.0,0.0,0.0,1.0,0.0,3.0,36.0,0.0,0.0,0.0,0.0,0.0,0.0,10.0,0.0,0.0,0.0,2.0,0.0,0.0,3.0,0.0,0.0,0.0,2.0,0.0,0.0,0.0,0.0,0.0,0.0,0.0,0.0,0.0,0.0,0.0,0.0,0.0,0.0,0.0,0.0,0.0,0.0,0.0,0.0,0.0,0.0,0.0,0.0,0.0,0.0,0.0,0.0,0.0,0.0,0.0,0.0,0.0,0.0,0.0,0.0,0.0,0.0,61.0
-14737_6880,0.0,8.0,6.0,0.0,0.0,11.0,0.0,0.0,13.0,0.0,0.0,0.0,0.0,0.0,0.0,33.0,1.0,0.0,0.0,10.0,0.0,0.0,3.0,0.0,1.0,0.0,41.0,0.0,0.0,0.0,0.0,0.0,0.0,0.0,0.0,0.0,0.0,0.0,0.0,0.0,0.0,0.0,0.0,0.0,0.0,0.0,0.0,0.0,0.0,0.0,0.0,0.0,0.0,0.0,0.0,0.0,0.0,0.0,0.0,0.0,0.0,0.0,0.0,0.0,0.0,127.0
-14737_6881,0.0,3.0,0.0,0.0,0.0,1.0,0.0,1.0,0.0,0.0,0.0,0.0,0.0,0.0,0.0,2.0,0.0,0.0,0.0,0.0,0.0,0.0,1.0,0.0,0.0,0.0,0.0,0.0,0.0,0.0,0.0,0.0,0.0,0.0,0.0,0.0,0.0,0.0,0.0,0.0,0.0,0.0,0.0,0.0,0.0,0.0,0.0,0.0,0.0,0.0,0.0,0.0,0.0,0.0,0.0,0.0,0.0,0.0,0.0,0.0,0.0,0.0,0.0,0.0,0.0,8.0
-14738_6872,0.0,2.0,0.0,0.0,0.0,0.0,0.0,0.0,0.0,0.0,0.0,0.0,0.0,0.0,0.0,1.0,0.0,0.0,0.0,0.0,0.0,0.0,0.0,0.0,0.0,0.0,2.0,0.0,0.0,0.0,0.0,0.0,0.0,0.0,0.0,0.0,0.0,0.0,0.0,0.0,0.0,0.0,0.0,0.0,0.0,0.0,0.0,0.0,0.0,0.0,0.0,0.0,0.0,0.0,0.0,0.0,0.0,0.0,0.0,0.0,0.0,0.0,0.0,0.0,0.0,5.0
-14738_6873,0.0,0.0,1.0,0.0,0.0,0.0,0.0,0.0,0.0,0.0,0.0,0.0,0.0,0.0,0.0,0.0,1.0,0.0,0.0,1.0,0.0,0.0,1.0,0.0,0.0,0.0,1.0,1.0,0.0,0.0,0.0,0.0,0.0,0.0,0.0,0.0,0.0,0.0,0.0,0.0,0.0,0.0,0.0,0.0,0.0,0.0,0.0,0.0,0.0,0.0,0.0,0.0,0.0,0.0,0.0,0.0,0.0,0.0,0.0,0.0,0.0,0.0,0.0,0.0,0.0,6.0
-14738_6874,0.0,6.0,3.0,0.0,0.0,10.0,0.0,0.0,0.0,0.0,0.0,0.0,0.0,0.0,0.0,0.0,0.0,0.0,0.0,4.0,0.0,0.0,1.0,1.0,0.0,0.0,19.0,0.0,0.0,0.0,0.0,0.0,0.0,0.0,0.0,0.0,0.0,0.0,0.0,0.0,0.0,0.0,0.0,0.0,0.0,0.0,0.0,0.0,0.0,0.0,0.0,0.0,0.0,0.0,0.0,0.0,0.0,0.0,0.0,0.0,0.0,0.0,0.0,0.0,0.0,44.0
-14738_6876,0.0,2.0,8.0,0.0,0.0,1.0,0.0,0.0,1.0,0.0,0.0,0.0,0.0,0.0,0.0,0.0,0.0,0.0,0.0,1.0,0.0,0.0,1.0,0.0,0.0,0.0,10.0,0.0,0.0,0.0,0.0,0.0,0.0,0.0,0.0,0.0,0.0,0.0,0.0,0.0,0.0,0.0,0.0,0.0,0.0,0.0,0.0,0.0,0.0,0.0,0.0,0.0,0.0,0.0,1.0,0.0,0.0,0.0,0.0,0.0,0.0,0.0,1.0,0.0,1.0,24.0
-14738_6877,0.0,696.0,1568.0,45.0,164.0,1082.0,12.0,2579.0,1806.0,2.0,0.0,22.0,2.0,2.0,3.0,659.0,890.0,1.0,17.0,3846.0,1.0,0.0,340.0,39.0,70.0,12.0,8276.0,221.0,1.0,6.0,0.0,0.0,7.0,6.0,0.0,0.0,0.0,0.0,0.0,0.0,0.0,0.0,0.0,0.0,0.0,0.0,0.0,0.0,0.0,0.0,0.0,1.0,0.0,0.0,0.0,0.0,0.0,0.0,1.0,0.0,0.0,0.0,15.0,2.0,6.0,22362.0
-14738_6878,0.0,1.0,5.0,0.0,0.0,1.0,0.0,1.0,0.0,0.0,0.0,0.0,0.0,0.0,0.0,0.0,0.0,0.0,0.0,0.0,0.0,0.0,2.0,0.0,0.0,0.0,4.0,0.0,0.0,0.0,0.0,0.0,0.0,0.0,0.0,0.0,0.0,0.0,0.0,0.0,0.0,0.0,0.0,0.0,0.0,0.0,0.0,0.0,0.0,0.0,0.0,0.0,0.0,0.0,0.0,0.0,0.0,0.0,0.0,0.0,0.0,0.0,0.0,0.0,0.0,14.0
-14738_6879,0.0,1.0,0.0,0.0,0.0,0.0,0.0,0.0,0.0,0.0,0.0,0.0,0.0,0.0,0.0,0.0,0.0,0.0,0.0,0.0,0.0,0.0,1.0,0.0,0.0,0.0,2.0,1.0,0.0,0.0,0.0,0.0,0.0,0.0,0.0,0.0,0.0,0.0,0.0,1.0,0.0,0.0,0.0,0.0,0.0,0.0,0.0,0.0,0.0,0.0,0.0,0.0,0.0,0.0,0.0,0.0,0.0,0.0,0.0,0.0,0.0,0.0,1.0,1.0,0.0,5.0
-14738_6880,0.0,2.0,2.0,0.0,0.0,1.0,0.0,1.0,1.0,0.0,0.0,0.0,0.0,0.0,0.0,1.0,0.0,0.0,0.0,0.0,0.0,0.0,0.0,0.0,0.0,0.0,1.0,0.0,0.0,0.0,0.0,0.0,0.0,0.0,0.0,0.0,0.0,0.0,0.0,0.0,0.0,0.0,0.0,0.0,0.0,0.0,0.0,0.0,0.0,0.0,0.0,0.0,0.0,0.0,0.0,0.0,0.0,0.0,0.0,0.0,0.0,0.0,0.0,0.0,0.0,9.0
-14738_6881,0.0,5.0,6.0,0.0,0.0,7.0,0.0,1.0,2.0,0.0,0.0,1.0,0.0,0.0,0.0,1.0,0.0,0.0,0.0,5.0,0.0,0.0,1.0,0.0,0.0,0.0,16.0,0.0,0.0,0.0,0.0,0.0,0.0,0.0,0.0,0.0,0.0,0.0,0.0,0.0,2.0,0.0,0.0,0.0,0.0,0.0,0.0,0.0,0.0,0.0,0.0,0.0,0.0,0.0,0.0,0.0,0.0,0.0,0.0,0.0,0.0,0.0,2.0,0.0,2.0,45.0
-14738_6882,0.0,1.0,0.0,0.0,0.0,0.0,0.0,0.0,0.0,0.0,0.0,0.0,0.0,0.0,0.0,0.0,0.0,0.0,0.0,0.0,0.0,0.0,0.0,0.0,0.0,0.0,2.0,0.0,0.0,0.0,0.0,0.0,0.0,0.0,0.0,0.0,0.0,0.0,0.0,0.0,0.0,0.0,0.0,0.0,0.0,0.0,0.0,0.0,0.0,0.0,0.0,0.0,0.0,0.0,0.0,0.0,0.0,0.0,0.0,0.0,0.0,0.0,0.0,0.0,0.0,3.0
-14739_6872,0.0,0.0,0.0,0.0,0.0,0.0,0.0,0.0,0.0,0.0,0.0,0.0,0.0,0.0,0.0,0.0,0.0,0.0,0.0,0.0,0.0,0.0,0.0,0.0,0.0,0.0,1.0,0.0,0.0,0.0,0.0,0.0,0.0,0.0,0.0,0.0,0.0,0.0,0.0,0.0,0.0,0.0,0.0,0.0,0.0,0.0,0.0,0.0,0.0,0.0,0.0,0.0,0.0,0.0,0.0,0.0,0.0,0.0,0.0,0.0,0.0,0.0,0.0,0.0,0.0,1.0
-14739_6873,0.0,1.0,0.0,0.0,0.0,0.0,0.0,0.0,0.0,0.0,0.0,0.0,0.0,0.0,0.0,0.0,0.0,0.0,0.0,0.0,0.0,0.0,0.0,0.0,0.0,0.0,0.0,0.0,0.0,0.0,0.0,0.0,0.0,0.0,0.0,0.0,0.0,0.0,0.0,0.0,0.0,0.0,0.0,0.0,0.0,0.0,0.0,0.0,0.0,0.0,0.0,0.0,0.0,0.0,0.0,0.0,0.0,0.0,0.0,0.0,0.0,0.0,0.0,0.0,0.0,1.0
-14739_6874,0.0,1.0,2.0,0.0,0.0,3.0,0.0,0.0,1.0,0.0,0.0,0.0,0.0,0.0,0.0,0.0,0.0,0.0,0.0,1.0,0.0,0.0,0.0,0.0,0.0,0.0,2.0,1.0,0.0,0.0,0.0,0.0,0.0,0.0,0.0,0.0,0.0,0.0,0.0,0.0,0.0,0.0,0.0,0.0,0.0,0.0,0.0,0.0,0.0,0.0,0.0,0.0,0.0,0.0,0.0,0.0,0.0,0.0,0.0,0.0,0.0,0.0,0.0,0.0,0.0,11.0
-14739_6875,0.0,0.0,0.0,0.0,0.0,0.0,0.0,0.0,0.0,0.0,0.0,0.0,0.0,0.0,0.0,0.0,0.0,0.0,0.0,0.0,0.0,0.0,5.0,0.0,0.0,0.0,0.0,0.0,0.0,0.0,0.0,0.0,0.0,0.0,0.0,0.0,0.0,0.0,0.0,0.0,0.0,0.0,0.0,0.0,0.0,0.0,0.0,0.0,0.0,0.0,0.0,0.0,0.0,0.0,0.0,0.0,0.0,0.0,0.0,0.0,0.0,0.0,0.0,0.0,0.0,5.0
-14739_6877,0.0,6.0,25.0,0.0,1.0,1.0,0.0,1.0,7.0,0.0,0.0,1.0,0.0,0.0,0.0,0.0,2.0,0.0,0.0,9.0,0.0,0.0,5.0,0.0,1.0,0.0,113.0,0.0,0.0,0.0,0.0,0.0,2.0,4.0,0.0,0.0,0.0,0.0,0.0,0.0,0.0,0.0,0.0,0.0,0.0,0.0,0.0,0.0,0.0,0.0,0.0,0.0,0.0,0.0,0.0,0.0,0.0,0.0,0.0,0.0,0.0,0.0,6.0,0.0,4.0,172.0
-14739_6878,0.0,1.0,8.0,0.0,0.0,0.0,0.0,1.0,2.0,0.0,0.0,1.0,0.0,0.0,0.0,0.0,0.0,0.0,0.0,2.0,0.0,0.0,2.0,0.0,2.0,0.0,11.0,0.0,0.0,0.0,0.0,0.0,0.0,0.0,0.0,0.0,0.0,0.0,0.0,0.0,0.0,0.0,0.0,0.0,0.0,0.0,0.0,0.0,0.0,0.0,0.0,0.0,0.0,0.0,0.0,0.0,0.0,0.0,0.0,0.0,0.0,0.0,0.0,0.0,0.0,30.0
-14739_6882,0.0,1.0,3.0,0.0,0.0,0.0,0.0,0.0,0.0,0.0,0.0,0.0,0.0,0.0,0.0,1.0,0.0,0.0,0.0,0.0,0.0,0.0,0.0,1.0,0.0,0.0,0.0,0.0,0.0,0.0,0.0,0.0,0.0,0.0,0.0,0.0,0.0,0.0,0.0,0.0,0.0,0.0,0.0,0.0,0.0,0.0,0.0,0.0,0.0,0.0,0.0,0.0,0.0,0.0,0.0,0.0,0.0,0.0,0.0,0.0,0.0,0.0,0.0,0.0,0.0,6.0
-14740_6874,0.0,0.0,0.0,0.0,0.0,1.0,0.0,0.0,0.0,0.0,0.0,0.0,0.0,0.0,0.0,0.0,0.0,0.0,0.0,0.0,0.0,0.0,0.0,0.0,0.0,0.0,0.0,0.0,0.0,0.0,0.0,0.0,0.0,0.0,0.0,0.0,0.0,0.0,0.0,0.0,0.0,0.0,0.0,0.0,0.0,0.0,0.0,0.0,0.0,0.0,0.0,0.0,0.0,0.0,0.0,0.0,0.0,0.0,0.0,0.0,0.0,0.0,0.0,0.0,0.0,1.0
-14740_6875,0.0,0.0,0.0,0.0,0.0,0.0,0.0,0.0,0.0,0.0,0.0,0.0,0.0,0.0,0.0,0.0,0.0,0.0,0.0,1.0,0.0,0.0,10.0,0.0,0.0,0.0,0.0,0.0,0.0,0.0,0.0,0.0,0.0,0.0,0.0,0.0,0.0,0.0,0.0,0.0,0.0,0.0,0.0,0.0,0.0,0.0,0.0,0.0,0.0,0.0,0.0,0.0,0.0,0.0,0.0,0.0,0.0,0.0,0.0,0.0,0.0,0.0,0.0,0.0,0.0,11.0
-14740_6879,0.0,0.0,0.0,0.0,0.0,1.0,0.0,0.0,0.0,0.0,0.0,0.0,0.0,0.0,0.0,0.0,0.0,0.0,0.0,0.0,0.0,0.0,0.0,0.0,0.0,0.0,0.0,0.0,0.0,0.0,0.0,0.0,0.0,0.0,0.0,0.0,0.0,0.0,0.0,0.0,0.0,0.0,0.0,0.0,0.0,0.0,0.0,0.0,0.0,0.0,0.0,0.0,0.0,0.0,0.0,0.0,0.0,0.0,0.0,0.0,0.0,0.0,0.0,0.0,0.0,1.0
-14740_6881,0.0,0.0,0.0,0.0,0.0,1.0,0.0,0.0,0.0,0.0,0.0,0.0,0.0,0.0,0.0,0.0,0.0,0.0,0.0,0.0,0.0,0.0,0.0,0.0,0.0,0.0,0.0,0.0,0.0,0.0,0.0,0.0,0.0,0.0,0.0,0.0,0.0,0.0,0.0,1.0,0.0,0.0,0.0,0.0,0.0,0.0,0.0,0.0,0.0,0.0,0.0,0.0,0.0,0.0,0.0,0.0,0.0,0.0,0.0,0.0,0.0,0.0,1.0,1.0,0.0,1.0
-14740_6882,0.0,2.0,4.0,0.0,0.0,7.0,0.0,4.0,0.0,0.0,0.0,0.0,0.0,0.0,0.0,5.0,1.0,0.0,0.0,1.0,0.0,0.0,0.0,0.0,0.0,0.0,13.0,0.0,0.0,0.0,0.0,0.0,0.0,0.0,0.0,0.0,0.0,0.0,0.0,0.0,0.0,0.0,0.0,0.0,0.0,0.0,0.0,0.0,0.0,0.0,0.0,0.0,0.0,0.0,0.0,0.0,0.0,0.0,0.0,0.0,0.0,0.0,0.0,0.0,0.0,37.0
-14741_6877,0.0,0.0,0.0,0.0,0.0,0.0,0.0,0.0,0.0,0.0,0.0,0.0,0.0,0.0,0.0,0.0,0.0,0.0,0.0,0.0,0.0,0.0,0.0,0.0,0.0,0.0,0.0,0.0,0.0,0.0,0.0,0.0,0.0,0.0,0.0,0.0,0.0,0.0,0.0,0.0,1.0,0.0,0.0,0.0,0.0,0.0,0.0,0.0,0.0,0.0,0.0,0.0,0.0,0.0,0.0,0.0,0.0,0.0,0.0,0.0,0.0,0.0,1.0,0.0,1.0,0.0
-14741_6878,0.0,0.0,0.0,0.0,0.0,0.0,0.0,1.0,0.0,0.0,0.0,0.0,0.0,0.0,0.0,0.0,0.0,0.0,0.0,0.0,0.0,0.0,0.0,0.0,0.0,0.0,0.0,0.0,0.0,0.0,0.0,0.0,0.0,0.0,0.0,0.0,0.0,0.0,0.0,0.0,0.0,0.0,0.0,0.0,0.0,0.0,0.0,0.0,0.0,0.0,0.0,0.0,0.0,0.0,0.0,0.0,0.0,0.0,0.0,0.0,0.0,0.0,0.0,0.0,0.0,1.0
-14741_6879,0.0,3.0,4.0,0.0,0.0,15.0,0.0,0.0,1.0,0.0,0.0,0.0,0.0,0.0,0.0,0.0,1.0,0.0,0.0,3.0,0.0,0.0,2.0,0.0,0.0,0.0,11.0,0.0,0.0,0.0,0.0,0.0,0.0,0.0,0.0,0.0,0.0,0.0,0.0,0.0,0.0,0.0,0.0,0.0,0.0,0.0,0.0,0.0,0.0,0.0,0.0,0.0,0.0,0.0,0.0,0.0,0.0,0.0,0.0,0.0,0.0,0.0,0.0,0.0,0.0,40.0
-14741_6880,0.0,0.0,3.0,0.0,0.0,12.0,0.0,2.0,1.0,0.0,0.0,0.0,0.0,0.0,0.0,1.0,0.0,0.0,0.0,0.0,0.0,0.0,0.0,0.0,0.0,0.0,13.0,0.0,0.0,0.0,0.0,0.0,0.0,0.0,0.0,0.0,0.0,0.0,0.0,0.0,0.0,0.0,0.0,0.0,0.0,0.0,0.0,0.0,0.0,0.0,0.0,0.0,0.0,0.0,0.0,0.0,0.0,0.0,0.0,0.0,0.0,0.0,0.0,0.0,0.0,32.0
-14741_6881,0.0,1.0,0.0,0.0,0.0,4.0,0.0,0.0,1.0,0.0,0.0,0.0,0.0,0.0,0.0,0.0,0.0,0.0,0.0,0.0,0.0,0.0,0.0,0.0,0.0,0.0,0.0,0.0,0.0,0.0,0.0,0.0,0.0,0.0,0.0,0.0,0.0,0.0,0.0,0.0,0.0,0.0,0.0,0.0,0.0,0.0,0.0,0.0,0.0,0.0,0.0,0.0,0.0,0.0,0.0,0.0,0.0,0.0,0.0,0.0,0.0,0.0,0.0,0.0,0.0,6.0
-14741_6882,0.0,0.0,1.0,0.0,0.0,0.0,0.0,0.0,0.0,0.0,0.0,0.0,0.0,0.0,0.0,0.0,0.0,0.0,0.0,3.0,0.0,0.0,14.0,0.0,0.0,0.0,2.0,0.0,0.0,0.0,0.0,0.0,0.0,0.0,0.0,0.0,0.0,0.0,0.0,0.0,0.0,0.0,0.0,0.0,0.0,0.0,0.0,0.0,0.0,0.0,0.0,0.0,0.0,0.0,0.0,0.0,0.0,0.0,0.0,0.0,0.0,0.0,0.0,0.0,0.0,20.0
-14741_6883,0.0,4.0,6.0,0.0,0.0,8.0,0.0,2.0,17.0,0.0,0.0,0.0,0.0,0.0,0.0,2.0,0.0,0.0,0.0,10.0,0.0,0.0,1.0,1.0,0.0,0.0,24.0,1.0,0.0,0.0,0.0,0.0,0.0,0.0,0.0,0.0,0.0,0.0,0.0,0.0,0.0,0.0,0.0,0.0,0.0,0.0,0.0,0.0,0.0,0.0,0.0,0.0,0.0,0.0,0.0,0.0,0.0,0.0,0.0,0.0,0.0,0.0,0.0,0.0,0.0,76.0
-14742_6879,0.0,3.0,3.0,0.0,0.0,13.0,0.0,0.0,0.0,0.0,0.0,0.0,0.0,0.0,0.0,2.0,0.0,0.0,0.0,1.0,0.0,0.0,1.0,1.0,1.0,0.0,11.0,0.0,0.0,0.0,0.0,0.0,0.0,0.0,0.0,0.0,0.0,0.0,0.0,0.0,0.0,0.0,0.0,0.0,0.0,0.0,0.0,0.0,0.0,0.0,0.0,0.0,0.0,0.0,0.0,0.0,0.0,0.0,0.0,0.0,0.0,0.0,0.0,0.0,0.0,36.0
-14742_6880,0.0,3.0,4.0,0.0,0.0,5.0,0.0,0.0,1.0,0.0,0.0,0.0,0.0,0.0,0.0,0.0,0.0,0.0,0.0,5.0,0.0,0.0,0.0,0.0,0.0,0.0,9.0,0.0,0.0,0.0,0.0,0.0,0.0,0.0,0.0,0.0,0.0,0.0,0.0,0.0,0.0,0.0,0.0,0.0,0.0,0.0,0.0,0.0,0.0,0.0,0.0,0.0,0.0,0.0,0.0,0.0,0.0,0.0,0.0,0.0,0.0,0.0,0.0,0.0,0.0,27.0
-14742_6881,0.0,0.0,0.0,0.0,0.0,1.0,0.0,1.0,0.0,0.0,0.0,0.0,0.0,0.0,0.0,0.0,0.0,0.0,0.0,0.0,0.0,0.0,0.0,0.0,0.0,0.0,3.0,0.0,0.0,0.0,0.0,0.0,0.0,0.0,0.0,0.0,0.0,0.0,0.0,0.0,0.0,0.0,0.0,0.0,0.0,0.0,0.0,0.0,0.0,0.0,0.0,0.0,0.0,0.0,0.0,0.0,0.0,0.0,0.0,0.0,0.0,0.0,0.0,0.0,0.0,5.0
-14742_6882,0.0,0.0,0.0,0.0,0.0,0.0,0.0,0.0,0.0,0.0,0.0,0.0,0.0,0.0,0.0,0.0,0.0,0.0,0.0,0.0,0.0,0.0,0.0,0.0,0.0,0.0,0.0,0.0,0.0,0.0,0.0,0.0,0.0,0.0,0.0,0.0,0.0,0.0,0.0,1.0,0.0,0.0,0.0,0.0,0.0,0.0,0.0,0.0,0.0,0.0,0.0,0.0,1.0,0.0,0.0,0.0,0.0,0.0,0.0,0.0,0.0,0.0,2.0,2.0,0.0,0.0
-14743_6880,0.0,1.0,0.0,0.0,0.0,0.0,0.0,2.0,0.0,0.0,0.0,0.0,0.0,0.0,0.0,0.0,0.0,0.0,0.0,0.0,0.0,0.0,0.0,0.0,0.0,0.0,0.0,0.0,0.0,0.0,0.0,0.0,0.0,0.0,0.0,0.0,0.0,0.0,0.0,0.0,0.0,0.0,0.0,0.0,0.0,0.0,0.0,0.0,0.0,0.0,0.0,0.0,0.0,0.0,0.0,0.0,0.0,0.0,0.0,0.0,0.0,0.0,0.0,0.0,0.0,3.0
-14743_6881,0.0,0.0,0.0,0.0,0.0,0.0,0.0,0.0,0.0,0.0,0.0,0.0,0.0,0.0,0.0,0.0,0.0,0.0,0.0,0.0,0.0,0.0,0.0,0.0,0.0,0.0,3.0,0.0,0.0,0.0,0.0,0.0,0.0,0.0,0.0,0.0,0.0,0.0,0.0,0.0,1.0,0.0,0.0,0.0,0.0,0.0,0.0,0.0,0.0,0.0,0.0,0.0,0.0,0.0,0.0,0.0,0.0,0.0,0.0,0.0,0.0,0.0,1.0,0.0,1.0,3.0
-14743_6882,0.0,0.0,1.0,0.0,0.0,0.0,0.0,0.0,0.0,0.0,0.0,0.0,0.0,0.0,0.0,0.0,0.0,0.0,0.0,0.0,0.0,0.0,0.0,0.0,0.0,0.0,0.0,0.0,0.0,0.0,0.0,0.0,0.0,0.0,0.0,0.0,0.0,0.0,0.0,0.0,0.0,0.0,0.0,0.0,0.0,0.0,0.0,0.0,0.0,0.0,0.0,0.0,0.0,0.0,0.0,0.0,0.0,0.0,0.0,0.0,0.0,0.0,0.0,0.0,0.0,1.0
-14744_6880,0.0,0.0,4.0,0.0,1.0,1.0,0.0,2.0,0.0,0.0,0.0,0.0,0.0,0.0,0.0,0.0,0.0,0.0,0.0,1.0,0.0,0.0,0.0,0.0,0.0,0.0,2.0,0.0,0.0,0.0,0.0,0.0,0.0,0.0,0.0,0.0,0.0,0.0,0.0,0.0,0.0,0.0,0.0,0.0,0.0,0.0,0.0,0.0,0.0,0.0,0.0,0.0,0.0,0.0,0.0,0.0,0.0,0.0,0.0,0.0,0.0,0.0,0.0,0.0,0.0,11.0
-14744_6881,0.0,0.0,0.0,0.0,0.0,1.0,0.0,0.0,1.0,0.0,0.0,0.0,0.0,0.0,0.0,0.0,0.0,0.0,0.0,0.0,0.0,0.0,0.0,0.0,0.0,0.0,0.0,0.0,0.0,0.0,0.0,0.0,0.0,0.0,0.0,0.0,0.0,0.0,0.0,0.0,0.0,0.0,0.0,0.0,0.0,0.0,0.0,0.0,0.0,0.0,0.0,0.0,0.0,0.0,0.0,0.0,0.0,0.0,0.0,0.0,0.0,0.0,0.0,0.0,0.0,2.0
-14744_6883,0.0,3.0,1.0,0.0,12.0,0.0,0.0,11.0,1.0,0.0,0.0,0.0,0.0,0.0,0.0,0.0,1.0,0.0,0.0,1.0,0.0,0.0,1.0,0.0,0.0,0.0,1.0,1.0,0.0,0.0,0.0,0.0,0.0,0.0,0.0,0.0,0.0,0.0,0.0,0.0,0.0,0.0,0.0,0.0,0.0,0.0,0.0,0.0,0.0,0.0,0.0,0.0,0.0,0.0,0.0,0.0,0.0,0.0,0.0,0.0,0.0,0.0,0.0,0.0,0.0,33.0
-14745_6883,0.0,1.0,1.0,0.0,0.0,0.0,0.0,0.0,0.0,0.0,0.0,0.0,0.0,0.0,0.0,0.0,0.0,0.0,0.0,0.0,0.0,0.0,0.0,0.0,0.0,0.0,6.0,0.0,0.0,0.0,0.0,0.0,0.0,0.0,0.0,0.0,0.0,0.0,0.0,0.0,0.0,0.0,0.0,0.0,0.0,0.0,0.0,0.0,0.0,0.0,0.0,0.0,0.0,0.0,0.0,0.0,0.0,0.0,0.0,0.0,0.0,0.0,0.0,0.0,0.0,8.0
