hex_id,hex_q,hex_r,count,centroid_lat,centroid_lon,gi_z,gi_p,hotspot_tier,zone_id
-14676_6831,-14676,6831,97,41.74762807223493,-87.6026200786747,5.571427468406088,2.5266055025952028e-08,Hotspot 99%,1
-14705_6857,-14705,6857,93,41.87818782609015,-87.72709429573955,9.038321673315616,0.0,Hotspot 99%,2
-14706_6857,-14706,6857,75,41.87818782609015,-87.7348739343061,8.543051072614254,0.0,Hotspot 99%,2
-14706_6860,-14706,6860,66,41.893235286577195,-87.72320447645627,5.3674925151761155,7.983882044371171e-08,Hotspot 99%,2
-14705_6860,-14705,6860,64,41.893235286577195,-87.71542483788971,6.358033716578838,2.0435253489381466e-10,Hotspot 99%,2
-14704_6856,-14704,6856,63,41.87317121837568,-87.72320447645627,8.45565037837284,0.0,Hotspot 99%,2
-14701_6853,-14701,6853,62,41.85811903268165,-87.71153501860644,5.746228856888921,9.12557762688948e-09,Hotspot 99%,2
-14677_6832,-14677,6832,62,41.75265452173847,-87.60650989795798,6.82417075253306,8.843370480349222e-12,Hotspot 99%,1
-14706_6861,-14706,6861,58,41.89825031916235,-87.71931465717297,7.319441353234422,2.489120021209601e-13,Hotspot 99%,2
-14703_6856,-14703,6856,58,41.87317121837568,-87.71542483788971,5.717095292141782,1.083603562435087e-08,Hotspot 99%,2
-14674_6835,-14674,6835,57,41.767731508746834,-87.57150152440849,3.5320779361063646,0.0004123078203042141,Hotspot 99%,1
-14695_6854,-14695,6854,56,41.863136821663865,-87.66096736792385,1.9297318750137253,0.053640068337077684,Hotspot 90%,0
-14708_6857,-14708,6857,55,41.87818782609015,-87.75043321143923,7.261174223740143,3.836930773104541e-13,Hotspot 99%,2
-14688_6840,-14688,6840,55,41.79285194828349,-87.66096736792385,3.677745759842059,0.00023530432232443665,Hotspot 99%,1
-14709_6857,-14709,6857,54,41.87818782609015,-87.75821285000578,5.454893209417532,4.900228578463839e-08,Hotspot 99%,2
-14710_6861,-14710,6861,53,41.89825031916235,-87.75043321143923,3.881680713072032,0.00010373702124732986,Hotspot 99%,2
-14684_6831,-14684,6831,53,41.74762807223493,-87.66485718720713,2.803738817427892,0.005051380677584483,Hotspot 99%,1
-14707_6857,-14707,6857,53,41.87818782609015,-87.74265357287265,8.193448295648588,2.220446049250313e-16,Hotspot 99%,2
-14701_6854,-14701,6854,53,41.863136821663865,-87.70764519932315,4.493485572761949,7.006677041454523e-06,Hotspot 99%,2
-14686_6839,-14686,6839,53,41.78782864762697,-87.64929791007401,4.4352184432676705,9.197897409274347e-06,Hotspot 99%,1
-14709_6859,-14709,6859,53,41.88821986019843,-87.75043321143923,6.008430939613171,1.8732737583349035e-09,Hotspot 99%,2
-14702_6854,-14702,6854,52,41.863136821663865,-87.71542483788971,6.591102234555949,4.365729999733503e-11,Hotspot 99%,2
-14691_6844,-14691,6844,52,41.8129412144225,-87.66874700649038,2.5054637558867334,0.01222909311346787,Hotspot 95%,1
-14705_6858,-14705,6858,50,41.88320404003357,-87.72320447645627,5.2800918209346985,1.2911916358326891e-07,Hotspot 99%,2
-14672_6833,-14672,6833,50,41.757680577663535,-87.56372188584191,4.376951313773393,1.2035084375305871e-05,Hotspot 99%,1
-14710_6859,-14710,6859,50,41.88821986019843,-87.75821285000578,6.591102234555949,4.365729999733503e-11,Hotspot 99%,2
-14681_6838,-14681,6838,49,41.78280495333726,-87.61428953652451,3.4738108066120867,0.0005131227008996486,Hotspot 99%,1
-14707_6862,-14707,6862,49,41.90326495794641,-87.72320447645627,4.872221914474754,1.103501179100519e-06,Hotspot 99%,2
-14708_6858,-14708,6858,49,41.88320404003357,-87.74654339215594,6.736770058291643,1.6194601215602233e-11,Hotspot 99%,2
-14704_6860,-14704,6860,49,41.893235286577195,-87.70764519932315,3.12420802964642,0.0017828436039215578,Hotspot 99%,2
-14690_6837,-14690,6837,49,41.77778086542214,-87.68819610290679,2.9785402059107255,0.0028962502897851294,Hotspot 99%,1
-14708_6862,-14708,6862,48,41.90326495794641,-87.73098411502284,3.64861219509492,0.0002636607545640768,Hotspot 99%,2
-14709_6858,-14709,6858,48,41.88320404003357,-87.75432303072246,8.047780471912894,8.881784197001252e-16,Hotspot 99%,2
-14702_6857,-14702,6857,48,41.87818782609015,-87.7037553800399,4.843088349727616,1.2783641125668765e-06,Hotspot 99%,2
-14703_6854,-14703,6854,47,41.863136821663865,-87.72320447645627,5.950163810118894,2.678742561101899e-09,Hotspot 99%,2
-14684_6835,-14684,6835,47,41.767731508746834,-87.64929791007401,4.610019831750504,4.026305607807146e-06,Hotspot 99%,1
-14683_6840,-14683,6840,47,41.79285194828349,-87.62206917509108,2.59980386419792,0.009327705619334159,Hotspot 99%,1
-14678_6833,-14678,6833,47,41.757680577663535,-87.61039971724124,3.7651464540834763,0.00016645149099026035,Hotspot 99%,1
-14707_6856,-14707,6856,46,41.87317121837568,-87.74654339215594,4.406084878520532,1.0525573272746058e-05,Hotspot 99%,2
-14703_6858,-14703,6858,46,41.88320404003357,-87.70764519932315,3.153341594393559,0.0016141280440884476,Hotspot 99%,2
-14710_6858,-14710,6858,46,41.88320404003357,-87.76210266928904,6.066698069107449,1.305666907924774e-09,Hotspot 99%,2
-14703_6855,-14703,6855,45,41.86815421689773,-87.71931465717297,6.940705011521616,3.901545753137725e-12,Hotspot 99%,2
-14707_6858,-14707,6858,44,41.88320404003357,-87.73876375358938,5.571427468406088,2.5266055025952028e-08,Hotspot 99%,2
-14700_6851,-14700,6851,44,41.84808227350258,-87.71153501860644,2.7163381231864756,0.0066008466003801836,Hotspot 99%,2
-14688_6837,-14688,6837,43,41.77778086542214,-87.67263682577367,2.7163381231864756,0.0066008466003801836,Hotspot 99%,1
-14712_6860,-14712,6860,43,41.893235286577195,-87.76988230785561,3.0036327502646647,0.0026677713604965625,Hotspot 99%,2
-14670_6832,-14670,6832,43,41.75265452173847,-87.55205242799208,3.5383712561695395,0.00040260355810173287,Hotspot 99%,1
-14675_6835,-14675,6835,42,41.767731508746834,-87.57928116297502,4.610019831750504,4.026305607807146e-06,Hotspot 99%,1
-14711_6860,-14711,6860,42,41.893235286577195,-87.76210266928904,5.1926911266932825,2.072759048843409e-07,Hotspot 99%,2
-14707_6861,-14707,6861,42,41.89825031916235,-87.72709429573955,5.979297374866032,2.2410211464318763e-09,Hotspot 99%,2
-14687_6840,-14687,6840,42,41.79285194828349,-87.6531877293573,4.580886267003366,4.630096014812679e-06,Hotspot 99%,1
-14672_6832,-14672,6832,41,41.75265452173847,-87.5676117051252,3.211608723887837,0.001319940142170406,Hotspot 99%,1
-14709_6860,-14709,6860,41,41.893235286577195,-87.74654339215594,3.736012889336337,0.0001869610890614659,Hotspot 99%,2
-14703_6853,-14703,6853,41,41.85811903268165,-87.72709429573955,4.551752702256226,5.320084727866714e-06,Hotspot 99%,2
-14680_6835,-14680,6835,41,41.767731508746834,-87.6181793558078,3.357276547623531,0.0007871433939172778,Hotspot 99%,1
-14703_6852,-14703,6852,40,41.85310084995869,-87.73098411502284,2.6890806879676794,0.007164909829723509,Hotspot 99%,2
-14674_6832,-14674,6832,40,41.75265452173847,-87.58317098225831,1.2596598858295307,0.20779208211089473,Not Significant,0
-14690_6843,-14690,6843,40,41.807919488376285,-87.66485718720713,3.211608723887837,0.001319940142170406,Hotspot 99%,1
-14704_6857,-14704,6857,39,41.87818782609015,-87.71931465717297,7.8438455186829215,4.440892098500626e-15,Hotspot 99%,2
-14671_6832,-14671,6832,39,41.75265452173847,-87.55983206655863,5.017889738210449,5.224214438825925e-07,Hotspot 99%,1
-14681_6829,-14681,6829,39,41.7375739925239,-87.64929791007401,1.3179270153238085,0.18752808114543962,Not Significant,0
-14704_6855,-14704,6855,39,41.86815421689773,-87.72709429573955,5.425759644670393,5.7708573031334254e-08,Hotspot 99%,2
-14683_6834,-14683,6834,39,41.762706240002274,-87.64540809079072,4.056482101554865,4.981737817377763e-05,Hotspot 99%,1
-14701_6849,-14701,6849,39,41.83804393942133,-87.72709429573955,1.6092626627951976,0.10755891960285369,Not Significant,0
-14684_6832,-14684,6832,38,41.75265452173847,-87.66096736792385,3.3864101123706702,0.0007081347065900356,Hotspot 99%,1
-14701_6856,-14701,6856,38,41.87317121837568,-87.69986556075662,4.027348536807726,5.640938254680705e-05,Hotspot 99%,2
-14706_6856,-14706,6856,38,41.87317121837568,-87.73876375358938,5.51316033891181,3.524468694671157e-08,Hotspot 99%,2
-14700_6857,-14700,6857,38,41.87818782609015,-87.68819610290679,2.1919339577379753,0.028384275667432846,Hotspot 95%,2
-14684_6836,-14684,6836,37,41.7727563838894,-87.64540809079072,3.357276547623531,0.0007871433939172778,Hotspot 99%,1
-14687_6837,-14687,6837,37,41.77778086542214,-87.66485718720713,3.5320779361063646,0.0004123078203042141,Hotspot 99%,1
-14674_6822,-14674,6822,37,41.702372316973985,-87.62206917509108,2.658070993692198,0.007858933604620422,Hotspot 99%,3
-14706_6858,-14706,6858,37,41.88320404003357,-87.73098411502284,6.998972141015893,2.5783819523894635e-12,Hotspot 99%,2
-14711_6858,-14711,6858,37,41.88320404003357,-87.76988230785561,1.9879990045080032,0.04681180007130914,Hotspot 95%,2
-14710_6860,-14710,6860,36,41.893235286577195,-87.75432303072246,6.591102234555949,4.365729999733503e-11,Hotspot 99%,2
-14670_6831,-14670,6831,36,41.74762807223493,-87.55594224727537,3.881680713072032,0.00010373702124732986,Hotspot 99%,1
-14685_6835,-14685,6835,35,41.767731508746834,-87.65707754864057,4.2604170547848375,2.0404579736066353e-05,Hotspot 99%,1
-14690_6841,-14690,6841,35,41.797874855299035,-87.67263682577367,2.2793346519793922,0.022647179659212924,Hotspot 95%,1
-14667_6813,-14667,6813,35,41.6570846882825,-87.6026200786747,0.9555007657698789,0.33932451828531685,Not Significant,0
-14675_6822,-14675,6822,35,41.702372316973985,-87.62984881365766,2.6289374289450587,0.00856521190857018,Hotspot 99%,3
-14684_6834,-14684,6834,35,41.762706240002274,-87.6531877293573,4.347817749026254,1.3749878454483166e-05,Hotspot 99%,1
-14701_6857,-14701,6857,35,41.87818782609015,-87.69597574147332,3.881680713072032,0.00010373702124732986,Hotspot 99%,2
-14686_6838,-14686,6838,35,41.78280495333726,-87.6531877293573,3.706879324589198,0.00020982886263198886,Hotspot 99%,1
-14703_6857,-14703,6857,35,41.87818782609015,-87.71153501860644,5.221824691440421,1.7716865352568334e-07,Hotspot 99%,2
-14672_6817,-14672,6817,35,41.67721645787437,-87.62595899437436,2.4250024757150865,0.015308282360172454,Hotspot 95%,3
-14686_6835,-14686,6835,35,41.767731508746834,-87.66485718720713,3.64861219509492,0.0002636607545640768,Hotspot 99%,1
-14676_6832,-14676,6832,35,41.75265452173847,-87.59873025939142,5.309225385681837,1.1009212408374935e-07,Hotspot 99%,1
-14673_6820,-14673,6820,34,41.69231115377578,-87.62206917509108,3.153341594393559,0.0016141280440884476,Hotspot 99%,3
-14675_6834,-14675,6834,34,41.762706240002274,-87.58317098225831,3.12420802964642,0.0017828436039215578,Hotspot 99%,1
-14702_6850,-14702,6850,34,41.84306330332091,-87.73098411502284,1.9879990045080032,0.04681180007130914,Hotspot 95%,2
-14687_6838,-14687,6838,34,41.78280495333726,-87.66096736792385,3.5612115008535037,0.00036914757107564533,Hotspot 99%,1
-14683_6832,-14683,6832,34,41.75265452173847,-87.6531877293573,2.59980386419792,0.009327705619334159,Hotspot 99%,1
-14689_6836,-14689,6836,34,41.7727563838894,-87.68430628362349,2.8328723821750312,0.00461317992329402,Hotspot 99%,1
-14712_6862,-14712,6862,34,41.90326495794641,-87.76210266928904,3.706879324589198,0.00020982886263198886,Hotspot 99%,2
-14681_6833,-14681,6833,34,41.757680577663535,-87.6337386329409,2.308468216726531,0.02097310862748314,Hotspot 95%,1
-14712_6863,-14712,6863,33,41.908279202921875,-87.75821285000578,2.658070993692198,0.007858933604620422,Hotspot 99%,2
-14688_6839,-14688,6839,33,41.78782864762697,-87.66485718720713,4.202149925290559,2.6439192675864476e-05,Hotspot 99%,1
-14711_6862,-14711,6862,33,41.90326495794641,-87.75432303072246,3.9108142778191706,9.198548445210619e-05,Hotspot 99%,2
-14702_6853,-14702,6853,33,41.85811903268165,-87.71931465717297,6.241499457590282,4.3339598576608296e-10,Hotspot 99%,2
-14681_6835,-14681,6835,33,41.767731508746834,-87.62595899437436,3.153341594393559,0.0016141280440884476,Hotspot 99%,1
-14681_6836,-14681,6836,33,41.7727563838894,-87.62206917509108,2.949406641163587,0.0031838475016090495,Hotspot 99%,1
-14681_6837,-14681,6837,33,41.77778086542214,-87.6181793558078,3.706879324589198,0.00020982886263198886,Hotspot 99%,1
-14674_6821,-14674,6821,32,41.6973419321205,-87.62595899437436,3.415543677117809,0.0006365482006895906,Hotspot 99%,3
-14685_6839,-14685,6839,32,41.78782864762697,-87.64151827150748,2.891139511669309,0.0038384768009800396,Hotspot 99%,1
-14679_6837,-14679,6837,32,41.77778086542214,-87.6026200786747,2.1628003929908366,0.030556535374006266,Hotspot 95%,1
-14701_6850,-14701,6850,32,41.84306330332091,-87.72320447645627,2.046266134002281,0.04073019374810083,Hotspot 95%,2
-14675_6836,-14675,6836,32,41.7727563838894,-87.57539134369176,3.192363987642856,0.0014111338566504816,Hotspot 99%,1
-14704_6874,-14704,6874,32,41.96340990415634,-87.6531877293573,-0.05135052779171955,0.9590462058273219,Not Significant,0
-14691_6843,-14691,6843,32,41.807919488376285,-87.67263682577367,3.0665431627240616,0.002165495408453344,Hotspot 99%,1
-14676_6834,-14676,6834,32,41.762706240002274,-87.59095062082486,2.7454716879336143,0.006042398088700551,Hotspot 99%,1
-14685_6834,-14685,6834,32,41.762706240002274,-87.66096736792385,3.095074464899281,0.0019676349074371213,Hotspot 99%,1
-14703_6862,-14703,6862,32,41.90326495794641,-87.69208592219006,0.1525844254382527,0.878726007866496,Not Significant,0
-14705_6856,-14705,6856,32,41.87317121837568,-87.73098411502284,7.989513342418616,1.3322676295501878e-15,Hotspot 99%,2
-14670_6830,-14670,6830,32,41.74260122916078,-87.55983206655863,2.570670299450781,0.010150190794128822,Hotspot 95%,1
-14684_6842,-14684,6842,32,41.80289736866589,-87.62206917509108,1.492728403806642,0.13550829514440865,Not Significant,0
-14696_6861,-14696,6861,31,41.89825031916235,-87.64151827150748,0.18171799018539161,0.8558040469086086,Not Significant,0
-14686_6840,-14686,6840,31,41.79285194828349,-87.64540809079072,3.5903450656006424,0.00033024048225693825,Hotspot 99%,1
-14685_6837,-14685,6837,31,41.77778086542214,-87.64929791007401,2.4250024757150865,0.015308282360172454,Hotspot 95%,1
-14672_6819,-14672,6819,31,41.68727998194784,-87.6181793558078,2.2210675224851144,0.02634638837220571,Hotspot 95%,3
-14680_6837,-14680,6837,31,41.77778086542214,-87.61039971724124,4.4352184432676705,9.197897409274347e-06,Hotspot 99%,1
-14702_6852,-14702,6852,31,41.85310084995869,-87.72320447645627,3.095074464899281,0.0019676349074371213,Hotspot 99%,2
-14673_6834,-14673,6834,30,41.762706240002274,-87.5676117051252,3.7651464540834763,0.00016645149099026035,Hotspot 99%,1
-14674_6827,-14674,6827,30,41.72751833859355,-87.6026200786747,0.8517899793695862,0.39433066904014913,Not Significant,0
-14712_6885,-14712,6885,30,42.01849294381506,-87.67263682577367,0.006916601702558241,0.9944813942894528,Not Significant,0
-14671_6833,-14671,6833,30,41.757680577663535,-87.55594224727537,4.296532100021765,1.734908553774339e-05,Hotspot 99%,1
-14711_6859,-14711,6859,30,41.88821986019843,-87.76599248857232,5.017889738210449,5.224214438825925e-07,Hotspot 99%,2
-14711_6861,-14711,6861,30,41.89825031916235,-87.75821285000578,5.1052904324518655,3.302868427645933e-07,Hotspot 99%,2
-14683_6839,-14683,6839,29,41.78782864762697,-87.62595899437436,2.8328723821750312,0.00461317992329402,Hotspot 99%,1
-14680_6838,-14680,6838,29,41.78280495333726,-87.60650989795798,2.783446306656775,0.0053784763990294415,Hotspot 99%,1
-14676_6836,-14676,6836,29,41.7727563838894,-87.58317098225831,2.6890806879676794,0.007164909829723509,Hotspot 99%,1
-14689_6839,-14689,6839,29,41.78782864762697,-87.67263682577367,2.1628003929908366,0.030556535374006266,Hotspot 95%,1
-14692_6838,-14692,6838,29,41.78280495333726,-87.69986556075662,2.0753996987494197,0.03794950609698167,Hotspot 95%,1
-14674_6818,-14674,6818,29,41.68224841664468,-87.63762845222419,1.754930486530892,0.0792711987089918,Hotspot 90%,0
-14682_6838,-14682,6838,29,41.78280495333726,-87.62206917509108,2.6872045584393365,0.0072052811787668425,Hotspot 99%,1
-14671_6817,-14671,6817,29,41.67721645787437,-87.6181793558078,1.61960367615793,0.10531743941911698,Not Significant,0
-14692_6839,-14692,6839,29,41.78782864762697,-87.69597574147332,1.5801290980480587,0.11407730479819977,Not Significant,0
-14687_6842,-14687,6842,29,41.80289736866589,-87.64540809079072,0.5501266643481805,0.5822324990833159,Not Significant,0
-14681_6834,-14681,6834,29,41.762706240002274,-87.62984881365766,2.949406641163587,0.0031838475016090495,Hotspot 99%,1
-14679_6836,-14679,6836,29,41.7727563838894,-87.60650989795798,2.1336668282436975,0.03287006328604836,Hotspot 95%,1
-14669_6829,-14669,6829,28,41.7375739925239,-87.55594224727537,2.0753996987494197,0.03794950609698167,Hotspot 95%,1
-14705_6861,-14705,6861,28,41.89825031916235,-87.71153501860644,5.047023302957587,4.4874663585048324e-07,Hotspot 99%,2
-14682_6833,-14682,6833,28,41.757680577663535,-87.64151827150748,3.12420802964642,0.0017828436039215578,Hotspot 99%,1
-14689_6835,-14689,6835,28,41.767731508746834,-87.68819610290679,1.6675297922894754,0.09540910548807058,Hotspot 90%,0
-14678_6832,-14678,6832,28,41.75265452173847,-87.61428953652451,3.64861219509492,0.0002636607545640768,Hotspot 99%,1
-14696_6846,-14696,6846,28,41.822983485491555,-87.69986556075662,-0.10961765728599734,0.9127126065594615,Not Significant,0
-14675_6823,-14675,6823,28,41.70740230832825,-87.62595899437436,2.308468216726531,0.02097310862748314,Hotspot 95%,3
-14700_6852,-14700,6852,28,41.85310084995869,-87.70764519932315,4.231283490037699,2.3236159194972572e-05,Hotspot 99%,2
-14687_6835,-14687,6835,28,41.767731508746834,-87.67263682577367,2.658070993692198,0.007858933604620422,Hotspot 99%,1
-14680_6836,-14680,6836,28,41.7727563838894,-87.61428953652451,4.027348536807726,5.640938254680705e-05,Hotspot 99%,1
-14713_6863,-14713,6863,28,41.908279202921875,-87.76599248857232,2.570670299450781,0.010150190794128822,Hotspot 95%,2
-14690_6840,-14690,6840,28,41.79285194828349,-87.67652664505695,2.250201087232253,0.024436183319969995,Hotspot 95%,1
-14691_6837,-14691,6837,27,41.77778086542214,-87.69597574147332,2.59980386419792,0.009327705619334159,Hotspot 99%,1
-14680_6831,-14680,6831,27,41.74762807223493,-87.6337386329409,0.7061221556338917,0.4801121746745951,Not Significant,0
-14675_6833,-14675,6833,27,41.757680577663535,-87.5870608015416,2.658070993692198,0.007858933604620422,Hotspot 99%,1
-14701_6852,-14701,6852,27,41.85310084995869,-87.71542483788971,4.4352184432676705,9.197897409274347e-06,Hotspot 99%,2
-14700_6856,-14700,6856,27,41.87317121837568,-87.69208592219006,3.1824751591406977,0.0014602204114659845,Hotspot 99%,2
-14683_6843,-14683,6843,27,41.807919488376285,-87.61039971724124,1.5509955333009198,0.12090275439147091,Not Significant,0
-14690_6842,-14690,6842,27,41.80289736866589,-87.66874700649038,2.7454716879336143,0.006042398088700551,Hotspot 99%,1
-14684_6840,-14684,6840,27,41.79285194828349,-87.62984881365766,2.2793346519793922,0.022647179659212924,Hotspot 95%,1
-14677_6826,-14677,6826,27,41.72248992131589,-87.62984881365766,-0.3135526105159696,0.753860856839736,Not Significant,0
-14695_6853,-14695,6853,27,41.85811903268165,-87.66485718720713,1.9005983102665864,0.057354647017299865,Hotspot 90%,0
-14684_6843,-14684,6843,26,41.807919488376285,-87.6181793558078,1.9005983102665864,0.057354647017299865,Hotspot 90%,0
-14669_6831,-14669,6831,26,41.74762807223493,-87.5481626087088,2.5632598630488856,0.010369440476434066,Hotspot 95%,1
-14686_6834,-14686,6834,26,41.762706240002274,-87.66874700649038,2.2210675224851144,0.02634638837220571,Hotspot 95%,1
-14675_6828,-14675,6828,26,41.73254636233219,-87.60650989795798,0.8226564146224473,0.41070340757505464,Not Significant,0
-14687_6836,-14687,6836,26,41.7727563838894,-87.66874700649038,3.881680713072032,0.00010373702124732986,Hotspot 99%,1
-14704_6854,-14704,6854,26,41.863136821663865,-87.73098411502284,3.2698758533821146,0.0010759469386325549,Hotspot 99%,2
-14673_6819,-14673,6819,26,41.68727998194784,-87.62595899437436,2.7454716879336143,0.006042398088700551,Hotspot 99%,3
-14712_6861,-14712,6861,26,41.89825031916235,-87.76599248857232,3.9982149720605875,6.382197456855643e-05,Hotspot 99%,2
-14698_6851,-14698,6851,25,41.84808227350258,-87.69597574147332,0.9683242383581417,0.3328824632629903,Not Significant,0
-14691_6839,-14691,6839,25,41.78782864762697,-87.68819610290679,1.492728403806642,0.13550829514440865,Not Significant,0
-14689_6840,-14689,6840,25,41.79285194828349,-87.66874700649038,4.114749231049143,3.876005628122847e-05,Hotspot 99%,1
-14683_6835,-14683,6835,25,41.767731508746834,-87.64151827150748,3.9690814073134484,7.215023161921685e-05,Hotspot 99%,1
-14677_6833,-14677,6833,25,41.757680577663535,-87.6026200786747,4.202149925290559,2.6439192675864476e-05,Hotspot 99%,1
-14688_6834,-14688,6834,25,41.762706240002274,-87.68430628362349,1.0848584973466975,0.2779843320687707,Not Significant,0
-14683_6833,-14683,6833,25,41.757680577663535,-87.64929791007401,3.502944371359226,0.0004601455503350227,Hotspot 99%,1
-14687_6839,-14687,6839,24,41.78782864762697,-87.65707754864057,5.746228856888921,9.12557762688948e-09,Hotspot 99%,1
-14701_6855,-14701,6855,24,41.86815421689773,-87.7037553800399,2.9785402059107255,0.0028962502897851294,Hotspot 99%,2
-14682_6835,-14682,6835,24,41.767731508746834,-87.6337386329409,2.4541360404622257,0.014122354350714739,Hotspot 95%,1
-14683_6831,-14683,6831,24,41.74762807223493,-87.65707754864057,3.1824751591406977,0.0014602204114659845,Hotspot 99%,1
-14669_6830,-14669,6830,24,41.74260122916078,-87.55205242799208,2.9202730764164477,0.003497247894575839,Hotspot 99%,1
-14692_6837,-14692,6837,24,41.77778086542214,-87.7037553800399,0.910057108863864,0.3627923927171963,Not Significant,0
-14697_6862,-14697,6862,24,41.90326495794641,-87.64540809079072,0.7074026954966731,0.47931626230936075,Not Significant,0
-14674_6834,-14674,6834,24,41.762706240002274,-87.57539134369176,3.9690814073134484,7.215023161921685e-05,Hotspot 99%,1
-14689_6851,-14689,6851,24,41.84808227350258,-87.62595899437436,0.2399851196796694,0.8103417923438037,Not Significant,0
-14685_6832,-14685,6832,24,41.75265452173847,-87.66874700649038,1.9879990045080032,0.04681180007130914,Hotspot 95%,1
-14683_6836,-14683,6836,24,41.7727563838894,-87.63762845222419,2.046266134002281,0.04073019374810083,Hotspot 95%,1
-14699_6851,-14699,6851,24,41.84808227350258,-87.7037553800399,2.6872045584393365,0.0072052811787668425,Hotspot 99%,2
-14690_6838,-14690,6838,24,41.78280495333726,-87.68430628362349,1.9879990045080032,0.04681180007130914,Hotspot 95%,1
-14672_6818,-14672,6818,24,41.68224841664468,-87.62206917509108,2.891139511669309,0.0038384768009800396,Hotspot 99%,3
-14689_6843,-14689,6843,24,41.807919488376285,-87.65707754864057,0.647855026139614,0.5170787214144319,Not Significant,0
-14676_6830,-14676,6830,23,41.74260122916078,-87.60650989795798,3.3281429828763924,0.0008742698280401751,Hotspot 99%,1
-14677_6836,-14677,6836,23,41.7727563838894,-87.59095062082486,1.2013927563352529,0.2295988846613568,Not Significant,0
-14699_6850,-14699,6850,23,41.84306330332091,-87.70764519932315,2.017132569255142,0.04368168060986499,Hotspot 95%,2
-14700_6855,-14700,6855,23,41.86815421689773,-87.69597574147332,1.7840640512780308,0.07441325785927311,Hotspot 90%,0
-14706_6863,-14706,6863,23,41.908279202921875,-87.71153501860644,0.32738581392108607,0.7433760946706038,Not Significant,0
-14668_6828,-14668,6828,23,41.73254636233219,-87.55205242799208,0.647855026139614,0.5170787214144319,Not Significant,0
-14688_6838,-14688,6838,23,41.78280495333726,-87.66874700649038,3.706879324589198,0.00020982886263198886,Hotspot 99%,1
-14708_6856,-14708,6856,23,41.87317121837568,-87.75432303072246,3.5612115008535037,0.00036914757107564533,Hotspot 99%,2
-14680_6833,-14680,6833,23,41.757680577663535,-87.62595899437436,2.017132569255142,0.04368168060986499,Hotspot 95%,1
-14706_6862,-14706,6862,23,41.90326495794641,-87.71542483788971,3.6194786303477815,0.00029519718672421646,Hotspot 99%,2
-14683_6829,-14683,6829,23,41.7375739925239,-87.66485718720713,0.9683242383581417,0.3328824632629903,Not Significant,0
-14673_6817,-14673,6817,23,41.67721645787437,-87.6337386329409,2.395868910967948,0.01658101919340127,Hotspot 95%,3
-14682_6832,-14682,6832,23,41.75265452173847,-87.64540809079072,2.1336668282436975,0.03287006328604836,Hotspot 95%,1
-14673_6818,-14673,6818,23,41.68224841664468,-87.62984881365766,2.803738817427892,0.005051380677584483,Hotspot 99%,3
-14673_6821,-14673,6821,22,41.6973419321205,-87.6181793558078,2.308468216726531,0.02097310862748314,Hotspot 95%,3
-14710_6857,-14710,6857,22,41.87818782609015,-87.76599248857232,3.695647287318032,0.00021932728592943818,Hotspot 99%,2
-14689_6850,-14689,6850,22,41.84306330332091,-87.62984881365766,-0.3135526105159696,0.753860856839736,Not Significant,0
-14699_6858,-14699,6858,22,41.88320404003357,-87.67652664505695,-0.08048409253885845,0.9358522475039339,Not Significant,0
-14713_6862,-14713,6862,22,41.90326495794641,-87.76988230785561,2.250201087232253,0.024436183319969995,Hotspot 95%,2
-14672_6820,-14672,6820,22,41.69231115377578,-87.61428953652451,1.4053277095652252,0.15992385221837657,Not Significant,0
-14682_6827,-14682,6827,22,41.72751833859355,-87.66485718720713,0.20411939582149685,0.8382601977380466,Not Significant,0
-14697_6852,-14697,6852,22,41.85310084995869,-87.68430628362349,0.3856529434153639,0.6997537174751789,Not Significant,0
-14686_6836,-14686,6836,22,41.7727563838894,-87.66096736792385,3.211608723887837,0.001319940142170406,Hotspot 99%,1
-14702_6856,-14702,6856,22,41.87317121837568,-87.70764519932315,4.639153396497643,3.4983932322152356e-06,Hotspot 99%,2
-14686_6846,-14686,6846,22,41.822983485491555,-87.62206917509108,1.2887934505766696,0.197469903562268,Not Significant,0
-14679_6832,-14679,6832,22,41.75265452173847,-87.62206917509108,1.0848584973466975,0.2779843320687707,Not Significant,0
-14699_6849,-14699,6849,22,41.83804393942133,-87.71153501860644,0.2399851196796694,0.8103417923438037,Not Significant,0
-14677_6834,-14677,6834,22,41.762706240002274,-87.59873025939142,1.5509955333009198,0.12090275439147091,Not Significant,0
-14682_6839,-14682,6839,22,41.78782864762697,-87.6181793558078,3.3281429828763924,0.0008742698280401751,Hotspot 99%,1
-14679_6835,-14679,6835,22,41.767731508746834,-87.61039971724124,2.1628003929908366,0.030556535374006266,Hotspot 95%,1
-14683_6844,-14683,6844,21,41.8129412144225,-87.60650989795798,0.3856529434153639,0.6997537174751789,Not Significant,0
-14683_6841,-14683,6841,21,41.797874855299035,-87.6181793558078,2.3745286256706946,0.017571373667622625,Hotspot 95%,1
-14702_6858,-14702,6858,21,41.88320404003357,-87.69986556075662,2.570670299450781,0.010150190794128822,Hotspot 95%,2
-14716_6866,-14716,6866,21,41.92331957492203,-87.77766194642213,-0.7214225169759142,0.4706495969391722,Not Significant,0
-14688_6836,-14688,6836,21,41.7727563838894,-87.67652664505695,3.0368073354050034,0.002390982264105057,Hotspot 99%,1
-14683_6842,-14683,6842,21,41.80289736866589,-87.61428953652451,2.3745286256706946,0.017571373667622625,Hotspot 95%,1
-14675_6830,-14675,6830,21,41.74260122916078,-87.59873025939142,2.86200594692217,0.004209690080677397,Hotspot 99%,1
-14670_6829,-14670,6829,21,41.7375739925239,-87.56372188584191,0.6187214613924751,0.5360998692269061,Not Significant,0
-14700_6853,-14700,6853,21,41.85811903268165,-87.7037553800399,3.5612115008535037,0.00036914757107564533,Hotspot 99%,2
-14700_6850,-14700,6850,20,41.84306330332091,-87.71542483788971,2.308468216726531,0.02097310862748314,Hotspot 95%,2
-14678_6829,-14678,6829,20,41.7375739925239,-87.62595899437436,-0.6340218227344975,0.5260665803883113,Not Significant,0
-14688_6842,-14688,6842,20,41.80289736866589,-87.6531877293573,1.1139920620938362,0.2652825920599171,Not Significant,0
-14673_6833,-14673,6833,20,41.757680577663535,-87.57150152440849,3.2990094181292533,0.0009702665593227522,Hotspot 99%,1
-14672_6827,-14672,6827,20,41.72751833859355,-87.5870608015416,-0.5466211284930808,0.5846390503573602,Not Significant,0
-14693_6843,-14693,6843,20,41.807919488376285,-87.68819610290679,-0.13875122203313622,0.889646740204872,Not Significant,0
-14687_6841,-14687,6841,20,41.797874855299035,-87.64929791007401,2.4250024757150865,0.015308282360172454,Hotspot 95%,1
-14675_6818,-14675,6818,20,41.68224841664468,-87.64540809079072,0.8226564146224473,0.41070340757505464,Not Significant,0
-14701_6844,-14701,6844,20,41.8129412144225,-87.74654339215594,-0.6766263786100616,0.4986430381406117,Not Significant,0
-14674_6820,-14674,6820,20,41.69231115377578,-87.62984881365766,2.2210675224851144,0.02634638837220571,Hotspot 95%,3
-14686_6845,-14686,6845,20,41.817962546796814,-87.62595899437436,1.1139920620938362,0.2652825920599171,Not Significant,0
-14676_6833,-14676,6833,20,41.757680577663535,-87.59484044010813,2.658070993692198,0.007858933604620422,Hotspot 99%,1
-14683_6837,-14683,6837,19,41.77778086542214,-87.6337386329409,0.2982522491739472,0.7655106462431818,Not Significant,0
-14691_6838,-14691,6838,19,41.78280495333726,-87.69208592219006,3.5903450656006424,0.00033024048225693825,Hotspot 99%,1
-14672_6834,-14672,6834,19,41.762706240002274,-87.55983206655863,2.7810127319075075,0.00541896118738161,Hotspot 99%,1
-14673_6816,-14673,6816,19,41.67218410564493,-87.63762845222419,0.8809235441167251,0.37835920321979977,Not Significant,0
-14709_6866,-14709,6866,19,41.92331957492203,-87.72320447645627,0.12345086069111383,0.9017500840414285,Not Significant,0
-14697_6863,-14697,6863,19,41.908279202921875,-87.64151827150748,0.09441021570495967,0.924783301094448,Not Significant,0
-14713_6861,-14713,6861,19,41.89825031916235,-87.77377212713887,2.161027535860766,0.030693212425628502,Hotspot 95%,2
-14673_6827,-14673,6827,19,41.72751833859355,-87.59484044010813,0.18171799018539161,0.8558040469086086,Not Significant,0
-14679_6834,-14679,6834,19,41.762706240002274,-87.61428953652451,2.7746052526807534,0.005526874684527838,Hotspot 99%,1
-14685_6836,-14685,6836,19,41.7727563838894,-87.6531877293573,3.706879324589198,0.00020982886263198886,Hotspot 99%,1
-14709_6863,-14709,6863,19,41.908279202921875,-87.7348739343061,0.9974578031052806,0.31854234611014176,Not Significant,0
-14694_6854,-14694,6854,19,41.863136821663865,-87.6531877293573,1.3179270153238085,0.18752808114543962,Not Significant,0
-14708_6861,-14708,6861,19,41.89825031916235,-87.7348739343061,1.6383962275423365,0.1013390656033124,Not Significant,0
-14677_6835,-14677,6835,19,41.767731508746834,-87.59484044010813,1.3470605800709474,0.17796072263949014,Not Significant,0
-14682_6834,-14682,6834,19,41.762706240002274,-87.63762845222419,3.4738108066120867,0.0005131227008996486,Hotspot 99%,1
-14676_6835,-14676,6835,19,41.767731508746834,-87.5870608015416,3.4738108066120867,0.0005131227008996486,Hotspot 99%,1
-14677_6831,-14677,6831,19,41.74762807223493,-87.61039971724124,4.901355479221893,9.517765431343861e-07,Hotspot 99%,1
-14668_6829,-14668,6829,19,41.7375739925239,-87.5481626087088,1.682514088617327,0.0924691953053649,Hotspot 90%,0
-14675_6824,-14675,6824,19,41.7124319061753,-87.62206917509108,0.32738581392108607,0.7433760946706038,Not Significant,0
-14705_6875,-14705,6875,19,41.96841942284933,-87.65707754864057,0.5313207671510584,0.5951965168138877,Not Significant,0
-14689_6834,-14689,6834,19,41.762706240002274,-87.69208592219006,0.42430583942938643,0.6713427811198063,Not Significant,0
-14681_6830,-14681,6830,19,41.74260122916078,-87.64540809079072,1.4344612743123641,0.15144067261704097,Not Significant,0
-14708_6863,-14708,6863,19,41.908279202921875,-87.72709429573955,2.4250024757150865,0.015308282360172454,Hotspot 95%,2
-14695_6852,-14695,6852,19,41.85310084995869,-87.66874700649038,0.455761045659085,0.6485618188684568,Not Significant,0
-14673_6832,-14673,6832,19,41.75265452173847,-87.57539134369176,1.8131976160251697,0.06980134741089516,Hotspot 90%,0
-14714_6863,-14714,6863,18,41.908279202921875,-87.77377212713887,0.7352557203810306,0.4621837698819702,Not Significant,0
-14681_6832,-14681,6832,18,41.75265452173847,-87.63762845222419,2.1336668282436975,0.03287006328604836,Hotspot 95%,1
-14682_6828,-14682,6828,18,41.73254636233219,-87.66096736792385,1.172259191588114,0.24109301023990315,Not Significant,0
-14700_6858,-14700,6858,18,41.88320404003357,-87.68430628362349,1.1163203764827538,0.2642850225283331,Not Significant,0
-14680_6834,-14680,6834,18,41.762706240002274,-87.62206917509108,2.891139511669309,0.0038384768009800396,Hotspot 99%,1
-14687_6845,-14687,6845,18,41.817962546796814,-87.6337386329409,0.09431729594397492,0.9248571109837065,Not Significant,0
-14697_6851,-14697,6851,18,41.84808227350258,-87.68819610290679,0.5021872024039195,0.6155358442285401,Not Significant,0
-14680_6829,-14680,6829,18,41.7375739925239,-87.64151827150748,1.0848584973466975,0.2779843320687707,Not Significant,0
-14685_6845,-14685,6845,18,41.817962546796814,-87.6181793558078,0.9974578031052806,0.31854234611014176,Not Significant,0
-14709_6856,-14709,6856,18,41.87317121837568,-87.76210266928904,2.126583913858169,0.03345467023065818,Hotspot 95%,2
-14692_6841,-14692,6841,18,41.797874855299035,-87.68819610290679,0.1525844254382527,0.878726007866496,Not Significant,0
-14687_6834,-14687,6834,18,41.762706240002274,-87.67652664505695,1.4344612743123641,0.15144067261704097,Not Significant,0
-14699_6852,-14699,6852,18,41.85310084995869,-87.69986556075662,1.9005983102665864,0.057354647017299865,Hotspot 90%,0
-14676_6819,-14676,6819,18,41.68727998194784,-87.64929791007401,0.2399851196796694,0.8103417923438037,Not Significant,0
-14698_6852,-14698,6852,17,41.85310084995869,-87.69208592219006,0.9974578031052806,0.31854234611014176,Not Significant,0
-14704_6859,-14704,6859,17,41.88821986019843,-87.71153501860644,3.8525471483248928,0.00011689545920612332,Hotspot 99%,2
-14684_6845,-14684,6845,17,41.817962546796814,-87.61039971724124,0.5021872024039195,0.6155358442285401,Not Significant,0
-14703_6851,-14703,6851,17,41.84808227350258,-87.7348739343061,1.506598717811427,0.13191354627005514,Not Significant,0
-14684_6838,-14684,6838,17,41.78280495333726,-87.63762845222419,1.0557249325995586,0.29109390278569847,Not Significant,0
-14672_6816,-14672,6816,17,41.67218410564493,-87.62984881365766,1.1139920620938362,0.2652825920599171,Not Significant,0
-14683_6830,-14683,6830,17,41.74260122916078,-87.66096736792385,2.3667353462208087,0.017945760421526957,Hotspot 95%,1
-14687_6846,-14687,6846,17,41.822983485491555,-87.62984881365766,1.0265913678524197,0.3046129204208583,Not Significant,0
-14695_6855,-14695,6855,17,41.86815421689773,-87.65707754864057,0.7061221556338917,0.4801121746745951,Not Significant,0
-14711_6863,-14711,6863,17,41.908279202921875,-87.75043321143923,1.0848584973466975,0.2779843320687707,Not Significant,0
-14704_6853,-14704,6853,17,41.85811903268165,-87.7348739343061,2.608794621894524,0.0090861757241405,Hotspot 99%,2
-14682_6829,-14682,6829,17,41.7375739925239,-87.65707754864057,1.8131976160251697,0.06980134741089516,Hotspot 90%,0
-14677_6820,-14677,6820,17,41.69231115377578,-87.6531877293573,-0.5174875637459418,0.604815848091746,Not Significant,0
-14703_6863,-14703,6863,16,41.908279202921875,-87.68819610290679,0.12345086069111383,0.9017500840414285,Not Significant,0
-14675_6821,-14675,6821,16,41.6973419321205,-87.6337386329409,1.4053277095652252,0.15992385221837657,Not Significant,0
-14702_6849,-14702,6849,16,41.83804393942133,-87.7348739343061,1.231049741790653,0.2183042609084389,Not Significant,0
-14686_6847,-14686,6847,16,41.828004030498995,-87.6181793558078,0.47305363765678055,0.6361749123726144,Not Significant,0
-14682_6842,-14682,6842,16,41.80289736866589,-87.60650989795798,0.5501266643481805,0.5822324990833159,Not Significant,0
-14708_6865,-14708,6865,16,41.918306511417136,-87.71931465717297,0.32738581392108607,0.7433760946706038,Not Significant,0
-14668_6813,-14668,6813,16,41.6570846882825,-87.61039971724124,0.518671458118482,0.603989868542949,Not Significant,0
-14706_6859,-14706,6859,16,41.88821986019843,-87.72709429573955,3.2407422886349755,0.001192189104584962,Hotspot 99%,2
-14707_6879,-14707,6879,16,41.9884535585006,-87.65707754864057,-0.9282680284476497,0.3532685541249778,Not Significant,0
-14714_6864,-14714,6864,16,41.91329305408127,-87.76988230785561,0.47305363765678055,0.6361749123726144,Not Significant,0
-14679_6828,-14679,6828,16,41.73254636233219,-87.63762845222419,-0.22615191627455292,0.821083267017692,Not Significant,0
-14684_6839,-14684,6839,16,41.78782864762697,-87.6337386329409,1.8423311807723086,0.06542672149581841,Hotspot 90%,0
-14685_6843,-14685,6843,16,41.807919488376285,-87.62595899437436,0.9974578031052806,0.31854234611014176,Not Significant,0
-14694_6841,-14694,6841,16,41.797874855299035,-87.7037553800399,-0.6922889522287753,0.48875588662930536,Not Significant,0
-14699_6857,-14699,6857,16,41.87818782609015,-87.68041646434024,1.0848584973466975,0.2779843320687707,Not Significant,0
-14694_6853,-14694,6853,16,41.85811903268165,-87.65707754864057,1.8714647455194475,0.061280691983058855,Hotspot 90%,0
-14687_6847,-14687,6847,16,41.828004030498995,-87.62595899437436,0.5313207671510584,0.5951965168138877,Not Significant,0
-14688_6835,-14688,6835,16,41.767731508746834,-87.68041646434024,2.658070993692198,0.007858933604620422,Hotspot 99%,1
-14691_6840,-14691,6840,16,41.79285194828349,-87.68430628362349,1.172259191588114,0.24109301023990315,Not Significant,0
-14713_6864,-14713,6864,16,41.91329305408127,-87.76210266928904,0.939190673611003,0.34763285655674814,Not Significant,0
-14694_6844,-14694,6844,16,41.8129412144225,-87.69208592219006,0.32738581392108607,0.7433760946706038,Not Significant,0
-14685_6840,-14685,6840,15,41.79285194828349,-87.63762845222419,1.8714647455194475,0.061280691983058855,Hotspot 90%,0
-14708_6866,-14708,6866,15,41.92331957492203,-87.71542483788971,-0.05135052779171955,0.9590462058273219,Not Significant,0
-14705_6874,-14705,6874,15,41.96340990415634,-87.66096736792385,0.09431729594397492,0.9248571109837065,Not Significant,0
-14674_6816,-14674,6816,15,41.67218410564493,-87.64540809079072,0.0782985709027028,0.9375905542290899,Not Significant,0
-14679_6833,-14679,6833,15,41.757680577663535,-87.6181793558078,2.7163381231864756,0.0066008466003801836,Hotspot 99%,1
-14689_6852,-14689,6852,15,41.85310084995869,-87.62206917509108,-0.1418878727051868,0.8871685735778849,Not Significant,0
-14673_6830,-14673,6830,15,41.74260122916078,-87.58317098225831,-0.22615191627455292,0.821083267017692,Not Significant,0
-14696_6845,-14696,6845,15,41.817962546796814,-87.7037553800399,0.4872162518887835,0.6261050894083562,Not Significant,0
-14699_6856,-14699,6856,15,41.87317121837568,-87.68430628362349,0.9683242383581417,0.3328824632629903,Not Significant,0
-14704_6861,-14704,6861,15,41.89825031916235,-87.7037553800399,1.2887934505766696,0.197469903562268,Not Significant,0
-14674_6817,-14674,6817,15,41.67721645787437,-87.64151827150748,1.2596598858295307,0.20779208211089473,Not Significant,0
-14689_6841,-14689,6841,15,41.797874855299035,-87.66485718720713,2.949406641163587,0.0031838475016090495,Hotspot 99%,1
-14672_6829,-14672,6829,15,41.7375739925239,-87.57928116297502,-0.6922889522287753,0.48875588662930536,Not Significant,0
-14684_6833,-14684,6833,15,41.757680577663535,-87.65707754864057,3.12420802964642,0.0017828436039215578,Hotspot 99%,1
-14690_6852,-14690,6852,15,41.85310084995869,-87.62984881365766,-0.22615191627455292,0.821083267017692,Not Significant,0
-14704_6863,-14704,6863,15,41.908279202921875,-87.69597574147332,0.32738581392108607,0.7433760946706038,Not Significant,0
-14705_6862,-14705,6862,15,41.90326495794641,-87.70764519932315,0.9683242383581417,0.3328824632629903,Not Significant,0
-14674_6819,-14674,6819,15,41.68727998194784,-87.6337386329409,1.754930486530892,0.0792711987089918,Hotspot 90%,0
-14680_6830,-14680,6830,15,41.74260122916078,-87.63762845222419,0.910057108863864,0.3627923927171963,Not Significant,0
-14686_6837,-14686,6837,15,41.77778086542214,-87.65707754864057,3.3281429828763924,0.0008742698280401751,Hotspot 99%,1
-14689_6837,-14689,6837,15,41.77778086542214,-87.68041646434024,3.3281429828763924,0.0008742698280401751,Hotspot 99%,1
-14677_6822,-14677,6822,15,41.702372316973985,-87.64540809079072,-0.3306191100833779,0.7409322095159165,Not Significant,0
-14691_6841,-14691,6841,15,41.797874855299035,-87.68041646434024,1.6092626627951976,0.10755891960285369,Not Significant,0
-14705_6859,-14705,6859,15,41.88821986019843,-87.71931465717297,4.639153396497643,3.4983932322152356e-06,Hotspot 99%,2
-14695_6844,-14695,6844,15,41.8129412144225,-87.69986556075662,0.006916601702558241,0.9944813942894528,Not Significant,0
-14713_6875,-14713,6875,15,41.96841942284933,-87.71931465717297,-0.5757546932402197,0.5647810012501586,Not Significant,0
-14681_6831,-14681,6831,15,41.74762807223493,-87.64151827150748,1.3761941448180863,0.16876153437362484,Not Significant,0
-14715_6866,-14715,6866,14,41.92331957492203,-87.76988230785561,-0.8379567759644697,0.40205497982076244,Not Significant,0
-14666_6813,-14666,6813,14,41.6570846882825,-87.59484044010813,0.5001411186251065,0.6169757150080963,Not Significant,0
-14709_6868,-14709,6868,14,41.93334452040915,-87.71542483788971,-0.3718197400102474,0.7100270653397973,Not Significant,0
-14683_6828,-14683,6828,14,41.73254636233219,-87.66874700649038,1.0588316317776691,0.2896764650690513,Not Significant,0
-14695_6861,-14695,6861,14,41.89825031916235,-87.6337386329409,0.1525844254382527,0.878726007866496,Not Significant,0
-14677_6823,-14677,6823,14,41.70740230832825,-87.64151827150748,-0.10961765728599734,0.9127126065594615,Not Significant,0
-14679_6827,-14679,6827,14,41.72751833859355,-87.64151827150748,-0.2552854810216918,0.7985026129914987,Not Significant,0
-14668_6830,-14668,6830,14,41.74260122916078,-87.54427278942553,1.4624835257249098,0.14360875557092734,Not Significant,0
-14676_6823,-14676,6823,14,41.70740230832825,-87.6337386329409,1.0557249325995586,0.29109390278569847,Not Significant,0
-14685_6846,-14685,6846,14,41.822983485491555,-87.61428953652451,0.8809235441167251,0.37835920321979977,Not Significant,0
-14675_6819,-14675,6819,14,41.68727998194784,-87.64151827150748,0.8809235441167251,0.37835920321979977,Not Significant,0
-14674_6831,-14674,6831,14,41.74762807223493,-87.5870608015416,0.7061221556338917,0.4801121746745951,Not Significant,0
-14678_6837,-14678,6837,14,41.77778086542214,-87.59484044010813,0.6769885908867529,0.49841319320275046,Not Significant,0
-14685_6838,-14685,6838,14,41.78280495333726,-87.64540809079072,3.3281429828763924,0.0008742698280401751,Hotspot 99%,1
-14679_6825,-14679,6825,14,41.71746111050715,-87.64929791007401,-0.4592204342516641,0.6460758779412645,Not Significant,0
-14694_6845,-14694,6845,14,41.817962546796814,-87.68819610290679,-0.23625349139428234,0.8132359739365334,Not Significant,0
-14710_6883,-14710,6883,14,42.00848139120921,-87.66485718720713,-0.8670903407116086,0.3858925126392019,Not Significant,0
-14671_6830,-14671,6830,14,41.74260122916078,-87.5676117051252,0.5604543318981973,0.5751695811671027,Not Significant,0
-14681_6828,-14681,6828,14,41.73254636233219,-87.6531877293573,1.0848584973466975,0.2779843320687707,Not Significant,0
-14696_6852,-14696,6852,14,41.85310084995869,-87.67652664505695,0.1525844254382527,0.878726007866496,Not Significant,0
-14687_6848,-14687,6848,13,41.833024181811474,-87.62206917509108,-0.4592204342516641,0.6460758779412645,Not Significant,0
-14684_6846,-14684,6846,13,41.822983485491555,-87.60650989795798,-0.488353998998803,0.6252991191764061,Not Significant,0
-14685_6841,-14685,6841,13,41.797874855299035,-87.6337386329409,0.3299402207402909,0.741445131853721,Not Significant,0
-14710_6862,-14710,6862,13,41.90326495794641,-87.74654339215594,1.6092626627951976,0.10755891960285369,Not Significant,0
-14690_6836,-14690,6836,13,41.7727563838894,-87.69208592219006,2.33760178147367,0.019407915451284063,Hotspot 95%,1
-14686_6843,-14686,6843,13,41.807919488376285,-87.6337386329409,-0.48789514123187044,0.6256241162340135,Not Significant,0
-14684_6830,-14684,6830,13,41.74260122916078,-87.66874700649038,1.4053277095652252,0.15992385221837657,Not Significant,0
-14709_6864,-14709,6864,13,41.91329305408127,-87.73098411502284,0.006916601702558241,0.9944813942894528,Not Significant,0
-14676_6829,-14676,6829,13,41.7375739925239,-87.61039971724124,0.5895878966453362,0.5554669680580018,Not Significant,0
-14675_6831,-14675,6831,13,41.74762807223493,-87.59484044010813,3.415543677117809,0.0006365482006895906,Hotspot 99%,1
-14666_6822,-14666,6822,13,41.702372316973985,-87.55983206655863,-0.8011239563625563,0.4230598886570196,Not Significant,0
-14678_6819,-14678,6819,13,41.68727998194784,-87.66485718720713,-0.8088232112173308,0.4186168430240276,Not Significant,0
-14712_6874,-14712,6874,13,41.96340990415634,-87.71542483788971,-0.6340218227344975,0.5260665803883113,Not Significant,0
-14667_6828,-14667,6828,13,41.73254636233219,-87.54427278942553,0.6926096000450671,0.4885545840752379,Not Significant,0
-14676_6824,-14676,6824,13,41.7124319061753,-87.62984881365766,0.2399851196796694,0.8103417923438037,Not Significant,0
-14692_6857,-14692,6857,13,41.87818782609015,-87.62595899437436,-0.8024472035288556,0.4222943172192455,Not Significant,0
-14668_6812,-14668,6812,13,41.652050762297264,-87.61428953652451,-0.5508055536912675,0.5817669766398448,Not Significant,0
-14675_6829,-14675,6829,13,41.7375739925239,-87.6026200786747,0.6769885908867529,0.49841319320275046,Not Significant,0
-14680_6827,-14680,6827,13,41.72751833859355,-87.64929791007401,-0.16788478678027513,0.8666739186439942,Not Significant,0
-14694_6860,-14694,6860,13,41.893235286577195,-87.62984881365766,-0.5466211284930808,0.5846390503573602,Not Significant,0
-14712_6884,-14712,6884,13,42.01348736449719,-87.67652664505695,-0.13875122203313622,0.889646740204872,Not Significant,0
-14674_6826,-14674,6826,13,41.72248992131589,-87.60650989795798,0.20411939582149685,0.8382601977380466,Not Significant,0
-14693_6839,-14693,6839,13,41.78782864762697,-87.7037553800399,0.8809235441167251,0.37835920321979977,Not Significant,0
-14672_6823,-14672,6823,13,41.70740230832825,-87.6026200786747,-0.6633494683521692,0.5071067611289608,Not Significant,0
-14713_6866,-14713,6866,13,41.92331957492203,-87.75432303072246,-0.750556081723053,0.452919860556829,Not Significant,0
-14670_6826,-14670,6826,13,41.72248992131589,-87.57539134369176,-0.750556081723053,0.452919860556829,Not Significant,0
-14704_6864,-14704,6864,13,41.91329305408127,-87.69208592219006,-0.4592204342516641,0.6460758779412645,Not Significant,0
-14713_6885,-14713,6885,13,42.01849294381506,-87.68041646434024,-0.17334307893488532,0.8623817640908484,Not Significant,0
-14682_6830,-14682,6830,13,41.74260122916078,-87.6531877293573,1.725796921783753,0.08438395382012498,Hotspot 90%,0
-14702_6855,-14702,6855,13,41.86815421689773,-87.71153501860644,5.484026774164671,4.1575180631525654e-08,Hotspot 99%,2
-14711_6875,-14711,6875,13,41.96841942284933,-87.7037553800399,-0.6766263786100616,0.4986430381406117,Not Significant,0
-14705_6855,-14705,6855,13,41.86815421689773,-87.7348739343061,2.570670299450781,0.010150190794128822,Hotspot 95%,2
-14713_6867,-14713,6867,12,41.92833224458851,-87.75043321143923,-0.6922889522287753,0.48875588662930536,Not Significant,0
-14682_6840,-14682,6840,12,41.79285194828349,-87.61428953652451,1.2735964076312463,0.20280648603986595,Not Significant,0
-14674_6823,-14674,6823,12,41.70740230832825,-87.6181793558078,1.0265913678524197,0.3046129204208583,Not Significant,0
-14671_6831,-14671,6831,12,41.74762807223493,-87.56372188584191,3.0076737706578647,0.0026325557006985356,Hotspot 99%,1
-14693_6853,-14693,6853,12,41.85811903268165,-87.64929791007401,-0.5466211284930808,0.5846390503573602,Not Significant,0
-14672_6822,-14672,6822,12,41.702372316973985,-87.60650989795798,-0.6766263786100616,0.4986430381406117,Not Significant,0
-14689_6842,-14689,6842,12,41.80289736866589,-87.66096736792385,2.046266134002281,0.04073019374810083,Hotspot 95%,1
-14685_6844,-14685,6844,12,41.8129412144225,-87.62206917509108,0.9683242383581417,0.3328824632629903,Not Significant,0
-14673_6815,-14673,6815,12,41.66715135996442,-87.64151827150748,-0.07897746024578978,0.9370505511706153,Not Significant,0
-14693_6857,-14693,6857,12,41.87818782609015,-87.6337386329409,-0.8339024097585541,0.40433597920849373,Not Significant,0
-14707_6865,-14707,6865,12,41.918306511417136,-87.71153501860644,-0.10961765728599734,0.9127126065594615,Not Significant,0
-14675_6820,-14675,6820,12,41.69231115377578,-87.63762845222419,0.12345086069111383,0.9017500840414285,Not Significant,0
-14699_6855,-14699,6855,12,41.86815421689773,-87.68819610290679,0.356519378668225,0.721451642180037,Not Significant,0
-14708_6868,-14708,6868,12,41.93334452040915,-87.70764519932315,-0.6340218227344975,0.5260665803883113,Not Significant,0
-14669_6825,-14669,6825,12,41.71746111050715,-87.57150152440849,-0.750556081723053,0.452919860556829,Not Significant,0
-14691_6842,-14691,6842,12,41.80289736866589,-87.67652664505695,1.5801290980480587,0.11407730479819977,Not Significant,0
-14694_6852,-14694,6852,12,41.85310084995869,-87.66096736792385,0.2670298082808939,0.789446210436983,Not Significant,0
-14678_6834,-14678,6834,12,41.762706240002274,-87.60650989795798,2.046266134002281,0.04073019374810083,Hotspot 95%,1
-14678_6831,-14678,6831,11,41.74762807223493,-87.6181793558078,0.647855026139614,0.5170787214144319,Not Significant,0
-14684_6837,-14684,6837,11,41.77778086542214,-87.64151827150748,2.1628003929908366,0.030556535374006266,Hotspot 95%,1
-14681_6827,-14681,6827,11,41.72751833859355,-87.65707754864057,0.47305363765678055,0.6361749123726144,Not Significant,0
-14710_6866,-14710,6866,11,41.92331957492203,-87.73098411502284,-0.488353998998803,0.6252991191764061,Not Significant,0
-14699_6853,-14699,6853,11,41.85811903268165,-87.69597574147332,0.18171799018539161,0.8558040469086086,Not Significant,0
-14694_6840,-14694,6840,11,41.79285194828349,-87.70764519932315,-0.2844190457688307,0.7760892650173863,Not Significant,0
-14710_6868,-14710,6868,11,41.93334452040915,-87.72320447645627,-0.750556081723053,0.452919860556829,Not Significant,0
-14687_6832,-14687,6832,11,41.75265452173847,-87.68430628362349,-1.041891729194442,0.2974618791268735,Not Significant,0
-14706_6855,-14706,6855,11,41.86815421689773,-87.74265357287265,1.6510588823876284,0.09872655213604298,Hotspot 90%,0
-14675_6827,-14675,6827,11,41.72751833859355,-87.61039971724124,0.647855026139614,0.5170787214144319,Not Significant,0
-14706_6877,-14706,6877,11,41.97843727851371,-87.65707754864057,-1.274960247171553,0.2023233128018096,Not Significant,0
-14706_6865,-14706,6865,11,41.918306511417136,-87.7037553800399,-0.7796896464701919,0.4355735744908493,Not Significant,0
-14682_6843,-14682,6843,11,41.807919488376285,-87.6026200786747,0.2691186844268083,0.7878383525791908,Not Significant,0
-14689_6831,-14689,6831,11,41.74762807223493,-87.7037553800399,-0.8968128222179511,0.3698188047656765,Not Significant,0
-14670_6827,-14670,6827,11,41.72751833859355,-87.57150152440849,-0.9544910349530253,0.3398351451488444,Not Significant,0
-14676_6828,-14676,6828,11,41.73254636233219,-87.61428953652451,-0.13875122203313622,0.889646740204872,Not Significant,0
-14709_6865,-14709,6865,11,41.918306511417136,-87.72709429573955,0.18171799018539161,0.8558040469086086,Not Significant,0
-14688_6846,-14688,6846,11,41.822983485491555,-87.63762845222419,-0.4592204342516641,0.6460758779412645,Not Significant,0
-14667_6812,-14667,6812,11,41.652050762297264,-87.60650989795798,0.9210571437672821,0.35702059351598336,Not Significant,0
-14678_6825,-14678,6825,11,41.71746111050715,-87.64151827150748,-0.6340218227344975,0.5260665803883113,Not Significant,0
-14713_6868,-14713,6868,11,41.93334452040915,-87.74654339215594,-0.9544910349530253,0.3398351451488444,Not Significant,0
-14688_6841,-14688,6841,11,41.797874855299035,-87.65707754864057,2.803738817427892,0.005051380677584483,Hotspot 99%,1
-14671_6816,-14671,6816,11,41.67218410564493,-87.62206917509108,0.939190673611003,0.34763285655674814,Not Significant,0
-14678_6823,-14678,6823,11,41.70740230832825,-87.64929791007401,-0.3306191100833779,0.7409322095159165,Not Significant,0
-14700_6862,-14700,6862,11,41.90326495794641,-87.66874700649038,-0.8379567759644697,0.40205497982076244,Not Significant,0
-14679_6830,-14679,6830,11,41.74260122916078,-87.62984881365766,0.3856529434153639,0.6997537174751789,Not Significant,0
-14711_6874,-14711,6874,11,41.96340990415634,-87.70764519932315,-0.6631553874816364,0.5072310404579752,Not Significant,0
-14700_6849,-14700,6849,11,41.83804393942133,-87.71931465717297,1.463594839059503,0.14330468352678194,Not Significant,0
-14695_6846,-14695,6846,10,41.822983485491555,-87.69208592219006,-0.13875122203313622,0.889646740204872,Not Significant,0
-14706_6875,-14706,6875,10,41.96841942284933,-87.66485718720713,-0.5466211284930808,0.5846390503573602,Not Significant,0
-14684_6829,-14684,6829,10,41.7375739925239,-87.67263682577367,0.30107194772054025,0.7633596316383147,Not Significant,0
-14696_6851,-14696,6851,10,41.84808227350258,-87.68041646434024,0.046843364673004276,0.9626380669374637,Not Significant,0
-14671_6818,-14671,6818,10,41.68224841664468,-87.61428953652451,1.5754859618166206,0.1151443162814274,Not Significant,0
-14706_6876,-14706,6876,10,41.97342854763757,-87.66096736792385,-0.5757546932402197,0.5647810012501586,Not Significant,0
-14688_6847,-14688,6847,10,41.828004030498995,-87.6337386329409,-0.5174875637459418,0.604815848091746,Not Significant,0
-14670_6816,-14670,6816,10,41.67218410564493,-87.61428953652451,0.3846600297731301,0.700489312365564,Not Significant,0
-14672_6830,-14672,6830,10,41.74260122916078,-87.57539134369176,-0.3135526105159696,0.753860856839736,Not Significant,0
-14684_6844,-14684,6844,10,41.8129412144225,-87.61428953652451,1.5218619685537809,0.12804367029792463,Not Significant,0
-14703_6859,-14703,6859,10,41.88821986019843,-87.7037553800399,2.017132569255142,0.04368168060986499,Hotspot 95%,2
-14684_6841,-14684,6841,10,41.797874855299035,-87.62595899437436,2.1919339577379753,0.028384275667432846,Hotspot 95%,1
-14692_6842,-14692,6842,10,41.80289736866589,-87.68430628362349,0.21085155493253052,0.8330031077467124,Not Significant,0
-14704_6858,-14704,6858,10,41.88320404003357,-87.71542483788971,3.881680713072032,0.00010373702124732986,Hotspot 99%,2
-14691_6849,-14691,6849,10,41.83804393942133,-87.64929791007401,-1.304093811918692,0.19220159851300256,Not Significant,0
-14678_6824,-14678,6824,10,41.7124319061753,-87.64540809079072,-0.3135526105159696,0.753860856839736,Not Significant,0
-14686_6832,-14686,6832,10,41.75265452173847,-87.67652664505695,-0.22615191627455292,0.821083267017692,Not Significant,0
-14707_6864,-14707,6864,10,41.91329305408127,-87.71542483788971,0.12345086069111383,0.9017500840414285,Not Significant,0
-14667_6823,-14667,6823,10,41.70740230832825,-87.56372188584191,-0.9253574702058864,0.3547799937034104,Not Significant,0
-14679_6831,-14679,6831,10,41.74762807223493,-87.62595899437436,0.3856529434153639,0.6997537174751789,Not Significant,0
-14696_6844,-14696,6844,10,41.8129412144225,-87.70764519932315,-0.21558238231841123,0.8293132897642481,Not Significant,0
-14679_6838,-14679,6838,10,41.78280495333726,-87.59873025939142,0.8017683141857687,0.4226869906714137,Not Significant,0
-14686_6844,-14686,6844,10,41.8129412144225,-87.62984881365766,0.3856529434153639,0.6997537174751789,Not Significant,0
-14708_6880,-14708,6880,10,41.99346110759678,-87.66096736792385,-1.0127581644473032,0.3111756879662293,Not Significant,0
-14712_6875,-14712,6875,10,41.96841942284933,-87.71153501860644,0.036050166449697135,0.9712423578850731,Not Significant,0
-14712_6876,-14712,6876,10,41.97342854763757,-87.70764519932315,-0.49113135833918536,0.6233335437189678,Not Significant,0
-14676_6818,-14676,6818,10,41.68224841664468,-87.6531877293573,-0.3718197400102474,0.7100270653397973,Not Significant,0
-14711_6885,-14711,6885,10,42.01849294381506,-87.66485718720713,0.025522971699766125,0.9796378256872849,Not Significant,0
-14711_6883,-14711,6883,10,42.00848139120921,-87.67263682577367,-0.7214225169759142,0.4706495969391722,Not Significant,0
-14708_6860,-14708,6860,10,41.893235286577195,-87.73876375358938,0.32738581392108607,0.7433760946706038,Not Significant,0
-14712_6865,-14712,6865,10,41.918306511417136,-87.75043321143923,-0.8379567759644697,0.40205497982076244,Not Significant,0
-14709_6869,-14709,6869,9,41.93835640237656,-87.71153501860644,-0.42498472877247345,0.6708478072530117,Not Significant,0
-14669_6826,-14669,6826,9,41.72248992131589,-87.5676117051252,-0.4009533047573863,0.6884545033872311,Not Significant,0
-14664_6825,-14664,6825,9,41.71746111050715,-87.53260333157573,-1.145560176388524,0.2519771829516173,Not Significant,0
-14694_6843,-14694,6843,9,41.807919488376285,-87.69597574147332,0.06518373119683603,0.9480277142030751,Not Significant,0
-14714_6862,-14714,6862,9,41.90326495794641,-87.77766194642213,0.5421773017387176,0.5876963703185927,Not Significant,0
-14693_6859,-14693,6859,9,41.88821986019843,-87.62595899437436,-0.9253574702058864,0.3547799937034104,Not Significant,0
-14694_6839,-14694,6839,9,41.78782864762697,-87.71153501860644,-0.5757546932402197,0.5647810012501586,Not Significant,0
-14669_6827,-14669,6827,9,41.72751833859355,-87.56372188584191,-1.071025293941581,0.2841580566743165,Not Significant,0
-14714_6867,-14714,6867,9,41.92833224458851,-87.75821285000578,-0.9544910349530253,0.3398351451488444,Not Significant,0
-14701_6843,-14701,6843,9,41.807919488376285,-87.75043321143923,-0.42224411433399184,0.6728468450121741,Not Significant,0
-14668_6825,-14668,6825,9,41.71746111050715,-87.56372188584191,-0.9253574702058864,0.3547799937034104,Not Significant,0
-14663_6822,-14663,6822,9,41.702372316973985,-87.53649315085902,-1.2458266824244142,0.21282803149397056,Not Significant,0
-14701_6860,-14701,6860,9,41.893235286577195,-87.68430628362349,-1.368640915663429,0.17111154766345238,Not Significant,0
-14697_6853,-14697,6853,9,41.85811903268165,-87.68041646434024,-0.5174875637459418,0.604815848091746,Not Significant,0
-14692_6840,-14692,6840,9,41.79285194828349,-87.69208592219006,0.9974578031052806,0.31854234611014176,Not Significant,0
-14703_6861,-14703,6861,9,41.89825031916235,-87.69597574147332,-0.2844190457688307,0.7760892650173863,Not Significant,0
-14677_6827,-14677,6827,9,41.72751833859355,-87.62595899437436,-0.4009533047573863,0.6884545033872311,Not Significant,0
-14682_6836,-14682,6836,9,41.7727563838894,-87.62984881365766,1.9297318750137253,0.053640068337077684,Hotspot 90%,0
-14682_6831,-14682,6831,9,41.74762807223493,-87.64929791007401,1.696663357036614,0.08976032411443113,Hotspot 90%,0
-14681_6843,-14681,6843,9,41.807919488376285,-87.59484044010813,-1.333227376665831,0.18245719782876657,Not Significant,0
-14681_6841,-14681,6841,9,41.797874855299035,-87.6026200786747,-0.835567578365153,0.4033982145506734,Not Significant,0
-14711_6872,-14711,6872,9,41.95338968508535,-87.71542483788971,-1.3057305032040318,0.1916442209672753,Not Significant,0
-14680_6826,-14680,6826,9,41.72248992131589,-87.6531877293573,-0.2552854810216918,0.7985026129914987,Not Significant,0
-14712_6864,-14712,6864,9,41.91329305408127,-87.75432303072246,0.5313207671510584,0.5951965168138877,Not Significant,0
-14698_6850,-14698,6850,9,41.84306330332091,-87.69986556075662,0.32738581392108607,0.7433760946706038,Not Significant,0
-14678_6827,-14678,6827,9,41.72751833859355,-87.6337386329409,0.21085155493253052,0.8330031077467124,Not Significant,0
-14685_6847,-14685,6847,9,41.828004030498995,-87.61039971724124,-0.5174875637459418,0.604815848091746,Not Significant,0
-14698_6860,-14698,6860,9,41.893235286577195,-87.66096736792385,-0.9282680284476497,0.3532685541249778,Not Significant,0
-14686_6833,-14686,6833,9,41.757680577663535,-87.67263682577367,0.6187214613924751,0.5360998692269061,Not Significant,0
-14688_6830,-14688,6830,9,41.74260122916078,-87.69986556075662,-1.2458266824244142,0.21282803149397056,Not Significant,0
-14677_6818,-14677,6818,9,41.68224841664468,-87.66096736792385,-0.8379567759644697,0.40205497982076244,Not Significant,0
-14699_6862,-14699,6862,9,41.90326495794641,-87.66096736792385,-0.7709919972991571,0.4407116750700546,Not Significant,0
-14686_6841,-14686,6841,9,41.797874855299035,-87.64151827150748,1.556693263698533,0.11954332877061913,Not Significant,0
-14675_6832,-14675,6832,9,41.75265452173847,-87.59095062082486,2.308468216726531,0.02097310862748314,Hotspot 95%,1
-14675_6826,-14675,6826,9,41.72248992131589,-87.61428953652451,-0.6137159661506645,0.5394030358974855,Not Significant,0
-14693_6838,-14693,6838,9,41.78280495333726,-87.70764519932315,0.47305363765678055,0.6361749123726144,Not Significant,0
-14699_6861,-14699,6861,9,41.89825031916235,-87.66485718720713,-0.750556081723053,0.452919860556829,Not Significant,0
-14693_6842,-14693,6842,9,41.80289736866589,-87.69208592219006,0.006916601702558241,0.9944813942894528,Not Significant,0
-14693_6840,-14693,6840,9,41.79285194828349,-87.69986556075662,0.4439200729096417,0.6571003714550909,Not Significant,0
-14693_6858,-14693,6858,8,41.88320404003357,-87.62984881365766,-0.7214225169759142,0.4706495969391722,Not Significant,0
-14693_6844,-14693,6844,8,41.8129412144225,-87.68430628362349,0.12885383770755643,0.8974733042391327,Not Significant,0
-14695_6845,-14695,6845,8,41.817962546796814,-87.69597574147332,0.7935228498753084,0.4274732618478341,Not Significant,0
-14695_6848,-14695,6848,8,41.833024181811474,-87.68430628362349,-1.1484544720555392,0.2507809975696973,Not Significant,0
-14708_6859,-14708,6859,8,41.88821986019843,-87.74265357287265,3.794280018830615,0.00014807249309534143,Hotspot 99%,2
-14709_6862,-14709,6862,8,41.90326495794641,-87.73876375358938,1.1139920620938362,0.2652825920599171,Not Significant,0
-14692_6849,-14692,6849,8,41.83804393942133,-87.65707754864057,-1.4788952004015254,0.13916832632424825,Not Significant,0
-14706_6864,-14706,6864,8,41.91329305408127,-87.70764519932315,-0.13875122203313622,0.889646740204872,Not Significant,0
-14692_6836,-14692,6836,8,41.7727563838894,-87.70764519932315,-0.8379567759644697,0.40205497982076244,Not Significant,0
-14693_6848,-14693,6848,8,41.833024181811474,-87.66874700649038,-1.62456302413722,0.10425570119636718,Not Significant,0
-14694_6861,-14694,6861,8,41.89825031916235,-87.62595899437436,-0.645171172380363,0.5188162653945265,Not Significant,0
-14681_6826,-14681,6826,8,41.72248992131589,-87.66096736792385,-0.5466211284930808,0.5846390503573602,Not Significant,0
-14700_6843,-14700,6843,8,41.807919488376285,-87.74265357287265,-0.7709919972991571,0.4407116750700546,Not Significant,0
-14700_6854,-14700,6854,8,41.863136821663865,-87.69986556075662,2.017132569255142,0.04368168060986499,Hotspot 95%,2
-14713_6876,-14713,6876,8,41.97342854763757,-87.71542483788971,-0.21558238231841123,0.8293132897642481,Not Significant,0
-14710_6882,-14710,6882,8,42.00347502395832,-87.66874700649038,-0.70808158483976,0.47889459471475093,Not Significant,0
-14671_6819,-14671,6819,8,41.68727998194784,-87.61039971724124,0.6110645457439111,0.5411568502578057,Not Significant,0
-14711_6857,-14711,6857,8,41.87818782609015,-87.77377212713887,0.4388464357309273,0.6607728109281163,Not Significant,0
-14672_6814,-14672,6814,8,41.66211822084091,-87.63762845222419,-1.2166931176772753,0.2237209985930919,Not Significant,0
-14672_6815,-14672,6815,8,41.66715135996442,-87.6337386329409,-0.2552854810216918,0.7985026129914987,Not Significant,0
-14672_6831,-14672,6831,8,41.74762807223493,-87.57150152440849,0.8809235441167251,0.37835920321979977,Not Significant,0
-14699_6860,-14699,6860,8,41.893235286577195,-87.66874700649038,-1.1292924234358588,0.25877449600009883,Not Significant,0
-14705_6854,-14705,6854,8,41.863136821663865,-87.73876375358938,0.6455081677465079,0.5185979269886629,Not Significant,0
-14673_6835,-14673,6835,8,41.767731508746834,-87.56372188584191,2.2299147798659593,0.02575310099554895,Hotspot 95%,1
-14679_6826,-14679,6826,8,41.72248992131589,-87.64540809079072,-0.10961765728599734,0.9127126065594615,Not Significant,0
-14674_6833,-14674,6833,8,41.757680577663535,-87.57928116297502,2.7163381231864756,0.0066008466003801836,Hotspot 99%,1
-14712_6868,-14712,6868,8,41.93334452040915,-87.73876375358938,-1.1584259881829977,0.24669023878241525,Not Significant,0
-14678_6836,-14678,6836,8,41.7727563838894,-87.59873025939142,1.4053277095652252,0.15992385221837657,Not Significant,0
-14698_6858,-14698,6858,8,41.88320404003357,-87.66874700649038,-0.9544910349530253,0.3398351451488444,Not Significant,0
-14678_6820,-14678,6820,8,41.69231115377578,-87.66096736792385,-0.6922889522287753,0.48875588662930536,Not Significant,0
-14675_6816,-14675,6816,8,41.67218410564493,-87.6531877293573,-0.9388984443729433,0.3477828879951028,Not Significant,0
-14677_6837,-14677,6837,8,41.77778086542214,-87.5870608015416,0.4872162518887835,0.6261050894083562,Not Significant,0
-14699_6854,-14699,6854,8,41.863136821663865,-87.69208592219006,-0.2844190457688307,0.7760892650173863,Not Significant,0
-14710_6872,-14710,6872,8,41.95338968508535,-87.70764519932315,-1.2458266824244142,0.21282803149397056,Not Significant,0
-14676_6826,-14676,6826,8,41.72248992131589,-87.62206917509108,-0.4009533047573863,0.6884545033872311,Not Significant,0
-14666_6812,-14666,6812,8,41.652050762297264,-87.59873025939142,0.8850780814650278,0.37611452013765945,Not Significant,0
-14696_6853,-14696,6853,8,41.85811903268165,-87.67263682577367,0.1525844254382527,0.878726007866496,Not Significant,0
-14668_6824,-14668,6824,8,41.7124319061753,-87.5676117051252,-0.8962239054587475,0.37013319056883986,Not Significant,0
-14701_6863,-14701,6863,8,41.908279202921875,-87.67263682577367,-1.0855440595961423,0.27768076060533975,Not Significant,0
-14667_6827,-14667,6827,8,41.72751833859355,-87.5481626087088,-0.11225151631062094,0.9106239831335716,Not Significant,0
-14710_6869,-14710,6869,8,41.93835640237656,-87.71931465717297,-0.5466211284930808,0.5846390503573602,Not Significant,0
-14702_6871,-14702,6871,8,41.94837898472202,-87.64929791007401,-1.4000961218931274,0.16148453622935222,Not Significant,0
-14690_6839,-14690,6839,8,41.78782864762697,-87.68041646434024,1.696663357036614,0.08976032411443113,Hotspot 90%,0
-14688_6849,-14688,6849,8,41.83804393942133,-87.62595899437436,-0.6048882579873586,0.5452532455794761,Not Significant,0
-14710_6865,-14710,6865,8,41.918306511417136,-87.7348739343061,-0.8088232112173308,0.4186168430240276,Not Significant,0
-14663_6821,-14663,6821,8,41.6973419321205,-87.54038297014226,-1.4000961218931274,0.16148453622935222,Not Significant,0
-14700_6863,-14700,6863,8,41.908279202921875,-87.66485718720713,-1.1001588586887199,0.27126291251785695,Not Significant,0
-14664_6823,-14664,6823,7,41.70740230832825,-87.54038297014226,-0.8700112003677498,0.3842942833609917,Not Significant,0
-14716_6869,-14716,6869,7,41.93835640237656,-87.76599248857232,-1.5662958946429422,0.11727936166587694,Not Significant,0
-14674_6836,-14674,6836,7,41.7727563838894,-87.5676117051252,1.7132604498270076,0.08666463500330113,Hotspot 90%,0
-14713_6881,-14713,6881,7,41.99846826275177,-87.69597574147332,-1.2458266824244142,0.21282803149397056,Not Significant,0
-14694_6847,-14694,6847,7,41.828004030498995,-87.68041646434024,-1.274960247171553,0.2023233128018096,Not Significant,0
-14712_6881,-14712,6881,7,41.99846826275177,-87.68819610290679,-1.3623609414129698,0.17308400383827216,Not Significant,0
-14676_6822,-14676,6822,7,41.702372316973985,-87.63762845222419,0.7935228498753084,0.4274732618478341,Not Significant,0
-14707_6863,-14707,6863,7,41.908279202921875,-87.71931465717297,1.725796921783753,0.08438395382012498,Hotspot 90%,0
-14712_6886,-14712,6886,7,42.02349812915566,-87.66874700649038,0.11520415578518518,0.9082833047709633,Not Significant,0
-14674_6830,-14674,6830,7,41.74260122916078,-87.59095062082486,-0.022216963044580654,0.9822748863774504,Not Significant,0
-14674_6824,-14674,6824,7,41.7124319061753,-87.61428953652451,-0.42498472877247345,0.6708478072530117,Not Significant,0
-14668_6827,-14668,6827,7,41.72751833859355,-87.55594224727537,-0.7214225169759142,0.4706495969391722,Not Significant,0
-14715_6864,-14715,6864,7,41.91329305408127,-87.77766194642213,-0.5757546932402197,0.5647810012501586,Not Significant,0
-14673_6823,-14673,6823,7,41.70740230832825,-87.61039971724124,-0.6048882579873586,0.5452532455794761,Not Significant,0
-14693_6841,-14693,6841,7,41.797874855299035,-87.69597574147332,-0.13875122203313622,0.889646740204872,Not Significant,0
-14672_6828,-14672,6828,7,41.73254636233219,-87.58317098225831,-0.750556081723053,0.452919860556829,Not Significant,0
-14672_6821,-14672,6821,7,41.6973419321205,-87.61039971724124,-0.16788478678027513,0.8666739186439942,Not Significant,0
-14667_6822,-14667,6822,7,41.702372316973985,-87.5676117051252,-0.7666803343599595,0.44327159880790523,Not Significant,0
-14714_6881,-14714,6881,7,41.99846826275177,-87.7037553800399,-1.2742752969743334,0.20256586806114196,Not Significant,0
-14677_6819,-14677,6819,7,41.68727998194784,-87.65707754864057,0.09431729594397492,0.9248571109837065,Not Significant,0
-14714_6876,-14714,6876,7,41.97342854763757,-87.72320447645627,-0.8011239563625563,0.4230598886570196,Not Significant,0
-14713_6880,-14713,6880,7,41.99346110759678,-87.69986556075662,-1.333227376665831,0.18245719782876657,Not Significant,0
-14698_6863,-14698,6863,7,41.908279202921875,-87.64929791007401,0.23068524463716156,0.8175593374571473,Not Significant,0
-14702_6851,-14702,6851,7,41.84808227350258,-87.72709429573955,2.570670299450781,0.010150190794128822,Hotspot 95%,2
-14708_6869,-14708,6869,7,41.93835640237656,-87.7037553800399,-0.8968128222179511,0.3698188047656765,Not Significant,0
-14680_6842,-14680,6842,7,41.80289736866589,-87.59095062082486,-1.274960247171553,0.2023233128018096,Not Significant,0
-14697_6840,-14697,6840,7,41.79285194828349,-87.73098411502284,-1.494461740582223,0.13505497468857608,Not Significant,0
-14686_6849,-14686,6849,7,41.83804393942133,-87.61039971724124,-1.55737215304162,0.11938215366425897,Not Significant,0
-14691_6836,-14691,6836,7,41.7727563838894,-87.69986556075662,0.09431729594397492,0.9248571109837065,Not Significant,0
-14697_6846,-14697,6846,7,41.822983485491555,-87.70764519932315,0.059966593702362896,0.952182241152854,Not Significant,0
-14685_6833,-14685,6833,7,41.757680577663535,-87.66485718720713,2.104533263496559,0.03533195616869822,Hotspot 95%,1
-14688_6850,-14688,6850,7,41.84306330332091,-87.62206917509108,-0.4009533047573863,0.6884545033872311,Not Significant,0
-14689_6838,-14689,6838,7,41.78280495333726,-87.67652664505695,2.046266134002281,0.04073019374810083,Hotspot 95%,1
-14711_6864,-14711,6864,7,41.91329305408127,-87.74654339215594,-0.750556081723053,0.452919860556829,Not Significant,0
-14711_6867,-14711,6867,7,41.92833224458851,-87.7348739343061,-1.1584259881829977,0.24669023878241525,Not Significant,0
-14711_6869,-14711,6869,7,41.93835640237656,-87.72709429573955,-1.1584259881829977,0.24669023878241525,Not Significant,0
-14711_6870,-14711,6870,7,41.9433678904833,-87.72320447645627,-1.1169992658258407,0.2639946390995602,Not Significant,0
-14708_6864,-14708,6864,7,41.91329305408127,-87.72320447645627,0.12345086069111383,0.9017500840414285,Not Significant,0
-14711_6878,-14711,6878,7,41.98344561547049,-87.69208592219006,-1.421109152409298,0.1552850296622883,Not Significant,0
-14680_6832,-14680,6832,7,41.75265452173847,-87.62984881365766,1.8131976160251697,0.06980134741089516,Hotspot 90%,0
-14680_6825,-14680,6825,7,41.71746111050715,-87.65707754864057,-0.9836245997001642,0.32530012525684016,Not Significant,0
-14679_6842,-14679,6842,7,41.80289736866589,-87.58317098225831,-1.2144474203937174,0.2245769165734388,Not Significant,0
-14698_6842,-14698,6842,7,41.80289736866589,-87.73098411502284,-1.3371857094337303,0.18116202541997106,Not Significant,0
-14690_6832,-14690,6832,7,41.75265452173847,-87.70764519932315,-1.2742752969743334,0.20256586806114196,Not Significant,0
-14678_6838,-14678,6838,7,41.78280495333726,-87.59095062082486,-0.8024472035288556,0.4222943172192455,Not Significant,0
-14678_6818,-14678,6818,7,41.68224841664468,-87.66874700649038,-1.1292924234358588,0.25877449600009883,Not Significant,0
-14709_6867,-14709,6867,7,41.92833224458851,-87.71931465717297,-0.10961765728599734,0.9127126065594615,Not Significant,0
-14677_6830,-14677,6830,7,41.74260122916078,-87.61428953652451,0.12345086069111383,0.9017500840414285,Not Significant,0
-14690_6853,-14690,6853,7,41.85811903268165,-87.62595899437436,-0.7395367910694586,0.4595811077473808,Not Significant,0
-14696_6858,-14696,6858,6,41.88320404003357,-87.6531877293573,-1.2488910423963142,0.21170492833880195,Not Significant,0
-14705_6866,-14705,6866,6,41.92331957492203,-87.69208592219006,-1.3623609414129698,0.17308400383827216,Not Significant,0
-14701_6851,-14701,6851,6,41.84808227350258,-87.71931465717297,2.570670299450781,0.010150190794128822,Hotspot 95%,2
-14695_6862,-14695,6862,6,41.90326495794641,-87.62984881365766,-0.8968128222179511,0.3698188047656765,Not Significant,0
-14696_6854,-14696,6854,6,41.863136821663865,-87.66874700649038,0.7061221556338917,0.4801121746745951,Not Significant,0
-14705_6865,-14705,6865,6,41.918306511417136,-87.69597574147332,-0.750556081723053,0.452919860556829,Not Significant,0
-14695_6838,-14695,6838,6,41.78280495333726,-87.72320447645627,-1.4206280709072476,0.15542491338844333,Not Significant,0
-14705_6864,-14705,6864,6,41.91329305408127,-87.69986556075662,-0.4592204342516641,0.6460758779412645,Not Significant,0
-14696_6862,-14696,6862,6,41.90326495794641,-87.63762845222419,0.7061221556338917,0.4801121746745951,Not Significant,0
-14697_6842,-14697,6842,6,41.80289736866589,-87.72320447645627,-1.3914945061601087,0.16407552444355433,Not Significant,0
-14697_6843,-14697,6843,6,41.807919488376285,-87.71931465717297,-1.3371857094337303,0.18116202541997106,Not Significant,0
-14695_6847,-14695,6847,6,41.828004030498995,-87.68819610290679,-1.041891729194442,0.2974618791268735,Not Significant,0
-14695_6839,-14695,6839,6,41.78782864762697,-87.71931465717297,-1.1875595529301364,0.23500698100807815,Not Significant,0
-14706_6866,-14706,6866,6,41.92331957492203,-87.69986556075662,-1.1584259881829977,0.24669023878241525,Not Significant,0
-14694_6859,-14694,6859,6,41.88821986019843,-87.6337386329409,-0.8670903407116086,0.3858925126392019,Not Significant,0
-14698_6849,-14698,6849,6,41.83804393942133,-87.7037553800399,-0.1418878727051868,0.8871685735778849,Not Significant,0
-14695_6860,-14695,6860,6,41.893235286577195,-87.63762845222419,-0.10961765728599734,0.9127126065594615,Not Significant,0
-14695_6843,-14695,6843,6,41.807919488376285,-87.7037553800399,-0.8088232112173308,0.4186168430240276,Not Significant,0
-14695_6840,-14695,6840,6,41.79285194828349,-87.71542483788971,-0.9836245997001642,0.32530012525684016,Not Significant,0
-14705_6876,-14705,6876,6,41.97342854763757,-87.6531877293573,-0.750556081723053,0.452919860556829,Not Significant,0
-14710_6873,-14710,6873,6,41.9583999915659,-87.7037553800399,-1.304093811918692,0.19220159851300256,Not Significant,0
-14694_6842,-14694,6842,6,41.80289736866589,-87.69986556075662,-0.7214225169759142,0.4706495969391722,Not Significant,0
-14687_6843,-14687,6843,6,41.807919488376285,-87.64151827150748,-0.45643993500217195,0.6480736541203946,Not Significant,0
-14709_6861,-14709,6861,6,41.89825031916235,-87.74265357287265,2.0753996987494197,0.03794950609698167,Hotspot 95%,2
-14715_6868,-14715,6868,6,41.93334452040915,-87.76210266928904,-1.4206280709072476,0.15542491338844333,Not Significant,0
-14715_6865,-14715,6865,6,41.918306511417136,-87.77377212713887,-0.13875122203313622,0.889646740204872,Not Significant,0
-14690_6831,-14690,6831,6,41.74762807223493,-87.71153501860644,-1.1484544720555392,0.2507809975696973,Not Significant,0
-14667_6824,-14667,6824,6,41.7124319061753,-87.55983206655863,-1.2458266824244142,0.21282803149397056,Not Significant,0
-14669_6813,-14669,6813,6,41.6570846882825,-87.6181793558078,-0.8024472035288556,0.4222943172192455,Not Significant,0
-14669_6832,-14669,6832,6,41.75265452173847,-87.54427278942553,1.8325340767956781,0.0668718895958691,Hotspot 90%,0
-14709_6881,-14709,6881,6,41.99846826275177,-87.66485718720713,-1.0540888533664436,0.29184223897691375,Not Significant,0
-14677_6829,-14677,6829,6,41.7375739925239,-87.6181793558078,-0.3426861752631085,0.7318345642104394,Not Significant,0
-14687_6833,-14687,6833,6,41.757680577663535,-87.68041646434024,0.12345086069111383,0.9017500840414285,Not Significant,0
-14664_6824,-14664,6824,6,41.7124319061753,-87.53649315085902,-1.1484544720555392,0.2507809975696973,Not Significant,0
-14687_6831,-14687,6831,6,41.74762807223493,-87.68819610290679,-1.304093811918692,0.19220159851300256,Not Significant,0
-14671_6826,-14671,6826,6,41.72248992131589,-87.58317098225831,-0.70808158483976,0.47889459471475093,Not Significant,0
-14685_6831,-14685,6831,6,41.74762807223493,-87.67263682577367,1.0848584973466975,0.2779843320687707,Not Significant,0
-14683_6838,-14683,6838,6,41.78280495333726,-87.62984881365766,1.172259191588114,0.24109301023990315,Not Significant,0
-14673_6826,-14673,6826,6,41.72248992131589,-87.59873025939142,0.036050166449697135,0.9712423578850731,Not Significant,0
-14711_6881,-14711,6881,6,41.99846826275177,-87.68041646434024,-1.4000961218931274,0.16148453622935222,Not Significant,0
-14675_6825,-14675,6825,6,41.71746111050715,-87.6181793558078,-0.42498472877247345,0.6708478072530117,Not Significant,0
-14678_6826,-14678,6826,6,41.72248992131589,-87.63762845222419,0.006916601702558241,0.9944813942894528,Not Significant,0
-14677_6828,-14677,6828,6,41.73254636233219,-87.62206917509108,-0.6048882579873586,0.5452532455794761,Not Significant,0
-14716_6865,-14716,6865,6,41.918306511417136,-87.78155176570542,-0.8962239054587475,0.37013319056883986,Not Significant,0
-14710_6855,-14710,6855,6,41.86815421689773,-87.77377212713887,-0.8433135822051381,0.39905308861686195,Not Significant,0
-14693_6837,-14693,6837,6,41.77778086542214,-87.71153501860644,-0.6631553874816364,0.5072310404579752,Not Significant,0
-14663_6823,-14663,6823,6,41.70740230832825,-87.53260333157573,-1.1169992658258407,0.2639946390995602,Not Significant,0
-14692_6853,-14692,6853,6,41.85811903268165,-87.64151827150748,-1.3623609414129698,0.17308400383827216,Not Significant,0
-14717_6868,-14717,6868,6,41.93334452040915,-87.77766194642213,-1.5259169468119214,0.12703054962808213,Not Significant,0
-14673_6825,-14673,6825,5,41.71746111050715,-87.6026200786747,-1.1169992658258407,0.2639946390995602,Not Significant,0
-14673_6831,-14673,6831,5,41.74762807223493,-87.57928116297502,0.939190673611003,0.34763285655674814,Not Significant,0
-14673_6829,-14673,6829,5,41.7375739925239,-87.5870608015416,-0.6922889522287753,0.48875588662930536,Not Significant,0
-14704_6875,-14704,6875,5,41.96841942284933,-87.64929791007401,-0.07897746024578978,0.9370505511706153,Not Significant,0
-14680_6841,-14680,6841,5,41.797874855299035,-87.59484044010813,-1.0077856883781369,0.3135573579252282,Not Significant,0
-14721_6872,-14721,6872,5,41.95338968508535,-87.79322122355526,-1.809013802879208,0.07044885901220366,Coldspot 90%,0
-14681_6839,-14681,6839,5,41.78782864762697,-87.61039971724124,1.5881484699282316,0.11225277018447288,Not Significant,0
-14702_6861,-14702,6861,5,41.89825031916235,-87.68819610290679,-0.5466211284930808,0.5846390503573602,Not Significant,0
-14704_6868,-14704,6868,5,41.93334452040915,-87.67652664505695,-1.3177782864015077,0.18757787871500353,Not Significant,0
-14710_6884,-14710,6884,5,42.01348736449719,-87.66096736792385,-0.697793090354766,0.48530660088116706,Not Significant,0
-14685_6830,-14685,6830,5,41.74260122916078,-87.67652664505695,-0.8339024097585541,0.40433597920849373,Not Significant,0
-14686_6831,-14686,6831,5,41.74762807223493,-87.68041646434024,-0.9836245997001642,0.32530012525684016,Not Significant,0
-14686_6848,-14686,6848,5,41.833024181811474,-87.61428953652451,-0.7214225169759142,0.4706495969391722,Not Significant,0
-14713_6865,-14713,6865,5,41.918306511417136,-87.75821285000578,-0.5757546932402197,0.5647810012501586,Not Significant,0
-14691_6855,-14691,6855,5,41.86815421689773,-87.62595899437436,-1.7702308478729143,0.07668869247195276,Coldspot 90%,0
-14687_6830,-14687,6830,5,41.74260122916078,-87.69208592219006,-1.4206280709072476,0.15542491338844333,Not Significant,0
-14713_6869,-14713,6869,5,41.93835640237656,-87.74265357287265,-1.4206280709072476,0.15542491338844333,Not Significant,0
-14711_6884,-14711,6884,5,42.01348736449719,-87.66874700649038,0.2399851196796694,0.8103417923438037,Not Significant,0
-14708_6867,-14708,6867,5,41.92833224458851,-87.71153501860644,-0.5174875637459418,0.604815848091746,Not Significant,0
-14660_6813,-14660,6813,5,41.6570846882825,-87.5481626087088,-1.1443349023074354,0.2524847739847653,Not Significant,0
-14702_6870,-14702,6870,5,41.9433678904833,-87.6531877293573,-1.368640915663429,0.17111154766345238,Not Significant,0
-14694_6838,-14694,6838,5,41.78280495333726,-87.71542483788971,-1.041891729194442,0.2974618791268735,Not Significant,0
-14678_6821,-14678,6821,5,41.6973419321205,-87.65707754864057,-0.9597232346773482,0.33719452629273805,Not Significant,0
-14706_6868,-14706,6868,5,41.93334452040915,-87.69208592219006,-1.4497616356543865,0.14712500125850103,Not Significant,0
-14678_6828,-14678,6828,5,41.73254636233219,-87.62984881365766,-0.2552854810216918,0.7985026129914987,Not Significant,0
-14698_6854,-14698,6854,5,41.863136821663865,-87.68430628362349,-1.1875595529301364,0.23500698100807815,Not Significant,0
-14677_6821,-14677,6821,5,41.6973419321205,-87.64929791007401,-0.6137159661506645,0.5394030358974855,Not Significant,0
-14676_6825,-14676,6825,5,41.71746111050715,-87.62595899437436,0.09431729594397492,0.9248571109837065,Not Significant,0
-14712_6867,-14712,6867,5,41.92833224458851,-87.74265357287265,-0.9253574702058864,0.3547799937034104,Not Significant,0
-14676_6821,-14676,6821,5,41.6973419321205,-87.64151827150748,-0.5174875637459418,0.604815848091746,Not Significant,0
-14694_6848,-14694,6848,5,41.833024181811474,-87.67652664505695,-1.1169992658258407,0.2639946390995602,Not Significant,0
-14698_6846,-14698,6846,5,41.822983485491555,-87.71542483788971,-0.5713400603338754,0.5677691513176768,Not Significant,0
-14698_6843,-14698,6843,5,41.807919488376285,-87.72709429573955,-1.0077856883781369,0.3135573579252282,Not Significant,0
-14679_6829,-14679,6829,5,41.7375739925239,-87.6337386329409,0.32738581392108607,0.7433760946706038,Not Significant,0
-14679_6841,-14679,6841,5,41.797874855299035,-87.5870608015416,-1.2113648845149363,0.22575559137994228,Not Significant,0
-14712_6880,-14712,6880,5,41.99346110759678,-87.69208592219006,-1.0855440595961423,0.27768076060533975,Not Significant,0
-14704_6865,-14704,6865,5,41.918306511417136,-87.68819610290679,-1.274960247171553,0.2023233128018096,Not Significant,0
-14698_6861,-14698,6861,5,41.89825031916235,-87.65707754864057,-0.9282680284476497,0.3532685541249778,Not Significant,0
-14705_6868,-14705,6868,5,41.93334452040915,-87.68430628362349,-1.4497616356543865,0.14712500125850103,Not Significant,0
-14707_6869,-14707,6869,5,41.93835640237656,-87.69597574147332,-1.5371623298958033,0.12425356254361919,Not Significant,0
-14705_6872,-14705,6872,5,41.95338968508535,-87.66874700649038,-1.0554731417371932,0.29120898684545105,Not Significant,0
-14696_6838,-14696,6838,5,41.78280495333726,-87.73098411502284,-1.4000961218931274,0.16148453622935222,Not Significant,0
-14707_6868,-14707,6868,5,41.93334452040915,-87.69986556075662,-1.1001588586887199,0.27126291251785695,Not Significant,0
-14696_6840,-14696,6840,5,41.79285194828349,-87.72320447645627,-1.3914945061601087,0.16407552444355433,Not Significant,0
-14696_6859,-14696,6859,5,41.88821986019843,-87.64929791007401,-1.368640915663429,0.17111154766345238,Not Significant,0
-14695_6841,-14695,6841,5,41.797874855299035,-87.71153501860644,-1.041891729194442,0.2974618791268735,Not Significant,0
-14695_6858,-14695,6858,5,41.88320404003357,-87.64540809079072,-1.5371623298958033,0.12425356254361919,Not Significant,0
-14709_6875,-14709,6875,5,41.96841942284933,-87.68819610290679,-1.7146481841901124,0.08640974888662245,Coldspot 90%,0
-14695_6837,-14695,6837,5,41.77778086542214,-87.72709429573955,-1.5371623298958033,0.12425356254361919,Not Significant,0
-14707_6867,-14707,6867,5,41.92833224458851,-87.7037553800399,-1.1875595529301364,0.23500698100807815,Not Significant,0
-14705_6867,-14705,6867,5,41.92833224458851,-87.68819610290679,-1.4497616356543865,0.14712500125850103,Not Significant,0
-14701_6858,-14701,6858,5,41.88320404003357,-87.69208592219006,1.61960367615793,0.10531743941911698,Not Significant,0
-14709_6882,-14709,6882,5,42.00347502395832,-87.66096736792385,-0.8968128222179511,0.3698188047656765,Not Significant,0
-14701_6841,-14701,6841,5,41.797874855299035,-87.75821285000578,-1.1443349023074354,0.2524847739847653,Not Significant,0
-14713_6872,-14713,6872,5,41.95338968508535,-87.73098411502284,-1.4899963964144916,0.13622518345145207,Not Significant,0
-14701_6845,-14701,6845,5,41.817962546796814,-87.74265357287265,-0.3445790571752557,0.7304108525352768,Not Significant,0
-14691_6852,-14691,6852,5,41.85310084995869,-87.63762845222419,-1.1875595529301364,0.23500698100807815,Not Significant,0
-14670_6815,-14670,6815,5,41.66715135996442,-87.6181793558078,-0.9911784409070467,0.3215984558472331,Not Significant,0
-14665_6826,-14665,6826,5,41.72248992131589,-87.53649315085902,-0.8333187403115878,0.40466498986957156,Not Significant,0
-14691_6830,-14691,6830,5,41.74260122916078,-87.72320447645627,-1.3866655304067013,0.16554377601802495,Not Significant,0
-14709_6872,-14709,6872,5,41.95338968508535,-87.69986556075662,-1.3371857094337303,0.18116202541997106,Not Significant,0
-14715_6880,-14715,6880,4,41.99346110759678,-87.71542483788971,-1.3090626067225235,0.19051314440256228,Not Significant,0
-14717_6865,-14717,6865,4,41.918306511417136,-87.78933140427196,-1.5259169468119214,0.12703054962808213,Not Significant,0
-14714_6885,-14714,6885,4,42.01849294381506,-87.68819610290679,-0.8856319475986102,0.3758158902672002,Not Significant,0
-14715_6863,-14715,6863,4,41.908279202921875,-87.78155176570542,-0.560018602344379,0.5754667492617265,Not Significant,0
-14677_6824,-14677,6824,4,41.7124319061753,-87.63762845222419,-0.2552854810216918,0.7985026129914987,Not Significant,0
-14676_6816,-14676,6816,4,41.67218410564493,-87.66096736792385,-1.1165941253025629,0.26416790461641204,Not Significant,0
-14677_6825,-14677,6825,4,41.71746111050715,-87.6337386329409,-0.2552854810216918,0.7985026129914987,Not Significant,0
-14699_6848,-14699,6848,4,41.833024181811474,-87.71542483788971,-0.5944622243469757,0.5522030009631229,Not Significant,0
-14718_6875,-14718,6875,4,41.96841942284933,-87.75821285000578,-1.683192977960414,0.09233773974912274,Coldspot 90%,0
-14700_6860,-14700,6860,4,41.893235286577195,-87.67652664505695,-1.3623609414129698,0.17308400383827216,Not Significant,0
-14721_6875,-14721,6875,4,41.96841942284933,-87.78155176570542,-0.8977082865793906,0.3693410904858023,Not Significant,0
-14700_6859,-14700,6859,4,41.88821986019843,-87.68041646434024,-0.20479828516458384,0.8377297268584967,Not Significant,0
-14714_6884,-14714,6884,4,42.01348736449719,-87.69208592219006,-1.620282565501017,0.10517159229689388,Not Significant,0
-14714_6865,-14714,6865,4,41.918306511417136,-87.76599248857232,-0.4592204342516641,0.6460758779412645,Not Significant,0
-14699_6859,-14699,6859,4,41.88821986019843,-87.67263682577367,-0.7214225169759142,0.4706495969391722,Not Significant,0
-14718_6872,-14718,6872,4,41.95338968508535,-87.76988230785561,-1.3475563030065156,0.1778011329931446,Not Significant,0
-14702_6866,-14702,6866,4,41.92331957492203,-87.66874700649038,-1.5933272624222818,0.11108679384226838,Not Significant,0
-14673_6822,-14673,6822,4,41.702372316973985,-87.61428953652451,0.647855026139614,0.5170787214144319,Not Significant,0
-14672_6826,-14672,6826,4,41.72248992131589,-87.59095062082486,-0.29916390385367936,0.7648149893035043,Not Significant,0
-14713_6883,-14713,6883,4,42.00848139120921,-87.68819610290679,-1.828497977367192,0.06747484895510225,Coldspot 90%,0
-14713_6874,-14713,6874,4,41.96340990415634,-87.72320447645627,-1.1001588586887199,0.27126291251785695,Not Significant,0
-14704_6840,-14704,6840,4,41.79285194828349,-87.78544158498869,-1.4245436955745,0.15428914561128093,Not Significant,0
-14702_6869,-14702,6869,4,41.93835640237656,-87.65707754864057,-1.5244400184170883,0.12739882975652694,Not Significant,0
-14671_6815,-14671,6815,4,41.66715135996442,-87.62595899437436,-0.8379567759644697,0.40205497982076244,Not Significant,0
-14700_6842,-14700,6842,4,41.80289736866589,-87.74654339215594,-1.3057305032040318,0.1916442209672753,Not Significant,0
-14679_6824,-14679,6824,4,41.7124319061753,-87.6531877293573,-0.8379567759644697,0.40205497982076244,Not Significant,0
-14694_6846,-14694,6846,4,41.822983485491555,-87.68430628362349,-0.7709919972991571,0.4407116750700546,Not Significant,0
-14697_6837,-14697,6837,4,41.77778086542214,-87.74265357287265,-1.2705689104385314,0.2038820530856098,Not Significant,0
-14710_6867,-14710,6867,4,41.92833224458851,-87.72709429573955,-0.5174875637459418,0.604815848091746,Not Significant,0
-14688_6831,-14688,6831,4,41.74762807223493,-87.69597574147332,-0.9911784409070467,0.3215984558472331,Not Significant,0
-14707_6878,-14707,6878,4,41.98344561547049,-87.66096736792385,-1.1584259881829977,0.24669023878241525,Not Significant,0
-14688_6833,-14688,6833,4,41.757680577663535,-87.68819610290679,-0.04752225401609127,0.9620969942305857,Not Significant,0
-14710_6863,-14710,6863,4,41.908279202921875,-87.74265357287265,-0.2552854810216918,0.7985026129914987,Not Significant,0
-14696_6848,-14696,6848,4,41.833024181811474,-87.69208592219006,-1.3371857094337303,0.18116202541997106,Not Significant,0
-14696_6847,-14696,6847,4,41.828004030498995,-87.69597574147332,-0.3935295225427749,0.6939284234243175,Not Significant,0
-14709_6879,-14709,6879,4,41.9884535585006,-87.67263682577367,-1.683192977960414,0.09233773974912274,Coldspot 90%,0
-14707_6855,-14707,6855,4,41.86815421689773,-87.75043321143923,0.644492283037276,0.519256260147362,Not Significant,0
-14693_6835,-14693,6835,4,41.767731508746834,-87.71931465717297,-1.5244400184170883,0.12739882975652694,Not Significant,0
-14696_6843,-14696,6843,4,41.807919488376285,-87.71153501860644,-1.2428200907446347,0.21393413735482247,Not Significant,0
-14707_6859,-14707,6859,4,41.88821986019843,-87.7348739343061,1.2305263210823918,0.21850007674698335,Not Significant,0
-14678_6817,-14678,6817,4,41.67721645787437,-87.67263682577367,-1.3866655304067013,0.16554377601802495,Not Significant,0
-14692_6859,-14692,6859,4,41.88821986019843,-87.6181793558078,-1.368640915663429,0.17111154766345238,Not Significant,0
-14690_6834,-14690,6834,4,41.762706240002274,-87.69986556075662,-1.1484544720555392,0.2507809975696973,Not Significant,0
-14690_6848,-14690,6848,4,41.833024181811474,-87.64540809079072,-1.5371623298958033,0.12425356254361919,Not Significant,0
-14695_6859,-14695,6859,4,41.88821986019843,-87.64151827150748,-1.4206280709072476,0.15542491338844333,Not Significant,0
-14690_6849,-14690,6849,4,41.83804393942133,-87.64151827150748,-1.5080287651486644,0.13154716510583464,Not Significant,0
-14691_6831,-14691,6831,4,41.74762807223493,-87.71931465717297,-1.4630065343525245,0.14346559095776268,Not Significant,0
-14691_6834,-14691,6834,4,41.762706240002274,-87.70764519932315,-1.857631542114331,0.06322135611178825,Coldspot 90%,0
-14708_6881,-14708,6881,4,41.99846826275177,-87.65707754864057,-0.9733420663755401,0.33038332180422003,Not Significant,0
-14691_6850,-14691,6850,4,41.84306330332091,-87.64540809079072,-1.5080287651486644,0.13154716510583464,Not Significant,0
-14708_6879,-14708,6879,4,41.9884535585006,-87.66485718720713,-1.1292924234358588,0.25877449600009883,Not Significant,0
-14705_6863,-14705,6863,4,41.908279202921875,-87.7037553800399,-0.10961765728599734,0.9127126065594615,Not Significant,0
-14696_6855,-14696,6855,4,41.86815421689773,-87.66485718720713,0.2399851196796694,0.8103417923438037,Not Significant,0
-14697_6838,-14697,6838,4,41.78280495333726,-87.73876375358938,-1.155087821586555,0.2480544648288534,Not Significant,0
-14711_6865,-14711,6865,4,41.918306511417136,-87.74265357287265,-1.274960247171553,0.2023233128018096,Not Significant,0
-14698_6859,-14698,6859,4,41.88821986019843,-87.66485718720713,-0.9911784409070467,0.3215984558472331,Not Significant,0
-14698_6857,-14698,6857,4,41.87818782609015,-87.67263682577367,-0.6922889522287753,0.48875588662930536,Not Significant,0
-14678_6830,-14678,6830,4,41.74260122916078,-87.62206917509108,-0.2844190457688307,0.7760892650173863,Not Significant,0
-14678_6840,-14678,6840,4,41.79285194828349,-87.58317098225831,-1.0554731417371932,0.29120898684545105,Not Significant,0
-14679_6820,-14679,6820,4,41.69231115377578,-87.66874700649038,-1.1169992658258407,0.2639946390995602,Not Significant,0
-14704_6862,-14704,6862,4,41.90326495794641,-87.69986556075662,0.4439200729096417,0.6571003714550909,Not Significant,0
-14694_6832,-14694,6832,4,41.75265452173847,-87.73876375358938,-1.1887657825925566,0.23453184637490798,Not Significant,0
-14693_6860,-14693,6860,4,41.893235286577195,-87.62206917509108,-0.8339024097585541,0.40433597920849373,Not Significant,0
-14680_6828,-14680,6828,4,41.73254636233219,-87.64540809079072,1.143125626840975,0.25298643562965295,Not Significant,0
-14711_6880,-14711,6880,4,41.99346110759678,-87.68430628362349,-1.3057305032040318,0.1916442209672753,Not Significant,0
-14704_6867,-14704,6867,4,41.92833224458851,-87.68041646434024,-1.368640915663429,0.17111154766345238,Not Significant,0
-14692_6852,-14692,6852,4,41.85310084995869,-87.64540809079072,-1.333227376665831,0.18245719782876657,Not Significant,0
-14710_6870,-14710,6870,4,41.9433678904833,-87.71542483788971,-0.8700112003677498,0.3842942833609917,Not Significant,0
-14693_6855,-14693,6855,4,41.86815421689773,-87.64151827150748,-1.7775585966495095,0.0754763789308186,Coldspot 90%,0
-14685_6842,-14685,6842,4,41.80289736866589,-87.62984881365766,0.644492283037276,0.519256260147362,Not Significant,0
-14683_6846,-14683,6846,4,41.822983485491555,-87.59873025939142,-1.0766729323833304,0.28162640892555224,Not Significant,0
-14717_6869,-14717,6869,3,41.93835640237656,-87.77377212713887,-1.4000961218931274,0.16148453622935222,Not Significant,0
-14717_6870,-14717,6870,3,41.9433678904833,-87.76988230785561,-1.5259169468119214,0.12703054962808213,Not Significant,0
-14717_6872,-14717,6872,3,41.95338968508535,-87.76210266928904,-1.5244400184170883,0.12739882975652694,Not Significant,0
-14719_6868,-14719,6868,3,41.93334452040915,-87.79322122355526,-1.4899963964144916,0.13622518345145207,Not Significant,0
-14719_6869,-14719,6869,3,41.93835640237656,-87.78933140427196,-1.4899963964144916,0.13622518345145207,Not Significant,0
-14721_6878,-14721,6878,3,41.98344561547049,-87.76988230785561,-1.2331966628776776,0.21750240013290512,Not Significant,0
-14719_6866,-14719,6866,3,41.92331957492203,-87.80100086212181,-1.5244400184170883,0.12739882975652694,Not Significant,0
-14718_6865,-14718,6865,3,41.918306511417136,-87.79711104283852,-1.2705689104385314,0.2038820530856098,Not Significant,0
-14718_6868,-14718,6868,3,41.93334452040915,-87.78544158498869,-1.5259169468119214,0.12703054962808213,Not Significant,0
-14706_6874,-14706,6874,3,41.96340990415634,-87.66874700649038,-1.0855440595961423,0.27768076060533975,Not Significant,0
-14720_6869,-14720,6869,3,41.93835640237656,-87.79711104283852,-1.558883640419685,0.11902392304188747,Not Significant,0
-14707_6866,-14707,6866,3,41.92331957492203,-87.70764519932315,-0.6340218227344975,0.5260665803883113,Not Significant,0
-14702_6862,-14702,6862,3,41.90326495794641,-87.68430628362349,-0.488353998998803,0.6252991191764061,Not Significant,0
-14707_6854,-14707,6854,3,41.863136821663865,-87.75432303072246,-1.3860499992905078,0.16573163662480406,Not Significant,0
-14719_6875,-14719,6875,3,41.96841942284933,-87.76599248857232,-1.5244400184170883,0.12739882975652694,Not Significant,0
-14712_6871,-14712,6871,3,41.94837898472202,-87.72709429573955,-1.4630065343525245,0.14346559095776268,Not Significant,0
-14717_6867,-14717,6867,3,41.92833224458851,-87.78155176570542,-1.1875595529301364,0.23500698100807815,Not Significant,0
-14707_6880,-14707,6880,3,41.99346110759678,-87.6531877293573,-0.46220128847469677,0.6439369793527332,Not Significant,0
-14712_6870,-14712,6870,3,41.9433678904833,-87.73098411502284,-1.595429459390081,0.11061623265192688,Not Significant,0
-14712_6879,-14712,6879,3,41.9884535585006,-87.69597574147332,-1.368640915663429,0.17111154766345238,Not Significant,0
-14712_6859,-14712,6859,3,41.88821986019843,-87.77377212713887,1.9888094258477818,0.0467222419914568,Hotspot 95%,2
-14704_6870,-14704,6870,3,41.9433678904833,-87.66874700649038,-1.1887657825925566,0.23453184637490798,Not Significant,0
-14710_6880,-14710,6880,3,41.99346110759678,-87.67652664505695,-1.5259169468119214,0.12703054962808213,Not Significant,0
-14710_6871,-14710,6871,3,41.94837898472202,-87.71153501860644,-1.0077856883781369,0.3135573579252282,Not Significant,0
-14703_6873,-14703,6873,3,41.9583999915659,-87.64929791007401,-0.8024472035288556,0.4222943172192455,Not Significant,0
-14703_6872,-14703,6872,3,41.95338968508535,-87.6531877293573,-1.5259169468119214,0.12703054962808213,Not Significant,0
-14703_6871,-14703,6871,3,41.94837898472202,-87.65707754864057,-1.0011130364505865,0.31677216315558887,Not Significant,0
-14703_6866,-14703,6866,3,41.92331957492203,-87.67652664505695,-1.4555527744118948,0.1455162911710961,Not Significant,0
-14714_6868,-14714,6868,3,41.93334452040915,-87.75432303072246,-0.9836245997001642,0.32530012525684016,Not Significant,0
-14714_6874,-14714,6874,3,41.96340990415634,-87.73098411502284,-1.620282565501017,0.10517159229689388,Not Significant,0
-14714_6880,-14714,6880,3,41.99346110759678,-87.70764519932315,-1.5371623298958033,0.12425356254361919,Not Significant,0
-14709_6874,-14709,6874,3,41.96340990415634,-87.69208592219006,-1.88676510686147,0.05919192626117131,Coldspot 90%,0
-14705_6869,-14705,6869,3,41.93835640237656,-87.68041646434024,-1.55737215304162,0.11938215366425897,Not Significant,0
-14705_6871,-14705,6871,3,41.94837898472202,-87.67263682577367,-1.2705689104385314,0.2038820530856098,Not Significant,0
-14709_6871,-14709,6871,3,41.94837898472202,-87.7037553800399,-1.2488910423963142,0.21170492833880195,Not Significant,0
-14715_6870,-14715,6870,3,41.9433678904833,-87.75432303072246,-1.9158986716086088,0.05537799461998638,Coldspot 90%,0
-14715_6875,-14715,6875,3,41.96841942284933,-87.7348739343061,-1.7146481841901124,0.08640974888662245,Coldspot 90%,0
-14716_6872,-14716,6872,3,41.95338968508535,-87.75432303072246,-1.857631542114331,0.06322135611178825,Coldspot 90%,0
-14716_6873,-14716,6873,3,41.9583999915659,-87.75043321143923,-1.558883640419685,0.11902392304188747,Not Significant,0
-14703_6860,-14703,6860,3,41.893235286577195,-87.69986556075662,0.2982522491739472,0.7655106462431818,Not Significant,0
-14657_6812,-14657,6812,3,41.652050762297264,-87.52871351229244,-0.8977082865793906,0.3693410904858023,Not Significant,0
-14702_6844,-14702,6844,3,41.8129412144225,-87.75432303072246,-0.07799377546452911,0.9378330043708853,Not Significant,0
-14671_6820,-14671,6820,3,41.69231115377578,-87.60650989795798,-0.7395367910694586,0.4595811077473808,Not Significant,0
-14658_6812,-14658,6812,3,41.652050762297264,-87.53649315085902,-1.1887657825925566,0.23453184637490798,Not Significant,0
-14697_6858,-14697,6858,3,41.88320404003357,-87.66096736792385,-1.1800037983911207,0.23799870419397307,Not Significant,0
-14697_6860,-14697,6860,3,41.893235286577195,-87.6531877293573,-1.3057305032040318,0.1916442209672753,Not Significant,0
-14670_6814,-14670,6814,3,41.66211822084091,-87.62206917509108,-1.4000961218931274,0.16148453622935222,Not Significant,0
-14697_6861,-14697,6861,3,41.89825031916235,-87.64929791007401,-0.01606704778639275,0.9871809021776645,Not Significant,0
-14669_6828,-14669,6828,3,41.73254636233219,-87.55983206655863,0.3856529434153639,0.6997537174751789,Not Significant,0
-14669_6814,-14669,6814,3,41.66211822084091,-87.61428953652451,-0.8011239563625563,0.4230598886570196,Not Significant,0
-14698_6841,-14698,6841,3,41.797874855299035,-87.7348739343061,-1.5662958946429422,0.11727936166587694,Not Significant,0
-14698_6844,-14698,6844,3,41.8129412144225,-87.72320447645627,-1.1165941253025629,0.26416790461641204,Not Significant,0
-14694_6836,-14694,6836,3,41.7727563838894,-87.72320447645627,-1.5259169468119214,0.12703054962808213,Not Significant,0
-14682_6837,-14682,6837,3,41.77778086542214,-87.62595899437436,1.5509955333009198,0.12090275439147091,Not Significant,0
-14682_6844,-14682,6844,3,41.8129412144225,-87.59873025939142,-0.8088232112173308,0.4186168430240276,Not Significant,0
-14698_6856,-14698,6856,3,41.87317121837568,-87.67652664505695,-1.1001588586887199,0.27126291251785695,Not Significant,0
-14682_6845,-14682,6845,3,41.817962546796814,-87.59484044010813,-1.4555527744118948,0.1455162911710961,Not Significant,0
-14668_6811,-14668,6811,3,41.64701644289333,-87.6181793558078,-1.0396067327345786,0.29852264764191805,Not Significant,0
-14699_6841,-14699,6841,3,41.797874855299035,-87.74265357287265,-1.7146481841901124,0.08640974888662245,Coldspot 90%,0
-14683_6845,-14683,6845,3,41.817962546796814,-87.6026200786747,-0.4300868695045252,0.6671324511306922,Not Significant,0
-14680_6822,-14680,6822,3,41.702372316973985,-87.66874700649038,-1.5015310881424841,0.13321825206274518,Not Significant,0
-14680_6820,-14680,6820,3,41.69231115377578,-87.67652664505695,-1.3090626067225235,0.19051314440256228,Not Significant,0
-14699_6867,-14699,6867,3,41.92833224458851,-87.64151827150748,-1.8404690091089067,0.06569941009575664,Coldspot 90%,0
-14671_6821,-14671,6821,3,41.6973419321205,-87.6026200786747,-1.0422293103807336,0.2973053769972551,Not Significant,0
-14695_6836,-14695,6836,3,41.7727563838894,-87.73098411502284,-1.421109152409298,0.1552850296622883,Not Significant,0
-14677_6817,-14677,6817,3,41.67721645787437,-87.66485718720713,-1.2428200907446347,0.21393413735482247,Not Significant,0
-14694_6858,-14694,6858,3,41.88320404003357,-87.63762845222419,-1.1292924234358588,0.25877449600009883,Not Significant,0
-14674_6829,-14674,6829,3,41.7375739925239,-87.59484044010813,-0.6922889522287753,0.48875588662930536,Not Significant,0
-14674_6828,-14674,6828,3,41.73254636233219,-87.59873025939142,0.5313207671510584,0.5951965168138877,Not Significant,0
-14673_6828,-14673,6828,3,41.73254636233219,-87.59095062082486,-0.5466211284930808,0.5846390503573602,Not Significant,0
-14696_6841,-14696,6841,3,41.797874855299035,-87.71931465717297,-1.4497616356543865,0.14712500125850103,Not Significant,0
-14673_6824,-14673,6824,3,41.7124319061753,-87.60650989795798,-0.9597232346773482,0.33719452629273805,Not Significant,0
-14673_6814,-14673,6814,3,41.66211822084091,-87.64540809079072,-0.7701508587466338,0.4412104100569527,Not Significant,0
-14696_6850,-14696,6850,3,41.84306330332091,-87.68430628362349,-0.8011239563625563,0.4230598886570196,Not Significant,0
-14672_6825,-14672,6825,3,41.71746111050715,-87.59484044010813,-1.2488910423963142,0.21170492833880195,Not Significant,0
-14679_6819,-14679,6819,3,41.68727998194784,-87.67263682577367,-1.1484544720555392,0.2507809975696973,Not Significant,0
-14696_6863,-14696,6863,3,41.908279202921875,-87.6337386329409,-0.42370759219070464,0.6717790775502703,Not Significant,0
-14691_6856,-14691,6856,3,41.87317121837568,-87.62206917509108,-1.3057305032040318,0.1916442209672753,Not Significant,0
-14697_6841,-14697,6841,3,41.797874855299035,-87.72709429573955,-1.304093811918692,0.19220159851300256,Not Significant,0
-14697_6847,-14697,6847,3,41.828004030498995,-87.7037553800399,-0.4566877363365886,0.6478955068212184,Not Significant,0
-14679_6823,-14679,6823,3,41.70740230832825,-87.65707754864057,-1.4630065343525245,0.14346559095776268,Not Significant,0
-14693_6847,-14693,6847,3,41.828004030498995,-87.67263682577367,-1.4206280709072476,0.15542491338844333,Not Significant,0
-14693_6850,-14693,6850,3,41.84306330332091,-87.66096736792385,-1.55737215304162,0.11938215366425897,Not Significant,0
-14695_6856,-14695,6856,3,41.87317121837568,-87.6531877293573,-1.3057305032040318,0.1916442209672753,Not Significant,0
-14692_6847,-14692,6847,3,41.828004030498995,-87.66485718720713,-1.3522219084041045,0.17630433718636596,Not Significant,0
-14692_6850,-14692,6850,3,41.84306330332091,-87.6531877293573,-1.3914945061601087,0.16407552444355433,Not Significant,0
-14689_6849,-14689,6849,3,41.83804393942133,-87.6337386329409,-1.071025293941581,0.2841580566743165,Not Significant,0
-14689_6847,-14689,6847,3,41.828004030498995,-87.64151827150748,-1.333227376665831,0.18245719782876657,Not Significant,0
-14701_6862,-14701,6862,3,41.90326495794641,-87.67652664505695,-1.4206280709072476,0.15542491338844333,Not Significant,0
-14690_6847,-14690,6847,3,41.828004030498995,-87.64929791007401,-1.5244400184170883,0.12739882975652694,Not Significant,0
-14690_6851,-14690,6851,3,41.84808227350258,-87.6337386329409,-0.16788478678027513,0.8666739186439942,Not Significant,0
-14690_6854,-14690,6854,3,41.863136821663865,-87.62206917509108,-1.3177782864015077,0.18757787871500353,Not Significant,0
-14688_6848,-14688,6848,3,41.833024181811474,-87.62984881365766,-0.7214225169759142,0.4706495969391722,Not Significant,0
-14700_6870,-14700,6870,3,41.9433678904833,-87.63762845222419,-1.1887657825925566,0.23453184637490798,Not Significant,0
-14688_6845,-14688,6845,3,41.817962546796814,-87.64151827150748,-0.9597232346773482,0.33719452629273805,Not Significant,0
-14691_6845,-14691,6845,3,41.817962546796814,-87.66485718720713,0.12885383770755643,0.8974733042391327,Not Significant,0
-14691_6851,-14691,6851,3,41.84808227350258,-87.64151827150748,-1.6536965888843589,0.09818917608769517,Coldspot 90%,0
-14692_6831,-14692,6831,3,41.74762807223493,-87.72709429573955,-1.7702308478729143,0.07668869247195276,Coldspot 90%,0
-14690_6829,-14690,6829,3,41.7375739925239,-87.71931465717297,-1.0554731417371932,0.29120898684545105,Not Significant,0
-14664_6822,-14664,6822,3,41.702372316973985,-87.54427278942553,-0.6931634661786495,0.48820697246699396,Not Significant,0
-14700_6864,-14700,6864,3,41.91329305408127,-87.66096736792385,-1.4555527744118948,0.1455162911710961,Not Significant,0
-14692_6856,-14692,6856,3,41.87317121837568,-87.62984881365766,-0.9597232346773482,0.33719452629273805,Not Significant,0
-14692_6858,-14692,6858,3,41.88320404003357,-87.62206917509108,-0.6633494683521692,0.5071067611289608,Not Significant,0
-14692_6860,-14692,6860,3,41.893235286577195,-87.61428953652451,-1.4555527744118948,0.1455162911710961,Not Significant,0
-14701_6870,-14701,6870,3,41.9433678904833,-87.64540809079072,-1.4630065343525245,0.14346559095776268,Not Significant,0
-14687_6844,-14687,6844,3,41.8129412144225,-87.63762845222419,-0.7214225169759142,0.4706495969391722,Not Significant,0
-14687_6829,-14687,6829,3,41.7375739925239,-87.69597574147332,-1.2488910423963142,0.21170492833880195,Not Significant,0
-14700_6837,-14700,6837,3,41.77778086542214,-87.76599248857232,-1.5015310881424841,0.13321825206274518,Not Significant,0
-14690_6844,-14690,6844,2,41.8129412144225,-87.66096736792385,1.3179270153238085,0.18752808114543962,Not Significant,0
-14678_6835,-14678,6835,2,41.767731508746834,-87.6026200786747,1.0265913678524197,0.3046129204208583,Not Significant,0
-14708_6872,-14708,6872,2,41.95338968508535,-87.69208592219006,-1.558883640419685,0.11902392304188747,Not Significant,0
-14708_6875,-14708,6875,2,41.96841942284933,-87.68041646434024,-1.9158986716086088,0.05537799461998638,Coldspot 90%,0
-14712_6866,-14712,6866,2,41.92331957492203,-87.74654339215594,-0.8962239054587475,0.37013319056883986,Not Significant,0
-14708_6877,-14708,6877,2,41.97843727851371,-87.67263682577367,-1.871924215338605,0.06121708890838806,Coldspot 90%,0
-14708_6873,-14708,6873,2,41.9583999915659,-87.68819610290679,-1.809013802879208,0.07044885901220366,Coldspot 90%,0
-14691_6853,-14691,6853,2,41.85811903268165,-87.6337386329409,-1.1875595529301364,0.23500698100807815,Not Significant,0
-14691_6835,-14691,6835,2,41.767731508746834,-87.7037553800399,-1.5080287651486644,0.13154716510583464,Not Significant,0
-14702_6841,-14702,6841,2,41.797874855299035,-87.76599248857232,-1.0999040220223144,0.2713739421230361,Not Significant,0
-14689_6844,-14689,6844,2,41.8129412144225,-87.6531877293573,-1.1484544720555392,0.2507809975696973,Not Significant,0
-14711_6882,-14711,6882,2,42.00347502395832,-87.67652664505695,-1.2113648845149363,0.22575559137994228,Not Significant,0
-14685_6848,-14685,6848,2,41.833024181811474,-87.60650989795798,-1.0766729323833304,0.28162640892555224,Not Significant,0
-14686_6830,-14686,6830,2,41.74260122916078,-87.68430628362349,-1.368640915663429,0.17111154766345238,Not Significant,0
-14684_6847,-14684,6847,2,41.828004030498995,-87.6026200786747,-0.9044548223703466,0.3657542796403739,Not Significant,0
-14677_6838,-14677,6838,2,41.78280495333726,-87.58317098225831,-0.7444569797413456,0.4566000583575951,Not Significant,0
-14687_6849,-14687,6849,2,41.83804393942133,-87.6181793558078,-1.041891729194442,0.2974618791268735,Not Significant,0
-14688_6829,-14688,6829,2,41.7375739925239,-87.7037553800399,-1.3177782864015077,0.18757787871500353,Not Significant,0
-14711_6866,-14711,6866,2,41.92331957492203,-87.73876375358938,-1.1584259881829977,0.24669023878241525,Not Significant,0
-14711_6868,-14711,6868,2,41.93334452040915,-87.73098411502284,-1.1292924234358588,0.25877449600009883,Not Significant,0
-14681_6825,-14681,6825,2,41.71746111050715,-87.66485718720713,-1.494461740582223,0.13505497468857608,Not Significant,0
-14711_6873,-14711,6873,2,41.9583999915659,-87.71153501860644,-0.8088232112173308,0.4186168430240276,Not Significant,0
-14710_6864,-14710,6864,2,41.91329305408127,-87.73876375358938,-0.6340218227344975,0.5260665803883113,Not Significant,0
-14689_6829,-14689,6829,2,41.7375739925239,-87.71153501860644,-1.3860499992905078,0.16573163662480406,Not Significant,0
-14689_6830,-14689,6830,2,41.74260122916078,-87.70764519932315,-1.1169992658258407,0.2639946390995602,Not Significant,0
-14710_6877,-14710,6877,2,41.97843727851371,-87.68819610290679,-1.4899963964144916,0.13622518345145207,Not Significant,0
-14709_6883,-14709,6883,2,42.00848139120921,-87.65707754864057,-0.7316571624626417,0.46437784897150536,Not Significant,0
-14711_6877,-14711,6877,2,41.97843727851371,-87.69597574147332,-1.4899963964144916,0.13622518345145207,Not Significant,0
-14672_6813,-14672,6813,2,41.6570846882825,-87.64151827150748,-1.155087821586555,0.2480544648288534,Not Significant,0
-14712_6872,-14712,6872,2,41.95338968508535,-87.72320447645627,-1.4000961218931274,0.16148453622935222,Not Significant,0
-14712_6873,-14712,6873,2,41.9583999915659,-87.71931465717297,-1.304093811918692,0.19220159851300256,Not Significant,0
-14716_6870,-14716,6870,2,41.9433678904833,-87.76210266928904,-1.55737215304162,0.11938215366425897,Not Significant,0
-14664_6818,-14664,6818,2,41.68224841664468,-87.55983206655863,-1.0064976953278957,0.31417621971350496,Not Significant,0
-14716_6875,-14716,6875,2,41.96841942284933,-87.74265357287265,-1.3860499992905078,0.16573163662480406,Not Significant,0
-14716_6885,-14716,6885,2,42.01849294381506,-87.7037553800399,-1.0608923997021482,0.28873880367736326,Not Significant,0
-14717_6866,-14717,6866,2,41.92331957492203,-87.78544158498869,-1.1584259881829977,0.24669023878241525,Not Significant,0
-14663_6824,-14663,6824,2,41.7124319061753,-87.52871351229244,-0.8471382513146181,0.3969180665031984,Not Significant,0
-14662_6822,-14662,6822,2,41.702372316973985,-87.52871351229244,-1.2488910423963142,0.21170492833880195,Not Significant,0
-14717_6874,-14717,6874,2,41.96340990415634,-87.75432303072246,-1.5244400184170883,0.12739882975652694,Not Significant,0
-14717_6875,-14717,6875,2,41.96841942284933,-87.75043321143923,-1.558883640419685,0.11902392304188747,Not Significant,0
-14718_6866,-14718,6866,2,41.92331957492203,-87.79322122355526,-1.6517377717307156,0.09858801913013004,Coldspot 90%,0
-14718_6870,-14718,6870,2,41.9433678904833,-87.77766194642213,-1.3475563030065156,0.1778011329931446,Not Significant,0
-14718_6871,-14718,6871,2,41.94837898472202,-87.77377212713887,-1.5244400184170883,0.12739882975652694,Not Significant,0
-14661_6821,-14661,6821,2,41.6973419321205,-87.52482369300917,-1.5015310881424841,0.13321825206274518,Not Significant,0
-14661_6813,-14661,6813,2,41.6570846882825,-87.55594224727537,-1.1443349023074354,0.2524847739847653,Not Significant,0
-14719_6876,-14719,6876,2,41.97342854763757,-87.76210266928904,-1.7146481841901124,0.08640974888662245,Coldspot 90%,0
-14720_6866,-14720,6866,2,41.92331957492203,-87.80878050068839,-1.1887657825925566,0.23453184637490798,Not Significant,0
-14720_6867,-14720,6867,2,41.92833224458851,-87.8048906814051,-1.1887657825925566,0.23453184637490798,Not Significant,0
-14720_6876,-14720,6876,2,41.97342854763757,-87.76988230785561,-1.746103390419811,0.080792987786791,Coldspot 90%,0
-14721_6876,-14721,6876,2,41.97342854763757,-87.77766194642213,-1.3475563030065156,0.1778011329931446,Not Significant,0
-14721_6877,-14721,6877,2,41.97843727851371,-87.77377212713887,-1.5933272624222818,0.11108679384226838,Not Significant,0
-14722_6870,-14722,6870,2,41.9433678904833,-87.80878050068839,-1.9033794215683035,0.05699105422333961,Coldspot 90%,0
-14723_6872,-14723,6872,2,41.95338968508535,-87.80878050068839,-1.3220584234479198,0.18614869705988957,Not Significant,0
-14723_6877,-14723,6877,2,41.97843727851371,-87.78933140427196,-1.0608923997021482,0.28873880367736326,Not Significant,0
-14724_6880,-14724,6880,2,41.99346110759678,-87.78544158498869,-1.2776275431627988,0.2013807841852684,Not Significant,0
-14725_6881,-14725,6881,2,41.99846826275177,-87.78933140427196,-1.0064976953278957,0.31417621971350496,Not Significant,0
-14729_6877,-14729,6877,2,41.97843727851371,-87.83600923567128,-1.2776275431627988,0.2013807841852684,Not Significant,0
-14730_6877,-14730,6877,2,41.97843727851371,-87.84378887423786,-1.2776275431627988,0.2013807841852684,Not Significant,0
-14716_6868,-14716,6868,2,41.93334452040915,-87.76988230785561,-1.5080287651486644,0.13154716510583464,Not Significant,0
-14716_6867,-14716,6867,2,41.92833224458851,-87.77377212713887,-0.8670903407116086,0.3858925126392019,Not Significant,0
-14665_6819,-14665,6819,2,41.68727998194784,-87.56372188584191,-1.0064976953278957,0.31417621971350496,Not Significant,0
-14714_6869,-14714,6869,2,41.93835640237656,-87.75043321143923,-1.5080287651486644,0.13154716510583464,Not Significant,0
-14675_6837,-14675,6837,2,41.77778086542214,-87.57150152440849,0.32188414710156077,0.7475404633569531,Not Significant,0
-14712_6883,-14712,6883,2,42.00848139120921,-87.68041646434024,-1.333227376665831,0.18245719782876657,Not Significant,0
-14672_6824,-14672,6824,2,41.7124319061753,-87.59873025939142,-1.0422293103807336,0.2973053769972551,Not Significant,0
-14671_6828,-14671,6828,2,41.73254636233219,-87.57539134369176,-1.1875595529301364,0.23500698100807815,Not Significant,0
-14713_6870,-14713,6870,2,41.9433678904833,-87.73876375358938,-1.857631542114331,0.06322135611178825,Coldspot 90%,0
-14713_6873,-14713,6873,2,41.9583999915659,-87.72709429573955,-1.55737215304162,0.11938215366425897,Not Significant,0
-14671_6814,-14671,6814,2,41.66211822084091,-87.62984881365766,-1.2742752969743334,0.20256586806114196,Not Significant,0
-14671_6813,-14671,6813,2,41.6570846882825,-87.6337386329409,-1.1935815178705471,0.23264170720934807,Not Significant,0
-14713_6882,-14713,6882,2,42.00347502395832,-87.69208592219006,-1.595429459390081,0.11061623265192688,Not Significant,0
-14714_6866,-14714,6866,2,41.92331957492203,-87.76210266928904,-0.8962239054587475,0.37013319056883986,Not Significant,0
-14668_6826,-14668,6826,2,41.72248992131589,-87.55983206655863,-1.1584259881829977,0.24669023878241525,Not Significant,0
-14668_6823,-14668,6823,2,41.70740230832825,-87.57150152440849,-1.2113648845149363,0.22575559137994228,Not Significant,0
-14714_6871,-14714,6871,2,41.94837898472202,-87.74265357287265,-1.809013802879208,0.07044885901220366,Coldspot 90%,0
-14716_6864,-14716,6864,2,41.91329305408127,-87.78544158498869,-1.145560176388524,0.2519771829516173,Not Significant,0
-14714_6875,-14714,6875,2,41.96841942284933,-87.72709429573955,-1.274960247171553,0.2023233128018096,Not Significant,0
-14714_6878,-14714,6878,2,41.98344561547049,-87.71542483788971,-1.2776275431627988,0.2013807841852684,Not Significant,0
-14714_6879,-14714,6879,2,41.9884535585006,-87.71153501860644,-1.7146481841901124,0.08640974888662245,Coldspot 90%,0
-14667_6826,-14667,6826,2,41.72248992131589,-87.55205242799208,-1.4630065343525245,0.14346559095776268,Not Significant,0
-14714_6883,-14714,6883,2,42.00848139120921,-87.69597574147332,-1.857631542114331,0.06322135611178825,Coldspot 90%,0
-14666_6829,-14666,6829,2,41.7375739925239,-87.53260333157573,-0.7114166081178473,0.4768261102703133,Not Significant,0
-14715_6869,-14715,6869,2,41.93835640237656,-87.75821285000578,-1.5662958946429422,0.11727936166587694,Not Significant,0
-14715_6871,-14715,6871,2,41.94837898472202,-87.75043321143923,-1.88676510686147,0.05919192626117131,Coldspot 90%,0
-14715_6872,-14715,6872,2,41.95338968508535,-87.74654339215594,-1.5244400184170883,0.12739882975652694,Not Significant,0
-14715_6874,-14715,6874,2,41.96340990415634,-87.73876375358938,-1.3475563030065156,0.1778011329931446,Not Significant,0
-14666_6821,-14666,6821,2,41.6973419321205,-87.56372188584191,-0.5223025783157401,0.6014596743049636,Not Significant,0
-14715_6881,-14715,6881,2,41.99846826275177,-87.71153501860644,-1.1165941253025629,0.26416790461641204,Not Significant,0
-14691_6854,-14691,6854,2,41.863136821663865,-87.62984881365766,-1.6828301536314978,0.09240797592237815,Coldspot 90%,0
-14738_6877,-14738,6877,2,41.97843727851371,-87.90602598277027,-0.7114166081178473,0.4768261102703133,Not Significant,0
-14704_6866,-14704,6866,2,41.92331957492203,-87.68430628362349,-1.5371623298958033,0.12425356254361919,Not Significant,0
-14693_6849,-14693,6849,2,41.83804393942133,-87.66485718720713,-1.595429459390081,0.11061623265192688,Not Significant,0
-14707_6875,-14707,6875,2,41.96841942284933,-87.67263682577367,-1.7119637183786367,0.08690335488330758,Coldspot 90%,0
-14702_6863,-14702,6863,2,41.908279202921875,-87.68041646434024,-1.0540888533664436,0.29184223897691375,Not Significant,0
-14703_6874,-14703,6874,2,41.96340990415634,-87.64540809079072,-0.11575802191876759,0.9078443204420428,Not Significant,0
-14696_6837,-14696,6837,2,41.77778086542214,-87.7348739343061,-1.5662958946429422,0.11727936166587694,Not Significant,0
-14705_6873,-14705,6873,2,41.9583999915659,-87.66485718720713,-1.0422293103807336,0.2973053769972551,Not Significant,0
-14696_6836,-14696,6836,2,41.7727563838894,-87.73876375358938,-1.5244400184170883,0.12739882975652694,Not Significant,0
-14693_6829,-14693,6829,2,41.7375739925239,-87.74265357287265,-1.463037391858492,0.14345714766777906,Not Significant,0
-14693_6830,-14693,6830,2,41.74260122916078,-87.73876375358938,-1.6622145064274754,0.09646977241918919,Coldspot 90%,0
-14703_6864,-14703,6864,2,41.91329305408127,-87.68430628362349,-0.8968128222179511,0.3698188047656765,Not Significant,0
-14707_6860,-14707,6860,2,41.893235286577195,-87.73098411502284,2.33760178147367,0.019407915451284063,Hotspot 95%,2
-14693_6832,-14693,6832,2,41.75265452173847,-87.73098411502284,-1.5244400184170883,0.12739882975652694,Not Significant,0
-14693_6836,-14693,6836,2,41.7727563838894,-87.71542483788971,-1.5371623298958033,0.12425356254361919,Not Significant,0
-14693_6846,-14693,6846,2,41.822983485491555,-87.67652664505695,-1.3177782864015077,0.18757787871500353,Not Significant,0
-14695_6851,-14695,6851,2,41.84808227350258,-87.67263682577367,-0.3533568703287983,0.7238209153719599,Not Significant,0
-14704_6839,-14704,6839,2,41.78782864762697,-87.78933140427196,-1.4245436955745,0.15428914561128093,Not Significant,0
-14700_6861,-14700,6861,2,41.89825031916235,-87.67263682577367,-1.1875595529301364,0.23500698100807815,Not Significant,0
-14694_6862,-14694,6862,2,41.90326495794641,-87.62206917509108,-0.7888878600264667,0.43017755174962824,Not Significant,0
-14694_6857,-14694,6857,2,41.87818782609015,-87.64151827150748,-1.368640915663429,0.17111154766345238,Not Significant,0
-14693_6854,-14693,6854,2,41.863136821663865,-87.64540809079072,-0.9544910349530253,0.3398351451488444,Not Significant,0
-14700_6868,-14700,6868,2,41.93334452040915,-87.64540809079072,-2.0032993658500255,0.04514516552737202,Coldspot 95%,0
-14703_6837,-14703,6837,2,41.77778086542214,-87.78933140427196,-1.731101750432669,0.08343361823026907,Coldspot 90%,0
-14706_6870,-14706,6870,2,41.9433678904833,-87.68430628362349,-1.809013802879208,0.07044885901220366,Coldspot 90%,0
-14706_6869,-14706,6869,2,41.93835640237656,-87.68819610290679,-1.62456302413722,0.10425570119636718,Not Significant,0
-14694_6837,-14694,6837,2,41.77778086542214,-87.71931465717297,-1.4497616356543865,0.14712500125850103,Not Significant,0
-14703_6841,-14703,6841,2,41.797874855299035,-87.77377212713887,-1.2776275431627988,0.2013807841852684,Not Significant,0
-14706_6867,-14706,6867,2,41.92833224458851,-87.69597574147332,-1.304093811918692,0.19220159851300256,Not Significant,0
-14703_6850,-14703,6850,2,41.84306330332091,-87.73876375358938,0.9235717777490199,0.35570931335179967,Not Significant,0
-14694_6855,-14694,6855,2,41.86815421689773,-87.64929791007401,-0.8962239054587475,0.37013319056883986,Not Significant,0
-14696_6856,-14696,6856,2,41.87317121837568,-87.66096736792385,-1.2428200907446347,0.21393413735482247,Not Significant,0
-14692_6851,-14692,6851,2,41.84808227350258,-87.64929791007401,-1.7702308478729143,0.07668869247195276,Coldspot 90%,0
-14699_6845,-14699,6845,2,41.817962546796814,-87.72709429573955,-0.9521029909536431,0.3410447523125344,Not Significant,0
-14697_6849,-14697,6849,2,41.83804393942133,-87.69597574147332,-1.4000961218931274,0.16148453622935222,Not Significant,0
-14692_6832,-14692,6832,2,41.75265452173847,-87.72320447645627,-1.7146481841901124,0.08640974888662245,Coldspot 90%,0
-14692_6834,-14692,6834,2,41.762706240002274,-87.71542483788971,-1.7146481841901124,0.08640974888662245,Coldspot 90%,0
-14692_6846,-14692,6846,2,41.822983485491555,-87.66874700649038,-1.4899963964144916,0.13622518345145207,Not Significant,0
-14692_6843,-14692,6843,2,41.807919488376285,-87.68041646434024,0.518671458118482,0.603989868542949,Not Significant,0
-14702_6859,-14702,6859,2,41.88821986019843,-87.69597574147332,-0.8024472035288556,0.4222943172192455,Not Significant,0
-14698_6853,-14698,6853,2,41.85811903268165,-87.68819610290679,-0.13875122203313622,0.889646740204872,Not Significant,0
-14701_6867,-14701,6867,2,41.92833224458851,-87.65707754864057,-2.0615664953443034,0.0392490266263581,Coldspot 95%,0
-14692_6829,-14692,6829,2,41.7375739925239,-87.7348739343061,-1.8404690091089067,0.06569941009575664,Coldspot 90%,0
-14707_6877,-14707,6877,2,41.97843727851371,-87.66485718720713,-1.3914945061601087,0.16407552444355433,Not Significant,0
-14691_6860,-14691,6860,2,41.893235286577195,-87.60650989795798,-1.2331966628776776,0.21750240013290512,Not Significant,0
-14700_6866,-14700,6866,1,41.92331957492203,-87.6531877293573,-1.731101750432669,0.08343361823026907,Coldspot 90%,0
-14698_6855,-14698,6855,1,41.86815421689773,-87.68041646434024,-1.1875595529301364,0.23500698100807815,Not Significant,0
-14716_6871,-14716,6871,1,41.94837898472202,-87.75821285000578,-1.683192977960414,0.09233773974912274,Coldspot 90%,0
-14700_6867,-14700,6867,1,41.92833224458851,-87.64929791007401,-1.9741658011028866,0.04836289326558241,Coldspot 95%,0
-14698_6867,-14698,6867,1,41.92833224458851,-87.6337386329409,-1.5015310881424841,0.13321825206274518,Not Significant,0
-14666_6824,-14666,6824,1,41.7124319061753,-87.55205242799208,-1.5933272624222818,0.11108679384226838,Not Significant,0
-14700_6869,-14700,6869,1,41.93835640237656,-87.64151827150748,-1.7775585966495095,0.0754763789308186,Coldspot 90%,0
-14668_6816,-14668,6816,1,41.67218410564493,-87.59873025939142,-1.1152871040764007,0.26472740985513,Not Significant,0
-14699_6837,-14699,6837,1,41.77778086542214,-87.75821285000578,-1.2776275431627988,0.2013807841852684,Not Significant,0
-14717_6863,-14717,6863,1,41.908279202921875,-87.79711104283852,-0.7883115603172103,0.4305144873261961,Not Significant,0
-14668_6821,-14668,6821,1,41.6973419321205,-87.57928116297502,-0.7883115603172103,0.4305144873261961,Not Significant,0
-14664_6812,-14664,6812,1,41.652050762297264,-87.58317098225831,-1.1152871040764007,0.26472740985513,Not Significant,0
-14701_6837,-14701,6837,1,41.77778086542214,-87.77377212713887,-1.5015310881424841,0.13321825206274518,Not Significant,0
-14698_6848,-14698,6848,1,41.833024181811474,-87.70764519932315,-0.697793090354766,0.48530660088116706,Not Significant,0
-14714_6870,-14714,6870,1,41.9433678904833,-87.74654339215594,-1.7993644126200532,0.07196105509798856,Coldspot 90%,0
-14701_6838,-14701,6838,1,41.78280495333726,-87.76988230785561,-1.2776275431627988,0.2013807841852684,Not Significant,0
-14698_6840,-14698,6840,1,41.79285194828349,-87.73876375358938,-1.1935815178705471,0.23264170720934807,Not Significant,0
-14698_6836,-14698,6836,1,41.7727563838894,-87.75432303072246,-1.1152871040764007,0.26472740985513,Not Significant,0
-14665_6816,-14665,6816,1,41.67218410564493,-87.57539134369176,-0.7883115603172103,0.4305144873261961,Not Significant,0
-14700_6844,-14700,6844,1,41.8129412144225,-87.73876375358938,-0.42370759219070464,0.6717790775502703,Not Significant,0
-14699_6842,-14699,6842,1,41.80289736866589,-87.73876375358938,-1.3057305032040318,0.1916442209672753,Not Significant,0
-14699_6868,-14699,6868,1,41.93334452040915,-87.63762845222419,-1.6622145064274754,0.09646977241918919,Coldspot 90%,0
-14666_6823,-14666,6823,1,41.70740230832825,-87.55594224727537,-0.8700112003677498,0.3842942833609917,Not Significant,0
-14715_6867,-14715,6867,1,41.92833224458851,-87.76599248857232,-1.2458266824244142,0.21282803149397056,Not Significant,0
-14666_6825,-14666,6825,1,41.71746111050715,-87.5481626087088,-1.731101750432669,0.08343361823026907,Coldspot 90%,0
-14704_6838,-14704,6838,1,41.78280495333726,-87.79322122355526,-1.5015310881424841,0.13321825206274518,Not Significant,0
-14699_6866,-14699,6866,1,41.92331957492203,-87.64540809079072,-1.5015310881424841,0.13321825206274518,Not Significant,0
-14699_6863,-14699,6863,1,41.908279202921875,-87.65707754864057,-0.9733420663755401,0.33038332180422003,Not Significant,0
-14667_6810,-14667,6810,1,41.64198173007883,-87.61428953652451,-1.0064976953278957,0.31417621971350496,Not Significant,0
-14663_6816,-14663,6816,1,41.67218410564493,-87.55983206655863,-1.1152871040764007,0.26472740985513,Not Significant,0
-14667_6815,-14667,6815,1,41.66715135996442,-87.59484044010813,-1.366489303733041,0.17178543586620032,Not Significant,0
-14715_6876,-14715,6876,1,41.97342854763757,-87.73098411502284,-1.2320752141545392,0.21792098917298564,Not Significant,0
-14700_6848,-14700,6848,1,41.833024181811474,-87.72320447645627,-0.00892065030283064,0.9928824452513061,Not Significant,0
-14666_6814,-14666,6814,1,41.66211822084091,-87.59095062082486,-0.7888878600264667,0.43017755174962824,Not Significant,0
-14703_6865,-14703,6865,1,41.918306511417136,-87.68041646434024,-1.4899963964144916,0.13622518345145207,Not Significant,0
-14715_6883,-14715,6883,1,42.00848139120921,-87.7037553800399,-1.5400247844264763,0.12355431220920421,Not Significant,0
-14667_6819,-14667,6819,1,41.68727998194784,-87.57928116297502,-0.7883115603172103,0.4305144873261961,Not Significant,0
-14715_6884,-14715,6884,1,42.01348736449719,-87.69986556075662,-1.5933272624222818,0.11108679384226838,Not Significant,0
-14667_6825,-14667,6825,1,41.71746111050715,-87.55594224727537,-1.6536965888843589,0.09818917608769517,Coldspot 90%,0
-14665_6825,-14665,6825,1,41.71746111050715,-87.54038297014226,-1.1800037983911207,0.23799870419397307,Not Significant,0
-14700_6841,-14700,6841,1,41.797874855299035,-87.75043321143923,-1.2320752141545392,0.21792098917298564,Not Significant,0
-14714_6882,-14714,6882,1,42.00347502395832,-87.69986556075662,-1.494461740582223,0.13505497468857608,Not Significant,0
-14663_6820,-14663,6820,1,41.69231115377578,-87.54427278942553,-1.3090626067225235,0.19051314440256228,Not Significant,0
-14691_6859,-14691,6859,1,41.88821986019843,-87.61039971724124,-1.3475563030065156,0.1778011329931446,Not Significant,0
-14663_6811,-14663,6811,1,41.64701644289333,-87.57928116297502,-1.1152871040764007,0.26472740985513,Not Significant,0
-14701_6848,-14701,6848,1,41.833024181811474,-87.73098411502284,0.46164742234111433,0.6443341812082517,Not Significant,0
-14660_6815,-14660,6815,1,41.66715135996442,-87.54038297014226,-1.1152871040764007,0.26472740985513,Not Significant,0
-14701_6865,-14701,6865,1,41.918306511417136,-87.66485718720713,-1.5933272624222818,0.11108679384226838,Not Significant,0
-14659_6812,-14659,6812,1,41.652050762297264,-87.54427278942553,-1.0999040220223144,0.2713739421230361,Not Significant,0
-14722_6869,-14722,6869,1,41.93835640237656,-87.81267031997162,-1.5400247844264763,0.12355431220920421,Not Significant,0
-14701_6866,-14701,6866,1,41.92331957492203,-87.66096736792385,-1.809013802879208,0.07044885901220366,Coldspot 90%,0
-14722_6871,-14722,6871,1,41.94837898472202,-87.8048906814051,-1.6966581284300721,0.08976131319905734,Coldspot 90%,0
-14722_6873,-14722,6873,1,41.9583999915659,-87.79711104283852,-1.1887657825925566,0.23453184637490798,Not Significant,0
-14723_6870,-14723,6870,1,41.9433678904833,-87.8165601392549,-1.5400247844264763,0.12355431220920421,Not Significant,0
-14723_6871,-14723,6871,1,41.94837898472202,-87.81267031997162,-1.6966581284300721,0.08976131319905734,Coldspot 90%,0
-14723_6876,-14723,6876,1,41.97342854763757,-87.79322122355526,-1.0608923997021482,0.28873880367736326,Not Significant,0
-14702_6860,-14702,6860,1,41.893235286577195,-87.69208592219006,-1.2113648845149363,0.22575559137994228,Not Significant,0
-14723_6879,-14723,6879,1,41.9884535585006,-87.78155176570542,-1.0608923997021482,0.28873880367736326,Not Significant,0
-14724_6869,-14724,6869,1,41.93835640237656,-87.82822959710474,-0.7883115603172103,0.4305144873261961,Not Significant,0
-14725_6877,-14725,6877,1,41.97843727851371,-87.8048906814051,-1.1152871040764007,0.26472740985513,Not Significant,0
-14701_6868,-14701,6868,1,41.93334452040915,-87.6531877293573,-1.9450322363557477,0.05177109860250173,Coldspot 90%,0
-14726_6872,-14726,6872,1,41.95338968508535,-87.83211941638803,-1.1152871040764007,0.26472740985513,Not Significant,0
-14726_6878,-14726,6878,1,41.98344561547049,-87.80878050068839,-1.1152871040764007,0.26472740985513,Not Significant,0
-14726_6884,-14726,6884,1,42.01348736449719,-87.78544158498869,-0.7883115603172103,0.4305144873261961,Not Significant,0
-14727_6873,-14727,6873,1,41.9583999915659,-87.83600923567128,-1.1152871040764007,0.26472740985513,Not Significant,0
-14728_6880,-14728,6880,1,41.99346110759678,-87.8165601392549,-0.7883115603172103,0.4305144873261961,Not Significant,0
-14728_6882,-14728,6882,1,42.00347502395832,-87.80878050068839,-1.1152871040764007,0.26472740985513,Not Significant,0
-14701_6869,-14701,6869,1,41.93835640237656,-87.64929791007401,-1.7993644126200532,0.07196105509798856,Coldspot 90%,0
-14729_6882,-14729,6882,1,42.00347502395832,-87.8165601392549,-1.1152871040764007,0.26472740985513,Not Significant,0
-14729_6884,-14729,6884,1,42.01348736449719,-87.80878050068839,-1.1152871040764007,0.26472740985513,Not Significant,0
-14702_6837,-14702,6837,1,41.77778086542214,-87.78155176570542,-1.5400247844264763,0.12355431220920421,Not Significant,0
-14730_6878,-14730,6878,1,41.98344561547049,-87.83989905495457,-1.2776275431627988,0.2013807841852684,Not Significant,0
-14730_6884,-14730,6884,1,42.01348736449719,-87.8165601392549,-1.1152871040764007,0.26472740985513,Not Significant,0
-14721_6873,-14721,6873,1,41.9583999915659,-87.78933140427196,-1.4245436955745,0.15428914561128093,Not Significant,0
-14660_6816,-14660,6816,1,41.67218410564493,-87.53649315085902,-1.1152871040764007,0.26472740985513,Not Significant,0
-14721_6871,-14721,6871,1,41.94837898472202,-87.79711104283852,-1.6277708844248786,0.10357347635179304,Not Significant,0
-14661_6820,-14661,6820,1,41.69231115377578,-87.52871351229244,-1.731101750432669,0.08343361823026907,Coldspot 90%,0
-14717_6873,-14717,6873,1,41.9583999915659,-87.75821285000578,-1.5244400184170883,0.12739882975652694,Not Significant,0
-14662_6821,-14662,6821,1,41.6973419321205,-87.53260333157573,-1.595429459390081,0.11061623265192688,Not Significant,0
-14703_6840,-14703,6840,1,41.79285194828349,-87.77766194642213,-1.1887657825925566,0.23453184637490798,Not Significant,0
-14718_6867,-14718,6867,1,41.92833224458851,-87.78933140427196,-1.683192977960414,0.09233773974912274,Coldspot 90%,0
-14662_6820,-14662,6820,1,41.69231115377578,-87.53649315085902,-1.88676510686147,0.05919192626117131,Coldspot 90%,0
-14697_6866,-14697,6866,1,41.92331957492203,-87.62984881365766,-1.5785184807104684,0.11444654589775216,Not Significant,0
-14662_6819,-14662,6819,1,41.68727998194784,-87.54038297014226,-1.5785184807104684,0.11444654589775216,Not Significant,0
-14662_6815,-14662,6815,1,41.66715135996442,-87.55594224727537,-1.1152871040764007,0.26472740985513,Not Significant,0
-14718_6876,-14718,6876,1,41.97342854763757,-87.75432303072246,-1.5933272624222818,0.11108679384226838,Not Significant,0
-14718_6877,-14718,6877,1,41.97843727851371,-87.75043321143923,-1.1152871040764007,0.26472740985513,Not Significant,0
-14718_6881,-14718,6881,1,41.99846826275177,-87.7348739343061,-0.7883115603172103,0.4305144873261961,Not Significant,0
-14703_6836,-14703,6836,1,41.7727563838894,-87.79322122355526,-1.0608923997021482,0.28873880367736326,Not Significant,0
-14661_6819,-14661,6819,1,41.68727998194784,-87.53260333157573,-1.5785184807104684,0.11444654589775216,Not Significant,0
-14721_6869,-14721,6869,1,41.93835640237656,-87.8048906814051,-1.463037391858492,0.14345714766777906,Not Significant,0
-14719_6872,-14719,6872,1,41.95338968508535,-87.77766194642213,-1.4245436955745,0.15428914561128093,Not Significant,0
-14719_6874,-14719,6874,1,41.96340990415634,-87.76988230785561,-1.0064976953278957,0.31417621971350496,Not Significant,0
-14702_6872,-14702,6872,1,41.95338968508535,-87.64540809079072,-1.155087821586555,0.2480544648288534,Not Significant,0
-14701_6861,-14701,6861,1,41.89825031916235,-87.68041646434024,-1.5080287651486644,0.13154716510583464,Not Significant,0
-14701_6864,-14701,6864,1,41.91329305408127,-87.66874700649038,-1.2144474203937174,0.2245769165734388,Not Significant,0
-14702_6868,-14702,6868,1,41.93334452040915,-87.66096736792385,-1.6277708844248786,0.10357347635179304,Not Significant,0
-14661_6812,-14661,6812,1,41.652050762297264,-87.55983206655863,-1.0608923997021482,0.28873880367736326,Not Significant,0
-14720_6870,-14720,6870,1,41.9433678904833,-87.79322122355526,-1.6277708844248786,0.10357347635179304,Not Significant,0
-14720_6871,-14720,6871,1,41.94837898472202,-87.78933140427196,-1.6277708844248786,0.10357347635179304,Not Significant,0
-14720_6872,-14720,6872,1,41.95338968508535,-87.78544158498869,-1.6277708844248786,0.10357347635179304,Not Significant,0
-14702_6867,-14702,6867,1,41.92833224458851,-87.66485718720713,-1.6277708844248786,0.10357347635179304,Not Significant,0
-14720_6877,-14720,6877,1,41.97843727851371,-87.76599248857232,-1.5933272624222818,0.11108679384226838,Not Significant,0
-14703_6838,-14703,6838,1,41.78280495333726,-87.78544158498869,-1.6966581284300721,0.08976131319905734,Coldspot 90%,0
-14697_6857,-14697,6857,1,41.87818782609015,-87.66485718720713,-1.5259169468119214,0.12703054962808213,Not Significant,0
-14669_6812,-14669,6812,1,41.652050762297264,-87.62206917509108,-0.8471382513146181,0.3969180665031984,Not Significant,0
-14710_6875,-14710,6875,1,41.96841942284933,-87.69597574147332,-1.145560176388524,0.2519771829516173,Not Significant,0
-14688_6852,-14688,6852,1,41.85310084995869,-87.61428953652451,-0.7444569797413456,0.4566000583575951,Not Significant,0
-14688_6851,-14688,6851,1,41.84808227350258,-87.6181793558078,-0.582260759920966,0.5603910523879161,Not Significant,0
-14707_6870,-14707,6870,1,41.9433678904833,-87.69208592219006,-1.746103390419811,0.080792987786791,Coldspot 90%,0
-14688_6844,-14688,6844,1,41.8129412144225,-87.64540809079072,-1.620282565501017,0.10517159229689388,Not Significant,0
-14688_6843,-14688,6843,1,41.807919488376285,-87.64929791007401,0.12345086069111383,0.9017500840414285,Not Significant,0
-14692_6854,-14692,6854,1,41.863136821663865,-87.63762845222419,-1.7702308478729143,0.07668869247195276,Coldspot 90%,0
-14688_6832,-14688,6832,1,41.75265452173847,-87.69208592219006,-1.0422293103807336,0.2973053769972551,Not Significant,0
-14692_6855,-14692,6855,1,41.86815421689773,-87.6337386329409,-1.620282565501017,0.10517159229689388,Not Significant,0
-14687_6850,-14687,6850,1,41.84306330332091,-87.61428953652451,-1.5259169468119214,0.12703054962808213,Not Significant,0
-14693_6831,-14693,6831,1,41.74762807223493,-87.7348739343061,-1.7146481841901124,0.08640974888662245,Coldspot 90%,0
-14686_6850,-14686,6850,1,41.84306330332091,-87.60650989795798,-1.0999040220223144,0.2713739421230361,Not Significant,0
-14710_6874,-14710,6874,1,41.96340990415634,-87.69986556075662,-1.2458266824244142,0.21282803149397056,Not Significant,0
-14710_6879,-14710,6879,1,41.9884535585006,-87.68041646434024,-1.2705689104385314,0.2038820530856098,Not Significant,0
-14707_6873,-14707,6873,1,41.9583999915659,-87.68041646434024,-1.5400247844264763,0.12355431220920421,Not Significant,0
-14685_6821,-14685,6821,1,41.6973419321205,-87.71153501860644,-0.7883115603172103,0.4305144873261961,Not Significant,0
-14684_6827,-14684,6827,1,41.72751833859355,-87.68041646434024,-1.1152871040764007,0.26472740985513,Not Significant,0
-14711_6856,-14711,6856,1,41.87317121837568,-87.77766194642213,-0.8333187403115878,0.40466498986957156,Not Significant,0
-14706_6878,-14706,6878,1,41.98344561547049,-87.6531877293573,-0.8011239563625563,0.4230598886570196,Not Significant,0
-14683_6826,-14683,6826,1,41.72248992131589,-87.67652664505695,-1.366489303733041,0.17178543586620032,Not Significant,0
-14683_6824,-14683,6824,1,41.7124319061753,-87.68430628362349,-0.7883115603172103,0.4305144873261961,Not Significant,0
-14683_6820,-14683,6820,1,41.69231115377578,-87.69986556075662,-1.1152871040764007,0.26472740985513,Not Significant,0
-14693_6851,-14693,6851,1,41.84808227350258,-87.65707754864057,-1.4315513281228258,0.1522722674626642,Not Significant,0
-14693_6852,-14693,6852,1,41.85310084995869,-87.6531877293573,-0.8962239054587475,0.37013319056883986,Not Significant,0
-14682_6826,-14682,6826,1,41.72248992131589,-87.66874700649038,-0.7666803343599595,0.44327159880790523,Not Significant,0
-14682_6819,-14682,6819,1,41.68727998194784,-87.69597574147332,-1.366489303733041,0.17178543586620032,Not Significant,0
-14706_6871,-14706,6871,1,41.94837898472202,-87.68041646434024,-1.463037391858492,0.14345714766777906,Not Significant,0
-14707_6871,-14707,6871,1,41.94837898472202,-87.68819610290679,-1.6966581284300721,0.08976131319905734,Coldspot 90%,0
-14707_6874,-14707,6874,1,41.96340990415634,-87.67652664505695,-1.809013802879208,0.07044885901220366,Coldspot 90%,0
-14697_6865,-14697,6865,1,41.918306511417136,-87.6337386329409,-1.366489303733041,0.17178543586620032,Not Significant,0
-14690_6855,-14690,6855,1,41.86815421689773,-87.6181793558078,-1.4899963964144916,0.13622518345145207,Not Significant,0
-14692_6828,-14692,6828,1,41.73254636233219,-87.73876375358938,-1.5015310881424841,0.13321825206274518,Not Significant,0
-14708_6874,-14708,6874,1,41.96340990415634,-87.68430628362349,-1.857631542114331,0.06322135611178825,Coldspot 90%,0
-14708_6876,-14708,6876,1,41.97342854763757,-87.67652664505695,-2.0032993658500255,0.04514516552737202,Coldspot 95%,0
-14692_6830,-14692,6830,1,41.74260122916078,-87.73098411502284,-1.683192977960414,0.09233773974912274,Coldspot 90%,0
-14708_6878,-14708,6878,1,41.98344561547049,-87.66874700649038,-1.5888273592713185,0.11209937463237618,Not Significant,0
-14692_6833,-14692,6833,1,41.757680577663535,-87.71931465717297,-1.6966581284300721,0.08976131319905734,Coldspot 90%,0
-14691_6848,-14691,6848,1,41.833024181811474,-87.6531877293573,-1.2742752969743334,0.20256586806114196,Not Significant,0
-14692_6835,-14692,6835,1,41.767731508746834,-87.71153501860644,-1.62456302413722,0.10425570119636718,Not Significant,0
-14691_6833,-14691,6833,1,41.757680577663535,-87.71153501860644,-1.7993644126200532,0.07196105509798856,Coldspot 90%,0
-14691_6832,-14691,6832,1,41.75265452173847,-87.71542483788971,-1.6536965888843589,0.09818917608769517,Coldspot 90%,0
-14691_6828,-14691,6828,1,41.73254636233219,-87.73098411502284,-1.3220584234479198,0.18614869705988957,Not Significant,0
-14690_6856,-14690,6856,1,41.87317121837568,-87.61428953652451,-1.2776275431627988,0.2013807841852684,Not Significant,0
-14690_6850,-14690,6850,1,41.84306330332091,-87.63762845222419,-1.1292924234358588,0.25877449600009883,Not Significant,0
-14689_6846,-14689,6846,1,41.822983485491555,-87.64540809079072,-1.2144474203937174,0.2245769165734388,Not Significant,0
-14708_6855,-14708,6855,1,41.86815421689773,-87.75821285000578,-0.5508055536912675,0.5817669766398448,Not Significant,0
-14690_6845,-14690,6845,1,41.817962546796814,-87.65707754864057,-1.4245436955745,0.15428914561128093,Not Significant,0
-14708_6854,-14708,6854,1,41.863136821663865,-87.76210266928904,-1.2776275431627988,0.2013807841852684,Not Significant,0
-14690_6835,-14690,6835,1,41.767731508746834,-87.69597574147332,-0.13875122203313622,0.889646740204872,Not Significant,0
-14690_6833,-14690,6833,1,41.757680577663535,-87.7037553800399,-1.3522219084041045,0.17630433718636596,Not Significant,0
-14692_6848,-14692,6848,1,41.833024181811474,-87.66096736792385,-1.4000961218931274,0.16148453622935222,Not Significant,0
-14709_6873,-14709,6873,1,41.9583999915659,-87.69597574147332,-1.7119637183786367,0.08690335488330758,Coldspot 90%,0
-14689_6848,-14689,6848,1,41.833024181811474,-87.63762845222419,-1.4788952004015254,0.13916832632424825,Not Significant,0
-14709_6876,-14709,6876,1,41.97342854763757,-87.68430628362349,-1.746103390419811,0.080792987786791,Coldspot 90%,0
-14709_6877,-14709,6877,1,41.97843727851371,-87.68041646434024,-1.6966581284300721,0.08976131319905734,Coldspot 90%,0
-14707_6876,-14707,6876,1,41.97342854763757,-87.66874700649038,-1.4788952004015254,0.13916832632424825,Not Significant,0
-14709_6880,-14709,6880,1,41.99346110759678,-87.66874700649038,-1.2428200907446347,0.21393413735482247,Not Significant,0
-14681_6844,-14681,6844,1,41.8129412144225,-87.59095062082486,-1.3522219084041045,0.17630433718636596,Not Significant,0
-14681_6842,-14681,6842,1,41.80289736866589,-87.59873025939142,-0.6048882579873586,0.5452532455794761,Not Significant,0
-14681_6840,-14681,6840,1,41.79285194828349,-87.60650989795798,-0.6931634661786495,0.48820697246699396,Not Significant,0
-14708_6870,-14708,6870,1,41.9433678904833,-87.69986556075662,-1.3522219084041045,0.17630433718636596,Not Significant,0
-14696_6839,-14696,6839,1,41.78782864762697,-87.72709429573955,-1.1799096782852379,0.2380361401406592,Not Significant,0
-14696_6842,-14696,6842,1,41.80289736866589,-87.71542483788971,-1.5371623298958033,0.12425356254361919,Not Significant,0
-14696_6849,-14696,6849,1,41.83804393942133,-87.68819610290679,-1.5259169468119214,0.12703054962808213,Not Significant,0
-14696_6860,-14696,6860,1,41.893235286577195,-87.64540809079072,-0.750556081723053,0.452919860556829,Not Significant,0
-14696_6865,-14696,6865,1,41.918306511417136,-87.62595899437436,-1.366489303733041,0.17178543586620032,Not Significant,0
-14671_6829,-14671,6829,1,41.7375739925239,-87.57150152440849,-0.4300868695045252,0.6671324511306922,Not Significant,0
-14671_6827,-14671,6827,1,41.72751833859355,-87.57928116297502,-0.5466211284930808,0.5846390503573602,Not Significant,0
-14697_6850,-14697,6850,1,41.84306330332091,-87.69208592219006,-0.5757546932402197,0.5647810012501586,Not Significant,0
-14697_6854,-14697,6854,1,41.863136821663865,-87.67652664505695,-1.3914945061601087,0.16407552444355433,Not Significant,0
-14713_6871,-14713,6871,1,41.94837898472202,-87.7348739343061,-1.620282565501017,0.10517159229689388,Not Significant,0
-14697_6855,-14697,6855,1,41.86815421689773,-87.67263682577367,-1.7993644126200532,0.07196105509798856,Coldspot 90%,0
-14697_6856,-14697,6856,1,41.87317121837568,-87.66874700649038,-1.828497977367192,0.06747484895510225,Coldspot 90%,0
-14705_6841,-14705,6841,1,41.797874855299035,-87.78933140427196,-0.9521029909536431,0.3410447523125344,Not Significant,0
-14681_6824,-14681,6824,1,41.7124319061753,-87.66874700649038,-1.5400247844264763,0.12355431220920421,Not Significant,0
-14670_6828,-14670,6828,1,41.73254636233219,-87.5676117051252,-0.8962239054587475,0.37013319056883986,Not Significant,0
-14713_6878,-14713,6878,1,41.98344561547049,-87.70764519932315,-1.871924215338605,0.06121708890838806,Coldspot 90%,0
-14713_6879,-14713,6879,1,41.9884535585006,-87.7037553800399,-1.7702308478729143,0.07668869247195276,Coldspot 90%,0
-14670_6825,-14670,6825,1,41.71746111050715,-87.57928116297502,-0.8011239563625563,0.4230598886570196,Not Significant,0
-14670_6820,-14670,6820,1,41.69231115377578,-87.59873025939142,-1.1887657825925566,0.23453184637490798,Not Significant,0
-14704_6876,-14704,6876,1,41.97342854763757,-87.64540809079072,-1.2320752141545392,0.21792098917298564,Not Significant,0
-14704_6873,-14704,6873,1,41.9583999915659,-87.65707754864057,-0.3620743163130764,0.7172964959838879,Not Significant,0
-14713_6884,-14713,6884,1,42.01348736449719,-87.68430628362349,-1.1001588586887199,0.27126291251785695,Not Significant,0
-14704_6869,-14704,6869,1,41.93835640237656,-87.67263682577367,-1.2705689104385314,0.2038820530856098,Not Significant,0
-14713_6886,-14713,6886,1,42.02349812915566,-87.67652664505695,0.23068524463716156,0.8175593374571473,Not Significant,0
-14669_6824,-14669,6824,1,41.7124319061753,-87.57539134369176,-1.3371857094337303,0.18116202541997106,Not Significant,0
-14669_6823,-14669,6823,1,41.70740230832825,-87.57928116297502,-1.3220584234479198,0.18614869705988957,Not Significant,0
-14712_6882,-14712,6882,1,42.00347502395832,-87.68430628362349,-1.595429459390081,0.11061623265192688,Not Significant,0
-14675_6817,-14675,6817,1,41.67721645787437,-87.64929791007401,-0.2552854810216918,0.7985026129914987,Not Significant,0
-14696_6835,-14696,6835,1,41.767731508746834,-87.74265357287265,-1.0608923997021482,0.28873880367736326,Not Significant,0
-14676_6817,-14676,6817,1,41.67721645787437,-87.65707754864057,-1.2458266824244142,0.21282803149397056,Not Significant,0
-14681_6820,-14681,6820,1,41.69231115377578,-87.68430628362349,-1.2776275431627988,0.2013807841852684,Not Significant,0
-14681_6819,-14681,6819,1,41.68727998194784,-87.68819610290679,-1.5785184807104684,0.11444654589775216,Not Significant,0
-14680_6843,-14680,6843,1,41.807919488376285,-87.5870608015416,-1.0766729323833304,0.28162640892555224,Not Significant,0
-14680_6824,-14680,6824,1,41.7124319061753,-87.66096736792385,-1.7410972831257754,0.08166652751951653,Coldspot 90%,0
-14694_6849,-14694,6849,1,41.83804393942133,-87.67263682577367,-1.3522219084041045,0.17630433718636596,Not Significant,0
-14680_6823,-14680,6823,1,41.70740230832825,-87.66485718720713,-1.809013802879208,0.07044885901220366,Coldspot 90%,0
-14694_6850,-14694,6850,1,41.84306330332091,-87.66874700649038,-1.6277708844248786,0.10357347635179304,Not Significant,0
-14712_6858,-14712,6858,1,41.88320404003357,-87.77766194642213,0.1536978520691773,0.8778479784590527,Not Significant,0
-14680_6818,-14680,6818,1,41.68224841664468,-87.68430628362349,-1.5785184807104684,0.11444654589775216,Not Significant,0
-14679_6839,-14679,6839,1,41.78782864762697,-87.59484044010813,-0.7000260994562245,0.4839110052793085,Not Significant,0
-14694_6856,-14694,6856,1,41.87317121837568,-87.64540809079072,-1.7146481841901124,0.08640974888662245,Coldspot 90%,0
-14679_6822,-14679,6822,1,41.702372316973985,-87.66096736792385,-1.683192977960414,0.09233773974912274,Coldspot 90%,0
-14679_6821,-14679,6821,1,41.6973419321205,-87.66485718720713,-1.4315513281228258,0.1522722674626642,Not Significant,0
-14679_6818,-14679,6818,1,41.68224841664468,-87.67652664505695,-1.5888273592713185,0.11209937463237618,Not Significant,0
-14679_6817,-14679,6817,1,41.67721645787437,-87.68041646434024,-1.463037391858492,0.14345714766777906,Not Significant,0
-14678_6841,-14678,6841,1,41.797874855299035,-87.57928116297502,-1.0781004290185707,0.2809889402014758,Not Significant,0
-14712_6869,-14712,6869,1,41.93835640237656,-87.7348739343061,-1.4788952004015254,0.13916832632424825,Not Significant,0
-14695_6842,-14695,6842,1,41.80289736866589,-87.70764519932315,-1.1584259881829977,0.24669023878241525,Not Significant,0
-14706_6840,-14706,6840,1,41.79285194828349,-87.80100086212181,-0.7883115603172103,0.4305144873261961,Not Significant,0
-14705_6877,-14705,6877,1,41.97843727851371,-87.64929791007401,-1.2488910423963142,0.21170492833880195,Not Significant,0
-14695_6857,-14695,6857,1,41.87818782609015,-87.64929791007401,-1.55737215304162,0.11938215366425897,Not Significant,0
-14676_6827,-14676,6827,1,41.72751833859355,-87.6181793558078,-0.6922889522287753,0.48875588662930536,Not Significant,0
-14676_6820,-14676,6820,1,41.69231115377578,-87.64540809079072,-0.19701835152741404,0.8438131767974157,Not Significant,0
-14712_6877,-14712,6877,1,41.97843727851371,-87.7037553800399,-1.421109152409298,0.1552850296622883,Not Significant,0
-14712_6878,-14712,6878,1,41.98344561547049,-87.69986556075662,-1.828497977367192,0.06747484895510225,Coldspot 90%,0
-14686_6829,-14686,6829,1,41.7375739925239,-87.68819610290679,-1.3090626067225235,0.19051314440256228,Not Significant,0
