variable,z_percentile,n,rho_spearman,p_value
infra_alcohol,1,16,0.06809183883785541,0.8021515814152705
infra_alcohol,2,15,-0.02699746235780194,0.9239129227237258
infra_alcohol,3,15,-0.1628464866293822,0.5619961968608884
infra_alcohol,4,15,0.23712933051019677,0.39479257029687376
infra_alcohol,5,16,-0.3316462857645768,0.2095281945978373
infra_alcohol,6,15,0.22232886402706728,0.42578900434255285
infra_alcohol,7,15,,
infra_alcohol,8,15,,
infra_alcohol,9,16,-0.3350102745558276,0.2046618221187621
infra_alcohol,10,15,,
infra_alcohol,11,15,0.3855176431903074,0.1558597236584144
infra_alcohol,12,15,0.3166714167735443,0.2501575599321243
infra_alcohol,13,16,0.24032315149831088,0.3699555747033447
infra_alcohol,14,15,0.3862937788754612,0.15495745905795302
infra_alcohol,15,15,-0.27309163537343933,0.3247166547137692
infra_alcohol,16,15,0.47027423005255126,0.07689117437802162
infra_alcohol,17,16,,
infra_alcohol,18,15,0.03664878212648681,0.8968287105838233
infra_alcohol,19,15,-0.16949599717445057,0.5459095094109442
infra_alcohol,20,15,0.0980279097742625,0.7281691524143648
infra_alcohol,21,16,,
infra_alcohol,22,15,,
infra_alcohol,23,15,,
infra_alcohol,24,15,0.40686928108981535,0.13229779869426272
infra_alcohol,25,15,0.5296534936550901,0.042295774535348926
infra_alcohol,26,16,-0.21243842305859373,0.4295842927740736
infra_alcohol,27,15,,
infra_alcohol,28,15,,
infra_alcohol,29,15,,
infra_alcohol,30,16,0.49861719579048835,0.0493060343737313
infra_alcohol,31,15,-0.1519851474849,0.5886953715456957
infra_alcohol,32,15,,
infra_alcohol,33,15,-0.033618431180069096,0.9053226460051695
infra_alcohol,34,16,,
infra_alcohol,35,15,-0.34424341057561625,0.20896305365210416
infra_alcohol,36,15,,
infra_alcohol,37,15,,
infra_alcohol,38,16,-0.24955178676197506,0.35128453571865537
infra_alcohol,39,15,0.4129169451006473,0.12609188537469052
infra_alcohol,40,15,,
infra_alcohol,41,15,0.5084751798731267,0.052934511084947004
infra_alcohol,42,16,,
infra_alcohol,43,15,,
infra_alcohol,44,15,,
infra_alcohol,45,15,,
infra_alcohol,46,16,,
infra_alcohol,47,15,,
infra_alcohol,48,15,,
infra_alcohol,49,15,,
infra_alcohol,50,15,,
infra_alcohol,51,16,,
infra_alcohol,52,15,0.0386795826464605,0.8911422285034745
infra_alcohol,53,15,,
infra_alcohol,54,15,,
infra_alcohol,55,16,,
infra_alcohol,56,15,-0.06196971660197944,0.8263418862485808
infra_alcohol,57,15,,
infra_alcohol,58,15,,
infra_alcohol,59,16,,
infra_alcohol,60,15,,
infra_alcohol,61,15,0.40795336176841496,0.1311703700305567
infra_alcohol,62,15,,
infra_alcohol,63,16,0.2891056719475404,0.27747006375666045
infra_alcohol,64,15,0.05796736197002103,0.8374151354127659
infra_alcohol,65,15,,
infra_alcohol,66,15,,
infra_alcohol,67,16,-0.14033791953453328,0.6041836026268157
infra_alcohol,68,15,,
infra_alcohol,69,15,,
infra_alcohol,70,15,0.06196971660197944,0.8263418862485808
infra_alcohol,71,16,0.4216370213557839,0.10381410752694958
infra_alcohol,72,15,0.3738335897094201,0.1698670466415293
infra_alcohol,73,15,0.5002067397235337,0.057579029430994834
infra_alcohol,74,15,-0.032378458136544615,0.9088010311006756
infra_alcohol,75,15,,
infra_alcohol,76,16,,
infra_alcohol,77,15,0.43378801621385615,0.10621077351772723
infra_alcohol,78,15,,
infra_alcohol,79,15,,
infra_alcohol,80,16,,
infra_alcohol,81,15,,
infra_alcohol,82,15,,
infra_alcohol,83,15,0.09086529587978744,0.7474101551253866
infra_alcohol,84,16,,
infra_alcohol,85,15,0.21787233516529753,0.43535986119601067
infra_alcohol,86,15,,
infra_alcohol,87,15,-0.21708861918969313,0.4370541648927192
infra_alcohol,88,16,,
infra_alcohol,89,15,0.4848021170121336,0.06701420266300843
infra_alcohol,90,15,-0.1556230965466411,0.5796954430795332
infra_alcohol,91,15,0.06191426270577065,0.8264951070952101
infra_alcohol,92,16,,
infra_alcohol,93,15,,
infra_alcohol,94,15,0.3711537444790451,0.17319276220219598
infra_alcohol,95,15,,
infra_alcohol,96,16,-0.3643408180719035,0.1653234986229368
infra_alcohol,97,15,,
infra_alcohol,98,15,,
infra_alcohol,99,15,0.06196971660197944,0.8263418862485808
infra_alcohol,100,15,,
infra_arts_centre,1,16,0.25316981551838724,0.3441122586177745
infra_arts_centre,2,15,0.08625819491779428,0.7598605647043484
infra_arts_centre,3,15,,
infra_arts_centre,4,15,,
infra_arts_centre,5,16,0.19647690603013523,0.4658107619348306
infra_arts_centre,6,15,0.09466658937512895,0.7371806986720859
infra_arts_centre,7,15,,
infra_arts_centre,8,15,,
infra_arts_centre,9,16,,
infra_arts_centre,10,15,,
infra_arts_centre,11,15,,
infra_arts_centre,12,15,,
infra_arts_centre,13,16,,
infra_arts_centre,14,15,0.047847437646934554,0.8655360768383715
infra_arts_centre,15,15,,
infra_arts_centre,16,15,,
infra_arts_centre,17,16,,
infra_arts_centre,18,15,0.04592829149336352,0.8708868721208682
infra_arts_centre,19,15,,
infra_arts_centre,20,15,,
infra_arts_centre,21,16,,
infra_arts_centre,22,15,,
infra_arts_centre,23,15,,
infra_arts_centre,24,15,,
infra_arts_centre,25,15,,
infra_arts_centre,26,16,0.04123930494211613,0.8794712153070998
infra_arts_centre,27,15,,
infra_arts_centre,28,15,-0.1266939792017407,0.652756987923872
infra_arts_centre,29,15,0.3534073846442049,0.19629385387195633
infra_arts_centre,30,16,0.14476907070343215,0.5926949272556006
infra_arts_centre,31,15,,
infra_arts_centre,32,15,,
infra_arts_centre,33,15,-0.033618431180069096,0.9053226460051695
infra_arts_centre,34,16,,
infra_arts_centre,35,15,,
infra_arts_centre,36,15,,
infra_arts_centre,37,15,,
infra_arts_centre,38,16,0.3654187518416794,0.16398212539395762
infra_arts_centre,39,15,,
infra_arts_centre,40,15,,
infra_arts_centre,41,15,,
infra_arts_centre,42,16,-0.3124577631567728,0.2387011487832525
infra_arts_centre,43,15,,
infra_arts_centre,44,15,,
infra_arts_centre,45,15,,
infra_arts_centre,46,16,-0.09759000729485333,0.719180010583985
infra_arts_centre,47,15,,
infra_arts_centre,48,15,,
infra_arts_centre,49,15,,
infra_arts_centre,50,15,,
infra_arts_centre,51,16,,
infra_arts_centre,52,15,0.37215191861090247,0.1719490617876279
infra_arts_centre,53,15,,
infra_arts_centre,54,15,,
infra_arts_centre,55,16,,
infra_arts_centre,56,15,,
infra_arts_centre,57,15,,
infra_arts_centre,58,15,,
infra_arts_centre,59,16,,
infra_arts_centre,60,15,,
infra_arts_centre,61,15,,
infra_arts_centre,62,15,,
infra_arts_centre,63,16,,
infra_arts_centre,64,15,0.43378801621385615,0.10621077351772723
infra_arts_centre,65,15,,
infra_arts_centre,66,15,,
infra_arts_centre,67,16,,
infra_arts_centre,68,15,,
infra_arts_centre,69,15,,
infra_arts_centre,70,15,,
infra_arts_centre,71,16,,
infra_arts_centre,72,15,0.0,1.0
infra_arts_centre,73,15,0.43378801621385615,0.10621077351772723
infra_arts_centre,74,15,,
infra_arts_centre,75,15,,
infra_arts_centre,76,16,,
infra_arts_centre,77,15,,
infra_arts_centre,78,15,,
infra_arts_centre,79,15,,
infra_arts_centre,80,16,,
infra_arts_centre,81,15,,
infra_arts_centre,82,15,,
infra_arts_centre,83,15,,
infra_arts_centre,84,16,0.25298221281347033,0.3444821016212244
infra_arts_centre,85,15,0.3112461930932822,0.25880945689857004
infra_arts_centre,86,15,,
infra_arts_centre,87,15,,
infra_arts_centre,88,16,,
infra_arts_centre,89,15,-0.2487721264789158,0.3712804267197237
infra_arts_centre,90,15,,
infra_arts_centre,91,15,0.18173059175957487,0.5168484916901137
infra_arts_centre,92,16,,
infra_arts_centre,93,15,,
infra_arts_centre,94,15,,
infra_arts_centre,95,15,0.3287764524949143,0.23150115952021222
infra_arts_centre,96,16,-0.16410472196976872,0.5436438361504539
infra_arts_centre,97,15,,
infra_arts_centre,98,15,,
infra_arts_centre,99,15,,
infra_arts_centre,100,15,,
infra_atm,1,16,-0.08624966252795019,0.7507842642150466
infra_atm,2,15,-0.21564548729448568,0.4401827590238174
infra_atm,3,15,0.06340638669746455,0.8223743629717082
infra_atm,4,15,0.2213829286646536,0.42781141604885486
infra_atm,5,16,0.7015265066324012,0.0024573061038399
infra_atm,6,15,0.3471108277088062,0.20494430586077417
infra_atm,7,15,,
infra_atm,8,15,-0.24397501823713327,0.38087375950321967
infra_atm,9,16,,
infra_atm,10,15,,
infra_atm,11,15,,
infra_atm,12,15,0.09696042340242672,0.731027516457802
infra_atm,13,16,0.24032315149831088,0.3699555747033447
infra_atm,14,15,0.4879500364742666,0.06500115961590056
infra_atm,15,15,0.14134061323544517,0.6153477779540307
infra_atm,16,15,-0.3138225716158699,0.25467834532655775
infra_atm,17,16,,
infra_atm,18,15,-0.47341780361726843,0.07467082217621814
infra_atm,19,15,0.48427427764128733,0.06735610594057748
infra_atm,20,15,0.37726647708021804,0.16566862384930658
infra_atm,21,16,-0.36232865092627065,0.16784699040661039
infra_atm,22,15,,
infra_atm,23,15,0.0,1.0
infra_atm,24,15,,
infra_atm,25,15,0.45329841391162456,0.08970315034148017
infra_atm,26,16,,
infra_atm,27,15,,
infra_atm,28,15,,
infra_atm,29,15,-0.09719635514636113,0.7303954876691716
infra_atm,30,16,0.0653999997384,0.8098370135066504
infra_atm,31,15,-0.34268079056696843,0.21117406161514712
infra_atm,32,15,0.4446797870314664,0.0967544462034943
infra_atm,33,15,,
infra_atm,34,16,0.02944840695329241,0.9137886867921475
infra_atm,35,15,0.20667731172013584,0.45987560328771104
infra_atm,36,15,,
infra_atm,37,15,0.41369677005426947,0.12530642101709968
infra_atm,38,16,,
infra_atm,39,15,0.4129169451006473,0.12609188537469052
infra_atm,40,15,,
infra_atm,41,15,0.3464674335917916,0.20584170724866038
infra_atm,42,16,0.1988367583724918,0.46036203819059185
infra_atm,43,15,,
infra_atm,44,15,,
infra_atm,45,15,,
infra_atm,46,16,,
infra_atm,47,15,,
infra_atm,48,15,,
infra_atm,49,15,,
infra_atm,50,15,0.1094890510948905,0.6976960097552121
infra_atm,51,16,,
infra_atm,52,15,0.0,1.0
infra_atm,53,15,,
infra_atm,54,15,-0.18674771585596928,0.5051391657299913
infra_atm,55,16,,
infra_atm,56,15,,
infra_atm,57,15,,
infra_atm,58,15,,
infra_atm,59,16,,
infra_atm,60,15,,
infra_atm,61,15,,
infra_atm,62,15,,
infra_atm,63,16,,
infra_atm,64,15,,
infra_atm,65,15,,
infra_atm,66,15,,
infra_atm,67,16,,
infra_atm,68,15,,
infra_atm,69,15,,
infra_atm,70,15,,
infra_atm,71,16,0.4216370213557839,0.10381410752694958
infra_atm,72,15,0.3738335897094201,0.1698670466415293
infra_atm,73,15,,
infra_atm,74,15,,
infra_atm,75,15,,
infra_atm,76,16,,
infra_atm,77,15,,
infra_atm,78,15,,
infra_atm,79,15,,
infra_atm,80,16,,
infra_atm,81,15,,
infra_atm,82,15,0.09337385792798464,0.7406549985356832
infra_atm,83,15,,
infra_atm,84,16,,
infra_atm,85,15,-0.456784530589954,0.08695697872116677
infra_atm,86,15,,
infra_atm,87,15,,
infra_atm,88,16,,
infra_atm,89,15,,
infra_atm,90,15,,
infra_atm,91,15,,
infra_atm,92,16,0.20665833161537833,0.44253153319831806
infra_atm,93,15,,
infra_atm,94,15,,
infra_atm,95,15,-0.43417723837938627,0.10586217881325936
infra_atm,96,16,,
infra_atm,97,15,,
infra_atm,98,15,-0.3098485830098972,0.26106742829216406
infra_atm,99,15,-0.02273666998743335,0.9358962484814424
infra_atm,100,15,,
infra_bar,1,16,0.011279228514160317,0.9669307553372649
infra_bar,2,15,0.1272373887649792,0.6513545735229218
infra_bar,3,15,-0.3848321354494958,0.15665953887387926
infra_bar,4,15,0.13170100064094759,0.6398763930518946
infra_bar,5,16,0.46413385684641933,0.0701341668585995
infra_bar,6,15,0.7316621510031418,0.0019329133660617975
infra_bar,7,15,0.8163279379181466,0.00020522685126301941
infra_bar,8,15,0.0,1.0
infra_bar,9,16,-0.49040482706631044,0.053783498241771255
infra_bar,10,15,,
infra_bar,11,15,0.143002407891995,0.611156274393118
infra_bar,12,15,-0.4385099130300146,0.10203543210344698
infra_bar,13,16,0.41271618501117974,0.11212121476639762
infra_bar,14,15,0.15120456392795548,0.590633818638078
infra_bar,15,15,0.05653289112222565,0.841390872753961
infra_bar,16,15,0.12527666695114575,0.6564198139988939
infra_bar,17,16,-0.3635719048955208,0.1662847945246613
infra_bar,18,15,0.171078543437579,0.5421108056428682
infra_bar,19,15,0.32997729834278416,0.22969917134363504
infra_bar,20,15,0.0698561774902493,0.8046129581880308
infra_bar,21,16,0.04419956960878639,0.8708845545325604
infra_bar,22,15,-0.14148031865648056,0.6149949749465151
infra_bar,23,15,-0.2899908350023877,0.29443638720155796
infra_bar,24,15,-0.4440232565536574,0.09730706391591053
infra_bar,25,15,0.57134529101256,0.02608992516352745
infra_bar,26,16,-0.12351235298254876,0.6485876853390569
infra_bar,27,15,-0.03132350068953675,0.9117616218216287
infra_bar,28,15,-0.1266939792017407,0.652756987923872
infra_bar,29,15,-0.031130782319979233,0.9123025764533796
infra_bar,30,16,0.4664589115208233,0.06855683607060477
infra_bar,31,15,0.27960598591557917,0.31284039996588914
infra_bar,32,15,0.4332948868044713,0.106653576172195
infra_bar,33,15,0.35578403348241006,0.19309081663391123
infra_bar,34,16,-0.13218374766393975,0.625552750764442
infra_bar,35,15,-0.13743293297432554,0.6252474343068857
infra_bar,36,15,0.43693144875265155,0.1034182023252524
infra_bar,37,15,,
infra_bar,38,16,-0.021728942535053544,0.9363374599870575
infra_bar,39,15,0.23512792629932264,0.3989122547736864
infra_bar,40,15,0.4771567577102639,0.07209026120962297
infra_bar,41,15,0.495354299299214,0.06043938537380339
infra_bar,42,16,0.12655985888897384,0.6404568013764249
infra_bar,43,15,0.29300451933655963,0.28921774491736385
infra_bar,44,15,,
infra_bar,45,15,,
infra_bar,46,16,-0.21653278478430674,0.42053283086239246
infra_bar,47,15,-0.07142857142857142,0.8002959873970544
infra_bar,48,15,,
infra_bar,49,15,,
infra_bar,50,15,-0.2468011436844311,0.37520595542158386
infra_bar,51,16,0.42226306033658007,0.1032479267118358
infra_bar,52,15,-0.06269051479234403,0.8243508291113009
infra_bar,53,15,0.43852900965351455,0.10201878256654028
infra_bar,54,15,0.12289657163142181,0.6625871360912037
infra_bar,55,16,-0.22604823465627322,0.3998865718160418
infra_bar,56,15,,
infra_bar,57,15,,
infra_bar,58,15,0.07806229202169745,0.7821435660413616
infra_bar,59,16,0.22571059707475147,0.4006097483984381
infra_bar,60,15,,
infra_bar,61,15,0.18164241469848455,0.5170553841486247
infra_bar,62,15,,
infra_bar,63,16,0.04130081027822005,0.8792926791433369
infra_bar,64,15,-0.13607156464306122,0.6287104181013926
infra_bar,65,15,0.09303797965272562,0.7415584577975032
infra_bar,66,15,,
infra_bar,67,16,0.14033791953453328,0.6041836026268157
infra_bar,68,15,,
infra_bar,69,15,0.2705143558600982,0.329485434220426
infra_bar,70,15,0.43378801621385615,0.10621077351772723
infra_bar,71,16,0.1691560126444124,0.5311332011810701
infra_bar,72,15,-0.20350553646283218,0.4669424182969206
infra_bar,73,15,0.6345884063886489,0.011046206473946994
infra_bar,74,15,,
infra_bar,75,15,-0.031555529791709655,0.9111103708768518
infra_bar,76,16,,
infra_bar,77,15,,
infra_bar,78,15,,
infra_bar,79,15,-0.1859091498059383,0.5070876760723958
infra_bar,80,16,-0.08414063238233425,0.7567047191217523
infra_bar,81,15,0.42547540911106546,0.1138475545987554
infra_bar,82,15,-0.10533991854121869,0.7086810713641019
infra_bar,83,15,,
infra_bar,84,16,,
infra_bar,85,15,,
infra_bar,86,15,0.18641092980035998,0.505921312215124
infra_bar,87,15,-0.21708861918969313,0.4370541648927192
infra_bar,88,16,-0.35783002674779546,0.17358128255821806
infra_bar,89,15,-0.08193714852768827,0.7715879227973269
infra_bar,90,15,-0.1141961326474885,0.6853009468009805
infra_bar,91,15,0.06191426270577065,0.8264951070952101
infra_bar,92,16,0.0887364525110007,0.7438200959031016
infra_bar,93,15,,
infra_bar,94,15,,
infra_bar,95,15,0.11378535386072709,0.6863797325607419
infra_bar,96,16,,
infra_bar,97,15,,
infra_bar,98,15,0.3718182996118766,0.17236408773706752
infra_bar,99,15,,
infra_bar,100,15,,
infra_casino,1,16,0.1969098565143012,0.4648087359458406
infra_casino,2,15,,
infra_casino,3,15,,
infra_casino,4,15,,
infra_casino,5,16,,
infra_casino,6,15,,
infra_casino,7,15,,
infra_casino,8,15,,
infra_casino,9,16,,
infra_casino,10,15,,
infra_casino,11,15,,
infra_casino,12,15,,
infra_casino,13,16,,
infra_casino,14,15,,
infra_casino,15,15,,
infra_casino,16,15,,
infra_casino,17,16,,
infra_casino,18,15,,
infra_casino,19,15,,
infra_casino,20,15,,
infra_casino,21,16,,
infra_casino,22,15,,
infra_casino,23,15,,
infra_casino,24,15,,
infra_casino,25,15,,
infra_casino,26,16,,
infra_casino,27,15,,
infra_casino,28,15,,
infra_casino,29,15,,
infra_casino,30,16,,
infra_casino,31,15,,
infra_casino,32,15,,
infra_casino,33,15,,
infra_casino,34,16,,
infra_casino,35,15,,
infra_casino,36,15,,
infra_casino,37,15,,
infra_casino,38,16,,
infra_casino,39,15,,
infra_casino,40,15,,
infra_casino,41,15,,
infra_casino,42,16,,
infra_casino,43,15,,
infra_casino,44,15,,
infra_casino,45,15,,
infra_casino,46,16,,
infra_casino,47,15,,
infra_casino,48,15,,
infra_casino,49,15,,
infra_casino,50,15,,
infra_casino,51,16,,
infra_casino,52,15,,
infra_casino,53,15,,
infra_casino,54,15,,
infra_casino,55,16,,
infra_casino,56,15,,
infra_casino,57,15,,
infra_casino,58,15,,
infra_casino,59,16,,
infra_casino,60,15,,
infra_casino,61,15,,
infra_casino,62,15,,
infra_casino,63,16,,
infra_casino,64,15,,
infra_casino,65,15,,
infra_casino,66,15,,
infra_casino,67,16,,
infra_casino,68,15,,
infra_casino,69,15,,
infra_casino,70,15,,
infra_casino,71,16,,
infra_casino,72,15,,
infra_casino,73,15,,
infra_casino,74,15,,
infra_casino,75,15,,
infra_casino,76,16,,
infra_casino,77,15,,
infra_casino,78,15,,
infra_casino,79,15,,
infra_casino,80,16,,
infra_casino,81,15,,
infra_casino,82,15,,
infra_casino,83,15,,
infra_casino,84,16,,
infra_casino,85,15,,
infra_casino,86,15,,
infra_casino,87,15,,
infra_casino,88,16,,
infra_casino,89,15,,
infra_casino,90,15,,
infra_casino,91,15,,
infra_casino,92,16,,
infra_casino,93,15,,
infra_casino,94,15,,
infra_casino,95,15,,
infra_casino,96,16,,
infra_casino,97,15,,
infra_casino,98,15,,
infra_casino,99,15,,
infra_casino,100,15,,
infra_clinic,1,16,0.23345773315836144,0.38419284546768195
infra_clinic,2,15,-0.26276913640612176,0.3440545343207577
infra_clinic,3,15,0.06979135141259236,0.8047910500143669
infra_clinic,4,15,-0.1953714014260954,0.4853044475853837
infra_clinic,5,16,0.26876237574386425,0.31416450933587775
infra_clinic,6,15,0.153668761969653,0.5845232237595068
infra_clinic,7,15,0.28022426915890253,0.3117264587227535
infra_clinic,8,15,-0.35805743701971643,0.19005867543196814
infra_clinic,9,16,,
infra_clinic,10,15,-0.23592080681279157,0.39727747944778236
infra_clinic,11,15,-0.1254088987041225,0.6560777725169874
infra_clinic,12,15,0.20523700434510553,0.46307810968449425
infra_clinic,13,16,,
infra_clinic,14,15,,
infra_clinic,15,15,-0.14255575614409557,0.6122817597216701
infra_clinic,16,15,0.03789246006399355,0.8933456952285924
infra_clinic,17,16,-0.4816716472427827,0.05886787734331852
infra_clinic,18,15,-0.40683312158936463,0.1323355172918539
infra_clinic,19,15,0.42897048784561936,0.1105917830098898
infra_clinic,20,15,0.5713608768068588,0.026084920772788726
infra_clinic,21,16,0.0,1.0
infra_clinic,22,15,,
infra_clinic,23,15,0.3310145946876713,0.2281496834471248
infra_clinic,24,15,0.03390577342415128,0.9045168163032061
infra_clinic,25,15,0.379177675888979,0.16336121717731575
infra_clinic,26,16,0.10910894511799618,0.6875091671704372
infra_clinic,27,15,,
infra_clinic,28,15,0.6917152541805481,0.00427927802022357
infra_clinic,29,15,0.12851177623425633,0.6480699321641248
infra_clinic,30,16,0.3689057514551961,0.1596928533688722
infra_clinic,31,15,0.04571980974746595,0.8714684597033515
infra_clinic,32,15,-0.23307553897090907,0.40316038938866605
infra_clinic,33,15,,
infra_clinic,34,16,,
infra_clinic,35,15,0.21906398854811945,0.43279004169048596
infra_clinic,36,15,,
infra_clinic,37,15,0.19093697079427818,0.4954571691101731
infra_clinic,38,16,0.18731808733707858,0.4872552318206762
infra_clinic,39,15,,
infra_clinic,40,15,,
infra_clinic,41,15,0.23112508176051216,0.4072195123858203
infra_clinic,42,16,-0.1247430902146487,0.6452994789700102
infra_clinic,43,15,,
infra_clinic,44,15,,
infra_clinic,45,15,,
infra_clinic,46,16,,
infra_clinic,47,15,-0.07142857142857142,0.8002959873970544
infra_clinic,48,15,,
infra_clinic,49,15,,
infra_clinic,50,15,0.6190409346982773,0.01386819061852373
infra_clinic,51,16,-0.42226306033658007,0.1032479267118358
infra_clinic,52,15,-0.5916838400757809,0.020154116147172482
infra_clinic,53,15,-0.43852900965351455,0.10201878256654028
infra_clinic,54,15,,
infra_clinic,55,16,0.45498850792507234,0.07659527948887779
infra_clinic,56,15,0.0909466799497334,0.7471907300892378
infra_clinic,57,15,-0.34083344131088694,0.21380704244121862
infra_clinic,58,15,0.1888074956105623,0.5003677879303927
infra_clinic,59,16,0.29966814149134313,0.2594894736259146
infra_clinic,60,15,0.2526791795090808,0.36356549319389864
infra_clinic,61,15,0.09210951577295151,0.7440575052701903
infra_clinic,62,15,-0.4042547055282381,0.1350439958529978
infra_clinic,63,16,0.20996965501603929,0.4350901742131372
infra_clinic,64,15,0.24787886640791776,0.37305671349934477
infra_clinic,65,15,-0.3641131323543267,0.18213292648385457
infra_clinic,66,15,,
infra_clinic,67,16,,
infra_clinic,68,15,0.3095713135288532,0.2615168015697423
infra_clinic,69,15,-0.3098485830098972,0.26106742829216406
infra_clinic,70,15,0.1818933598994668,0.5164666830307918
infra_clinic,71,16,-0.30920048232757485,0.243893316908368
infra_clinic,72,15,-0.3738335897094201,0.1698670466415293
infra_clinic,73,15,,
infra_clinic,74,15,0.45329841391162456,0.08970315034148017
infra_clinic,75,15,,
infra_clinic,76,16,0.3378104482692641,0.20066718381170642
infra_clinic,77,15,,
infra_clinic,78,15,0.0,1.0
infra_clinic,79,15,0.3718182996118766,0.17236408773706752
infra_clinic,80,16,,
infra_clinic,81,15,-0.1785650165558222,0.5242995011287843
infra_clinic,82,15,-0.06224923861865644,0.8255696468078308
infra_clinic,83,15,0.1238285254115413,0.6601698274141021
infra_clinic,84,16,,
infra_clinic,85,15,,
infra_clinic,86,15,0.24854790640048,0.3717258639163773
infra_clinic,87,15,-0.11027054841255687,0.695633097269363
infra_clinic,88,16,0.3654187518416794,0.16398212539395762
infra_clinic,89,15,0.052622401735610884,0.8522468917482463
infra_clinic,90,15,-0.23291532349854954,0.40349301014902217
infra_clinic,91,15,0.058876313421975385,0.8348977943586492
infra_clinic,92,16,0.08470470997752536,0.7551199869535387
infra_clinic,93,15,0.34113925872666057,0.213369738352696
infra_clinic,94,15,0.18557687223952254,0.507860722329454
infra_clinic,95,15,-0.36721845212609766,0.17815351004985236
infra_clinic,96,16,-0.29537681094381246,0.2667060490410007
infra_clinic,97,15,0.0,1.0
infra_clinic,98,15,-0.072571501142966,0.7971614565322586
infra_clinic,99,15,-0.07728981596002805,0.7842521818638912
infra_clinic,100,15,,
infra_community_centre,1,16,0.42194969253064546,0.10353105919648627
infra_community_centre,2,15,0.207481250689683,0.4580928071317302
infra_community_centre,3,15,,
infra_community_centre,4,15,-0.3554680865676789,0.1935146650354946
infra_community_centre,5,16,-0.08495907904857464,0.7544056557951513
infra_community_centre,6,15,0.16438723402653585,0.5582509263710107
infra_community_centre,7,15,,
infra_community_centre,8,15,-0.24397501823713327,0.38087375950321967
infra_community_centre,9,16,-0.3350102745558276,0.2046618221187621
infra_community_centre,10,15,,
infra_community_centre,11,15,0.28217002208427566,0.3082358814162628
infra_community_centre,12,15,0.2176756106690513,0.435784843417091
infra_community_centre,13,16,,
infra_community_centre,14,15,0.7115938031916389,0.0029275230311688063
infra_community_centre,15,15,,
infra_community_centre,16,15,-0.5704651049713758,0.026373724326460943
infra_community_centre,17,16,,
infra_community_centre,18,15,0.4133546234402717,0.12565062841341085
infra_community_centre,19,15,,
infra_community_centre,20,15,,
infra_community_centre,21,16,,
infra_community_centre,22,15,0.37622669611236753,0.16693296069278
infra_community_centre,23,15,,
infra_community_centre,24,15,,
infra_community_centre,25,15,-0.3561630395019907,0.19258316438315135
infra_community_centre,26,16,,
infra_community_centre,27,15,,
infra_community_centre,28,15,0.3800819376052221,0.16227694940933524
infra_community_centre,29,15,,
infra_community_centre,30,16,0.3433499986266,0.19291434240598468
infra_community_centre,31,15,0.1557639957122584,0.579348017411266
infra_community_centre,32,15,0.35336990123366474,0.19634464284220338
infra_community_centre,33,15,,
infra_community_centre,34,16,,
infra_community_centre,35,15,,
infra_community_centre,36,15,,
infra_community_centre,37,15,,
infra_community_centre,38,16,0.3654187518416794,0.16398212539395762
infra_community_centre,39,15,-0.1270513677232761,0.6518345290093934
infra_community_centre,40,15,0.12552411131335844,0.6557798058162181
infra_community_centre,41,15,0.02311250817605122,0.9348386682102963
infra_community_centre,42,16,0.3124577631567728,0.2387011487832525
infra_community_centre,43,15,,
infra_community_centre,44,15,,
infra_community_centre,45,15,,
infra_community_centre,46,16,,
infra_community_centre,47,15,,
infra_community_centre,48,15,,
infra_community_centre,49,15,,
infra_community_centre,50,15,,
infra_community_centre,51,16,,
infra_community_centre,52,15,0.042371359860703575,0.8808175908309099
infra_community_centre,53,15,,
infra_community_centre,54,15,-0.3112461930932822,0.25880945689857004
infra_community_centre,55,16,-0.22604823465627322,0.3998865718160418
infra_community_centre,56,15,,
infra_community_centre,57,15,,
infra_community_centre,58,15,,
infra_community_centre,59,16,0.423207369515159,0.10239803275633025
infra_community_centre,60,15,0.09475469231590529,0.7369440872766233
infra_community_centre,61,15,,
infra_community_centre,62,15,0.3731581897183736,0.17070122954845635
infra_community_centre,63,16,0.20650405139110026,0.44287980626483014
infra_community_centre,64,15,0.2898368098501052,0.2947045845009357
infra_community_centre,65,15,,
infra_community_centre,66,15,,
infra_community_centre,67,16,,
infra_community_centre,68,15,0.06814897190984057,0.8093059860745149
infra_community_centre,69,15,0.0454733399748667,0.8721560987486364
infra_community_centre,70,15,0.5410287117201964,0.037284046698866605
infra_community_centre,71,16,-0.11243653902820903,0.6784474302733343
infra_community_centre,72,15,,
infra_community_centre,73,15,0.24787886640791776,0.37305671349934477
infra_community_centre,74,15,,
infra_community_centre,75,15,,
infra_community_centre,76,16,,
infra_community_centre,77,15,0.3098485830098972,0.26106742829216406
infra_community_centre,78,15,0.22678594107176875,0.41632609933373466
infra_community_centre,79,15,0.2955767098366336,0.2848072396825605
infra_community_centre,80,16,0.42070316191167123,0.10466273930705644
infra_community_centre,81,15,,
infra_community_centre,82,15,0.31974917141296777,0.2453292472719702
infra_community_centre,83,15,0.1238285254115413,0.6601698274141021
infra_community_centre,84,16,,
infra_community_centre,85,15,0.3112461930932822,0.25880945689857004
infra_community_centre,86,15,,
infra_community_centre,87,15,0.06202531976848375,0.8261882588010975
infra_community_centre,88,16,,
infra_community_centre,89,15,-0.06219303161972895,0.8257249187842837
infra_community_centre,90,15,,
infra_community_centre,91,15,-0.04543264793989372,0.8722696357908644
infra_community_centre,92,16,-0.028234903325841783,0.9173297008515373
infra_community_centre,93,15,,
infra_community_centre,94,15,,
infra_community_centre,95,15,0.43417723837938627,0.10586217881325936
infra_community_centre,96,16,-0.08690560897993005,0.7489455336643092
infra_community_centre,97,15,0.2723523897009611,0.3260804332468774
infra_community_centre,98,15,0.5002067397235337,0.057579029430994834
infra_community_centre,99,15,-0.1859091498059383,0.5070876760723958
infra_community_centre,100,15,0.2522099512870713,0.36448734846434305
infra_courthouse,1,16,-0.02812997950204303,0.9176359388163835
infra_courthouse,2,15,,
infra_courthouse,3,15,,
infra_courthouse,4,15,,
infra_courthouse,5,16,0.49746942864686516,0.0499145247701725
infra_courthouse,6,15,,
infra_courthouse,7,15,,
infra_courthouse,8,15,,
infra_courthouse,9,16,,
infra_courthouse,10,15,,
infra_courthouse,11,15,,
infra_courthouse,12,15,,
infra_courthouse,13,16,,
infra_courthouse,14,15,,
infra_courthouse,15,15,-0.09713537440963384,0.7305588312929687
infra_courthouse,16,15,,
infra_courthouse,17,16,-0.28426762180748055,0.28595100490183706
infra_courthouse,18,15,,
infra_courthouse,19,15,,
infra_courthouse,20,15,,
infra_courthouse,21,16,,
infra_courthouse,22,15,,
infra_courthouse,23,15,,
infra_courthouse,24,15,,
infra_courthouse,25,15,,
infra_courthouse,26,16,,
infra_courthouse,27,15,,
infra_courthouse,28,15,,
infra_courthouse,29,15,,
infra_courthouse,30,16,,
infra_courthouse,31,15,,
infra_courthouse,32,15,,
infra_courthouse,33,15,,
infra_courthouse,34,16,,
infra_courthouse,35,15,,
infra_courthouse,36,15,,
infra_courthouse,37,15,,
infra_courthouse,38,16,,
infra_courthouse,39,15,,
infra_courthouse,40,15,,
infra_courthouse,41,15,,
infra_courthouse,42,16,,
infra_courthouse,43,15,,
infra_courthouse,44,15,,
infra_courthouse,45,15,,
infra_courthouse,46,16,,
infra_courthouse,47,15,,
infra_courthouse,48,15,,
infra_courthouse,49,15,,
infra_courthouse,50,15,,
infra_courthouse,51,16,,
infra_courthouse,52,15,,
infra_courthouse,53,15,,
infra_courthouse,54,15,,
infra_courthouse,55,16,-0.056512058664068304,0.8353252536014811
infra_courthouse,56,15,,
infra_courthouse,57,15,,
infra_courthouse,58,15,,
infra_courthouse,59,16,,
infra_courthouse,60,15,,
infra_courthouse,61,15,,
infra_courthouse,62,15,-0.2176756106690513,0.435784843417091
infra_courthouse,63,16,,
infra_courthouse,64,15,,
infra_courthouse,65,15,,
infra_courthouse,66,15,,
infra_courthouse,67,16,,
infra_courthouse,68,15,,
infra_courthouse,69,15,,
infra_courthouse,70,15,,
infra_courthouse,71,16,,
infra_courthouse,72,15,,
infra_courthouse,73,15,,
infra_courthouse,74,15,,
infra_courthouse,75,15,,
infra_courthouse,76,16,,
infra_courthouse,77,15,,
infra_courthouse,78,15,,
infra_courthouse,79,15,,
infra_courthouse,80,16,,
infra_courthouse,81,15,,
infra_courthouse,82,15,,
infra_courthouse,83,15,,
infra_courthouse,84,16,,
infra_courthouse,85,15,,
infra_courthouse,86,15,,
infra_courthouse,87,15,,
infra_courthouse,88,16,,
infra_courthouse,89,15,,
infra_courthouse,90,15,-0.4046200510212668,0.13465795270648362
infra_courthouse,91,15,,
infra_courthouse,92,16,,
infra_courthouse,93,15,,
infra_courthouse,94,15,-0.24743582965269673,0.37393942423398485
infra_courthouse,95,15,,
infra_courthouse,96,16,,
infra_courthouse,97,15,,
infra_courthouse,98,15,,
infra_courthouse,99,15,,
infra_courthouse,100,15,,
infra_e-cigarette,1,16,0.42194969253064546,0.10353105919648627
infra_e-cigarette,2,15,,
infra_e-cigarette,3,15,,
infra_e-cigarette,4,15,,
infra_e-cigarette,5,16,-0.2280068214631465,0.3957053057733426
infra_e-cigarette,6,15,0.09466658937512895,0.7371806986720859
infra_e-cigarette,7,15,,
infra_e-cigarette,8,15,,
infra_e-cigarette,9,16,,
infra_e-cigarette,10,15,,
infra_e-cigarette,11,15,,
infra_e-cigarette,12,15,0.022818604198855032,0.9356656832648789
infra_e-cigarette,13,16,,
infra_e-cigarette,14,15,,
infra_e-cigarette,15,15,,
infra_e-cigarette,16,15,,
infra_e-cigarette,17,16,,
infra_e-cigarette,18,15,,
infra_e-cigarette,19,15,,
infra_e-cigarette,20,15,,
infra_e-cigarette,21,16,,
infra_e-cigarette,22,15,,
infra_e-cigarette,23,15,,
infra_e-cigarette,24,15,,
infra_e-cigarette,25,15,,
infra_e-cigarette,26,16,,
infra_e-cigarette,27,15,,
infra_e-cigarette,28,15,,
infra_e-cigarette,29,15,,
infra_e-cigarette,30,16,,
infra_e-cigarette,31,15,,
infra_e-cigarette,32,15,,
infra_e-cigarette,33,15,,
infra_e-cigarette,34,16,,
infra_e-cigarette,35,15,,
infra_e-cigarette,36,15,,
infra_e-cigarette,37,15,,
infra_e-cigarette,38,16,,
infra_e-cigarette,39,15,,
infra_e-cigarette,40,15,,
infra_e-cigarette,41,15,,
infra_e-cigarette,42,16,,
infra_e-cigarette,43,15,,
infra_e-cigarette,44,15,,
infra_e-cigarette,45,15,,
infra_e-cigarette,46,16,,
infra_e-cigarette,47,15,,
infra_e-cigarette,48,15,,
infra_e-cigarette,49,15,,
infra_e-cigarette,50,15,,
infra_e-cigarette,51,16,,
infra_e-cigarette,52,15,0.37215191861090247,0.1719490617876279
infra_e-cigarette,53,15,,
infra_e-cigarette,54,15,,
infra_e-cigarette,55,16,,
infra_e-cigarette,56,15,,
infra_e-cigarette,57,15,,
infra_e-cigarette,58,15,,
infra_e-cigarette,59,16,,
infra_e-cigarette,60,15,,
infra_e-cigarette,61,15,,
infra_e-cigarette,62,15,,
infra_e-cigarette,63,16,,
infra_e-cigarette,64,15,,
infra_e-cigarette,65,15,,
infra_e-cigarette,66,15,,
infra_e-cigarette,67,16,,
infra_e-cigarette,68,15,,
infra_e-cigarette,69,15,,
infra_e-cigarette,70,15,,
infra_e-cigarette,71,16,,
infra_e-cigarette,72,15,,
infra_e-cigarette,73,15,,
infra_e-cigarette,74,15,,
infra_e-cigarette,75,15,,
infra_e-cigarette,76,16,,
infra_e-cigarette,77,15,,
infra_e-cigarette,78,15,,
infra_e-cigarette,79,15,,
infra_e-cigarette,80,16,,
infra_e-cigarette,81,15,,
infra_e-cigarette,82,15,,
infra_e-cigarette,83,15,,
infra_e-cigarette,84,16,,
infra_e-cigarette,85,15,,
infra_e-cigarette,86,15,,
infra_e-cigarette,87,15,,
infra_e-cigarette,88,16,,
infra_e-cigarette,89,15,,
infra_e-cigarette,90,15,,
infra_e-cigarette,91,15,,
infra_e-cigarette,92,16,,
infra_e-cigarette,93,15,,
infra_e-cigarette,94,15,,
infra_e-cigarette,95,15,,
infra_e-cigarette,96,16,,
infra_e-cigarette,97,15,,
infra_e-cigarette,98,15,,
infra_e-cigarette,99,15,,
infra_e-cigarette,100,15,,
infra_fire_station,1,16,0.3774032782334634,0.14955750601877438
infra_fire_station,2,15,-0.27664166758624403,0.3182130491715887
infra_fire_station,3,15,0.0,1.0
infra_fire_station,4,15,,
infra_fire_station,5,16,0.17563128034555892,0.5152882747297907
infra_fire_station,6,15,0.09466658937512895,0.7371806986720859
infra_fire_station,7,15,0.3530674063215032,0.19675482448455395
infra_fire_station,8,15,,
infra_fire_station,9,16,0.0944384329299771,0.7279227530795673
infra_fire_station,10,15,0.4432026302139591,0.09800091548391461
infra_fire_station,11,15,0.3680998913242747,0.17703440561821038
infra_fire_station,12,15,-0.3879162713805355,0.15308256863124153
infra_fire_station,13,16,,
infra_fire_station,14,15,-0.3260253318483131,0.23566265117861138
infra_fire_station,15,15,0.5647233805195704,0.028282831793159692
infra_fire_station,16,15,-0.2176756106690513,0.435784843417091
infra_fire_station,17,16,-0.28426762180748055,0.28595100490183706
infra_fire_station,18,15,0.37553826608249047,0.16777356263118323
infra_fire_station,19,15,,
infra_fire_station,20,15,-0.37726647708021804,0.16566862384930658
infra_fire_station,21,16,-0.36232865092627065,0.16784699040661039
infra_fire_station,22,15,,
infra_fire_station,23,15,-0.2899908350023877,0.29443638720155796
infra_fire_station,24,15,,
infra_fire_station,25,15,0.2590276650923569,0.35121964316998566
infra_fire_station,26,16,-0.028171808490950554,0.917513852518646
infra_fire_station,27,15,-0.03132350068953675,0.9117616218216287
infra_fire_station,28,15,,
infra_fire_station,29,15,-0.1178773280707497,0.6756587838394015
infra_fire_station,30,16,0.45498850792507234,0.07659527948887779
infra_fire_station,31,15,,
infra_fire_station,32,15,0.38115410316982834,0.16099754847440298
infra_fire_station,33,15,-0.3700377622246806,0.17459022511704153
infra_fire_station,34,16,0.2586483224454254,0.33341134763570346
infra_fire_station,35,15,,
infra_fire_station,36,15,0.43693144875265155,0.1034182023252524
infra_fire_station,37,15,-0.031822828465713035,0.9103601916686203
infra_fire_station,38,16,-0.12344267996967355,0.6487740161365022
infra_fire_station,39,15,-0.37292086235345456,0.17099499013851527
infra_fire_station,40,15,0.3451913061117357,0.2076290505724601
infra_fire_station,41,15,,
infra_fire_station,42,16,0.0,1.0
infra_fire_station,43,15,0.3992978531249624,0.140356034284733
infra_fire_station,44,15,,
infra_fire_station,45,15,,
infra_fire_station,46,16,,
infra_fire_station,47,15,,
infra_fire_station,48,15,,
infra_fire_station,49,15,,
infra_fire_station,50,15,-0.29930244051096455,0.27849012586864347
infra_fire_station,51,16,,
infra_fire_station,52,15,0.3101265988424188,0.2606173168185145
infra_fire_station,53,15,0.2819115062058308,0.30869833083230347
infra_fire_station,54,15,0.24899695447462575,0.37083407426092163
infra_fire_station,55,16,0.4238404399805123,0.10183103158013461
infra_fire_station,56,15,,
infra_fire_station,57,15,0.12393943320395888,0.6598823609270037
infra_fire_station,58,15,-0.04618227476519828,0.8701784349424577
infra_fire_station,59,16,0.33856589561212724,0.19959820306333032
infra_fire_station,60,15,0.25494676171840364,0.3591286587760142
infra_fire_station,61,15,0.40795336176841496,0.1311703700305567
infra_fire_station,62,15,-0.06219303161972895,0.8257249187842837
infra_fire_station,63,16,-0.2539244217090954,0.34262689060039275
infra_fire_station,64,15,0.43378801621385615,0.10621077351772723
infra_fire_station,65,15,0.37215191861090247,0.1719490617876279
infra_fire_station,66,15,,
infra_fire_station,67,16,0.4210137586035999,0.10437994840404466
infra_fire_station,68,15,-0.2498795636694154,0.36908465779951094
infra_fire_station,69,15,0.3098485830098972,0.26106742829216406
infra_fire_station,70,15,0.1364200199246001,0.6278233464863077
infra_fire_station,71,16,0.02810913475705226,0.9176967790316863
infra_fire_station,72,15,,
infra_fire_station,73,15,0.1859091498059383,0.5070876760723958
infra_fire_station,74,15,0.45329841391162456,0.08970315034148017
infra_fire_station,75,15,,
infra_fire_station,76,16,0.19705609482373737,0.46447052092791186
infra_fire_station,77,15,0.43378801621385615,0.10621077351772723
infra_fire_station,78,15,-0.0454733399748667,0.8721560987486364
infra_fire_station,79,15,0.03098485830098972,0.9127122045444238
infra_fire_station,80,16,,
infra_fire_station,81,15,,
infra_fire_station,82,15,0.13703535917698617,0.6262580160429714
infra_fire_station,83,15,,
infra_fire_station,84,16,0.08432740427115679,0.7561798970457416
infra_fire_station,85,15,,
infra_fire_station,86,15,,
infra_fire_station,87,15,0.43417723837938627,0.10586217881325936
infra_fire_station,88,16,-0.10286889997472794,0.7046092254513648
infra_fire_station,89,15,-0.1865790948591868,0.5055306983883119
infra_fire_station,90,15,-0.1556230965466411,0.5796954430795332
infra_fire_station,91,15,0.2476570508230826,0.3734985191520832
infra_fire_station,92,16,0.42352354988762675,0.10211457211327234
infra_fire_station,93,15,,
infra_fire_station,94,15,0.06185895741317418,0.8266479231312032
infra_fire_station,95,15,0.21708861918969313,0.4370541648927192
infra_fire_station,96,16,-0.04102618049244218,0.8800899097331951
infra_fire_station,97,15,0.24743582965269673,0.37393942423398485
infra_fire_station,98,15,-0.1549242915049486,0.5814198073693431
infra_fire_station,99,15,,
infra_fire_station,100,15,-0.31526243910883905,0.2523872454794932
infra_fuel,1,16,0.2762583175707277,0.30032859593321315
infra_fuel,2,15,,
infra_fuel,3,15,0.27262958867220466,0.3255686669070009
infra_fuel,4,15,0.47878989763973867,0.07098346226273279
infra_fuel,5,16,-0.22655754412953236,0.3987970160545552
infra_fuel,6,15,0.116883318044855,0.6782578607133819
infra_fuel,7,15,-0.28887333244486624,0.2963855088382487
infra_fuel,8,15,0.14285714285714285,0.6115222287644655
infra_fuel,9,16,-0.3777537317199084,0.14914910066998183
infra_fuel,10,15,-0.16116459280507606,0.5660967046530827
infra_fuel,11,15,0.3059161694958517,0.2674846103491578
infra_fuel,12,15,0.07416951809520415,0.7927836580347968
infra_fuel,13,16,0.30782243766543016,0.2461109709565838
infra_fuel,14,15,0.3862937788754612,0.15495745905795302
infra_fuel,15,15,0.35475138908804627,0.1944783511046311
infra_fuel,16,15,-0.26311200867805445,0.34340204971274946
infra_fuel,17,16,0.06356417261637282,0.8150878590646086
infra_fuel,18,15,0.4642179069354995,0.08130133261619522
infra_fuel,19,15,-0.03722645984563373,0.8952106587784334
infra_fuel,20,15,-0.12413741290517945,0.6593693189115302
infra_fuel,21,16,0.04419956960878639,0.8708845545325604
infra_fuel,22,15,0.09574766497704727,0.7342788562323834
infra_fuel,23,15,0.39985462474533484,0.13975244070101828
infra_fuel,24,15,0.7611827255205555,0.0009797907091881298
infra_fuel,25,15,0.20080267306870542,0.4730059637059617
infra_fuel,26,16,0.0253937250091685,0.9256258754967006
infra_fuel,27,15,0.4417209329626371,0.09926248879322028
infra_fuel,28,15,0.0697259730831021,0.8049706680216582
infra_fuel,29,15,0.5893866403537487,0.020767104270150737
infra_fuel,30,16,0.16545036651820816,0.5402983722371932
infra_fuel,31,15,-0.06250803910222633,0.8248547873035033
infra_fuel,32,15,0.314058620765113,0.25430187866014237
infra_fuel,33,15,-0.35721742316747934,0.1911754274953378
infra_fuel,34,16,-0.2817793902425768,0.2903726427164775
infra_fuel,35,15,0.35305358512613516,0.19677357911789572
infra_fuel,36,15,0.13935773900497747,0.6203636017004162
infra_fuel,37,15,0.6131218048340477,0.015078063860878389
infra_fuel,38,16,-0.4409967284211012,0.0872975535510735
infra_fuel,39,15,0.4525614524571496,0.09029144510803067
infra_fuel,40,15,0.14121462522752826,0.6156660069591788
infra_fuel,41,15,0.3464674335917916,0.20584170724866038
infra_fuel,42,16,0.25311971777794773,0.3442110000798013
infra_fuel,43,15,,
infra_fuel,44,15,,
infra_fuel,45,15,,
infra_fuel,46,16,-0.1425393290199597,0.5984648827861443
infra_fuel,47,15,,
infra_fuel,48,15,,
infra_fuel,49,15,,
infra_fuel,50,15,-0.2468011436844311,0.37520595542158386
infra_fuel,51,16,0.23557804029602433,0.37976443037290053
infra_fuel,52,15,-0.06472332128662922,0.8187410051368648
infra_fuel,53,15,0.15901953586654938,0.5713446460918779
infra_fuel,54,15,-0.09522650274882608,0.735677355265429
infra_fuel,55,16,-0.052570936481156176,0.8466782073905034
infra_fuel,56,15,0.07023027835662352,0.8035853933145243
infra_fuel,57,15,0.07852214935877322,0.7808889678203856
infra_fuel,58,15,-0.18316381565183795,0.5134909727976227
infra_fuel,59,16,0.2595202232363727,0.3317260986522783
infra_fuel,60,15,0.13906187002822015,0.6211133632357346
infra_fuel,61,15,,
infra_fuel,62,15,0.15065683363088342,0.5919955534413992
infra_fuel,63,16,-0.1789701778722869,0.5072042444753122
infra_fuel,64,15,0.0204963317119918,0.9422023985937813
infra_fuel,65,15,0.39384857063199924,0.14635667746351105
infra_fuel,66,15,0.12968313174596485,0.6450561488411626
infra_fuel,67,16,0.30874342297597324,0.24462746567335608
infra_fuel,68,15,0.5759639356497592,0.0246384998715075
infra_fuel,69,15,-0.22170959818947733,0.4271124409437792
infra_fuel,70,15,0.24593468841898233,0.37693874249156745
infra_fuel,71,16,0.28544961285922504,0.28386481886479864
infra_fuel,72,15,0.6724417406505927,0.006022634129166661
infra_fuel,73,15,0.48907824615719475,0.06429046208544656
infra_fuel,74,15,,
infra_fuel,75,15,0.45260159436507647,0.0902593309950007
infra_fuel,76,16,0.39064880437622557,0.1346434117823604
infra_fuel,77,15,0.2152191258362596,0.44110923166663807
infra_fuel,78,15,0.6387108240999869,0.010378944073047706
infra_fuel,79,15,-0.017477817249206964,0.9507039518210137
infra_fuel,80,16,0.3107098767565634,0.24147863141319337
infra_fuel,81,15,0.012106102817343877,0.9658448831886902
infra_fuel,82,15,-0.3383663376578493,0.21735565066793536
infra_fuel,83,15,0.1857427881173119,0.5074746498453049
infra_fuel,84,16,0.5320818650462644,0.03387640178072595
infra_fuel,85,15,0.36854415482088726,0.17647210179186446
infra_fuel,86,15,0.3874921291460643,0.15357122059840472
infra_fuel,87,15,0.38722913512316487,0.15387473720613973
infra_fuel,88,16,-0.12668615834434865,0.6401206468001231
infra_fuel,89,15,0.3332752109922023,0.22479554870090407
infra_fuel,90,15,0.4637894260730399,0.081620024868628
infra_fuel,91,15,0.19305163199975758,0.4906032156524668
infra_fuel,92,16,0.22117796041942236,0.41038538305982464
infra_fuel,93,15,0.17215983852967784,0.5395219791793301
infra_fuel,94,15,0.47245559126153397,0.07534550110306507
infra_fuel,95,15,0.42547540911106546,0.1138475545987554
infra_fuel,96,16,-0.056219008756423786,0.8361684040098315
infra_fuel,97,15,0.2950503871939544,0.2857064467450218
infra_fuel,98,15,0.2953889824694353,0.28512777323794775
infra_fuel,99,15,0.23913333254303512,0.39069030805252514
infra_fuel,100,15,0.37831492693060687,0.16440017051714514
infra_hospital,1,16,-0.14064989751021514,0.6033718366070797
infra_hospital,2,15,0.207481250689683,0.4580928071317302
infra_hospital,3,15,,
infra_hospital,4,15,0.22620696417943206,0.4175491279778225
infra_hospital,5,16,-0.22655754412953236,0.3987970160545552
infra_hospital,6,15,0.09466658937512895,0.7371806986720859
infra_hospital,7,15,0.4493585171364586,0.09287993502606173
infra_hospital,8,15,,
infra_hospital,9,16,,
infra_hospital,10,15,,
infra_hospital,11,15,,
infra_hospital,12,15,0.1745287621243681,0.533869433877876
infra_hospital,13,16,,
infra_hospital,14,15,0.047847437646934554,0.8655360768383715
infra_hospital,15,15,-0.38854149763853535,0.1523641450014785
infra_hospital,16,15,,
infra_hospital,17,16,-0.5195887333176439,0.03913270141044326
infra_hospital,18,15,-0.40683312158936463,0.1323355172918539
infra_hospital,19,15,,
infra_hospital,20,15,-0.06287774618003635,0.8238338028895716
infra_hospital,21,16,,
infra_hospital,22,15,,
infra_hospital,23,15,,
infra_hospital,24,15,-0.37296350766566405,0.17094217985657575
infra_hospital,25,15,,
infra_hospital,26,16,,
infra_hospital,27,15,,
infra_hospital,28,15,0.3800819376052221,0.16227694940933524
infra_hospital,29,15,,
infra_hospital,30,16,0.08476808799610246,0.7549419884051489
infra_hospital,31,15,-0.34268079056696843,0.21117406161514712
infra_hospital,32,15,,
infra_hospital,33,15,,
infra_hospital,34,16,0.3239324764862165,0.2209657860950966
infra_hospital,35,15,,
infra_hospital,36,15,,
infra_hospital,37,15,,
infra_hospital,38,16,,
infra_hospital,39,15,,
infra_hospital,40,15,,
infra_hospital,41,15,0.1889822365046136,0.499963978962368
infra_hospital,42,16,,
infra_hospital,43,15,,
infra_hospital,44,15,,
infra_hospital,45,15,,
infra_hospital,46,16,,
infra_hospital,47,15,,
infra_hospital,48,15,,
infra_hospital,49,15,,
infra_hospital,50,15,,
infra_hospital,51,16,,
infra_hospital,52,15,,
infra_hospital,53,15,,
infra_hospital,54,15,,
infra_hospital,55,16,,
infra_hospital,56,15,0.3718182996118766,0.17236408773706752
infra_hospital,57,15,,
infra_hospital,58,15,,
infra_hospital,59,16,,
infra_hospital,60,15,,
infra_hospital,61,15,,
infra_hospital,62,15,,
infra_hospital,63,16,,
infra_hospital,64,15,,
infra_hospital,65,15,,
infra_hospital,66,15,,
infra_hospital,67,16,,
infra_hospital,68,15,,
infra_hospital,69,15,0.0,1.0
infra_hospital,70,15,-0.40280315791286636,0.13658519550205386
infra_hospital,71,16,,
infra_hospital,72,15,,
infra_hospital,73,15,,
infra_hospital,74,15,,
infra_hospital,75,15,,
infra_hospital,76,16,,
infra_hospital,77,15,,
infra_hospital,78,15,-0.40926005977380026,0.12982014095913336
infra_hospital,79,15,,
infra_hospital,80,16,,
infra_hospital,81,15,,
infra_hospital,82,15,,
infra_hospital,83,15,-0.3095713135288532,0.2615168015697423
infra_hospital,84,16,-0.39352788659873167,0.1315420332042492
infra_hospital,85,15,,
infra_hospital,86,15,,
infra_hospital,87,15,,
infra_hospital,88,16,,
infra_hospital,89,15,-0.06219303161972895,0.8257249187842837
infra_hospital,90,15,,
infra_hospital,91,15,0.0,1.0
infra_hospital,92,16,,
infra_hospital,93,15,,
infra_hospital,94,15,,
infra_hospital,95,15,-0.06411078396078888,0.8204305442548167
infra_hospital,96,16,,
infra_hospital,97,15,,
infra_hospital,98,15,-0.1549242915049486,0.5814198073693431
infra_hospital,99,15,,
infra_hospital,100,15,,
infra_laundry,1,16,-0.47354784607945827,0.06390728897029503
infra_laundry,2,15,,
infra_laundry,3,15,-0.255901621846172,0.3572693369495923
infra_laundry,4,15,,
infra_laundry,5,16,-0.0414557857205721,0.8788428444655109
infra_laundry,6,15,0.44177741708393514,0.0992141885357537
infra_laundry,7,15,,
infra_laundry,8,15,,
infra_laundry,9,16,,
infra_laundry,10,15,,
infra_laundry,11,15,0.5291435937786448,0.04253155610336459
infra_laundry,12,15,0.5613056185131828,0.029467743302620145
infra_laundry,13,16,0.3304443333101774,0.21128482340621785
infra_laundry,14,15,0.29342279866348187,0.28849778906775964
infra_laundry,15,15,,
infra_laundry,16,15,,
infra_laundry,17,16,,
infra_laundry,18,15,-0.06258971101374841,0.824629219377752
infra_laundry,19,15,0.2309841088399489,0.40751372026688715
infra_laundry,20,15,-0.37726647708021804,0.16566862384930658
infra_laundry,21,16,,
infra_laundry,22,15,,
infra_laundry,23,15,,
infra_laundry,24,15,,
infra_laundry,25,15,0.45329841391162456,0.08970315034148017
infra_laundry,26,16,0.5354496700964052,0.03255573946459525
infra_laundry,27,15,,
infra_laundry,28,15,,
infra_laundry,29,15,,
infra_laundry,30,16,-0.22604823465627322,0.3998865718160418
infra_laundry,31,15,0.1519851474849,0.5886953715456957
infra_laundry,32,15,0.256383092868,0.35633383213067304
infra_laundry,33,15,-0.049338368296624094,0.86138292066406
infra_laundry,34,16,-0.2650356625796317,0.32117931088576895
infra_laundry,35,15,,
infra_laundry,36,15,0.24967511357294372,0.36948949549886345
infra_laundry,37,15,,
infra_laundry,38,16,0.452961198467048,0.07808393583829325
infra_laundry,39,15,0.4129169451006473,0.12609188537469052
infra_laundry,40,15,0.30092187901966727,0.27577066085771323
infra_laundry,41,15,0.5071763905747807,0.05364522184415145
infra_laundry,42,16,0.42278853516532444,0.10277437892544661
infra_laundry,43,15,,
infra_laundry,44,15,,
infra_laundry,45,15,,
infra_laundry,46,16,,
infra_laundry,47,15,,
infra_laundry,48,15,,
infra_laundry,49,15,,
infra_laundry,50,15,,
infra_laundry,51,16,,
infra_laundry,52,15,0.0386795826464605,0.8911422285034745
infra_laundry,53,15,0.03132350068953675,0.9117616218216287
infra_laundry,54,15,0.1827138122359816,0.5145440897948601
infra_laundry,55,16,,
infra_laundry,56,15,,
infra_laundry,57,15,,
infra_laundry,58,15,0.1888074956105623,0.5003677879303927
infra_laundry,59,16,,
infra_laundry,60,15,,
infra_laundry,61,15,0.06908213682971363,0.8067400021342366
infra_laundry,62,15,0.2487721264789158,0.3712804267197237
infra_laundry,63,16,-0.06998988500534642,0.7967426565631721
infra_laundry,64,15,-0.25010336986176684,0.36864177064441284
infra_laundry,65,15,-0.1240506395369675,0.6595941649595264
infra_laundry,66,15,,
infra_laundry,67,16,,
infra_laundry,68,15,,
infra_laundry,69,15,,
infra_laundry,70,15,0.47747006973610034,0.07187697037937263
infra_laundry,71,16,,
infra_laundry,72,15,0.0,1.0
infra_laundry,73,15,0.5911534196732672,0.02029440886920522
infra_laundry,74,15,,
infra_laundry,75,15,,
infra_laundry,76,16,0.42226306033658007,0.1032479267118358
infra_laundry,77,15,,
infra_laundry,78,15,,
infra_laundry,79,15,,
infra_laundry,80,16,,
infra_laundry,81,15,-0.09303797965272562,0.7415584577975032
infra_laundry,82,15,0.21787233516529753,0.43535986119601067
infra_laundry,83,15,0.1238285254115413,0.6601698274141021
infra_laundry,84,16,,
infra_laundry,85,15,,
infra_laundry,86,15,0.2279803762937766,0.41380886082907886
infra_laundry,87,15,,
infra_laundry,88,16,,
infra_laundry,89,15,0.1865790948591868,0.5055306983883119
infra_laundry,90,15,,
infra_laundry,91,15,,
infra_laundry,92,16,,
infra_laundry,93,15,,
infra_laundry,94,15,,
infra_laundry,95,15,,
infra_laundry,96,16,,
infra_laundry,97,15,,
infra_laundry,98,15,,
infra_laundry,99,15,,
infra_laundry,100,15,0.5292006047363136,0.04250514548940206
infra_library,1,16,0.2267911451998258,0.39829780935909054
infra_library,2,15,0.207481250689683,0.4580928071317302
infra_library,3,15,0.06340638669746455,0.8223743629717082
infra_library,4,15,0.3554680865676789,0.1935146650354946
infra_library,5,16,0.17450251522413326,0.5180345666574842
infra_library,6,15,-0.15777764895854826,0.5743922218843253
infra_library,7,15,0.3530674063215032,0.19675482448455395
infra_library,8,15,,
infra_library,9,16,0.06091095901015047,0.8226895995834165
infra_library,10,15,0.4432026302139591,0.09800091548391461
infra_library,11,15,0.28217002208427566,0.3082358814162628
infra_library,12,15,-0.15973022939198522,0.569603662200543
infra_library,13,16,0.3304443333101774,0.21128482340621785
infra_library,14,15,-0.2153134694112055,0.44090414090335095
infra_library,15,15,,
infra_library,16,15,0.3490575242487362,0.2022443075092024
infra_library,17,16,0.06241877839323593,0.8183676792288843
infra_library,18,15,-0.17726197542065986,0.527380531781755
infra_library,19,15,,
infra_library,20,15,0.2884032662945031,0.29720764811556616
infra_library,21,16,0.0,1.0
infra_library,22,15,,
infra_library,23,15,0.0,1.0
infra_library,24,15,0.32344046423658773,0.23961475204442456
infra_library,25,15,-0.032378458136544615,0.9088010311006756
infra_library,26,16,-0.19720265943665388,0.46413167331372507
infra_library,27,15,,
infra_library,28,15,0.22171446360304625,0.42710203483684717
infra_library,29,15,,
infra_library,30,16,-0.22604823465627322,0.3998865718160418
infra_library,31,15,0.4049863888518718,0.13427161396362508
infra_library,32,15,0.3905667329424716,0.15005251315355111
infra_library,33,15,-0.033618431180069096,0.9053226460051695
infra_library,34,16,,
infra_library,35,15,-0.13778487448009055,0.6243533603956248
infra_library,36,15,,
infra_library,37,15,0.12729131386285214,0.6512154643620287
infra_library,38,16,0.4216370213557839,0.10381410752694958
infra_library,39,15,0.31762841930819025,0.24865003552611853
infra_library,40,15,-0.36843806309180605,0.1766062755551211
infra_library,41,15,,
infra_library,42,16,0.1988367583724918,0.46036203819059185
infra_library,43,15,,
infra_library,44,15,,
infra_library,45,15,,
infra_library,46,16,,
infra_library,47,15,-0.07142857142857142,0.8002959873970544
infra_library,48,15,,
infra_library,49,15,,
infra_library,50,15,,
infra_library,51,16,0.08241731027718788,0.7615518669926855
infra_library,52,15,-0.15929949540501792,0.5706585643566504
infra_library,53,15,0.2819115062058308,0.30869833083230347
infra_library,54,15,-0.18674771585596928,0.5051391657299913
infra_library,55,16,,
infra_library,56,15,-0.1818933598994668,0.5164666830307918
infra_library,57,15,,
infra_library,58,15,-0.03146791593509372,0.911356276151945
infra_library,59,16,-0.16928294780606362,0.5308204986504453
infra_library,60,15,0.25494676171840364,0.3591286587760142
infra_library,61,15,0.40795336176841496,0.1311703700305567
infra_library,62,15,,
infra_library,63,16,,
infra_library,64,15,0.1859091498059383,0.5070876760723958
infra_library,65,15,,
infra_library,66,15,0.43456751013313155,0.10551344492896543
infra_library,67,16,0.0,1.0
infra_library,68,15,0.0,1.0
infra_library,69,15,,
infra_library,70,15,-0.07728981596002805,0.7842521818638912
infra_library,71,16,0.02810913475705226,0.9176967790316863
infra_library,72,15,,
infra_library,73,15,0.24787886640791776,0.37305671349934477
infra_library,74,15,,
infra_library,75,15,0.12622211916683862,0.6539756255861299
infra_library,76,16,,
infra_library,77,15,,
infra_library,78,15,0.0,1.0
infra_library,79,15,0.03098485830098972,0.9127122045444238
infra_library,80,16,0.19632814222544656,0.4661553085256126
infra_library,81,15,-0.18607595930545123,0.5066997975393785
infra_library,82,15,0.34237081240261036,0.21161442039564043
infra_library,83,15,0.1238285254115413,0.6601698274141021
infra_library,84,16,,
infra_library,85,15,0.228392265294977,0.4129426566432306
infra_library,86,15,,
infra_library,87,15,-0.21708861918969313,0.4370541648927192
infra_library,88,16,-0.28109134757052257,0.29160247529890787
infra_library,89,15,0.2487721264789158,0.3712804267197237
infra_library,90,15,0.18674771585596928,0.5051391657299913
infra_library,91,15,0.2476570508230826,0.3734985191520832
infra_library,92,16,0.10332916580768917,0.7033432710941537
infra_library,93,15,0.06827121231643625,0.8089697505335817
infra_library,94,15,,
infra_library,95,15,,
infra_library,96,16,0.3363146012971417,0.20279477614067204
infra_library,97,15,0.4330127018922193,0.10690753957629573
infra_library,98,15,-0.24787886640791776,0.37305671349934477
infra_library,99,15,0.3718182996118766,0.17236408773706752
infra_library,100,15,0.2522099512870713,0.36448734846434305
infra_monastery,1,16,,
infra_monastery,2,15,,
infra_monastery,3,15,,
infra_monastery,4,15,,
infra_monastery,5,16,,
infra_monastery,6,15,,
infra_monastery,7,15,,
infra_monastery,8,15,,
infra_monastery,9,16,,
infra_monastery,10,15,,
infra_monastery,11,15,,
infra_monastery,12,15,,
infra_monastery,13,16,,
infra_monastery,14,15,,
infra_monastery,15,15,,
infra_monastery,16,15,,
infra_monastery,17,16,,
infra_monastery,18,15,,
infra_monastery,19,15,,
infra_monastery,20,15,,
infra_monastery,21,16,,
infra_monastery,22,15,,
infra_monastery,23,15,,
infra_monastery,24,15,,
infra_monastery,25,15,-0.3561630395019907,0.19258316438315135
infra_monastery,26,16,,
infra_monastery,27,15,,
infra_monastery,28,15,,
infra_monastery,29,15,,
infra_monastery,30,16,,
infra_monastery,31,15,,
infra_monastery,32,15,,
infra_monastery,33,15,,
infra_monastery,34,16,,
infra_monastery,35,15,,
infra_monastery,36,15,,
infra_monastery,37,15,,
infra_monastery,38,16,,
infra_monastery,39,15,,
infra_monastery,40,15,,
infra_monastery,41,15,,
infra_monastery,42,16,0.36926826554891334,0.15925129979076857
infra_monastery,43,15,,
infra_monastery,44,15,,
infra_monastery,45,15,,
infra_monastery,46,16,,
infra_monastery,47,15,,
infra_monastery,48,15,,
infra_monastery,49,15,,
infra_monastery,50,15,,
infra_monastery,51,16,,
infra_monastery,52,15,,
infra_monastery,53,15,,
infra_monastery,54,15,,
infra_monastery,55,16,,
infra_monastery,56,15,,
infra_monastery,57,15,,
infra_monastery,58,15,,
infra_monastery,59,16,,
infra_monastery,60,15,,
infra_monastery,61,15,,
infra_monastery,62,15,,
infra_monastery,63,16,,
infra_monastery,64,15,,
infra_monastery,65,15,,
infra_monastery,66,15,,
infra_monastery,67,16,,
infra_monastery,68,15,,
infra_monastery,69,15,,
infra_monastery,70,15,,
infra_monastery,71,16,,
infra_monastery,72,15,,
infra_monastery,73,15,,
infra_monastery,74,15,,
infra_monastery,75,15,,
infra_monastery,76,16,,
infra_monastery,77,15,,
infra_monastery,78,15,,
infra_monastery,79,15,,
infra_monastery,80,16,,
infra_monastery,81,15,,
infra_monastery,82,15,,
infra_monastery,83,15,,
infra_monastery,84,16,,
infra_monastery,85,15,,
infra_monastery,86,15,,
infra_monastery,87,15,,
infra_monastery,88,16,,
infra_monastery,89,15,,
infra_monastery,90,15,,
infra_monastery,91,15,,
infra_monastery,92,16,,
infra_monastery,93,15,,
infra_monastery,94,15,,
infra_monastery,95,15,,
infra_monastery,96,16,,
infra_monastery,97,15,,
infra_monastery,98,15,,
infra_monastery,99,15,,
infra_monastery,100,15,,
infra_nightclub,1,16,0.14734500679462204,0.5860574983250109
infra_nightclub,2,15,,
infra_nightclub,3,15,0.3489567570629618,0.2023835060984136
infra_nightclub,4,15,0.3554680865676789,0.1935146650354946
infra_nightclub,5,16,0.3671015875826212,0.16190260129357947
infra_nightclub,6,15,,
infra_nightclub,7,15,,
infra_nightclub,8,15,,
infra_nightclub,9,16,,
infra_nightclub,10,15,,
infra_nightclub,11,15,,
infra_nightclub,12,15,-0.1865790948591868,0.5055306983883119
infra_nightclub,13,16,,
infra_nightclub,14,15,,
infra_nightclub,15,15,,
infra_nightclub,16,15,0.2798686422887803,0.31236689922743327
infra_nightclub,17,16,,
infra_nightclub,18,15,,
infra_nightclub,19,15,,
infra_nightclub,20,15,,
infra_nightclub,21,16,,
infra_nightclub,22,15,,
infra_nightclub,23,15,,
infra_nightclub,24,15,,
infra_nightclub,25,15,,
infra_nightclub,26,16,0.3098898934004561,0.2427885564141375
infra_nightclub,27,15,,
infra_nightclub,28,15,,
infra_nightclub,29,15,-0.2891514965270767,0.2958996341273687
infra_nightclub,30,16,,
infra_nightclub,31,15,,
infra_nightclub,32,15,,
infra_nightclub,33,15,,
infra_nightclub,34,16,,
infra_nightclub,35,15,,
infra_nightclub,36,15,,
infra_nightclub,37,15,,
infra_nightclub,38,16,,
infra_nightclub,39,15,,
infra_nightclub,40,15,,
infra_nightclub,41,15,,
infra_nightclub,42,16,-0.17043150717642155,0.5279948215015574
infra_nightclub,43,15,,
infra_nightclub,44,15,,
infra_nightclub,45,15,,
infra_nightclub,46,16,,
infra_nightclub,47,15,,
infra_nightclub,48,15,,
infra_nightclub,49,15,,
infra_nightclub,50,15,-0.13265162886391654,0.6374415035750959
infra_nightclub,51,16,,
infra_nightclub,52,15,-0.43417723837938627,0.10586217881325936
infra_nightclub,53,15,,
infra_nightclub,54,15,,
infra_nightclub,55,16,,
infra_nightclub,56,15,,
infra_nightclub,57,15,,
infra_nightclub,58,15,,
infra_nightclub,59,16,,
infra_nightclub,60,15,,
infra_nightclub,61,15,,
infra_nightclub,62,15,,
infra_nightclub,63,16,-0.2539244217090954,0.34262689060039275
infra_nightclub,64,15,,
infra_nightclub,65,15,,
infra_nightclub,66,15,,
infra_nightclub,67,16,,
infra_nightclub,68,15,,
infra_nightclub,69,15,,
infra_nightclub,70,15,,
infra_nightclub,71,16,0.20573779994945587,0.44461160671407796
infra_nightclub,72,15,,
infra_nightclub,73,15,,
infra_nightclub,74,15,,
infra_nightclub,75,15,,
infra_nightclub,76,16,,
infra_nightclub,77,15,,
infra_nightclub,78,15,,
infra_nightclub,79,15,,
infra_nightclub,80,16,,
infra_nightclub,81,15,,
infra_nightclub,82,15,,
infra_nightclub,83,15,,
infra_nightclub,84,16,,
infra_nightclub,85,15,,
infra_nightclub,86,15,,
infra_nightclub,87,15,,
infra_nightclub,88,16,,
infra_nightclub,89,15,,
infra_nightclub,90,15,,
infra_nightclub,91,15,,
infra_nightclub,92,16,,
infra_nightclub,93,15,,
infra_nightclub,94,15,,
infra_nightclub,95,15,,
infra_nightclub,96,16,,
infra_nightclub,97,15,,
infra_nightclub,98,15,,
infra_nightclub,99,15,,
infra_nightclub,100,15,,
infra_nursing_home,1,16,,
infra_nursing_home,2,15,,
infra_nursing_home,3,15,,
infra_nursing_home,4,15,,
infra_nursing_home,5,16,,
infra_nursing_home,6,15,,
infra_nursing_home,7,15,,
infra_nursing_home,8,15,,
infra_nursing_home,9,16,,
infra_nursing_home,10,15,,
infra_nursing_home,11,15,,
infra_nursing_home,12,15,,
infra_nursing_home,13,16,,
infra_nursing_home,14,15,,
infra_nursing_home,15,15,,
infra_nursing_home,16,15,,
infra_nursing_home,17,16,,
infra_nursing_home,18,15,,
infra_nursing_home,19,15,,
infra_nursing_home,20,15,,
infra_nursing_home,21,16,,
infra_nursing_home,22,15,,
infra_nursing_home,23,15,,
infra_nursing_home,24,15,,
infra_nursing_home,25,15,,
infra_nursing_home,26,16,,
infra_nursing_home,27,15,,
infra_nursing_home,28,15,,
infra_nursing_home,29,15,,
infra_nursing_home,30,16,,
infra_nursing_home,31,15,,
infra_nursing_home,32,15,,
infra_nursing_home,33,15,,
infra_nursing_home,34,16,,
infra_nursing_home,35,15,,
infra_nursing_home,36,15,,
infra_nursing_home,37,15,,
infra_nursing_home,38,16,,
infra_nursing_home,39,15,,
infra_nursing_home,40,15,,
infra_nursing_home,41,15,,
infra_nursing_home,42,16,,
infra_nursing_home,43,15,,
infra_nursing_home,44,15,,
infra_nursing_home,45,15,,
infra_nursing_home,46,16,,
infra_nursing_home,47,15,,
infra_nursing_home,48,15,,
infra_nursing_home,49,15,,
infra_nursing_home,50,15,,
infra_nursing_home,51,16,-0.253357836201948,0.3437418175146457
infra_nursing_home,52,15,,
infra_nursing_home,53,15,,
infra_nursing_home,54,15,,
infra_nursing_home,55,16,,
infra_nursing_home,56,15,,
infra_nursing_home,57,15,,
infra_nursing_home,58,15,,
infra_nursing_home,59,16,,
infra_nursing_home,60,15,0.2526791795090808,0.36356549319389864
infra_nursing_home,61,15,,
infra_nursing_home,62,15,,
infra_nursing_home,63,16,,
infra_nursing_home,64,15,,
infra_nursing_home,65,15,,
infra_nursing_home,66,15,,
infra_nursing_home,67,16,,
infra_nursing_home,68,15,,
infra_nursing_home,69,15,-0.3098485830098972,0.26106742829216406
infra_nursing_home,70,15,,
infra_nursing_home,71,16,,
infra_nursing_home,72,15,,
infra_nursing_home,73,15,,
infra_nursing_home,74,15,,
infra_nursing_home,75,15,,
infra_nursing_home,76,16,,
infra_nursing_home,77,15,,
infra_nursing_home,78,15,,
infra_nursing_home,79,15,,
infra_nursing_home,80,16,,
infra_nursing_home,81,15,,
infra_nursing_home,82,15,,
infra_nursing_home,83,15,,
infra_nursing_home,84,16,,
infra_nursing_home,85,15,,
infra_nursing_home,86,15,,
infra_nursing_home,87,15,,
infra_nursing_home,88,16,,
infra_nursing_home,89,15,,
infra_nursing_home,90,15,-0.4046200510212668,0.13465795270648362
infra_nursing_home,91,15,,
infra_nursing_home,92,16,,
infra_nursing_home,93,15,,
infra_nursing_home,94,15,,
infra_nursing_home,95,15,,
infra_nursing_home,96,16,,
infra_nursing_home,97,15,,
infra_nursing_home,98,15,,
infra_nursing_home,99,15,,
infra_nursing_home,100,15,,
infra_park,1,16,0.3839140803844029,0.14209309320521343
infra_park,2,15,-0.1687493876140172,0.5477056693142095
infra_park,3,15,0.39376559894904106,0.14644935455210698
infra_park,4,15,0.36611507131934273,0.1795609039331769
infra_park,5,16,0.6218117005067362,0.010121060478536233
infra_park,6,15,-0.18104063774603057,0.5184683571845571
infra_park,7,15,0.3166046764796025,0.25026290174636506
infra_park,8,15,0.3042903097250923,0.2701653799598245
infra_park,9,16,0.11888601868274191,0.6610021420831897
infra_park,10,15,-0.23652495839563306,0.3960342170549571
infra_park,11,15,0.03698718437349773,0.8958808134891465
infra_park,12,15,-0.24897138332021515,0.3708848260754981
infra_park,13,16,0.4362972953723625,0.0911209626774486
infra_park,14,15,0.4500514373894348,0.09231556337639772
infra_park,15,15,-0.03755124045823402,0.894301129412415
infra_park,16,15,-0.17945629140426042,0.5221967711047653
infra_park,17,16,-0.13255708178339812,0.6245680818383685
infra_park,18,15,0.5768936068376217,0.024353920905577527
infra_park,19,15,0.05040486490909448,0.8584141336939172
infra_park,20,15,-0.02567728119755449,0.9276243745468622
infra_park,21,16,-0.22470669025852968,0.4027641049686659
infra_park,22,15,-0.023006243207767167,0.9351376796226976
infra_park,23,15,-0.2727977357881894,0.32525845656959296
infra_park,24,15,-0.2488003571050675,0.3712243641987436
infra_park,25,15,0.17673731892133027,0.5286233656055459
infra_park,26,16,-0.2785033259480083,0.2962561775035427
infra_park,27,15,0.0054176554790289514,0.9847118084889801
infra_park,28,15,-0.15996314278258356,0.5690335796239894
infra_park,29,15,0.3536319842122491,0.19598970488786172
infra_park,30,16,0.3137993134700485,0.23658298931369826
infra_park,31,15,0.12731034625541876,0.6511663695468024
infra_park,32,15,0.03234569498553234,0.9088929597419695
infra_park,33,15,-0.23532901826048364,0.39849730328174116
infra_park,34,16,0.05478938010789937,0.8402840514919069
infra_park,35,15,-0.20667731172013584,0.45987560328771104
infra_park,36,15,0.334484925354277,0.22301345044688473
infra_park,37,15,-0.031822828465713035,0.9103601916686203
infra_park,38,16,-0.38166743857713836,0.14463947465264557
infra_park,39,15,0.608437851499475,0.016091938752307758
infra_park,40,15,-0.326362689414732,0.23514986162694435
infra_park,41,15,-0.19543398999264291,0.4851618626882783
infra_park,42,16,0.026994330851757377,0.9209512080632667
infra_park,43,15,-0.10580184237878974,0.7074554190132617
infra_park,44,15,,
infra_park,45,15,,
infra_park,46,16,-0.4517539514526256,0.07898028243928847
infra_park,47,15,-0.15971914124998496,0.5696308076892742
infra_park,48,15,,
infra_park,49,15,,
infra_park,50,15,0.6190409346982773,0.01386819061852373
infra_park,51,16,0.5489419784375541,0.02765305031302826
infra_park,52,15,0.19288829992692852,0.49097732211588185
infra_park,53,15,-0.2930045193365596,0.2892177449173639
infra_park,54,15,-0.43233064315527164,0.10752312210378762
infra_park,55,16,0.04173692135563011,0.8780269035605941
infra_park,56,15,-0.0454733399748667,0.8721560987486364
infra_park,57,15,-0.05542739954736933,0.8444572539695526
infra_park,58,15,-0.17980105824924764,0.5213844075377416
infra_park,59,16,0.29925280083228994,0.26018263465298175
infra_park,60,15,0.6585638681232353,0.007592897419538489
infra_park,61,15,0.6551159279737955,0.008028838110175724
infra_park,62,15,0.2806528092565914,0.31095572203719335
infra_park,63,16,0.3460269643151636,0.18923884844073463
infra_park,64,15,0.6529009948574497,0.008319077341740953
infra_park,65,15,-0.017493499457161558,0.9506597698709702
infra_park,66,15,-0.01935717540882847,0.9454101633320984
infra_park,67,16,0.5396100746702933,0.030978670733618603
infra_park,68,15,-0.3276194834547803,0.23324562567730406
infra_park,69,15,-0.19849079131613112,0.4782224258597825
infra_park,70,15,-0.3444782266725438,0.20863208255507146
infra_park,71,16,0.05896919751144688,0.8282623754659152
infra_park,72,15,-0.4085773903080881,0.1305243651698812
infra_park,73,15,0.3965116796012719,0.14340296651529555
infra_park,74,15,-0.032378458136544615,0.9088010311006756
infra_park,75,15,0.5141532581864661,0.04990827320945696
infra_park,76,16,0.4781883050773953,0.06099149471541167
infra_park,77,15,0.03864490798001403,0.8912392811282407
infra_park,78,15,0.5501646933218851,0.03359132139651291
infra_park,79,15,0.35101214570913764,0.19955634137593575
infra_park,80,16,-0.058588016222987316,0.8293572607098942
infra_park,81,15,0.24733554920247597,0.3741393814746038
infra_park,82,15,-0.28090644944324983,0.3105000668573731
infra_park,83,15,-0.1530460340530509,0.5860649898958419
infra_park,84,16,-0.4110264723138413,0.11374554319956733
infra_park,85,15,-0.07206329937749,0.7985548681329406
infra_park,86,15,-0.17469525041749276,0.5334731640534527
infra_park,87,15,-0.03133786883874942,0.9117212922990963
infra_park,88,16,0.1416609805174549,0.6007440006449758
infra_park,89,15,0.1938244500612956,0.48883493112045706
infra_park,90,15,0.06976340980733388,0.8048678146404227
infra_park,91,15,0.14742876755465115,0.6000465641443107
infra_park,92,16,-0.37370714967114244,0.15391099137812952
infra_park,93,15,-0.586981196672521,0.021424145228851305
infra_park,94,15,-0.04075695729696112,0.8853304245148981
infra_park,95,15,-0.21810388995904523,0.43485990483915615
infra_park,96,16,0.46212482728772747,0.07151823656966
infra_park,97,15,0.1752063894712879,0.5322573853901732
infra_park,98,15,-0.3441226219013361,0.20913343425978867
infra_park,99,15,-0.16227794005579899,0.563380917786054
infra_park,100,15,0.4718416136255831,0.07577828301573115
infra_payment_terminal,1,16,-0.14064989751021514,0.6033718366070797
infra_payment_terminal,2,15,0.207481250689683,0.4580928071317302
infra_payment_terminal,3,15,,
infra_payment_terminal,4,15,0.5865786152716622,0.021535641841630246
infra_payment_terminal,5,16,,
infra_payment_terminal,6,15,,
infra_payment_terminal,7,15,,
infra_payment_terminal,8,15,,
infra_payment_terminal,9,16,,
infra_payment_terminal,10,15,,
infra_payment_terminal,11,15,,
infra_payment_terminal,12,15,,
infra_payment_terminal,13,16,,
infra_payment_terminal,14,15,,
infra_payment_terminal,15,15,,
infra_payment_terminal,16,15,,
infra_payment_terminal,17,16,,
infra_payment_terminal,18,15,,
infra_payment_terminal,19,15,,
infra_payment_terminal,20,15,,
infra_payment_terminal,21,16,,
infra_payment_terminal,22,15,,
infra_payment_terminal,23,15,,
infra_payment_terminal,24,15,,
infra_payment_terminal,25,15,,
infra_payment_terminal,26,16,,
infra_payment_terminal,27,15,,
infra_payment_terminal,28,15,,
infra_payment_terminal,29,15,,
infra_payment_terminal,30,16,,
infra_payment_terminal,31,15,,
infra_payment_terminal,32,15,,
infra_payment_terminal,33,15,,
infra_payment_terminal,34,16,,
infra_payment_terminal,35,15,,
infra_payment_terminal,36,15,,
infra_payment_terminal,37,15,,
infra_payment_terminal,38,16,,
infra_payment_terminal,39,15,,
infra_payment_terminal,40,15,,
infra_payment_terminal,41,15,,
infra_payment_terminal,42,16,,
infra_payment_terminal,43,15,,
infra_payment_terminal,44,15,,
infra_payment_terminal,45,15,,
infra_payment_terminal,46,16,,
infra_payment_terminal,47,15,,
infra_payment_terminal,48,15,,
infra_payment_terminal,49,15,,
infra_payment_terminal,50,15,-0.13265162886391654,0.6374415035750959
infra_payment_terminal,51,16,,
infra_payment_terminal,52,15,,
infra_payment_terminal,53,15,,
infra_payment_terminal,54,15,,
infra_payment_terminal,55,16,,
infra_payment_terminal,56,15,,
infra_payment_terminal,57,15,,
infra_payment_terminal,58,15,,
infra_payment_terminal,59,16,,
infra_payment_terminal,60,15,,
infra_payment_terminal,61,15,,
infra_payment_terminal,62,15,,
infra_payment_terminal,63,16,,
infra_payment_terminal,64,15,,
infra_payment_terminal,65,15,,
infra_payment_terminal,66,15,,
infra_payment_terminal,67,16,,
infra_payment_terminal,68,15,,
infra_payment_terminal,69,15,,
infra_payment_terminal,70,15,,
infra_payment_terminal,71,16,,
infra_payment_terminal,72,15,,
infra_payment_terminal,73,15,,
infra_payment_terminal,74,15,,
infra_payment_terminal,75,15,,
infra_payment_terminal,76,16,,
infra_payment_terminal,77,15,,
infra_payment_terminal,78,15,,
infra_payment_terminal,79,15,,
infra_payment_terminal,80,16,,
infra_payment_terminal,81,15,,
infra_payment_terminal,82,15,,
infra_payment_terminal,83,15,,
infra_payment_terminal,84,16,,
infra_payment_terminal,85,15,,
infra_payment_terminal,86,15,,
infra_payment_terminal,87,15,,
infra_payment_terminal,88,16,,
infra_payment_terminal,89,15,,
infra_payment_terminal,90,15,,
infra_payment_terminal,91,15,,
infra_payment_terminal,92,16,,
infra_payment_terminal,93,15,,
infra_payment_terminal,94,15,,
infra_payment_terminal,95,15,,
infra_payment_terminal,96,16,,
infra_payment_terminal,97,15,,
infra_payment_terminal,98,15,,
infra_payment_terminal,99,15,,
infra_payment_terminal,100,15,,
infra_pharmacy,1,16,-0.00514725919651585,0.9849058590390857
infra_pharmacy,2,15,-0.19505868247886227,0.4860171606764423
infra_pharmacy,3,15,-0.09305513521678982,0.7415123044505507
infra_pharmacy,4,15,-0.051298917604257706,0.8559267298934995
infra_pharmacy,5,16,0.3554680865676789,0.1766433705065514
infra_pharmacy,6,15,-0.014725913902797837,0.9584589266743405
infra_pharmacy,7,15,,
infra_pharmacy,8,15,,
infra_pharmacy,9,16,-0.49040482706631044,0.053783498241771255
infra_pharmacy,10,15,0.4432026302139591,0.09800091548391461
infra_pharmacy,11,15,-0.1254088987041225,0.6560777725169874
infra_pharmacy,12,15,0.491142416199035,0.06300477245554428
infra_pharmacy,13,16,0.24032315149831088,0.3699555747033447
infra_pharmacy,14,15,0.430626938822411,0.10907153513475937
infra_pharmacy,15,15,0.0,1.0
infra_pharmacy,16,15,0.3490575242487362,0.2022443075092024
infra_pharmacy,17,16,-0.28426762180748055,0.28595100490183706
infra_pharmacy,18,15,0.37781384542213636,0.16500559314874355
infra_pharmacy,19,15,0.2309841088399489,0.40751372026688715
infra_pharmacy,20,15,0.26010799225149717,0.3491422871821892
infra_pharmacy,21,16,0.0,1.0
infra_pharmacy,22,15,0.06270444935206125,0.8243123475003317
infra_pharmacy,23,15,0.14186339772328768,0.6140279736432703
infra_pharmacy,24,15,,
infra_pharmacy,25,15,0.45329841391162456,0.08970315034148017
infra_pharmacy,26,16,0.12229989761755714,0.6518330091355671
infra_pharmacy,27,15,-0.34455850758490425,0.2085190039703941
infra_pharmacy,28,15,0.31673494800435176,0.25005730853659774
infra_pharmacy,29,15,,
infra_pharmacy,30,16,0.40304384635553064,0.12164179266533123
infra_pharmacy,31,15,0.07770873402002616,0.7831084939929667
infra_pharmacy,32,15,0.38115410316982834,0.16099754847440298
infra_pharmacy,33,15,-0.033618431180069096,0.9053226460051695
infra_pharmacy,34,16,-0.17243221496361694,0.5230890198938362
infra_pharmacy,35,15,,
infra_pharmacy,36,15,,
infra_pharmacy,37,15,0.1273291925465838,0.6511177560981889
infra_pharmacy,38,16,-0.14054567378526128,0.6036429780602239
infra_pharmacy,39,15,0.061994719514678026,0.826272804321552
infra_pharmacy,40,15,-0.31381027828339614,0.2546979608659972
infra_pharmacy,41,15,0.3464674335917916,0.20584170724866038
infra_pharmacy,42,16,0.14553360525042347,0.5907217544777137
infra_pharmacy,43,15,,
infra_pharmacy,44,15,,
infra_pharmacy,45,15,,
infra_pharmacy,46,16,,
infra_pharmacy,47,15,-0.07142857142857142,0.8002959873970544
infra_pharmacy,48,15,,
infra_pharmacy,49,15,,
infra_pharmacy,50,15,,
infra_pharmacy,51,16,-0.16890522413463205,0.5317512580643184
infra_pharmacy,52,15,-0.43417723837938627,0.10586217881325936
infra_pharmacy,53,15,-0.4367181457183361,0.10360605851462569
infra_pharmacy,54,15,0.1827138122359816,0.5145440897948601
infra_pharmacy,55,16,0.4238404399805123,0.10183103158013461
infra_pharmacy,56,15,-0.11368334993716676,0.6866477020805458
infra_pharmacy,57,15,,
infra_pharmacy,58,15,0.23091137382599142,0.40766556044288194
infra_pharmacy,59,16,-0.2821382463434393,0.289732441834701
infra_pharmacy,60,15,0.0,1.0
infra_pharmacy,61,15,0.40795336176841496,0.1311703700305567
infra_pharmacy,62,15,-0.19294880636390657,0.4908387185057691
infra_pharmacy,63,16,0.19749677244040753,0.4634520725380059
infra_pharmacy,64,15,,
infra_pharmacy,65,15,0.09303797965272562,0.7415584577975032
infra_pharmacy,66,15,,
infra_pharmacy,67,16,,
infra_pharmacy,68,15,,
infra_pharmacy,69,15,,
infra_pharmacy,70,15,0.06196971660197944,0.8263418862485808
infra_pharmacy,71,16,,
infra_pharmacy,72,15,-0.3738335897094201,0.1698670466415293
infra_pharmacy,73,15,0.1859091498059383,0.5070876760723958
infra_pharmacy,74,15,,
infra_pharmacy,75,15,-0.44177741708393514,0.0992141885357537
infra_pharmacy,76,16,,
infra_pharmacy,77,15,0.3098485830098972,0.26106742829216406
infra_pharmacy,78,15,0.12393943320395888,0.6598823609270037
infra_pharmacy,79,15,-0.3718182996118766,0.17236408773706752
infra_pharmacy,80,16,0.19632814222544656,0.4661553085256126
infra_pharmacy,81,15,0.43417723837938627,0.10586217881325936
infra_pharmacy,82,15,,
infra_pharmacy,83,15,,
infra_pharmacy,84,16,0.25298221281347033,0.3444821016212244
infra_pharmacy,85,15,0.21787233516529753,0.43535986119601067
infra_pharmacy,86,15,,
infra_pharmacy,87,15,-0.40316457849514437,0.1362003431950095
infra_pharmacy,88,16,0.3654187518416794,0.16398212539395762
infra_pharmacy,89,15,,
infra_pharmacy,90,15,-0.1556230965466411,0.5796954430795332
infra_pharmacy,91,15,-0.1857427881173119,0.5074746498453049
infra_pharmacy,92,16,-0.14466083213076486,0.5929744948583682
infra_pharmacy,93,15,,
infra_pharmacy,94,15,,
infra_pharmacy,95,15,0.031012659884241876,0.912634160234428
infra_pharmacy,96,16,-0.28718326344709527,0.2808215666168652
infra_pharmacy,97,15,,
infra_pharmacy,98,15,-0.3098485830098972,0.26106742829216406
infra_pharmacy,99,15,-0.1859091498059383,0.5070876760723958
infra_pharmacy,100,15,,
infra_place_of_worship,1,16,0.3526651514174069,0.18032326896368714
infra_place_of_worship,2,15,-0.116086358332706,0.6803441376432222
infra_place_of_worship,3,15,-0.04805346519649417,0.8649619669310675
infra_place_of_worship,4,15,-0.13928712069676474,0.6205425240682019
infra_place_of_worship,5,16,-0.009619721404877634,0.9717942601747744
infra_place_of_worship,6,15,0.6162267045411344,0.014433671088017496
infra_place_of_worship,7,15,0.3469073677043977,0.2052278197103208
infra_place_of_worship,8,15,0.22342091236849507,0.423460317098139
infra_place_of_worship,9,16,-0.09766816610774536,0.7189636004970481
infra_place_of_worship,10,15,-0.2998501124063319,0.2775686521166797
infra_place_of_worship,11,15,0.27113117636398526,0.328340511015739
infra_place_of_worship,12,15,0.38475437511887145,0.15675043792539567
infra_place_of_worship,13,16,0.31976573637809796,0.2273059686619943
infra_place_of_worship,14,15,0.4100329581830973,0.12902597075866495
infra_place_of_worship,15,15,0.040087181977871235,0.8872036544503048
infra_place_of_worship,16,15,-0.23051360509532523,0.40849645863773576
infra_place_of_worship,17,16,0.278874124073403,0.2955867273590446
infra_place_of_worship,18,15,0.20274782174830155,0.46863842393446153
infra_place_of_worship,19,15,-0.3155843721336013,0.2518767222665874
infra_place_of_worship,20,15,-0.326253656608825,0.2353155174754619
infra_place_of_worship,21,16,0.02096569673443836,0.9385696539716779
infra_place_of_worship,22,15,0.01254088987041225,0.964618907433481
infra_place_of_worship,23,15,0.3466356603949511,0.20560682400352037
infra_place_of_worship,24,15,0.16702393753038666,0.5518664761019014
infra_place_of_worship,25,15,-0.32378458136544613,0.23908626452752899
infra_place_of_worship,26,16,-0.3222375293420301,0.22353111436503753
infra_place_of_worship,27,15,0.7244429503595524,0.0022531638733988115
infra_place_of_worship,28,15,0.4186267513325381,0.1204182291123192
infra_place_of_worship,29,15,0.5411807362713399,0.03722022278836526
infra_place_of_worship,30,16,0.6178488548208009,0.010754891913579182
infra_place_of_worship,31,15,0.34386322965143207,0.20949962333142608
infra_place_of_worship,32,15,0.2509438429050663,0.36698116687628046
infra_place_of_worship,33,15,0.1877643163386174,0.5027816312627651
infra_place_of_worship,34,16,-0.10756136060665954,0.6917372725816264
infra_place_of_worship,35,15,0.0974286190898093,0.7297734416085099
infra_place_of_worship,36,15,-0.3079326400732973,0.26418220148436555
infra_place_of_worship,37,15,0.7159318056716609,0.0026839417424015482
infra_place_of_worship,38,16,0.48952875276547264,0.054278318023648554
infra_place_of_worship,39,15,0.2600654809056041,0.34922390215573196
infra_place_of_worship,40,15,0.3851012235239601,0.15634525550811273
infra_place_of_worship,41,15,-0.06062171906404209,0.8300680806431658
infra_place_of_worship,42,16,0.446669957859088,0.08283657162683578
infra_place_of_worship,43,15,-0.15971914124998496,0.5696308076892742
infra_place_of_worship,44,15,,
infra_place_of_worship,45,15,,
infra_place_of_worship,46,16,-0.25197631533948484,0.3464689821369231
infra_place_of_worship,47,15,0.1691662381127396,0.5467025123376604
infra_place_of_worship,48,15,,
infra_place_of_worship,49,15,,
infra_place_of_worship,50,15,0.5521032992051718,0.03284440165629184
infra_place_of_worship,51,16,-0.26064177317621046,0.3295655215457295
infra_place_of_worship,52,15,0.052638930425108525,0.8522009528162027
infra_place_of_worship,53,15,0.4765678657739726,0.07249238701762938
infra_place_of_worship,54,15,0.30930468722070215,0.2619493681751025
infra_place_of_worship,55,16,0.6430724270844443,0.00720537434576227
infra_place_of_worship,56,15,0.7890396149083994,0.00047058485655098755
infra_place_of_worship,57,15,0.10831910330834459,0.7007879830660246
infra_place_of_worship,58,15,0.4454386965977732,0.09611840417424418
infra_place_of_worship,59,16,0.36183466630454647,0.16847040683087441
infra_place_of_worship,60,15,0.27328166673892856,0.32436660822088126
infra_place_of_worship,61,15,0.5172709998930124,0.04830179092142731
infra_place_of_worship,62,15,-0.08837607404586417,0.7541301356105289
infra_place_of_worship,63,16,0.30791446986901577,0.24596247608722902
infra_place_of_worship,64,15,0.36691367278765163,0.17854154156319857
infra_place_of_worship,65,15,0.4966201585433879,0.059683447359679974
infra_place_of_worship,66,15,0.4315690681461093,0.10821337875510467
infra_place_of_worship,67,16,0.6438747431004116,0.007110154181473221
infra_place_of_worship,68,15,0.7376197033868909,0.0016971252180159365
infra_place_of_worship,69,15,0.07249769186635724,0.7973637951152156
infra_place_of_worship,70,15,0.6011370650314457,0.017776059228443785
infra_place_of_worship,71,16,0.1678543216489717,0.5343446733274926
infra_place_of_worship,72,15,0.623027509209948,0.013096667569466302
infra_place_of_worship,73,15,0.6554079792039187,0.00799116902864703
infra_place_of_worship,74,15,0.33178046640285663,0.22700985202916282
infra_place_of_worship,75,15,0.23983533524051442,0.38925868899789484
infra_place_of_worship,76,16,0.2201761776848505,0.4125627832414839
infra_place_of_worship,77,15,0.7355239332767941,0.001777271362714369
infra_place_of_worship,78,15,0.6351422550380257,0.010954668241369054
infra_place_of_worship,79,15,0.613127529666336,0.015076855643118564
infra_place_of_worship,80,16,0.478031397881951,0.061088459293489515
infra_place_of_worship,81,15,-0.06257159964529412,0.8246792396851876
infra_place_of_worship,82,15,0.521717904649001,0.046076817342398005
infra_place_of_worship,83,15,0.6337212146364978,0.011190727988588679
infra_place_of_worship,84,16,0.23511520528619942,0.3807287082817087
infra_place_of_worship,85,15,0.1882632146083869,0.5016265412445116
infra_place_of_worship,86,15,0.6401283758030415,0.010156910903538272
infra_place_of_worship,87,15,-0.03647447254263273,0.8973170190232513
infra_place_of_worship,88,16,0.4455825882912027,0.08367861587405996
infra_place_of_worship,89,15,0.67337449174517,0.00592710933365699
infra_place_of_worship,90,15,0.5015657967061908,0.056795929980273954
infra_place_of_worship,91,15,0.6928023036874343,0.004194475418143675
infra_place_of_worship,92,16,0.31237721475251845,0.2388287025538303
infra_place_of_worship,93,15,0.7887904905285121,0.0004739018391123641
infra_place_of_worship,94,15,0.399151870671167,0.140514584129481
infra_place_of_worship,95,15,0.49003398795422387,0.06369282722836193
infra_place_of_worship,96,16,0.1893702969165097,0.4824094776505763
infra_place_of_worship,97,15,0.18817690452478142,0.5018262849996264
infra_place_of_worship,98,15,0.7559593734935496,0.0011123412704407624
infra_place_of_worship,99,15,0.7822471590591442,0.0005680934570059781
infra_place_of_worship,100,15,0.26068995307207565,0.3480260863892075
infra_playground,1,16,0.4025782210881843,0.12211380968329982
infra_playground,2,15,-0.4853598970783193,0.06665427018580852
infra_playground,3,15,0.35387320376639336,0.19566338747831616
infra_playground,4,15,0.15420266940668526,0.583202684242984
infra_playground,5,16,-0.2773686338406384,0.29831037490982953
infra_playground,6,15,-0.006585628903493039,0.9814163583087552
infra_playground,7,15,0.34208418608994107,0.2120221237737521
infra_playground,8,15,0.3530493940568014,0.19677926640523427
infra_playground,9,16,0.2829125760578692,0.28835391159068147
infra_playground,10,15,-0.12624819542352975,0.6539082591762011
infra_playground,11,15,0.3492575110490159,0.20196822972447068
infra_playground,12,15,-0.5962381029037954,0.018979864566962434
infra_playground,13,16,0.5671864839840713,0.02194583656200173
infra_playground,14,15,0.3000495990744895,0.2772334640116047
infra_playground,15,15,0.19162354105893797,0.4938787622095172
infra_playground,16,15,0.02176344738245625,0.9386352816068664
infra_playground,17,16,0.37161254323866794,0.1564156848280203
infra_playground,18,15,0.28256742161291276,0.3075257741487265
infra_playground,19,15,0.1995109955756426,0.4759170668996422
infra_playground,20,15,-0.11889840435218113,0.6729924708148691
infra_playground,21,16,-0.4531466433086317,0.0779469020663964
infra_playground,22,15,0.5585087881175581,0.030464933302559675
infra_playground,23,15,-0.251282825700237,0.36631256764179365
infra_playground,24,15,0.3390577342415128,0.21635743778286567
infra_playground,25,15,-0.12735526867040883,0.6510504956617799
infra_playground,26,16,-0.07894774678150832,0.7713357132930606
infra_playground,27,15,0.38740777364052775,0.1536685301584559
infra_playground,28,15,0.06491134836118732,0.8182225250683981
infra_playground,29,15,0.38067057082718986,0.16157370977267294
infra_playground,30,16,0.47100073669852094,0.06555048071618048
infra_playground,31,15,0.19555418766663668,0.48488809268560695
infra_playground,32,15,0.10866497941321464,0.6998734349505866
infra_playground,33,15,-0.14536456164675943,0.6052175222031615
infra_playground,34,16,0.46571719128496414,0.06905718611308342
infra_playground,35,15,-0.10528048254719108,0.7088388249648543
infra_playground,36,15,0.07041787902195304,0.8030702117670977
infra_playground,37,15,0.17950496170538488,0.5220820561030113
infra_playground,38,16,-0.4472875334347443,0.08236105085639736
infra_playground,39,15,0.5945819628270235,0.019400639011168598
infra_playground,40,15,-0.4886914209354114,0.06453349901060472
infra_playground,41,15,-0.20752426878823013,0.45799750739353395
infra_playground,42,16,0.12463012761637231,0.6456010298689818
infra_playground,43,15,0.3273268353539886,0.23368817160502264
infra_playground,44,15,,
infra_playground,45,15,,
infra_playground,46,16,-0.2882999880625789,0.27887172549008427
infra_playground,47,15,-0.13363062095621217,0.6349375554371688
infra_playground,48,15,,
infra_playground,49,15,,
infra_playground,50,15,0.7787174701852406,0.0006249037015238758
infra_playground,51,16,-0.03094938726821014,0.9094109221161424
infra_playground,52,15,0.18862225060674798,0.5007960368323758
infra_playground,53,15,0.08884954985607481,0.7528506487334762
infra_playground,54,15,0.330235524225612,0.22931282659185503
infra_playground,55,16,0.14861686846988806,0.5827916282300002
infra_playground,56,15,-0.15730035524286265,0.575565291226366
infra_playground,57,15,-0.11653723503821478,0.6791635696464442
infra_playground,58,15,0.42922283476082235,0.11035924221821745
infra_playground,59,16,0.3772125247786297,0.1497801208820308
infra_playground,60,15,0.3207093996398796,0.24383470726933829
infra_playground,61,15,0.30125786715206027,0.27520844964992514
infra_playground,62,15,0.09635511273415501,0.7326497943323167
infra_playground,63,16,0.7263105276487953,0.001441396511035233
infra_playground,64,15,0.5886097620361883,0.020977598890463366
infra_playground,65,15,-0.1645238114034345,0.5579194477731988
infra_playground,66,15,0.48578313342328105,0.06638209202052842
infra_playground,67,16,0.028502766198131493,0.9165479471611911
infra_playground,68,15,-0.11457712362347487,0.6843008936566575
infra_playground,69,15,-0.015776717617974022,0.955497276110773
infra_playground,70,15,-0.19381678666269758,0.48885245090277585
infra_playground,71,16,-0.30664773268132306,0.24801126882750965
infra_playground,72,15,-0.09102375630350686,0.7469829359830273
infra_playground,73,15,0.4033816722032146,0.13596952859585656
infra_playground,74,15,0.38854149763853535,0.1523641450014785
infra_playground,75,15,0.335969553011568,0.22083853733193967
infra_playground,76,16,0.08716806164661389,0.74821018814759
infra_playground,77,15,0.2049342548767047,0.4637526561707268
infra_playground,78,15,0.06558258357839529,0.8163721818661124
infra_playground,79,15,0.08090657254733606,0.7743918051799241
infra_playground,80,16,0.020705098222850972,0.9393319011876616
infra_playground,81,15,0.37628693992880147,0.16685953303097983
infra_playground,82,15,0.2602162572175232,0.34893448387723336
infra_playground,83,15,-0.07328965010991169,0.7951933714062758
infra_playground,84,16,-0.04286204165613664,0.8747626226036276
infra_playground,85,15,-0.16306779593215612,0.5614575793210717
infra_playground,86,15,0.006213697660012,0.9824657386033945
infra_playground,87,15,-0.2779524633306484,0.3158307979467648
infra_playground,88,16,0.3899235590797758,0.13543249329439314
infra_playground,89,15,0.2043272527739766,0.4651065459933593
infra_playground,90,15,0.20779912423186492,0.45738883988263124
infra_playground,91,15,0.441352792916895,0.0995776934711879
infra_playground,92,16,-0.10771387833206772,0.6913202021548046
infra_playground,93,15,-0.3439212894987674,0.20941762370649283
infra_playground,94,15,0.2544836041121407,0.3600324491942406
infra_playground,95,15,0.14328552001870787,0.6104432984237126
infra_playground,96,16,-0.0497221814022907,0.8549022097567399
infra_playground,97,15,0.04915248098066487,0.8619005491216893
infra_playground,98,15,0.3259566988945328,0.23576705953507476
infra_playground,99,15,-0.16800537625806178,0.5494981292832428
infra_playground,100,15,0.8507592176095639,5.812518810731878e-05
infra_police,1,16,0.3656897335265594,0.16364606599620882
infra_police,2,15,,
infra_police,3,15,0.06340638669746455,0.8223743629717082
infra_police,4,15,0.4449121149755907,0.09655941915939459
infra_police,5,16,,
infra_police,6,15,0.44177741708393514,0.0992141885357537
infra_police,7,15,0.2567762955065478,0.3555708418199641
infra_police,8,15,,
infra_police,9,16,,
infra_police,10,15,,
infra_police,11,15,-0.250817797408245,0.36722994552699517
infra_police,12,15,,
infra_police,13,16,,
infra_police,14,15,,
infra_police,15,15,0.1817236455884295,0.5168647883297008
infra_police,16,15,0.15973022939198522,0.569603662200543
infra_police,17,16,,
infra_police,18,15,,
infra_police,19,15,0.2309841088399489,0.40751372026688715
infra_police,20,15,0.31438873090018177,0.25377596831292304
infra_police,21,16,-0.36232865092627065,0.16784699040661039
infra_police,22,15,,
infra_police,23,15,,
infra_police,24,15,,
infra_police,25,15,,
infra_police,26,16,-0.028171808490950554,0.917513852518646
infra_police,27,15,-0.03132350068953675,0.9117616218216287
infra_police,28,15,,
infra_police,29,15,,
infra_police,30,16,,
infra_police,31,15,,
infra_police,32,15,,
infra_police,33,15,,
infra_police,34,16,,
infra_police,35,15,,
infra_police,36,15,,
infra_police,37,15,,
infra_police,38,16,,
infra_police,39,15,,
infra_police,40,15,,
infra_police,41,15,,
infra_police,42,16,0.36926826554891334,0.15925129979076857
infra_police,43,15,-0.15971914124998496,0.5696308076892742
infra_police,44,15,,
infra_police,45,15,,
infra_police,46,16,,
infra_police,47,15,,
infra_police,48,15,,
infra_police,49,15,,
infra_police,50,15,-0.13265162886391654,0.6374415035750959
infra_police,51,16,,
infra_police,52,15,-0.43417723837938627,0.10586217881325936
infra_police,53,15,,
infra_police,54,15,-0.18674771585596928,0.5051391657299913
infra_police,55,16,-0.056512058664068304,0.8353252536014811
infra_police,56,15,-0.43378801621385615,0.10621077351772723
infra_police,57,15,,
infra_police,58,15,,
infra_police,59,16,,
infra_police,60,15,0.2526791795090808,0.36356549319389864
infra_police,61,15,,
infra_police,62,15,-0.2176756106690513,0.435784843417091
infra_police,63,16,,
infra_police,64,15,,
infra_police,65,15,,
infra_police,66,15,,
infra_police,67,16,,
infra_police,68,15,,
infra_police,69,15,-0.3098485830098972,0.26106742829216406
infra_police,70,15,0.3098485830098972,0.26106742829216406
infra_police,71,16,-0.4216370213557839,0.10381410752694958
infra_police,72,15,,
infra_police,73,15,,
infra_police,74,15,,
infra_police,75,15,-0.031555529791709655,0.9111103708768518
infra_police,76,16,0.3378104482692641,0.20066718381170642
infra_police,77,15,,
infra_police,78,15,,
infra_police,79,15,0.0454733399748667,0.8721560987486364
infra_police,80,16,,
infra_police,81,15,,
infra_police,82,15,,
infra_police,83,15,,
infra_police,84,16,,
infra_police,85,15,-0.37349543171193855,0.1702843675235164
infra_police,86,15,,
infra_police,87,15,,
infra_police,88,16,,
infra_police,89,15,,
infra_police,90,15,-0.28012157378395397,0.3119113223522476
infra_police,91,15,,
infra_police,92,16,,
infra_police,93,15,-0.34113925872666057,0.213369738352696
infra_police,94,15,-0.24743582965269673,0.37393942423398485
infra_police,95,15,,
infra_police,96,16,0.04102618049244218,0.8800899097331951
infra_police,97,15,,
infra_police,98,15,,
infra_police,99,15,-0.43378801621385615,0.10621077351772723
infra_police,100,15,,
infra_prison,1,16,,
infra_prison,2,15,,
infra_prison,3,15,,
infra_prison,4,15,,
infra_prison,5,16,0.36815600921049013,0.16060866836766557
infra_prison,6,15,,
infra_prison,7,15,,
infra_prison,8,15,,
infra_prison,9,16,,
infra_prison,10,15,,
infra_prison,11,15,,
infra_prison,12,15,,
infra_prison,13,16,,
infra_prison,14,15,,
infra_prison,15,15,,
infra_prison,16,15,,
infra_prison,17,16,-0.28426762180748055,0.28595100490183706
infra_prison,18,15,,
infra_prison,19,15,,
infra_prison,20,15,,
infra_prison,21,16,,
infra_prison,22,15,,
infra_prison,23,15,,
infra_prison,24,15,,
infra_prison,25,15,,
infra_prison,26,16,,
infra_prison,27,15,,
infra_prison,28,15,,
infra_prison,29,15,,
infra_prison,30,16,,
infra_prison,31,15,,
infra_prison,32,15,,
infra_prison,33,15,,
infra_prison,34,16,,
infra_prison,35,15,,
infra_prison,36,15,,
infra_prison,37,15,,
infra_prison,38,16,,
infra_prison,39,15,,
infra_prison,40,15,,
infra_prison,41,15,,
infra_prison,42,16,,
infra_prison,43,15,,
infra_prison,44,15,,
infra_prison,45,15,,
infra_prison,46,16,,
infra_prison,47,15,,
infra_prison,48,15,,
infra_prison,49,15,,
infra_prison,50,15,,
infra_prison,51,16,,
infra_prison,52,15,,
infra_prison,53,15,,
infra_prison,54,15,,
infra_prison,55,16,,
infra_prison,56,15,,
infra_prison,57,15,,
infra_prison,58,15,,
infra_prison,59,16,,
infra_prison,60,15,,
infra_prison,61,15,,
infra_prison,62,15,,
infra_prison,63,16,,
infra_prison,64,15,,
infra_prison,65,15,,
infra_prison,66,15,,
infra_prison,67,16,,
infra_prison,68,15,,
infra_prison,69,15,,
infra_prison,70,15,,
infra_prison,71,16,,
infra_prison,72,15,,
infra_prison,73,15,,
infra_prison,74,15,,
infra_prison,75,15,,
infra_prison,76,16,,
infra_prison,77,15,,
infra_prison,78,15,,
infra_prison,79,15,,
infra_prison,80,16,,
infra_prison,81,15,,
infra_prison,82,15,,
infra_prison,83,15,,
infra_prison,84,16,,
infra_prison,85,15,,
infra_prison,86,15,,
infra_prison,87,15,,
infra_prison,88,16,,
infra_prison,89,15,,
infra_prison,90,15,-0.4046200510212668,0.13465795270648362
infra_prison,91,15,-0.1857427881173119,0.5074746498453049
infra_prison,92,16,,
infra_prison,93,15,,
infra_prison,94,15,,
infra_prison,95,15,,
infra_prison,96,16,,
infra_prison,97,15,,
infra_prison,98,15,,
infra_prison,99,15,,
infra_prison,100,15,,
infra_pub,1,16,-0.17904769045062144,0.5070172793001568
infra_pub,2,15,0.13832083379312202,0.6229927407144643
infra_pub,3,15,-0.09305513521678982,0.7415123044505507
infra_pub,4,15,-0.46349871534806314,0.08183675349870154
infra_pub,5,16,0.6003682474120415,0.013933063772113195
infra_pub,6,15,0.0590349905693578,0.8344584897823977
infra_pub,7,15,0.2567762955065478,0.3555708418199641
infra_pub,8,15,,
infra_pub,9,16,-0.3350102745558276,0.2046618221187621
infra_pub,10,15,,
infra_pub,11,15,0.4389311454644288,0.10166861823637151
infra_pub,12,15,-0.01846015127152176,0.9479366551457206
infra_pub,13,16,,
infra_pub,14,15,0.23923718823467274,0.3904783344584354
infra_pub,15,15,0.22664920695581228,0.4166147682256395
infra_pub,16,15,0.2738504140439222,0.32332024062924836
infra_pub,17,16,0.12340670658118717,0.6488702296137401
infra_pub,18,15,,
infra_pub,19,15,,
infra_pub,20,15,,
infra_pub,21,16,-0.36232865092627065,0.16784699040661039
infra_pub,22,15,-0.37622669611236753,0.16693296069278
infra_pub,23,15,-0.4255901931698631,0.11373958955607183
infra_pub,24,15,-0.37296350766566405,0.17094217985657575
infra_pub,25,15,-0.07127787807204779,0.800709482147735
infra_pub,26,16,-0.041147559989891176,0.8797375403918151
infra_pub,27,15,,
infra_pub,28,15,-0.1266939792017407,0.652756987923872
infra_pub,29,15,-0.2891514965270767,0.2958996341273687
infra_pub,30,16,,
infra_pub,31,15,-0.22282568232955674,0.4247287741001201
infra_pub,32,15,0.38115410316982834,0.16099754847440298
infra_pub,33,15,,
infra_pub,34,16,,
infra_pub,35,15,-0.34424341057561625,0.20896305365210416
infra_pub,36,15,,
infra_pub,37,15,,
infra_pub,38,16,0.22662308949301263,0.39865691152580474
infra_pub,39,15,,
infra_pub,40,15,,
infra_pub,41,15,,
infra_pub,42,16,,
infra_pub,43,15,,
infra_pub,44,15,,
infra_pub,45,15,,
infra_pub,46,16,,
infra_pub,47,15,,
infra_pub,48,15,,
infra_pub,49,15,,
infra_pub,50,15,-0.13265162886391654,0.6374415035750959
infra_pub,51,16,,
infra_pub,52,15,,
infra_pub,53,15,,
infra_pub,54,15,0.24899695447462575,0.37083407426092163
infra_pub,55,16,,
infra_pub,56,15,,
infra_pub,57,15,,
infra_pub,58,15,,
infra_pub,59,16,,
infra_pub,60,15,,
infra_pub,61,15,,
infra_pub,62,15,,
infra_pub,63,16,,
infra_pub,64,15,,
infra_pub,65,15,,
infra_pub,66,15,,
infra_pub,67,16,,
infra_pub,68,15,,
infra_pub,69,15,,
infra_pub,70,15,,
infra_pub,71,16,,
infra_pub,72,15,-0.4114782877271935,0.12754977077540153
infra_pub,73,15,0.12393943320395888,0.6598823609270037
infra_pub,74,15,,
infra_pub,75,15,,
infra_pub,76,16,,
infra_pub,77,15,,
infra_pub,78,15,,
infra_pub,79,15,,
infra_pub,80,16,,
infra_pub,81,15,,
infra_pub,82,15,,
infra_pub,83,15,,
infra_pub,84,16,,
infra_pub,85,15,,
infra_pub,86,15,,
infra_pub,87,15,-0.21708861918969313,0.4370541648927192
infra_pub,88,16,,
infra_pub,89,15,,
infra_pub,90,15,,
infra_pub,91,15,,
infra_pub,92,16,,
infra_pub,93,15,,
infra_pub,94,15,,
infra_pub,95,15,,
infra_pub,96,16,,
infra_pub,97,15,,
infra_pub,98,15,,
infra_pub,99,15,,
infra_pub,100,15,,
infra_research_institute,1,16,,
infra_research_institute,2,15,,
infra_research_institute,3,15,,
infra_research_institute,4,15,,
infra_research_institute,5,16,,
infra_research_institute,6,15,,
infra_research_institute,7,15,,
infra_research_institute,8,15,,
infra_research_institute,9,16,,
infra_research_institute,10,15,,
infra_research_institute,11,15,,
infra_research_institute,12,15,,
infra_research_institute,13,16,,
infra_research_institute,14,15,,
infra_research_institute,15,15,0.22664920695581228,0.4166147682256395
infra_research_institute,16,15,,
infra_research_institute,17,16,,
infra_research_institute,18,15,,
infra_research_institute,19,15,,
infra_research_institute,20,15,,
infra_research_institute,21,16,,
infra_research_institute,22,15,,
infra_research_institute,23,15,,
infra_research_institute,24,15,,
infra_research_institute,25,15,,
infra_research_institute,26,16,,
infra_research_institute,27,15,,
infra_research_institute,28,15,,
infra_research_institute,29,15,,
infra_research_institute,30,16,,
infra_research_institute,31,15,,
infra_research_institute,32,15,,
infra_research_institute,33,15,,
infra_research_institute,34,16,,
infra_research_institute,35,15,,
infra_research_institute,36,15,,
infra_research_institute,37,15,,
infra_research_institute,38,16,,
infra_research_institute,39,15,,
infra_research_institute,40,15,,
infra_research_institute,41,15,,
infra_research_institute,42,16,,
infra_research_institute,43,15,,
infra_research_institute,44,15,,
infra_research_institute,45,15,,
infra_research_institute,46,16,,
infra_research_institute,47,15,,
infra_research_institute,48,15,,
infra_research_institute,49,15,,
infra_research_institute,50,15,,
infra_research_institute,51,16,,
infra_research_institute,52,15,,
infra_research_institute,53,15,,
infra_research_institute,54,15,,
infra_research_institute,55,16,,
infra_research_institute,56,15,,
infra_research_institute,57,15,,
infra_research_institute,58,15,,
infra_research_institute,59,16,,
infra_research_institute,60,15,0.09475469231590529,0.7369440872766233
infra_research_institute,61,15,,
infra_research_institute,62,15,,
infra_research_institute,63,16,,
infra_research_institute,64,15,,
infra_research_institute,65,15,,
infra_research_institute,66,15,,
infra_research_institute,67,16,,
infra_research_institute,68,15,,
infra_research_institute,69,15,,
infra_research_institute,70,15,,
infra_research_institute,71,16,,
infra_research_institute,72,15,,
infra_research_institute,73,15,,
infra_research_institute,74,15,,
infra_research_institute,75,15,,
infra_research_institute,76,16,,
infra_research_institute,77,15,,
infra_research_institute,78,15,,
infra_research_institute,79,15,,
infra_research_institute,80,16,,
infra_research_institute,81,15,,
infra_research_institute,82,15,,
infra_research_institute,83,15,,
infra_research_institute,84,16,,
infra_research_institute,85,15,,
infra_research_institute,86,15,,
infra_research_institute,87,15,,
infra_research_institute,88,16,,
infra_research_institute,89,15,,
infra_research_institute,90,15,,
infra_research_institute,91,15,,
infra_research_institute,92,16,,
infra_research_institute,93,15,,
infra_research_institute,94,15,,
infra_research_institute,95,15,,
infra_research_institute,96,16,,
infra_research_institute,97,15,,
infra_research_institute,98,15,,
infra_research_institute,99,15,,
infra_research_institute,100,15,,
infra_restaurant,1,16,0.1969098565143012,0.4648087359458406
infra_restaurant,2,15,,
infra_restaurant,3,15,,
infra_restaurant,4,15,,
infra_restaurant,5,16,,
infra_restaurant,6,15,,
infra_restaurant,7,15,,
infra_restaurant,8,15,,
infra_restaurant,9,16,,
infra_restaurant,10,15,,
infra_restaurant,11,15,,
infra_restaurant,12,15,,
infra_restaurant,13,16,,
infra_restaurant,14,15,,
infra_restaurant,15,15,,
infra_restaurant,16,15,,
infra_restaurant,17,16,,
infra_restaurant,18,15,,
infra_restaurant,19,15,,
infra_restaurant,20,15,,
infra_restaurant,21,16,,
infra_restaurant,22,15,,
infra_restaurant,23,15,,
infra_restaurant,24,15,,
infra_restaurant,25,15,,
infra_restaurant,26,16,,
infra_restaurant,27,15,,
infra_restaurant,28,15,,
infra_restaurant,29,15,,
infra_restaurant,30,16,,
infra_restaurant,31,15,,
infra_restaurant,32,15,,
infra_restaurant,33,15,,
infra_restaurant,34,16,,
infra_restaurant,35,15,,
infra_restaurant,36,15,,
infra_restaurant,37,15,,
infra_restaurant,38,16,,
infra_restaurant,39,15,,
infra_restaurant,40,15,,
infra_restaurant,41,15,,
infra_restaurant,42,16,,
infra_restaurant,43,15,,
infra_restaurant,44,15,,
infra_restaurant,45,15,,
infra_restaurant,46,16,,
infra_restaurant,47,15,,
infra_restaurant,48,15,,
infra_restaurant,49,15,,
infra_restaurant,50,15,,
infra_restaurant,51,16,,
infra_restaurant,52,15,,
infra_restaurant,53,15,,
infra_restaurant,54,15,,
infra_restaurant,55,16,,
infra_restaurant,56,15,,
infra_restaurant,57,15,,
infra_restaurant,58,15,,
infra_restaurant,59,16,,
infra_restaurant,60,15,,
infra_restaurant,61,15,,
infra_restaurant,62,15,,
infra_restaurant,63,16,,
infra_restaurant,64,15,,
infra_restaurant,65,15,,
infra_restaurant,66,15,,
infra_restaurant,67,16,,
infra_restaurant,68,15,,
infra_restaurant,69,15,,
infra_restaurant,70,15,,
infra_restaurant,71,16,,
infra_restaurant,72,15,,
infra_restaurant,73,15,,
infra_restaurant,74,15,,
infra_restaurant,75,15,,
infra_restaurant,76,16,,
infra_restaurant,77,15,,
infra_restaurant,78,15,,
infra_restaurant,79,15,,
infra_restaurant,80,16,,
infra_restaurant,81,15,,
infra_restaurant,82,15,,
infra_restaurant,83,15,,
infra_restaurant,84,16,,
infra_restaurant,85,15,,
infra_restaurant,86,15,,
infra_restaurant,87,15,,
infra_restaurant,88,16,,
infra_restaurant,89,15,,
infra_restaurant,90,15,,
infra_restaurant,91,15,,
infra_restaurant,92,16,,
infra_restaurant,93,15,,
infra_restaurant,94,15,,
infra_restaurant,95,15,,
infra_restaurant,96,16,,
infra_restaurant,97,15,,
infra_restaurant,98,15,,
infra_restaurant,99,15,,
infra_restaurant,100,15,,
infra_school,1,16,0.3903588979879642,0.13495845646162638
infra_school,2,15,-0.21041606760669293,0.4516136730653463
infra_school,3,15,-0.5847499104626834,0.022047695448104795
infra_school,4,15,-0.18384141962462483,0.5119070788981068
infra_school,5,16,-0.2881774270045688,0.27908532100980954
infra_school,6,15,-0.07540859857356694,0.7893931146609535
infra_school,7,15,0.5885921667406313,0.02098238512711059
infra_school,8,15,0.11095838098928043,0.6938190675979332
infra_school,9,16,0.08918308801788484,0.7425712612938379
infra_school,10,15,-0.30151134457776363,0.2747847594918623
infra_school,11,15,0.6385511767292796,0.010404185054971711
infra_school,12,15,-0.373844658205087,0.16985339840170216
infra_school,13,16,-0.14975753361356942,0.5798690772714709
infra_school,14,15,0.4654843557260389,0.08036456709004249
infra_school,15,15,0.006319627931482983,0.9821668603082414
infra_school,16,15,-0.42707954642436047,0.11234512945106405
infra_school,17,16,0.186677488863775,0.48877260022621105
infra_school,18,15,0.6266079531946702,0.012432491572316904
infra_school,19,15,-0.1234661995811987,0.6611092619338315
infra_school,20,15,-0.24197682056317668,0.38490886071866903
infra_school,21,16,-0.2049882972762153,0.44630886630071887
infra_school,22,15,0.2905306153312172,0.2934976265415294
infra_school,23,15,0.2536932000847572,0.36157771255155136
infra_school,24,15,0.4293371727543913,0.11025399008471438
infra_school,25,15,0.051399208839007726,0.8556477810135875
infra_school,26,16,0.16938200608205592,0.5305765279928504
infra_school,27,15,0.1690308509457033,0.5470282358545145
infra_school,28,15,0.21372361078037638,0.4443666967870705
infra_school,29,15,0.3865431583774905,0.1546682943821514
infra_school,30,16,0.6623695026389843,0.0051780680820707504
infra_school,31,15,0.032969023669789356,0.9071441751991168
infra_school,32,15,0.14749763190156093,0.5998743582602521
infra_school,33,15,-0.3645302054908876,0.18159511713536622
infra_school,34,16,-0.15357086585712929,0.5701434074938788
infra_school,35,15,0.32546649727149174,0.23651361821302716
infra_school,36,15,0.29790113197520307,0.28085618393738687
infra_school,37,15,0.26869122759527936,0.33288273083872677
infra_school,38,16,0.12765694770084507,0.6375390186995689
infra_school,39,15,0.5334611888333874,0.04056562416040479
infra_school,40,15,0.11155469032460949,0.6922476603215704
infra_school,41,15,-0.3002717757795527,0.2768604362725164
infra_school,42,16,0.24960565790624414,0.3511771308068984
infra_school,43,15,-0.2344036154692477,0.40040875697374034
infra_school,44,15,,
infra_school,45,15,,
infra_school,46,16,-0.32203059435976533,0.22384560312339372
infra_school,47,15,-0.1889822365046136,0.499963978962368
infra_school,48,15,,
infra_school,49,15,,
infra_school,50,15,0.7680980900912249,0.0008242710687874254
infra_school,51,16,-0.2801734005332707,0.29324807865724584
infra_school,52,15,0.36059511908767067,0.18671064625778944
infra_school,53,15,0.43855936083254204,0.10199232456662123
infra_school,54,15,0.3514792756740963,0.19891736326926326
infra_school,55,16,0.6085035114572639,0.012373618036253796
infra_school,56,15,0.159531677404575,0.5700898303347339
infra_school,57,15,0.13296949057141233,0.636628114608126
infra_school,58,15,0.3287891113295833,0.23148211781795155
infra_school,59,16,0.10622420670239079,0.6953973591080769
infra_school,60,15,0.30996448871819526,0.2608797179708522
infra_school,61,15,0.2573244281923848,0.35450873042594966
infra_school,62,15,-0.2240167158400097,0.4221925924687555
infra_school,63,16,0.6125905313522623,0.011643721431809676
infra_school,64,15,0.23532669106974508,0.3985021041120448
infra_school,65,15,-0.09137439948201681,0.746037823296847
infra_school,66,15,0.46581702685398396,0.08011977929397256
infra_school,67,16,0.2385744632087066,0.37355397749515995
infra_school,68,15,0.32046570911959754,0.24421346418828108
infra_school,69,15,-0.011593472394004208,0.9672904460995666
infra_school,70,15,-0.0038287628433686977,0.989195245724497
infra_school,71,16,-0.21259572661443768,0.429234695557439
infra_school,72,15,0.63352448757193,0.011223717300523694
infra_school,73,15,0.5593269136768629,0.030170644610199665
infra_school,74,15,0.2590276650923569,0.35121964316998566
infra_school,75,15,0.2671618698168114,0.33574786646247323
infra_school,76,16,0.19709872944491721,0.4643719399199122
infra_school,77,15,0.2679236004050845,0.33431908300001034
infra_school,78,15,0.20253511168194974,0.4691150745406987
infra_school,79,15,0.6581778786082481,0.007640754362429128
infra_school,80,16,0.5566885291888428,0.02510582020268914
infra_school,81,15,0.37547251146827815,0.16785399757941669
infra_school,82,15,0.4607880896569071,0.08387732076683331
infra_school,83,15,0.2482619949886758,0.3722942798511364
infra_school,84,16,0.43003957817938737,0.0963955996934337
infra_school,85,15,-0.008653574133786724,0.9755823425506346
infra_school,86,15,0.5671431227224057,0.027465955187137604
infra_school,87,15,-0.2401043725439869,0.38871077639022245
infra_school,88,16,0.682133588868288,0.0036029775924135417
infra_school,89,15,0.338774950509146,0.21676535945155162
infra_school,90,15,0.23686536112610856,0.39533462503204775
infra_school,91,15,0.47099775437849206,0.07637600594034749
infra_school,92,16,0.08913514233083392,0.7427052931410931
infra_school,93,15,0.4479094443445598,0.09406803127364564
infra_school,94,15,0.24879743863551737,0.37123015970319595
infra_school,95,15,0.07808252703761802,0.7820883496854845
infra_school,96,16,0.10238429338954814,0.705942914504016
infra_school,97,15,0.43915503282683993,0.10147403032827043
infra_school,98,15,-0.13600183827918366,0.6288879789554316
infra_school,99,15,0.03426987553973394,0.9034958435917846
infra_school,100,15,0.5334350231143624,0.040577330752747456
infra_social_facility,1,16,0.13221362413253193,0.6254739296924069
infra_social_facility,2,15,0.207481250689683,0.4580928071317302
infra_social_facility,3,15,0.31873930839590203,0.24690711827442283
infra_social_facility,4,15,0.22620696417943206,0.4175491279778225
infra_social_facility,5,16,-0.08495907904857464,0.7544056557951513
infra_social_facility,6,15,0.13893257026057912,0.6214411304719185
infra_social_facility,7,15,0.4003973618010964,0.1391657529568268
infra_social_facility,8,15,,
infra_social_facility,9,16,,
infra_social_facility,10,15,,
infra_social_facility,11,15,0.3006456771450211,0.2762333465417117
infra_social_facility,12,15,-0.15513667744388276,0.5808955029301004
infra_social_facility,13,16,-0.018630261444834453,0.9454024817924238
infra_social_facility,14,15,-0.04043846550516414,0.8862211137733363
infra_social_facility,15,15,0.16153212941193731,0.5651995624376969
infra_social_facility,16,15,-0.21331293148533878,0.4452633265545979
infra_social_facility,17,16,0.06411965921842706,0.8134982635166733
infra_social_facility,18,15,0.18371316597345408,0.5122066987343806
infra_social_facility,19,15,0.2309841088399489,0.40751372026688715
infra_social_facility,20,15,0.10310587080239528,0.714618132564652
infra_social_facility,21,16,-0.36232865092627065,0.16784699040661039
infra_social_facility,22,15,0.5865464152543313,0.02154457886557162
infra_social_facility,23,15,-0.2899908350023877,0.29443638720155796
infra_social_facility,24,15,0.03390577342415128,0.9045168163032061
infra_social_facility,25,15,,
infra_social_facility,26,16,0.30895719032666236,0.24428393197604537
infra_social_facility,27,15,-0.34455850758490425,0.2085190039703941
infra_social_facility,28,15,-0.12047748131326264,0.6688761800551453
infra_social_facility,29,15,0.12851177623425633,0.6480699321641248
infra_social_facility,30,16,0.45671194924297037,0.07534598708917441
infra_social_facility,31,15,0.08823571699109753,0.7545095406086629
infra_social_facility,32,15,-0.38115410316982834,0.16099754847440298
infra_social_facility,33,15,-0.2960302097797445,0.28403379910602644
infra_social_facility,34,16,-0.2650356625796317,0.32117931088576895
infra_social_facility,35,15,0.4098311954636167,0.12923296588371527
infra_social_facility,36,15,-0.1603100143450206,0.5681850156186442
infra_social_facility,37,15,,
infra_social_facility,38,16,0.02810913475705226,0.9176967790316863
infra_social_facility,39,15,0.4525614524571496,0.09029144510803067
infra_social_facility,40,15,0.13992439905942286,0.6189285969456337
infra_social_facility,41,15,-0.18203330227220277,0.5161385200468546
infra_social_facility,42,16,0.29106721050084694,0.2740753915826036
infra_social_facility,43,15,0.29300451933655963,0.28921774491736385
infra_social_facility,44,15,,
infra_social_facility,45,15,,
infra_social_facility,46,16,,
infra_social_facility,47,15,-0.10482848367219183,0.7100388684917884
infra_social_facility,48,15,,
infra_social_facility,49,15,,
infra_social_facility,50,15,0.29201905131946526,0.2909181643864371
infra_social_facility,51,16,,
infra_social_facility,52,15,0.3141428414078655,0.25416764045584167
infra_social_facility,53,15,-0.43852900965351455,0.10201878256654028
infra_social_facility,54,15,0.12739761854234838,0.6509412642396094
infra_social_facility,55,16,-0.3855202008618119,0.14029153089336313
infra_social_facility,56,15,0.43378801621385615,0.10621077351772723
infra_social_facility,57,15,-0.12393943320395888,0.6598823609270037
infra_social_facility,58,15,-0.25174332748074973,0.3654053588598478
infra_social_facility,59,16,0.22571059707475147,0.4006097483984381
infra_social_facility,60,15,0.47925604803135,0.07066980275359927
infra_social_facility,61,15,,
infra_social_facility,62,15,-0.09127441679542013,0.7463072793357761
infra_social_facility,63,16,-0.05249241375400982,0.846904697892623
infra_social_facility,64,15,0.6251603179053254,0.01269780363830479
infra_social_facility,65,15,0.45514141544290837,0.08824380630959396
infra_social_facility,66,15,,
infra_social_facility,67,16,0.30874342297597324,0.24462746567335608
infra_social_facility,68,15,0.1453667251962274,0.6052120932052327
infra_social_facility,69,15,0.2293688170239308,0.41089274299643863
infra_social_facility,70,15,0.23988912877813762,0.3891491018087513
infra_social_facility,71,16,0.19501609092627356,0.4691995374873712
infra_social_facility,72,15,0.27431885848479565,0.32245986194047505
infra_social_facility,73,15,0.0454733399748667,0.8721560987486364
infra_social_facility,74,15,,
infra_social_facility,75,15,-0.031555529791709655,0.9111103708768518
infra_social_facility,76,16,-0.02060432756929697,0.9396266672951958
infra_social_facility,77,15,0.3098485830098972,0.26106742829216406
infra_social_facility,78,15,0.05796736197002103,0.8374151354127659
infra_social_facility,79,15,-0.23186944788008412,0.40566788148338806
infra_social_facility,80,16,,
infra_social_facility,81,15,,
infra_social_facility,82,15,0.09337385792798464,0.7406549985356832
infra_social_facility,83,15,0.03323217342011392,0.9064060117729507
infra_social_facility,84,16,-0.38351599760355987,0.14254204341993368
infra_social_facility,85,15,0.40278236973489945,0.1366073538157441
infra_social_facility,86,15,0.4103646773287979,0.12868614086697902
infra_social_facility,87,15,0.06202531976848375,0.8261882588010975
infra_social_facility,88,16,-0.03486509069123271,0.8980021582606189
infra_social_facility,89,15,0.04082350974836797,0.8851443210078009
infra_social_facility,90,15,0.17399191137365114,0.5351481174313905
infra_social_facility,91,15,-0.06191426270577065,0.8264951070952101
infra_social_facility,92,16,0.1575979333034009,0.5599483641636642
infra_social_facility,93,15,0.2707570785252235,0.32903462897701496
infra_social_facility,94,15,-0.3427121182903,0.21112958948539723
infra_social_facility,95,15,0.28721631214433424,0.2992895701249722
infra_social_facility,96,16,-0.16558986284714,0.5399520885561632
infra_social_facility,97,15,-0.18557687223952254,0.507860722329454
infra_social_facility,98,15,0.2796450759873114,0.3127699044948994
infra_social_facility,99,15,0.07728981596002805,0.7842521818638912
infra_social_facility,100,15,,
infra_stripclub,1,16,0.0843899385061291,0.7560042004779053
infra_stripclub,2,15,,
infra_stripclub,3,15,,
infra_stripclub,4,15,,
infra_stripclub,5,16,,
infra_stripclub,6,15,,
infra_stripclub,7,15,,
infra_stripclub,8,15,,
infra_stripclub,9,16,,
infra_stripclub,10,15,,
infra_stripclub,11,15,,
infra_stripclub,12,15,,
infra_stripclub,13,16,,
infra_stripclub,14,15,,
infra_stripclub,15,15,-0.38854149763853535,0.1523641450014785
infra_stripclub,16,15,,
infra_stripclub,17,16,,
infra_stripclub,18,15,,
infra_stripclub,19,15,,
infra_stripclub,20,15,,
infra_stripclub,21,16,,
infra_stripclub,22,15,,
infra_stripclub,23,15,,
infra_stripclub,24,15,,
infra_stripclub,25,15,,
infra_stripclub,26,16,,
infra_stripclub,27,15,,
infra_stripclub,28,15,,
infra_stripclub,29,15,,
infra_stripclub,30,16,,
infra_stripclub,31,15,,
infra_stripclub,32,15,,
infra_stripclub,33,15,,
infra_stripclub,34,16,,
infra_stripclub,35,15,,
infra_stripclub,36,15,,
infra_stripclub,37,15,,
infra_stripclub,38,16,,
infra_stripclub,39,15,,
infra_stripclub,40,15,,
infra_stripclub,41,15,,
infra_stripclub,42,16,,
infra_stripclub,43,15,,
infra_stripclub,44,15,,
infra_stripclub,45,15,,
infra_stripclub,46,16,,
infra_stripclub,47,15,,
infra_stripclub,48,15,,
infra_stripclub,49,15,,
infra_stripclub,50,15,,
infra_stripclub,51,16,,
infra_stripclub,52,15,,
infra_stripclub,53,15,,
infra_stripclub,54,15,-0.18674771585596928,0.5051391657299913
infra_stripclub,55,16,,
infra_stripclub,56,15,,
infra_stripclub,57,15,,
infra_stripclub,58,15,,
infra_stripclub,59,16,,
infra_stripclub,60,15,,
infra_stripclub,61,15,,
infra_stripclub,62,15,,
infra_stripclub,63,16,,
infra_stripclub,64,15,,
infra_stripclub,65,15,,
infra_stripclub,66,15,,
infra_stripclub,67,16,,
infra_stripclub,68,15,,
infra_stripclub,69,15,,
infra_stripclub,70,15,,
infra_stripclub,71,16,,
infra_stripclub,72,15,,
infra_stripclub,73,15,,
infra_stripclub,74,15,,
infra_stripclub,75,15,,
infra_stripclub,76,16,,
infra_stripclub,77,15,,
infra_stripclub,78,15,,
infra_stripclub,79,15,,
infra_stripclub,80,16,,
infra_stripclub,81,15,,
infra_stripclub,82,15,,
infra_stripclub,83,15,,
infra_stripclub,84,16,,
infra_stripclub,85,15,,
infra_stripclub,86,15,,
infra_stripclub,87,15,,
infra_stripclub,88,16,,
infra_stripclub,89,15,,
infra_stripclub,90,15,,
infra_stripclub,91,15,,
infra_stripclub,92,16,,
infra_stripclub,93,15,,
infra_stripclub,94,15,,
infra_stripclub,95,15,,
infra_stripclub,96,16,,
infra_stripclub,97,15,,
infra_stripclub,98,15,,
infra_stripclub,99,15,,
infra_stripclub,100,15,,
infra_supermarket,1,16,0.052262023745525577,0.8475692982811354
infra_supermarket,2,15,-0.23447336807173472,0.40026451189318046
infra_supermarket,3,15,-0.19376735417966448,0.48896546878867353
infra_supermarket,4,15,0.25178552978550434,0.36532228019050395
infra_supermarket,5,16,-0.05484084971070817,0.8401358116763341
infra_supermarket,6,15,-0.10308139731958488,0.7146832565611023
infra_supermarket,7,15,0.3297390038361971,0.2300560564765951
infra_supermarket,8,15,-0.35805743701971643,0.19005867543196814
infra_supermarket,9,16,-0.3350102745558276,0.2046618221187621
infra_supermarket,10,15,-0.16116459280507606,0.5660967046530827
infra_supermarket,11,15,-0.15641237740115502,0.5777503626492144
infra_supermarket,12,15,0.5429783710535896,0.036471700836154364
infra_supermarket,13,16,,
infra_supermarket,14,15,0.44728753343474437,0.09458120307097947
infra_supermarket,15,15,0.23743087646607486,0.39417383673259765
infra_supermarket,16,15,-0.05270828656965926,0.8520081929641294
infra_supermarket,17,16,,
infra_supermarket,18,15,0.5630291539108476,0.02886561748087626
infra_supermarket,19,15,0.12106856941032183,0.6673375898714802
infra_supermarket,20,15,0.328431648755488,0.2320201969270102
infra_supermarket,21,16,0.0,1.0
infra_supermarket,22,15,-0.11503121603883583,0.6831095940378242
infra_supermarket,23,15,0.0,1.0
infra_supermarket,24,15,0.6468809284731755,0.009149618539117887
infra_supermarket,25,15,0.5227044391950171,0.045593657360811106
infra_supermarket,26,16,0.37880720420707903,0.1479259739869347
infra_supermarket,27,15,-0.15661750344768377,0.5772452986258966
infra_supermarket,28,15,-0.11620995513850352,0.6800204451743705
infra_supermarket,29,15,-0.2891514965270767,0.2958996341273687
infra_supermarket,30,16,0.4238404399805123,0.10183103158013461
infra_supermarket,31,15,0.16160558628506452,0.5650203292116007
infra_supermarket,32,15,0.256383092868,0.35633383213067304
infra_supermarket,33,15,0.012528849569255493,0.9646528566779027
infra_supermarket,34,16,-0.17243221496361694,0.5230890198938362
infra_supermarket,35,15,-0.031294855506874206,0.9118420257129303
infra_supermarket,36,15,,
infra_supermarket,37,15,0.11675785989773362,0.6785861410568006
infra_supermarket,38,16,-0.2517646907999763,0.3468878128366232
infra_supermarket,39,15,-0.11884567213538211,0.6731300810857139
infra_supermarket,40,15,0.6410626463553841,0.010012613040619152
infra_supermarket,41,15,0.31426968052735454,0.2539655549894991
infra_supermarket,42,16,0.12331332275655295,0.6491200158211432
infra_supermarket,43,15,,
infra_supermarket,44,15,,
infra_supermarket,45,15,,
infra_supermarket,46,16,-0.09759000729485333,0.719180010583985
infra_supermarket,47,15,,
infra_supermarket,48,15,,
infra_supermarket,49,15,,
infra_supermarket,50,15,,
infra_supermarket,51,16,-0.16890522413463205,0.5317512580643184
infra_supermarket,52,15,0.6071832130576655,0.016372229130522126
infra_supermarket,53,15,,
infra_supermarket,54,15,0.3479838227473023,0.20373066092434738
infra_supermarket,55,16,-0.30179106068831335,0.25596428920550457
infra_supermarket,56,15,,
infra_supermarket,57,15,-0.34083344131088694,0.21380704244121862
infra_supermarket,58,15,0.10441244095242733,0.7111440086619538
infra_supermarket,59,16,-0.17019607791266578,0.5285734675273697
infra_supermarket,60,15,0.32447769673251375,0.23802398812310374
infra_supermarket,61,15,0.535631850566914,0.039603184441659514
infra_supermarket,62,15,0.10285461560335105,0.7152868100879162
infra_supermarket,63,16,-0.4636297123528547,0.07047963654557453
infra_supermarket,64,15,-0.0909466799497334,0.7471907300892378
infra_supermarket,65,15,,
infra_supermarket,66,15,0.3104053643808082,0.26016646554672307
infra_supermarket,67,16,-0.19647308734834662,0.46581960467739003
infra_supermarket,68,15,0.06191426270577065,0.8264951070952101
infra_supermarket,69,15,0.19225598974127658,0.4924268759988861
infra_supermarket,70,15,0.38652338978636697,0.15469120363961922
infra_supermarket,71,16,-0.052297636036849074,0.8474665620781854
infra_supermarket,72,15,0.22859904873732975,0.4125081465595355
infra_supermarket,73,15,0.725175144078082,0.002218866602250778
infra_supermarket,74,15,0.30887080497887376,0.2626542138907013
infra_supermarket,75,15,0.22088870854196757,0.42887001109658196
infra_supermarket,76,16,-0.2060432756929697,0.44392079189697065
infra_supermarket,77,15,-0.04838100076197733,0.8640493957019071
infra_supermarket,78,15,-0.43378801621385615,0.10621077351772723
infra_supermarket,79,15,-0.06196971660197944,0.8263418862485808
infra_supermarket,80,16,0.18814417367671948,0.4853018442946433
infra_supermarket,81,15,,
infra_supermarket,82,15,0.26334979635304673,0.3429499489668695
infra_supermarket,83,15,0.4454121102358138,0.09614063640883548
infra_supermarket,84,16,0.19676394329936583,0.4651463202970534
infra_supermarket,85,15,0.31974917141296777,0.2453292472719702
infra_supermarket,86,15,-0.09119215051751063,0.7465290096321747
infra_supermarket,87,15,-0.40316457849514437,0.1362003431950095
infra_supermarket,88,16,0.18731808733707858,0.4872552318206762
infra_supermarket,89,15,0.2053674377896953,0.46278764333967315
infra_supermarket,90,15,0.03948687373080935,0.8888830698825556
infra_supermarket,91,15,-0.03492435428230712,0.9016609843020582
infra_supermarket,92,16,-0.052858934151451244,0.8458476049934649
infra_supermarket,93,15,-0.2707570785252235,0.32903462897701496
infra_supermarket,94,15,,
infra_supermarket,95,15,,
infra_supermarket,96,16,-0.14013108387380901,0.6047220285148525
infra_supermarket,97,15,0.3092947870658709,0.26196543825171664
infra_supermarket,98,15,-0.3098485830098972,0.26106742829216406
infra_supermarket,99,15,-0.1859091498059383,0.5070876760723958
infra_supermarket,100,15,0.31526243910883905,0.2523872454794932
infra_tobacco,1,16,-0.22503983601634425,0.40204850076142096
infra_tobacco,2,15,0.207481250689683,0.4580928071317302
infra_tobacco,3,15,,
infra_tobacco,4,15,-0.3554680865676789,0.1935146650354946
infra_tobacco,5,16,-0.04436843199879214,0.8703951441418054
infra_tobacco,6,15,0.3345316132263609,0.22294485049525456
infra_tobacco,7,15,,
infra_tobacco,8,15,,
infra_tobacco,9,16,-0.3350102745558276,0.2046618221187621
infra_tobacco,10,15,,
infra_tobacco,11,15,,
infra_tobacco,12,15,-0.0932895474295934,0.7408817508869692
infra_tobacco,13,16,,
infra_tobacco,14,15,0.45643546458763845,0.08722923494097645
infra_tobacco,15,15,,
infra_tobacco,16,15,0.15548257904932236,0.5800420131800837
infra_tobacco,17,16,,
infra_tobacco,18,15,0.25035884405499365,0.3681365715280167
infra_tobacco,19,15,,
infra_tobacco,20,15,,
infra_tobacco,21,16,,
infra_tobacco,22,15,,
infra_tobacco,23,15,,
infra_tobacco,24,15,,
infra_tobacco,25,15,,
infra_tobacco,26,16,-0.06299407883487121,0.8167199581776676
infra_tobacco,27,15,,
infra_tobacco,28,15,,
infra_tobacco,29,15,,
infra_tobacco,30,16,0.0,1.0
infra_tobacco,31,15,,
infra_tobacco,32,15,,
infra_tobacco,33,15,-0.033618431180069096,0.9053226460051695
infra_tobacco,34,16,,
infra_tobacco,35,15,,
infra_tobacco,36,15,,
infra_tobacco,37,15,,
infra_tobacco,38,16,,
infra_tobacco,39,15,,
infra_tobacco,40,15,,
infra_tobacco,41,15,0.3464674335917916,0.20584170724866038
infra_tobacco,42,16,0.4158103007154956,0.1091890321801267
infra_tobacco,43,15,,
infra_tobacco,44,15,,
infra_tobacco,45,15,,
infra_tobacco,46,16,,
infra_tobacco,47,15,,
infra_tobacco,48,15,,
infra_tobacco,49,15,,
infra_tobacco,50,15,,
infra_tobacco,51,16,,
infra_tobacco,52,15,0.43417723837938627,0.10586217881325936
infra_tobacco,53,15,,
infra_tobacco,54,15,,
infra_tobacco,55,16,,
infra_tobacco,56,15,,
infra_tobacco,57,15,,
infra_tobacco,58,15,,
infra_tobacco,59,16,,
infra_tobacco,60,15,,
infra_tobacco,61,15,,
infra_tobacco,62,15,,
infra_tobacco,63,16,,
infra_tobacco,64,15,,
infra_tobacco,65,15,,
infra_tobacco,66,15,,
infra_tobacco,67,16,,
infra_tobacco,68,15,,
infra_tobacco,69,15,,
infra_tobacco,70,15,,
infra_tobacco,71,16,,
infra_tobacco,72,15,,
infra_tobacco,73,15,,
infra_tobacco,74,15,,
infra_tobacco,75,15,,
infra_tobacco,76,16,,
infra_tobacco,77,15,,
infra_tobacco,78,15,,
infra_tobacco,79,15,,
infra_tobacco,80,16,,
infra_tobacco,81,15,,
infra_tobacco,82,15,0.21787233516529753,0.43535986119601067
infra_tobacco,83,15,,
infra_tobacco,84,16,,
infra_tobacco,85,15,,
infra_tobacco,86,15,0.3106848830006,0.25971487287315476
infra_tobacco,87,15,,
infra_tobacco,88,16,,
infra_tobacco,89,15,0.0932895474295934,0.7408817508869692
infra_tobacco,90,15,,
infra_tobacco,91,15,0.2476570508230826,0.3734985191520832
infra_tobacco,92,16,,
infra_tobacco,93,15,,
infra_tobacco,94,15,,
infra_tobacco,95,15,,
infra_tobacco,96,16,,
infra_tobacco,97,15,,
infra_tobacco,98,15,,
infra_tobacco,99,15,,
infra_tobacco,100,15,,
