variable,z_percentile,n,rho_spearman,p_value
arson,1,16,0.7051426382369971,0.00228072249586149
arson,2,15,0.020464323310205642,0.9422925204208006
arson,3,15,0.33086930789948615,0.22836631426997225
arson,4,15,0.15168793027429117,0.5894331556540748
arson,5,16,0.3507560358910552,0.18285841984096463
arson,6,15,0.7882470461047654,0.00048120371945901275
arson,7,15,0.5038350609598345,0.05550573990263258
arson,8,15,0.5440972463481817,0.03601152668463212
arson,9,16,0.10919628557456877,0.6872708043401561
arson,10,15,0.4597577237003904,0.08466238526733362
arson,11,15,0.6803246001822181,0.005252393802297145
arson,12,15,0.7572927551145564,0.001077203407439829
arson,13,16,0.6508244002067668,0.006326522459520502
arson,14,15,0.6709803492807217,0.006174736419503858
arson,15,15,0.2139653457372348,0.44383934443254014
arson,16,15,0.1846160650058954,0.5100991017551746
arson,17,16,0.7091281782293488,0.002098159114339189
arson,18,15,0.716762497568858,0.0026392046223783624
arson,19,15,0.28863750674525634,0.29679779745136586
arson,20,15,0.6712718565645903,0.006144156935109867
arson,21,16,0.6300917520194851,0.008891829700343806
arson,22,15,0.33822195692530915,0.21756446888910153
arson,23,15,0.28265303218545884,0.3073729226015695
arson,24,15,-0.14823940772425837,0.5980206822132457
arson,25,15,0.17291094921608238,0.5377268876895713
arson,26,16,0.4800047408109751,0.05987720046933031
arson,27,15,0.5141141594721822,0.049928665972029405
arson,28,15,0.737878271057303,0.001687442087029336
arson,29,15,0.5714986120469211,0.026040727449282618
arson,30,16,0.8450079591848384,3.785197854441846e-05
arson,31,15,0.42468309505476726,0.11459473264949131
arson,32,15,0.12791207700321347,0.6496148677737805
arson,33,15,0.12066322289618807,0.6683925664568156
arson,34,16,0.3352465419693975,0.20432280307939105
arson,35,15,0.7754383120280005,0.0006817401606076236
arson,36,15,0.15770341560242368,0.5745746036696076
arson,37,15,0.3256981508989995,0.23616063563290318
arson,38,16,0.510441260494631,0.0433544511387952
arson,39,15,0.5283324919697947,0.042908623453665445
arson,40,15,0.6096756719873678,0.01581904364860983
arson,41,15,0.23542654793464154,0.3982961339749589
arson,42,16,0.5680525745815047,0.021699539056822703
arson,43,15,0.3727875913107813,0.17116009694724887
arson,44,15,,
arson,45,15,,
arson,46,16,-0.507489183756441,0.044787095156246265
arson,47,15,0.12851177623425633,0.6480699321641248
arson,48,15,,
arson,49,15,,
arson,50,15,0.8714990071917934,2.315795434812301e-05
arson,51,16,0.056139297193884864,0.8363977756064559
arson,52,15,0.6927226515689331,0.004200643526257298
arson,53,15,0.4909220741438901,0.06314111791951275
arson,54,15,0.7540589501592287,0.001164018295649634
arson,55,16,0.6574921776175735,0.0056409198970107394
arson,56,15,0.809696098451165,0.0002540705242992256
arson,57,15,0.7672983848070166,0.0008411573977633603
arson,58,15,0.5353645955911746,0.03972075424452246
arson,59,16,0.5033558446527309,0.04685211876145034
arson,60,15,0.5689175474824529,0.02687836960034627
arson,61,15,0.64789414694777,0.009005477709509687
arson,62,15,0.018885014266053494,0.9467399587154068
arson,63,16,0.15379053242524515,0.5695852733815732
arson,64,15,-0.5103141065833655,0.0519400736277883
arson,65,15,0.8522577859625213,5.464156013962871e-05
arson,66,15,0.7168646608061067,0.002633744047269642
arson,67,16,0.8116691285081241,0.0001347639659826442
arson,68,15,0.9319609822484484,4.313732205234367e-07
arson,69,15,0.7374551971326166,0.0017033090684216868
arson,70,15,0.8415401760936999,8.383227630772809e-05
arson,71,16,0.7123797361304434,0.00195816187630408
arson,72,15,0.8872948612444043,1.0270947481373361e-05
arson,73,15,0.7062020262977928,0.003254548839979152
arson,74,15,0.5327276971369387,0.04089474275822893
arson,75,15,0.7771591093762106,0.0006514130333650522
arson,76,16,0.5660243618688565,0.02227969883221642
arson,77,15,0.8253908970506505,0.00015117553944269996
arson,78,15,0.7933541847594797,0.00041607357265554444
arson,79,15,0.8724200604772986,2.2151225228706916e-05
arson,80,16,0.8611530812511874,1.8332829269018502e-05
arson,81,15,0.876952164903847,1.7710405207816087e-05
arson,82,15,0.73646329364369,0.0017409804338497903
arson,83,15,0.9047710345471943,3.5879010252270017e-06
arson,84,16,0.8803583467782645,6.8193030788708215e-06
arson,85,15,0.8219544110739976,0.00017008940145687938
arson,86,15,0.7971326072617582,0.00037267479630395217
arson,87,15,0.6837882236210926,0.004939657920107517
arson,88,16,0.7612731204387461,0.0006132660907466779
arson,89,15,0.776983444089058,0.0006544577302678553
arson,90,15,0.8424927804137501,8.08055524805367e-05
arson,91,15,0.8012536783019802,0.00032962932248534465
arson,92,16,0.6220300080361193,0.01008701977986698
arson,93,15,0.7455209104480751,0.0014206881379425298
arson,94,15,0.5998231123371873,0.01809300713849246
arson,95,15,0.8617594254937162,3.633266719908983e-05
arson,96,16,0.853138622365439,2.6554578831496508e-05
arson,97,15,0.7878273714279476,0.00048690511454703585
arson,98,15,0.6517460087193762,0.008473650746322838
arson,99,15,0.7315990246537688,0.0019355455379104671
arson,100,15,0.8754746656028993,1.906842522665449e-05
assault,1,16,0.6242630871838051,0.009743975373002546
assault,2,15,-0.17169807684373384,0.5406268584369343
assault,3,15,0.7193411955126103,0.002504114878472177
assault,4,15,0.49672618000231145,0.05962044806544175
assault,5,16,0.7346181767055716,0.0011903570147208983
assault,6,15,0.6904846981852968,0.004376912539005167
assault,7,15,0.7708992893275451,0.0007672758608391919
assault,8,15,0.3242654497356571,0.23834896866484703
assault,9,16,0.6185583712171427,0.010639171863273997
assault,10,15,0.0,1.0
assault,11,15,0.8254154202518359,0.00015104706440344356
assault,12,15,0.7522550763173892,0.0012148481954358165
assault,13,16,0.7766699015680563,0.0004020645448636687
assault,14,15,0.7077478572757802,0.0031579519389850074
assault,15,15,0.36639674581314957,0.17920093211644467
assault,16,15,0.396774157198432,0.1431140387744784
assault,17,16,0.5631634947262625,0.023118268970431493
assault,18,15,0.8799161413307257,1.5227217272070685e-05
assault,19,15,0.7772909266606612,0.0006491358963326092
assault,20,15,0.7548583803659485,0.001142048576150962
assault,21,16,0.2933184213952713,0.27021060774419864
assault,22,15,0.5593275545127572,0.030170414937675173
assault,23,15,-0.024183796960722086,0.9318247028477744
assault,24,15,0.19771262487651362,0.47998445012028557
assault,25,15,0.5645500879365876,0.02834202982634045
assault,26,16,0.6390644422470537,0.0076963352497221955
assault,27,15,0.6492382728268505,0.008817010420125032
assault,28,15,0.749754730717506,0.0012882536578473966
assault,29,15,0.7512376246042091,0.0012442995125462944
assault,30,16,0.9347551398838491,1.1344580542775424e-07
assault,31,15,0.7698040943547262,0.0007891656748848509
assault,32,15,0.49696753268651783,0.059477213827034456
assault,33,15,0.14291607118427735,0.6113737651438127
assault,34,16,0.5632859757145365,0.023081877399865176
assault,35,15,0.8275186709024074,0.00014035710286821137
assault,36,15,0.6450712232900202,0.00941155185271227
assault,37,15,0.8194321687150398,0.0001851730495433525
assault,38,16,0.8752827118754609,8.994274854390306e-06
assault,39,15,0.57215450257636,0.02583105864961828
assault,40,15,0.8497269241281198,6.062999882138475e-05
assault,41,15,0.6679797245994689,0.006496535177949868
assault,42,16,0.502284124359045,0.047398960149560326
assault,43,15,0.3402069087198859,0.21470472659694545
assault,44,15,,
assault,45,15,,
assault,46,16,-0.24615708295465308,0.358089898752294
assault,47,15,-0.24765705082308256,0.37349851915208343
assault,48,15,,
assault,49,15,,
assault,50,15,0.6909925108281624,0.004336409807955504
assault,51,16,0.014782163840250774,0.9566685112545119
assault,52,15,0.7699222038954942,0.0007867809111786573
assault,53,15,0.6492382728268505,0.008817010420125032
assault,54,15,0.7277771971349434,0.0021003533927804927
assault,55,16,0.8470958037303535,3.462538831227076e-05
assault,56,15,0.8157437024080745,0.00020919307061649937
assault,57,15,0.6797864186733954,0.0053023613533067825
assault,58,15,0.6903843699665891,0.004384950038776242
assault,59,16,0.5614968862712969,0.023617853112182254
assault,60,15,0.7257748517332032,0.0021910882032951592
assault,61,15,0.770008406725908,0.000785044073631156
assault,62,15,0.15978687778579387,0.5694649866292685
assault,63,16,0.5733490632902162,0.02023938322532927
assault,64,15,0.8139547907799867,0.0002217303129025861
assault,65,15,0.827218739999345,0.00014184232623746414
assault,66,15,0.8118331716947306,0.00023739097393033577
assault,67,16,0.8415643262692019,4.3722594495928606e-05
assault,68,15,0.9490620411681207,6.852114739418669e-08
assault,69,15,0.8425773768293927,8.054117900196379e-05
assault,70,15,0.8658332279945352,3.0221429469203243e-05
assault,71,16,0.7837691737029843,0.00032730749867470075
assault,72,15,0.9172899255161456,1.4804794811407824e-06
assault,73,15,0.9159227535809958,1.6414186620273511e-06
assault,74,15,0.4372797190996494,0.10311199150896208
assault,75,15,0.8398771658665483,8.934005446021362e-05
assault,76,16,0.4952024886484009,0.05113272621839022
assault,77,15,0.8318439070608655,0.00012032108405005354
assault,78,15,0.8460164536261133,7.0381284119886e-05
assault,79,15,0.7388205024002956,0.0016525318344922308
assault,80,16,0.8880716553106307,4.36882064868567e-06
assault,81,15,0.854076491298025,5.0647225370284065e-05
assault,82,15,0.7005497661123021,0.0036279981950262962
assault,83,15,0.6166222301374795,0.01435313739057063
assault,84,16,0.9402278034817345,6.23531426326705e-08
assault,85,15,0.7385590815369426,0.0016621588191159792
assault,86,15,0.7748956836009091,0.0006915377333503416
assault,87,15,0.6445860311683207,0.009482764089635817
assault,88,16,0.9048032080601306,1.4724461430396446e-06
assault,89,15,0.9335862522316046,3.7011033908702695e-07
assault,90,15,0.8966933860995969,5.969960896813755e-06
assault,91,15,0.8364614600125809,0.00010159077997986132
assault,92,16,0.9147820806977712,6.96951431526317e-07
assault,93,15,0.7931989216876836,0.0004179414140729923
assault,94,15,0.7392857142857142,0.0016355111435407642
assault,95,15,0.8719816588304784,2.2625780435246133e-05
assault,96,16,0.8388523242299958,4.886536536754665e-05
assault,97,15,0.8892857142857141,9.192974758842252e-06
assault,98,15,0.5134176372612224,0.05029298016174521
assault,99,15,0.7406094140283833,0.0015878516763121909
assault,100,15,0.9464876412413044,9.381778199536901e-08
battery,1,16,0.7193571367358533,0.0016832610580210484
battery,2,15,-0.003992978531249624,0.9887318562080911
battery,3,15,0.6717511927560509,0.006094133769363216
battery,4,15,0.41978780891216716,0.1192863745518046
battery,5,16,0.7152861194238459,0.0018395379655088001
battery,6,15,0.6795535420134979,0.0053240990238639955
battery,7,15,0.7616336728692814,0.0009689756115408383
battery,8,15,0.394757938808626,0.14534352075148807
battery,9,16,0.4541820449151129,0.07718498662450746
battery,10,15,0.06978631577988531,0.8048048844037382
battery,11,15,0.8254154202518359,0.00015104706440344356
battery,12,15,0.7414829272531784,0.001557018349726303
battery,13,16,0.7682114296448642,0.0005089888546750205
battery,14,15,0.6926893922273593,0.0042032211972786535
battery,15,15,0.3738742304215812,0.16981693730435865
battery,16,15,0.5511749604521204,0.0332005054911563
battery,17,16,0.5459847674335515,0.028675851603533434
battery,18,15,0.8582344294293525,4.2414490990710157e-05
battery,19,15,0.805867798964362,0.00028634644641093045
battery,20,15,0.6770413206894597,0.0055631114810609904
battery,21,16,0.34722559073278064,0.18760808170827742
battery,22,15,0.6033093811506544,0.017261434494308975
battery,23,15,0.05208817806924757,0.8537319202496956
battery,24,15,0.1350710011532618,0.6312601957689769
battery,25,15,0.5477257475676165,0.034549032535991245
battery,26,16,0.6272299155387749,0.009302529914585139
battery,27,15,0.6980667780255272,0.0038024703432730836
battery,28,15,0.7223246795936947,0.002354787337154819
battery,29,15,0.7178492857329108,0.002581578230286874
battery,30,16,0.9243689716629173,3.102269571013812e-07
battery,31,15,0.7931859944169025,0.0004180972393712505
battery,32,15,0.6381723297967091,0.010464274055962326
battery,33,15,0.14169015512828434,0.6144652146114784
battery,34,16,0.5381300318077675,0.031532892264384584
battery,35,15,0.7913824844001188,0.00044030634950404355
battery,36,15,0.6306562238868914,0.011713349892440312
battery,37,15,0.7404286188165047,0.0015942943904455607
battery,38,16,0.8369060668353899,5.285977132954893e-05
battery,39,15,0.5776559881780557,0.024122420774322258
battery,40,15,0.8714683379650865,2.3192118045460408e-05
battery,41,15,0.6873863542433761,0.00463058471129696
battery,42,16,0.41913230311497246,0.1061012394246623
battery,43,15,0.4272724287794168,0.11216540643147802
battery,44,15,,
battery,45,15,,
battery,46,16,-0.24597601850723635,0.3584549333725713
battery,47,15,-0.12371791482634836,0.6604565674873454
battery,48,15,,
battery,49,15,,
battery,50,15,0.6967269868374687,0.0038993478246673453
battery,51,16,0.02808611129647647,0.9177639788305141
battery,52,15,0.8039420222071555,0.00030380709265084567
battery,53,15,0.6872159990924879,0.004644863032799973
battery,54,15,0.8571598099589334,4.442766355462572e-05
battery,55,16,0.8463533884773035,3.574523911247107e-05
battery,56,15,0.8218445549510814,0.00017072463768556378
battery,57,15,0.715564651235153,0.002703907206536824
battery,58,15,0.7140027826233409,0.0027901715071490954
battery,59,16,0.6664344018349376,0.004815979068153464
battery,60,15,0.7877757184641804,0.00048761062224515826
battery,61,15,0.780670560138061,0.0005929251029574874
battery,62,15,0.3590716354736941,0.18871599101782788
battery,63,16,0.6118686386017035,0.01177011888031028
battery,64,15,0.8085880558957229,0.0002630891773898259
battery,65,15,0.827218739999345,0.00014184232623746414
battery,66,15,0.8118331716947306,0.00023739097393033577
battery,67,16,0.834195111503272,5.887548001475977e-05
battery,68,15,0.9419127979201499,1.5812991011493376e-07
battery,69,15,0.867622139622623,2.7821275893240864e-05
battery,70,15,0.8908779907877655,8.400121914687346e-06
battery,71,16,0.833954017216923,5.943707462037497e-05
battery,72,15,0.9316787870928697,4.4282989763430036e-07
battery,73,15,0.8980336373001171,5.502431845633792e-06
battery,74,15,0.5220200114630722,0.045928459067178955
battery,75,15,0.8635613375721126,3.3514429391112454e-05
battery,76,16,0.49076783949632563,0.0535794450856254
battery,77,15,0.8550997582260078,4.8508103515265394e-05
battery,78,15,0.9051892838124684,3.490315123053128e-06
battery,79,15,0.778176558218229,0.0006340038514209408
battery,80,16,0.877671572134686,7.907444909175628e-06
battery,81,15,0.8880963096096863,9.825012485636121e-06
battery,82,15,0.8284081182202688,0.00013602764389273296
battery,83,15,0.7202862572330558,0.002456015779867273
battery,84,16,0.9431798531002015,4.40886052995333e-08
battery,85,15,0.763716811808274,0.0009202626492378422
battery,86,15,0.8322953638676431,0.00011837313099889302
battery,87,15,0.7144161845448889,0.002767127629619313
battery,88,16,0.9180874313432321,5.331367622049203e-07
battery,89,15,0.9425630431184472,1.4720553006115492e-07
battery,90,15,0.9182571549035954,1.3747728577853548e-06
battery,91,15,0.916890446552252,1.5260766625460088e-06
battery,92,16,0.9044036778373427,1.5145999701544003e-06
battery,93,15,0.7609696201292675,0.0009849355222986097
battery,94,15,0.7857142857142856,0.0005164547475705882
battery,95,15,0.9042109603888943,3.722132688219991e-06
battery,96,16,0.9168508736759429,5.90106915566279e-07
battery,97,15,0.8999999999999999,4.871970948735606e-06
battery,98,15,0.6583194791363408,0.007623170581852791
battery,99,15,0.7853322047305804,0.0005219504866812538
battery,100,15,0.942847304159607,1.4263287591144687e-07
burglary,1,16,0.5096061851619494,0.043756181345914205
burglary,2,15,-0.2675295615937248,0.33505775366928503
burglary,3,15,-0.3624161748384144,0.18433182176614146
burglary,4,15,0.19030380670684915,0.49691489203508277
burglary,5,16,0.017844975952362063,0.9477008307392548
burglary,6,15,0.30971609153430196,0.26128209990894835
burglary,7,15,0.6652712617033383,0.006798213787480312
burglary,8,15,0.23967446284809435,0.3895865136931632
burglary,9,16,0.5497407516509405,0.027381626214074882
burglary,10,15,0.24447047997614985,0.3798767852526669
burglary,11,15,0.600960349832477,0.017818435852733874
burglary,12,15,0.1472193705442146,0.6005703143016732
burglary,13,16,0.8675899102765405,1.3386959694664422e-05
burglary,14,15,0.6701016946547279,0.0062676351495722146
burglary,15,15,0.050473021106913464,0.8582244679694353
burglary,16,15,0.24596407029948048,0.3768799119783869
burglary,17,16,0.47020162929589404,0.06607230961048295
burglary,18,15,0.6540649756914224,0.008165544872163241
burglary,19,15,0.6921786025058261,0.004242966550071315
burglary,20,15,0.6244027193489923,0.012838390159943059
burglary,21,16,0.7007932013876212,0.0024944294015896078
burglary,22,15,0.5068340299791976,0.053833723815821376
burglary,23,15,0.14523251159066045,0.605548911921804
burglary,24,15,0.08221713113676805,0.7708266270833438
burglary,25,15,0.41873913807217095,0.1203083476464509
burglary,26,16,0.2544423242279936,0.34160956029914935
burglary,27,15,0.6257282518052654,0.012593198447904061
burglary,28,15,0.6510065466717856,0.008573789326223684
burglary,29,15,0.8575726600062201,4.3645094056303314e-05
burglary,30,16,0.8546332707509477,2.4822806361846436e-05
burglary,31,15,0.6300755127744476,0.011814471290336062
burglary,32,15,0.31358467929665884,0.25505809602993
burglary,33,15,0.2115647521778492,0.4490902204749807
burglary,34,16,0.535037330475539,0.032715300569995644
burglary,35,15,0.721561459893405,0.0023922896991777436
burglary,36,15,0.56398685164742,0.02853508238348421
burglary,37,15,0.6338656910463873,0.011166548729816253
burglary,38,16,0.8029574962230197,0.0001804205586952201
burglary,39,15,0.5745015080845645,0.02509126340450732
burglary,40,15,0.9040804587205367,3.7540039632000214e-06
burglary,41,15,0.2600429858645576,0.34926709333794004
burglary,42,16,0.6219863715264895,0.010093816791015026
burglary,43,15,0.47334240281537243,0.07472353428864868
burglary,44,15,,
burglary,45,15,,
burglary,46,16,-0.3897487146782007,0.1356232007219239
burglary,47,15,0.1857427881173119,0.5074746498453049
burglary,48,15,,
burglary,49,15,,
burglary,50,15,0.8911568795344654,8.26729359259895e-06
burglary,51,16,0.439030266055448,0.08888320309411057
burglary,52,15,0.6463765479215661,0.009222041280014926
burglary,53,15,0.5805166729176016,0.023268651052754274
burglary,54,15,0.8228537047403806,0.00016496189863434007
burglary,55,16,0.6172351399867956,0.010855784344657725
burglary,56,15,0.8497330233417442,6.0614941914129944e-05
burglary,57,15,0.6338408985897229,0.011170695048716012
burglary,58,15,0.45965064631986063,0.0847442687591563
burglary,59,16,0.1438134304293414,0.5951650865421491
burglary,60,15,0.7218607710077991,0.002377525834398157
burglary,61,15,0.7011605962421799,0.00358606980397636
burglary,62,15,0.4667931261158023,0.07940461108192104
burglary,63,16,0.6355729926395419,0.008145326008543822
burglary,64,15,0.05008952558646071,0.8592917563862981
burglary,65,15,0.8504954577915342,5.875690630301941e-05
burglary,66,15,0.6702552013550314,0.006251326200588276
burglary,67,16,0.8813580860052236,6.448028161392348e-06
burglary,68,15,0.9669351492880477,4.312718158558453e-09
burglary,69,15,0.8157437024080745,0.00020919307061649937
burglary,70,15,0.9499120745146656,6.154847039634622e-08
burglary,71,16,0.6863515362935738,0.003323103573109957
burglary,72,15,0.9496648640637746,6.351180978745883e-08
burglary,73,15,0.8228993489204259,0.0001647050737629425
burglary,74,15,0.5346610698199139,0.040031489012843445
burglary,75,15,0.9018203841734087,4.3431463374029054e-06
burglary,76,16,0.4301609677512975,0.0962912655652583
burglary,77,15,0.8139547907799867,0.0002217303129025861
burglary,78,15,0.85331084659792,5.229827956844568e-05
burglary,79,15,0.7477650605407349,0.0013491895704556636
burglary,80,16,0.8748168544850987,9.220225527553341e-06
burglary,81,15,0.8254282232460995,0.00015098002622177743
burglary,82,15,0.8930994246322639,7.389712363531637e-06
burglary,83,15,0.7417339869769682,0.0015482462424173562
burglary,84,16,0.8546183645461919,2.4839597648671286e-05
burglary,85,15,0.7547319081399414,0.0011455017507604713
burglary,86,15,0.8556139839760039,4.746166071950457e-05
burglary,87,15,0.7931989216876836,0.0004179414140729923
burglary,88,16,0.8589402326368469,2.0352877477808924e-05
burglary,89,15,0.6355567947884386,0.010886541890958829
burglary,90,15,0.8974950790501637,5.68649081491502e-06
burglary,91,15,0.7256481896690339,0.0021969318160720407
burglary,92,16,0.4121708564570184,0.11264365661687487
burglary,93,15,0.7448549693500595,0.0014424826902305892
burglary,94,15,0.4035714285714285,0.13576799650365623
burglary,95,15,0.8433333907785528,7.821005965986766e-05
burglary,96,16,0.8844741173021534,5.398112158707179e-06
burglary,97,15,0.8285714285714284,0.00013524478013276988
burglary,98,15,0.7889100279867562,0.00047230787993287764
burglary,99,15,0.8451211981196306,7.291808210261936e-05
burglary,100,15,0.9272940983982257,6.563864061444076e-07
concealed_carry_license_violation,1,16,0.37980114551781574,0.1467782180774069
concealed_carry_license_violation,2,15,0.4885607558339491,0.06461574425296493
concealed_carry_license_violation,3,15,0.09961819504022261,0.7239170788605476
concealed_carry_license_violation,4,15,0.3177195940124321,0.2485067039471391
concealed_carry_license_violation,5,16,0.4617821027656043,0.07175631548629506
concealed_carry_license_violation,6,15,0.5145558101523765,0.049698669915714734
concealed_carry_license_violation,7,15,0.6209002019328479,0.013504108760187995
concealed_carry_license_violation,8,15,,
concealed_carry_license_violation,9,16,0.5572782125753528,0.024919569180328786
concealed_carry_license_violation,10,15,-0.23652495839563306,0.3960342170549571
concealed_carry_license_violation,11,15,0.14931034117451938,0.5953484949404126
concealed_carry_license_violation,12,15,0.27858561679542726,0.3146837966769678
concealed_carry_license_violation,13,16,0.31636150582658806,0.2325704560319376
concealed_carry_license_violation,14,15,0.3588557823520091,0.18900123996846033
concealed_carry_license_violation,15,15,0.666664874588102,0.006641641404564001
concealed_carry_license_violation,16,15,0.3297404663841548,0.23005386501493444
concealed_carry_license_violation,17,16,0.17342978355924446,0.5206507418009023
concealed_carry_license_violation,18,15,0.35994669138535024,0.18756246660255382
concealed_carry_license_violation,19,15,0.48427427764128733,0.06735610594057748
concealed_carry_license_violation,20,15,0.09431661927005451,0.7381208030221607
concealed_carry_license_violation,21,16,-0.07210082257679265,0.790737226982405
concealed_carry_license_violation,22,15,0.0077775297329453815,0.9780536844893798
concealed_carry_license_violation,23,15,0.040186901847534345,0.8869247222366383
concealed_carry_license_violation,24,15,0.03390577342415128,0.9045168163032061
concealed_carry_license_violation,25,15,-0.0475185853813652,0.8664525754290714
concealed_carry_license_violation,26,16,0.31939706512616317,0.22787242811258168
concealed_carry_license_violation,27,15,0.30644295259150184,0.2666194934860101
concealed_carry_license_violation,28,15,0.009166764882530855,0.9741347137214825
concealed_carry_license_violation,29,15,-0.03570821340518559,0.899464010113037
concealed_carry_license_violation,30,16,0.04586520678133618,0.8660590186752898
concealed_carry_license_violation,31,15,-0.48994042855583114,0.06375115231237077
concealed_carry_license_violation,32,15,0.07166663680557422,0.7996428486676537
concealed_carry_license_violation,33,15,0.3982304067332761,0.14151816745005116
concealed_carry_license_violation,34,16,0.7078728775988725,0.0021543319955095543
concealed_carry_license_violation,35,15,0.06258971101374841,0.824629219377752
concealed_carry_license_violation,36,15,0.37451267035941554,0.1690310286495435
concealed_carry_license_violation,37,15,0.5578618996773309,0.030699153124456476
concealed_carry_license_violation,38,16,0.17432545345616354,0.518465967926909
concealed_carry_license_violation,39,15,0.5699426400702147,0.026543285912694586
concealed_carry_license_violation,40,15,0.40712960102660867,0.13202647033132586
concealed_carry_license_violation,41,15,0.3553345272593508,0.19369401757326238
concealed_carry_license_violation,42,16,-0.41285447185040697,0.11198900160939675
concealed_carry_license_violation,43,15,,
concealed_carry_license_violation,44,15,,
concealed_carry_license_violation,45,15,,
concealed_carry_license_violation,46,16,-0.09759000729485333,0.719180010583985
concealed_carry_license_violation,47,15,,
concealed_carry_license_violation,48,15,,
concealed_carry_license_violation,49,15,,
concealed_carry_license_violation,50,15,0.2520520815905943,0.3647977908395166
concealed_carry_license_violation,51,16,-0.02819970137747701,0.9174324424922332
concealed_carry_license_violation,52,15,-0.04103090173490489,0.8845644175693181
concealed_carry_license_violation,53,15,0.2983470948593081,0.2801018949329651
concealed_carry_license_violation,54,15,0.14953958130392406,0.5947771193882518
concealed_carry_license_violation,55,16,0.16871249367574634,0.5322264533549403
concealed_carry_license_violation,56,15,0.35355339059327384,0.19609610052481846
concealed_carry_license_violation,57,15,0.643016343211185,0.009716037689098764
concealed_carry_license_violation,58,15,-0.12425208952354173,0.6590722118266608
concealed_carry_license_violation,59,16,-0.061579451659264824,0.8207728764979493
concealed_carry_license_violation,60,15,0.37798104869273985,0.1648034091851959
concealed_carry_license_violation,61,15,0.43752019992151975,0.10290092263470028
concealed_carry_license_violation,62,15,0.025624772785461627,0.9277720216105521
concealed_carry_license_violation,63,16,0.19697278151548597,0.46466319022208036
concealed_carry_license_violation,64,15,0.10676956366554212,0.7048898644567172
concealed_carry_license_violation,65,15,0.681828892887981,0.005114700870222637
concealed_carry_license_violation,66,15,0.3475883076413799,0.20427993851052795
concealed_carry_license_violation,67,16,0.3574074071181635,0.17412657469254075
concealed_carry_license_violation,68,15,0.29228892647082566,0.2904519101025289
concealed_carry_license_violation,69,15,0.5321088451401053,0.041173962978307437
concealed_carry_license_violation,70,15,0.37845416135805493,0.1642322043432735
concealed_carry_license_violation,71,16,0.494038535009238,0.0517667174131486
concealed_carry_license_violation,72,15,0.49142870251829074,0.062827940574897
concealed_carry_license_violation,73,15,0.5227462371046795,0.04557326969971313
concealed_carry_license_violation,74,15,,
concealed_carry_license_violation,75,15,0.30102257369023916,0.2756020955894396
concealed_carry_license_violation,76,16,0.0725464827222636,0.7894707615301755
concealed_carry_license_violation,77,15,0.5145649034360946,0.04969394266235772
concealed_carry_license_violation,78,15,0.34929299015773985,0.20191927674427776
concealed_carry_license_violation,79,15,-0.08524866025280418,0.7625962061157765
concealed_carry_license_violation,80,16,0.2808832639123792,0.29197502279795157
concealed_carry_license_violation,81,15,0.3507390702608202,0.1999304854299824
concealed_carry_license_violation,82,15,0.09337385792798464,0.7406549985356832
concealed_carry_license_violation,83,15,0.2704938828529517,0.32952347450919783
concealed_carry_license_violation,84,16,0.2669190724654033,0.3176228963311266
concealed_carry_license_violation,85,15,-0.041412385930448756,0.8834978647464056
concealed_carry_license_violation,86,15,0.2066885083751224,0.45985075043520995
concealed_carry_license_violation,87,15,0.33286921609086284,0.22539564005308255
concealed_carry_license_violation,88,16,0.6171184366352742,0.01087505397122392
concealed_carry_license_violation,89,15,-0.02864400739822102,0.919286005956614
concealed_carry_license_violation,90,15,0.5884502613903998,0.021021016440288986
concealed_carry_license_violation,91,15,0.4251536378302798,0.11415058802143052
concealed_carry_license_violation,92,16,0.6029048163738595,0.013431214721166117
concealed_carry_license_violation,93,15,0.037071494219702614,0.8956446738258845
concealed_carry_license_violation,94,15,0.3918019549846894,0.14865421085349348
concealed_carry_license_violation,95,15,0.32421258595537994,0.2384299534666612
concealed_carry_license_violation,96,16,0.6265819650647942,0.009397564719020713
concealed_carry_license_violation,97,15,0.4164324738670188,0.12257743292613177
concealed_carry_license_violation,98,15,0.3787126951735354,0.16392062200881458
concealed_carry_license_violation,99,15,0.7743884163356519,0.0007007999859491887
concealed_carry_license_violation,100,15,0.5089466451388751,0.052678236669698175
criminal_damage,1,16,0.6735664360401419,0.004229851977936299
criminal_damage,2,15,-0.08385254915624211,0.766383688395156
criminal_damage,3,15,0.3093350179176365,0.26190013866862016
criminal_damage,4,15,0.3246359055587426,0.23778192667976994
criminal_damage,5,16,0.6097033450390371,0.01215571978069711
criminal_damage,6,15,0.7979744005413193,0.00036352870018224655
criminal_damage,7,15,0.7227180837445737,0.0023356414540347038
criminal_damage,8,15,0.45074893585520875,0.09174990940231541
criminal_damage,9,16,0.37422041728921274,0.15330138746967337
criminal_damage,10,15,-0.034893157889942655,0.9017484343145294
criminal_damage,11,15,0.6950866696857565,0.0040206172385945016
criminal_damage,12,15,0.5924681985315953,0.019948019883687718
criminal_damage,13,16,0.8218442604619594,9.402323666033212e-05
criminal_damage,14,15,0.5383401254810455,0.03842634149310466
criminal_damage,15,15,0.33274806507520727,0.22557490498072627
criminal_damage,16,15,0.5206538714368565,0.046602162550945965
criminal_damage,17,16,0.47915785080629203,0.06039484682613612
criminal_damage,18,15,0.887936533352536,9.912603937499668e-06
criminal_damage,19,15,0.7944370500428818,0.0004032350290711866
criminal_damage,20,15,0.6570749546637651,0.00777880682431093
criminal_damage,21,16,0.5866368427905426,0.016909621413715846
criminal_damage,22,15,0.4887328146227976,0.06450746018193075
criminal_damage,23,15,0.13208073724702063,0.6389033447842922
criminal_damage,24,15,0.13115589967055855,0.6412741280069005
criminal_damage,25,15,0.474309266703266,0.07404962708861906
criminal_damage,26,16,0.3787048546649207,0.14804450689791274
criminal_damage,27,15,0.6040266939391866,0.017094043540086198
criminal_damage,28,15,0.7501812031918202,0.0012754862829259602
criminal_damage,29,15,0.8410244451402478,8.550952123866533e-05
criminal_damage,30,16,0.9214014950283655,4.0289190439031914e-07
criminal_damage,31,15,0.6996583941681974,0.0036898828253889033
criminal_damage,32,15,0.47312776174583615,0.0748737342664296
criminal_damage,33,15,0.24844301173178618,0.3719343483737826
criminal_damage,34,16,0.5814278504589673,0.01815984611637957
criminal_damage,35,15,0.7082692554448552,0.0031258915051691756
criminal_damage,36,15,0.6757030970216693,0.005693846090528754
criminal_damage,37,15,0.7349167432421883,0.001801051269853677
criminal_damage,38,16,0.822145818743055,9.299402757171658e-05
criminal_damage,39,15,0.5946916569309868,0.019372550099240743
criminal_damage,40,15,0.9221983035846757,1.006813499736813e-06
criminal_damage,41,15,0.5510001728458808,0.03326787563715039
criminal_damage,42,16,0.5339835036126696,0.0331257923813331
criminal_damage,43,15,0.39162665644518646,0.1488521190223717
criminal_damage,44,15,,
criminal_damage,45,15,,
criminal_damage,46,16,-0.3692356244319796,0.15929102407731724
criminal_damage,47,15,0.24743582965269673,0.37393942423398485
criminal_damage,48,15,,
criminal_damage,49,15,,
criminal_damage,50,15,0.6935236274013155,0.004138944388661568
criminal_damage,51,16,0.2660789491245139,0.3192064461837948
criminal_damage,52,15,0.6607006819475287,0.00733220664027099
criminal_damage,53,15,0.515411999319366,0.04925501917728249
criminal_damage,54,15,0.8427839640896012,7.989856649891936e-05
criminal_damage,55,16,0.6780684109951096,0.0038903700365063376
criminal_damage,56,15,0.8890890791596777,9.295064828181272e-06
criminal_damage,57,15,0.6225412465745831,0.013188949580089817
criminal_damage,58,15,0.6328120019899603,0.011343828417680465
criminal_damage,59,16,0.7146193140921913,0.0018662231768747336
criminal_damage,60,15,0.7877757184641804,0.00048761062224515826
criminal_damage,61,15,0.7917498205628748,0.00043570655090164186
criminal_damage,62,15,0.4111370226173798,0.12789727931654216
criminal_damage,63,16,0.6311284262574471,0.008746648367446323
criminal_damage,64,15,0.4060829395759493,0.1331196959337014
criminal_damage,65,15,0.8021515054539103,0.0003208133864022176
criminal_damage,66,15,0.804664666867404,0.0002971557591488316
criminal_damage,67,16,0.8474596980819459,3.408731649485935e-05
criminal_damage,68,15,0.9687224601000404,3.018242672037706e-09
criminal_damage,69,15,0.8855112559035019,1.1324042672833739e-05
criminal_damage,70,15,0.8980336373001171,5.502431845633792e-06
criminal_damage,71,16,0.6922556355305077,0.0029610366836729037
criminal_damage,72,15,0.9280815716986885,6.127130425286021e-07
criminal_damage,73,15,0.8765666977630625,1.8056704666434078e-05
criminal_damage,74,15,0.3611111971350308,0.1860344869554835
criminal_damage,75,15,0.8070836973511516,0.0002757514682818414
criminal_damage,76,16,0.42720453498324734,0.09885518938894376
criminal_damage,77,15,0.7978545861271956,0.0003648191775410203
criminal_damage,78,15,0.9177116652090838,1.433582779268764e-06
criminal_damage,79,15,0.7871211163586683,0.000496623984044802
criminal_damage,80,16,0.9293088134345072,1.9594680867210486e-07
criminal_damage,81,15,0.8343808070123263,0.00010970838829258148
criminal_damage,82,15,0.7673107732756071,0.0008408936847603961
criminal_damage,83,15,0.7578197842849024,0.0010635649493636258
criminal_damage,84,16,0.9313716546263333,1.6014939170098062e-07
criminal_damage,85,15,0.760122850340941,0.0010055949064434295
criminal_damage,86,15,0.7856581236509218,0.0005172595979751978
criminal_damage,87,15,0.6678627489605101,0.006509342404253082
criminal_damage,88,16,0.8752827118754609,8.994274854390306e-06
criminal_damage,89,15,0.8599765669594974,3.93113882067336e-05
criminal_damage,90,15,0.9380239429739272,2.386839629146587e-07
criminal_damage,91,15,0.8400360816365663,8.880118379895596e-05
criminal_damage,92,16,0.6246462683165778,0.009686048576772407
criminal_damage,93,15,0.6284713803891128,0.01209733332730967
criminal_damage,94,15,0.7042004599251216,0.0033831093894793668
criminal_damage,95,15,0.8827247593499504,1.3148063803870187e-05
criminal_damage,96,16,0.881530775813627,6.385654218588466e-06
criminal_damage,97,15,0.8678571428571429,2.7518063955129248e-05
criminal_damage,98,15,0.8050102326395471,0.0002940174909940123
criminal_damage,99,15,0.8711999628787989,2.3492858893896948e-05
criminal_damage,100,15,0.9509774447227386,5.366003777183761e-08
criminal_sexual_assault,1,16,0.21122807095118482,0.43227913148197517
criminal_sexual_assault,2,15,0.27524471861940225,0.32076322674678726
criminal_sexual_assault,3,15,-0.12363328213508536,0.6606759936718489
criminal_sexual_assault,4,15,0.4615582496635885,0.08329390355536799
criminal_sexual_assault,5,16,0.6305224836501262,0.008831278104066843
criminal_sexual_assault,6,15,0.6533934692632563,0.008253844831975105
criminal_sexual_assault,7,15,0.8517300808844567,5.584803676513314e-05
criminal_sexual_assault,8,15,0.3152641443777315,0.2523845395861459
criminal_sexual_assault,9,16,0.5943247013318183,0.01518790012307887
criminal_sexual_assault,10,15,0.03981989049014242,0.887951371441293
criminal_sexual_assault,11,15,0.6818734994260437,0.005110661953758115
criminal_sexual_assault,12,15,0.3501362900057417,0.2007579543333825
criminal_sexual_assault,13,16,0.6801641801383697,0.0037399925457614717
criminal_sexual_assault,14,15,0.5066942226595424,0.05391084037122121
criminal_sexual_assault,15,15,0.20692819497565024,0.45931888438761226
criminal_sexual_assault,16,15,0.1257874328069585,0.6550989758345931
criminal_sexual_assault,17,16,-0.030713549289992138,0.9100986093151563
criminal_sexual_assault,18,15,0.39403790424424057,0.1461453446301465
criminal_sexual_assault,19,15,0.5016626100405558,0.05674044372476437
criminal_sexual_assault,20,15,0.6306319910344652,0.011717556149725743
criminal_sexual_assault,21,16,0.03154858048782547,0.9076639884410489
criminal_sexual_assault,22,15,0.15605127449925552,0.5786399188388405
criminal_sexual_assault,23,15,0.13924215655137087,0.620656457948644
criminal_sexual_assault,24,15,0.08026078969097851,0.7761501048759172
criminal_sexual_assault,25,15,0.5366188413124463,0.039171235874351576
criminal_sexual_assault,26,16,0.09375,0.7298367597392107
criminal_sexual_assault,27,15,0.47166440793024605,0.07590352259119428
criminal_sexual_assault,28,15,0.7644365872197312,0.0009038999996206058
criminal_sexual_assault,29,15,0.7619889816383684,0.0009605224829836925
criminal_sexual_assault,30,16,0.7912551212783947,0.00026131544531755906
criminal_sexual_assault,31,15,0.5219117139609444,0.04598160102778558
criminal_sexual_assault,32,15,0.4048779224057622,0.1343859238013673
criminal_sexual_assault,33,15,0.1801907418886931,0.5204668968700283
criminal_sexual_assault,34,16,0.5097016941723266,0.04371009414868177
criminal_sexual_assault,35,15,0.4146104913437673,0.12439036113726244
criminal_sexual_assault,36,15,0.2596017105651314,0.35011495836883844
criminal_sexual_assault,37,15,0.5792463140741003,0.02364490063292616
criminal_sexual_assault,38,16,0.7700305211269636,0.00048421544991582885
criminal_sexual_assault,39,15,0.555691711549492,0.031494832669216155
criminal_sexual_assault,40,15,0.6694217698404493,0.006340275930167226
criminal_sexual_assault,41,15,0.5450346121706694,0.035629359203033506
criminal_sexual_assault,42,16,0.4466593157963503,0.08284478305961322
criminal_sexual_assault,43,15,0.41666666666666674,0.12234572642251974
criminal_sexual_assault,44,15,,
criminal_sexual_assault,45,15,,
criminal_sexual_assault,46,16,-0.13049646848710672,0.6300103346502772
criminal_sexual_assault,47,15,-0.2615999989536,0.3462846216926897
criminal_sexual_assault,48,15,,
criminal_sexual_assault,49,15,,
criminal_sexual_assault,50,15,0.844893760472759,7.357442384379075e-05
criminal_sexual_assault,51,16,-0.3069496761532985,0.24752195286135936
criminal_sexual_assault,52,15,0.7284957935027466,0.0020685360166040933
criminal_sexual_assault,53,15,0.45214690256233375,0.09062356333547761
criminal_sexual_assault,54,15,0.7576625771611845,0.0010676184507993325
criminal_sexual_assault,55,16,0.5059975701780158,0.04552429731533082
criminal_sexual_assault,56,15,0.8037885180656825,0.00030523552834792753
criminal_sexual_assault,57,15,0.532571498156655,0.04096508505458122
criminal_sexual_assault,58,15,0.2820287278402183,0.3084885874890082
criminal_sexual_assault,59,16,0.5839744664996895,0.01753997090259501
criminal_sexual_assault,60,15,0.6919664042823853,0.004259565510329394
criminal_sexual_assault,61,15,0.7767454290009972,0.0006586015412679974
criminal_sexual_assault,62,15,0.3049784995440527,0.2690287018923604
criminal_sexual_assault,63,16,0.42109305706305156,0.10430783540759599
criminal_sexual_assault,64,15,0.6411308962927438,0.010002134907182682
criminal_sexual_assault,65,15,0.7778789559928074,0.0006390563882044146
criminal_sexual_assault,66,15,0.7191722085147843,0.0025127944277000573
criminal_sexual_assault,67,16,0.7681515200140727,0.0005098221556545428
criminal_sexual_assault,68,15,0.8231650910574687,0.00016321634248615255
criminal_sexual_assault,69,15,0.410394265232975,0.1286558592222698
criminal_sexual_assault,70,15,0.6763386767761934,0.0056314554360291395
criminal_sexual_assault,71,16,0.891692376102707,3.5052166043698095e-06
criminal_sexual_assault,72,15,0.758371351271066,0.001049441439785571
criminal_sexual_assault,73,15,0.8442929786624974,7.533164436854877e-05
criminal_sexual_assault,74,15,0.572824764927766,0.02561812083031899
criminal_sexual_assault,75,15,0.6131548861520948,0.015071083127448636
criminal_sexual_assault,76,16,0.34947994287823225,0.1845659772063799
criminal_sexual_assault,77,15,0.8306451612903226,0.00012562181705782103
criminal_sexual_assault,78,15,0.7708149910815699,0.00076894303468133
criminal_sexual_assault,79,15,0.5138766607210467,0.05005267022361127
criminal_sexual_assault,80,16,0.7703110323713451,0.000480485279122227
criminal_sexual_assault,81,15,0.8535493112717073,5.177934936424965e-05
criminal_sexual_assault,82,15,0.8335018939407416,0.0001132941554907954
criminal_sexual_assault,83,15,0.4098669544166445,0.12919626307229765
criminal_sexual_assault,84,16,0.8038668483078941,0.0001751250720156279
criminal_sexual_assault,85,15,0.6543331959456805,0.008130482900240472
criminal_sexual_assault,86,15,0.3185552973621338,0.24719529933229503
criminal_sexual_assault,87,15,0.4932351900149944,0.06172041525707771
criminal_sexual_assault,88,16,0.8848478894036064,5.282468020557368e-06
criminal_sexual_assault,89,15,0.7434770579556367,0.0014884343625636688
criminal_sexual_assault,90,15,0.8183572364084659,0.000191926476781224
criminal_sexual_assault,91,15,0.8598469514018519,3.9535591850995886e-05
criminal_sexual_assault,92,16,0.5898597907514896,0.016170278028402752
criminal_sexual_assault,93,15,0.23582444211183629,0.3974759760920634
criminal_sexual_assault,94,15,0.5545626047072436,0.031914895391462
criminal_sexual_assault,95,15,-0.09164424184180436,0.7453107272259499
criminal_sexual_assault,96,16,0.7464943804010651,0.0008945042204823285
criminal_sexual_assault,97,15,0.8586775814821836,4.1606577255270915e-05
criminal_sexual_assault,98,15,0.6836917562724015,0.004948163514250977
criminal_sexual_assault,99,15,0.7897602813177605,0.000461095896761135
criminal_sexual_assault,100,15,0.8901365274326591,8.761927871280133e-06
criminal_trespass,1,16,0.8434351644274583,4.0445528305297326e-05
criminal_trespass,2,15,-0.15971914124998496,0.5696308076892742
criminal_trespass,3,15,0.5560184297987141,0.03137406303549462
criminal_trespass,4,15,0.5093425414800962,0.052463743212170004
criminal_trespass,5,16,0.8164076498205645,0.0001142718765732723
criminal_trespass,6,15,0.6838080764702893,0.004937908917994555
criminal_trespass,7,15,0.802402385285642,0.00031838471925703496
criminal_trespass,8,15,0.3665609431794384,0.17899131030055182
criminal_trespass,9,16,0.053653250449782745,0.8435575405180773
criminal_trespass,10,15,0.12223523998807492,0.6643043811322595
criminal_trespass,11,15,0.7149980065777964,0.0027349536742926716
criminal_trespass,12,15,0.6355567947884386,0.010886541890958829
criminal_trespass,13,16,0.7656197200416817,0.0005460793872663901
criminal_trespass,14,15,0.6053027746943999,0.016799348614687307
criminal_trespass,15,15,0.08419691124910046,0.7654490156533729
criminal_trespass,16,15,0.4344766789231699,0.1055945371236407
criminal_trespass,17,16,0.5161087199679673,0.04070059545841947
criminal_trespass,18,15,0.7263373486959994,0.0021652875644108515
criminal_trespass,19,15,0.7029910586710392,0.0034627296002107816
criminal_trespass,20,15,0.6776466326750874,0.00550476176144057
criminal_trespass,21,16,0.35065452976863,0.18299386466751225
criminal_trespass,22,15,0.6263020513314369,0.012488193182033074
criminal_trespass,23,15,0.07999255917777305,0.7768807242914839
criminal_trespass,24,15,0.260587019543533,0.34822336757530403
criminal_trespass,25,15,0.5182787648000184,0.04779076549970822
criminal_trespass,26,16,0.15976611056176343,0.5544920921730198
criminal_trespass,27,15,0.4159465257665058,0.12305918216132943
criminal_trespass,28,15,0.6296249220726243,0.011893400766096981
criminal_trespass,29,15,0.3208990347074769,0.24354021723510322
criminal_trespass,30,16,0.9080478501728819,1.1653583153335677e-06
criminal_trespass,31,15,0.6043321862224019,0.017023134666387753
criminal_trespass,32,15,0.46437342346771504,0.0811858833099228
criminal_trespass,33,15,0.20768283011954003,0.45764632450786535
criminal_trespass,34,16,0.5764396317408376,0.019423184783280895
criminal_trespass,35,15,0.7486878305660895,0.0013206459877661556
criminal_trespass,36,15,0.6126374746329801,0.015180552052828016
criminal_trespass,37,15,0.7624761211137703,0.0009490301391782251
criminal_trespass,38,16,0.8065027807733764,0.0001604988784664393
criminal_trespass,39,15,0.5889322296588054,0.020890029553771405
criminal_trespass,40,15,0.6488726915340792,0.00886796202119167
criminal_trespass,41,15,0.41825095628565206,0.12078614809652988
criminal_trespass,42,16,0.43138220487299855,0.09524607099737674
criminal_trespass,43,15,0.3270613400195196,0.23409010889600082
criminal_trespass,44,15,,
criminal_trespass,45,15,,
criminal_trespass,46,16,-0.2668667601595311,0.3177213661596636
criminal_trespass,47,15,0.43417723837938627,0.10586217881325936
criminal_trespass,48,15,,
criminal_trespass,49,15,,
criminal_trespass,50,15,0.7380593542107383,0.0016806871922438993
criminal_trespass,51,16,-0.14645114630397055,0.5883572421004883
criminal_trespass,52,15,0.7985704719474196,0.0003571639216421362
criminal_trespass,53,15,0.42742231708378997,0.11202588176024678
criminal_trespass,54,15,0.794265484280605,0.0004052472850289745
criminal_trespass,55,16,0.5894777109219113,0.016256587225003647
criminal_trespass,56,15,0.610018865177968,0.01574401740189093
criminal_trespass,57,15,0.5385304659498208,0.03834462413722464
criminal_trespass,58,15,0.5209788464658726,0.04644124577187323
criminal_trespass,59,16,0.5925691503102335,0.01556844206197387
criminal_trespass,60,15,0.8351881459643395,0.00010649746502790402
criminal_trespass,61,15,0.7949824864109837,0.0003968918302427427
criminal_trespass,62,15,-0.3770252172473788,0.1659614216334859
criminal_trespass,63,16,0.5367057919115628,0.032073304173970904
criminal_trespass,64,15,0.8586775814821836,4.1606577255270915e-05
criminal_trespass,65,15,0.8039420222071555,0.00030380709265084567
criminal_trespass,66,15,0.7435004490402589,0.0014876445772567801
criminal_trespass,67,16,0.9070806326532204,1.2506186997705174e-06
criminal_trespass,68,15,0.9401254871081572,1.9172100040988123e-07
criminal_trespass,69,15,0.7638652651935259,0.0009168683698411709
criminal_trespass,70,15,0.7710209117058774,0.0007648756950225856
criminal_trespass,71,16,0.5731191921979306,0.020301133379881084
criminal_trespass,72,15,0.9136927101219648,1.935214009964236e-06
criminal_trespass,73,15,0.9417562724014338,1.6085877536706152e-07
criminal_trespass,74,15,0.4427556960674846,0.09838026099798727
criminal_trespass,75,15,0.5993917300869728,0.018198004278257015
criminal_trespass,76,16,0.629720179594683,0.008944328204872337
criminal_trespass,77,15,0.8211104372923381,0.000175019822834142
criminal_trespass,78,15,0.8926669024158533,7.57806917928747e-06
criminal_trespass,79,15,0.6356314096026883,0.010874314654705544
criminal_trespass,80,16,0.705449955047748,0.0022662028939265185
criminal_trespass,81,15,0.8666101085707423,2.915886713665746e-05
criminal_trespass,82,15,0.7565288888736079,0.0010972215056006822
criminal_trespass,83,15,0.5751341681574239,0.024894624963165645
criminal_trespass,84,16,0.9195634561524656,4.7130054019140567e-07
criminal_trespass,85,15,0.6181613723812853,0.014043051060074222
criminal_trespass,86,15,0.7246709633675169,0.0022424380820369695
criminal_trespass,87,15,0.5532696767528087,0.03240106335451486
criminal_trespass,88,16,0.8014814714137863,0.00018929863324674423
criminal_trespass,89,15,0.7809808071552847,0.0005879701761129566
criminal_trespass,90,15,0.8444367527335709,7.490800272403562e-05
criminal_trespass,91,15,0.7665474060822898,0.0008572691818731307
criminal_trespass,92,16,0.47888916055977315,0.0605597642524846
criminal_trespass,93,15,0.6111120924586385,0.015506852296798292
criminal_trespass,94,15,0.5928571428571427,0.019846421970181136
criminal_trespass,95,15,0.5908705285709607,0.02036953650271584
criminal_trespass,96,16,0.6784402131053124,0.0038633434818547948
criminal_trespass,97,15,0.8714285714285712,2.3236477821632632e-05
criminal_trespass,98,15,0.4579613767904979,0.08604352810652138
criminal_trespass,99,15,0.18889891186784116,0.5001565150134513
criminal_trespass,100,15,0.9127197314292951,2.0764998678910693e-06
deceptive_practice,1,16,0.2629272491560203,0.3251878639922231
deceptive_practice,2,15,-0.13975424859373686,0.6193593505761512
deceptive_practice,3,15,0.15924347076233358,0.5707958333084489
deceptive_practice,4,15,0.5429255661930696,0.036493526646355946
deceptive_practice,5,16,0.8043591166493232,0.0001723126779595095
deceptive_practice,6,15,0.517408058798481,0.04823205442195771
deceptive_practice,7,15,0.7375430700777957,0.0017000036406372603
deceptive_practice,8,15,0.21852671612620367,0.43394772149907035
deceptive_practice,9,16,0.13603482937505082,0.6154242920971145
deceptive_practice,10,15,0.20935894733965593,0.4539421874666725
deceptive_practice,11,15,0.6694378868923928,0.006338546397445132
deceptive_practice,12,15,0.12747043059316143,0.6507534782769071
deceptive_practice,13,16,0.7166832018534502,0.0017846323365747789
deceptive_practice,14,15,0.8110581330397634,0.0002433330391385327
deceptive_practice,15,15,0.36639674581314957,0.17920093211644467
deceptive_practice,16,15,-0.11849363970631908,0.6740489931340559
deceptive_practice,17,16,0.33436560305485796,0.20558870459051928
deceptive_practice,18,15,0.4864662473968069,0.06594448629894913
deceptive_practice,19,15,0.7429986798962203,0.0015046607674683895
deceptive_practice,20,15,0.5572431245352925,0.03092446063468622
deceptive_practice,21,16,0.2687419249432849,0.3142027578042782
deceptive_practice,22,15,-0.25522713652523876,0.35858215424957807
deceptive_practice,23,15,0.40497527270472616,0.13428332593076814
deceptive_practice,24,15,0.3882890402650794,0.15265396226566372
deceptive_practice,25,15,0.5626807167844797,0.028986589798226
deceptive_practice,26,16,0.06508989689553325,0.810723444491903
deceptive_practice,27,15,0.3598841679458029,0.18764473478259186
deceptive_practice,28,15,0.14276379046995552,0.6117574488506008
deceptive_practice,29,15,0.8476928257879592,6.582686738934872e-05
deceptive_practice,30,16,0.8478382189834038,3.35350645097909e-05
deceptive_practice,31,15,0.3902978702686346,0.15035803585748286
deceptive_practice,32,15,0.43133499808266024,0.10842614635513009
deceptive_practice,33,15,0.34937298524782434,0.20180892987110685
deceptive_practice,34,16,0.5999840584523385,0.014010335284614862
deceptive_practice,35,15,0.5882644424811367,0.02107168461280899
deceptive_practice,36,15,0.7441743441865317,0.0014650355480298484
deceptive_practice,37,15,0.8422319998805158,8.162502840916672e-05
deceptive_practice,38,16,0.4295232194869462,0.0968403058031542
deceptive_practice,39,15,0.4368414023135027,0.10349747729000003
deceptive_practice,40,15,0.8116794499134278,0.0002385599749224184
deceptive_practice,41,15,0.6252071809262059,0.01268914672156933
deceptive_practice,42,16,0.4400143395690993,0.08808714697903575
deceptive_practice,43,15,0.34586160984497394,0.20668899482301256
deceptive_practice,44,15,,
deceptive_practice,45,15,,
deceptive_practice,46,16,-0.28697202159177576,0.28119132432232985
deceptive_practice,47,15,-0.06196971660197944,0.8263418862485808
deceptive_practice,48,15,,
deceptive_practice,49,15,,
deceptive_practice,50,15,0.7077815540651319,0.0031558720484640116
deceptive_practice,51,16,0.3015561423411158,0.2563529186075853
deceptive_practice,52,15,0.4458386715580885,0.09578437016823987
deceptive_practice,53,15,0.7288106516691386,0.0020547174669403078
deceptive_practice,54,15,0.5948006228436205,0.019344678509932236
deceptive_practice,55,16,0.14095514014121532,0.6025780178678372
deceptive_practice,56,15,0.5738587796553848,0.025292236487273478
deceptive_practice,57,15,0.18962463257731554,0.4984807730286135
deceptive_practice,58,15,0.673726571084139,0.005891364744451614
deceptive_practice,59,16,0.41321202468390444,0.11164765866543891
deceptive_practice,60,15,0.703892192886976,0.0034032639676265792
deceptive_practice,61,15,0.6540541995954183,0.008166956005414307
deceptive_practice,62,15,0.22012800741217736,0.4305020079210443
deceptive_practice,63,16,0.28445224845406075,0.2856245387712428
deceptive_practice,64,15,0.43470552562535547,0.10539031066083106
deceptive_practice,65,15,0.7293918522893428,0.002029404309588948
deceptive_practice,66,15,0.8654739847091072,3.072350961854595e-05
deceptive_practice,67,16,0.7310261047802523,0.0012941077701891708
deceptive_practice,68,15,0.8489726356965297,6.251604872797331e-05
deceptive_practice,69,15,0.7745987349620531,0.0006969476022433756
deceptive_practice,70,15,0.7066200930947135,0.003228195070231818
deceptive_practice,71,16,0.6155023454503662,0.011144675607707705
deceptive_practice,72,15,0.9064982793336028,3.199087702462863e-06
deceptive_practice,73,15,0.8729888745068867,2.1547833788261452e-05
deceptive_practice,74,15,0.3451908655762514,0.20762966928810236
deceptive_practice,75,15,0.7831881835839712,0.0005536801567024351
deceptive_practice,76,16,0.39468377453469566,0.13031083918947203
deceptive_practice,77,15,0.8175326140361623,0.00019724314497588234
deceptive_practice,78,15,0.8988365285085902,5.237266789696606e-06
deceptive_practice,79,15,0.35631169158009846,0.19238429076430089
deceptive_practice,80,16,0.615611860563588,0.01112624013069542
deceptive_practice,81,15,0.7860368546747022,0.000511851787635219
deceptive_practice,82,15,0.6666798521902816,0.006639974238139442
deceptive_practice,83,15,0.6487938247533481,0.008878983956795783
deceptive_practice,84,16,0.8782347614939277,7.66801011763139e-06
deceptive_practice,85,15,0.6325372182506176,0.011390417857054568
deceptive_practice,86,15,0.7318459234008587,0.0019252669973783608
deceptive_practice,87,15,0.5138783081814113,0.05005180926229205
deceptive_practice,88,16,0.7158720324782437,0.0018163467397775085
deceptive_practice,89,15,0.7827761653326533,0.0005599537875650534
deceptive_practice,90,15,0.8733326365619322,2.118983081864556e-05
deceptive_practice,91,15,0.6398572706933846,0.010199085216458532
deceptive_practice,92,16,0.4184091393474464,0.10676812357210998
deceptive_practice,93,15,0.7967799551941743,0.0003765617951788509
deceptive_practice,94,15,0.4128687975703124,0.126140491202851
deceptive_practice,95,15,0.6481670646748113,0.008966957739505062
deceptive_practice,96,16,0.4017661131838401,0.12294010274855478
deceptive_practice,97,15,0.6464285714285712,0.009214550689979985
deceptive_practice,98,15,0.36672688375801593,0.17877962584789545
deceptive_practice,99,15,0.41681640934447667,0.12219773112507508
deceptive_practice,100,15,0.942779363302715,1.4371478784425448e-07
human_trafficking,1,16,-0.263210165388543,0.32464830730207317
human_trafficking,2,15,,
human_trafficking,3,15,,
human_trafficking,4,15,0.5216845271224329,0.04609323003763843
human_trafficking,5,16,0.062183678580858145,0.8190412354178598
human_trafficking,6,15,,
human_trafficking,7,15,,
human_trafficking,8,15,,
human_trafficking,9,16,,
human_trafficking,10,15,,
human_trafficking,11,15,,
human_trafficking,12,15,-0.3109651580986447,0.25926253719265097
human_trafficking,13,16,,
human_trafficking,14,15,,
human_trafficking,15,15,0.0475185853813652,0.8664525754290714
human_trafficking,16,15,-0.045637208397710065,0.8716989040817542
human_trafficking,17,16,-0.4767312946227961,0.061896250756025346
human_trafficking,18,15,-0.20667731172013584,0.45987560328771104
human_trafficking,19,15,0.2309841088399489,0.40751372026688715
human_trafficking,20,15,,
human_trafficking,21,16,,
human_trafficking,22,15,0.06270444935206125,0.8243123475003317
human_trafficking,23,15,,
human_trafficking,24,15,,
human_trafficking,25,15,,
human_trafficking,26,16,,
human_trafficking,27,15,0.09397050206861024,0.7390508963451552
human_trafficking,28,15,,
human_trafficking,29,15,0.2357546561414994,0.39761975739652566
human_trafficking,30,16,0.5377136911841764,0.03169014654684379
human_trafficking,31,15,,
human_trafficking,32,15,-0.09323021558836364,0.7410413352228467
human_trafficking,33,15,-0.033618431180069096,0.9053226460051695
human_trafficking,34,16,0.15087818809316483,0.5770037580956349
human_trafficking,35,15,,
human_trafficking,36,15,,
human_trafficking,37,15,,
human_trafficking,38,16,,
human_trafficking,39,15,,
human_trafficking,40,15,,
human_trafficking,41,15,0.1889822365046136,0.499963978962368
human_trafficking,42,16,-0.08316206014309913,0.7594560954610998
human_trafficking,43,15,,
human_trafficking,44,15,,
human_trafficking,45,15,,
human_trafficking,46,16,,
human_trafficking,47,15,,
human_trafficking,48,15,,
human_trafficking,49,15,,
human_trafficking,50,15,0.5306065154556662,0.04185769313681919
human_trafficking,51,16,,
human_trafficking,52,15,0.43417723837938627,0.10586217881325936
human_trafficking,53,15,,
human_trafficking,54,15,-0.18674771585596928,0.5051391657299913
human_trafficking,55,16,,
human_trafficking,56,15,0.38451197948255317,0.15703401516235338
human_trafficking,57,15,-0.15915668991203347,0.5710084869637261
human_trafficking,58,15,-0.03146791593509372,0.911356276151945
human_trafficking,59,16,0.4130081027822005,0.11184224626939249
human_trafficking,60,15,0.18950938463181058,0.49874671348948596
human_trafficking,61,15,0.40795336176841496,0.1311703700305567
human_trafficking,62,15,0.4491369622999209,0.09306089953545413
human_trafficking,63,16,0.19749677244040753,0.4634520725380059
human_trafficking,64,15,0.25010336986176684,0.36864177064441284
human_trafficking,65,15,0.31859899081003584,0.24712685196700807
human_trafficking,66,15,,
human_trafficking,67,16,,
human_trafficking,68,15,0.4540166056699925,0.08913245070428838
human_trafficking,69,15,0.3410500498115002,0.2134972441411943
human_trafficking,70,15,0.12393943320395888,0.6598823609270037
human_trafficking,71,16,0.0725774738602423,0.789382710049742
human_trafficking,72,15,,
human_trafficking,73,15,,
human_trafficking,74,15,,
human_trafficking,75,15,,
human_trafficking,76,16,0.39148222381664244,0.1337405358591659
human_trafficking,77,15,0.2101622232837754,0.45217227237995583
human_trafficking,78,15,0.41570549660526995,0.1232986097899351
human_trafficking,79,15,0.2705143558600982,0.329485434220426
human_trafficking,80,16,,
human_trafficking,81,15,-0.09303797965272562,0.7415584577975032
human_trafficking,82,15,,
human_trafficking,83,15,0.1857427881173119,0.5074746498453049
human_trafficking,84,16,0.22662308949301263,0.39865691152580474
human_trafficking,85,15,,
human_trafficking,86,15,,
human_trafficking,87,15,0.0,1.0
human_trafficking,88,16,,
human_trafficking,89,15,0.3109651580986447,0.25926253719265097
human_trafficking,90,15,0.43574467033059505,0.10446642298875557
human_trafficking,91,15,0.3095713135288532,0.2615168015697423
human_trafficking,92,16,0.10332916580768917,0.7033432710941537
human_trafficking,93,15,0.15744149511445402,0.5752183009053307
human_trafficking,94,15,0.07847860936764796,0.7810077336431878
human_trafficking,95,15,-0.06355703979105536,0.8219585474122431
human_trafficking,96,16,0.5373137383287115,0.03184177177541158
human_trafficking,97,15,-0.18156825980064073,0.5172294051719295
human_trafficking,98,15,0.3718182996118766,0.17236408773706752
human_trafficking,99,15,-0.22721162423969052,0.4154280746759307
human_trafficking,100,15,0.44136741475237473,0.09956516077704168
interference_with_public_officer,1,16,0.5547361556728126,0.025730106368922354
interference_with_public_officer,2,15,-0.21777026332312224,0.4355803398670125
interference_with_public_officer,3,15,0.24764780114183985,0.37351694857082585
interference_with_public_officer,4,15,0.5613709567775725,0.029444745689487854
interference_with_public_officer,5,16,0.7170849733510819,0.0017690917746169407
interference_with_public_officer,6,15,0.7799446258972722,0.0006046517640056757
interference_with_public_officer,7,15,0.623025380980484,0.01309707036736639
interference_with_public_officer,8,15,0.15963771420352524,0.5698301703321854
interference_with_public_officer,9,16,0.08805857890933007,0.7457166369897468
interference_with_public_officer,10,15,-0.23907401632420303,0.39081140237521617
interference_with_public_officer,11,15,0.5091583631183669,0.05256344970716461
interference_with_public_officer,12,15,0.5517571870784568,0.03297683064749597
interference_with_public_officer,13,16,0.6441253357923681,0.0070806193457417805
interference_with_public_officer,14,15,0.40159125088761216,0.13788105039206555
interference_with_public_officer,15,15,0.5829810512928582,0.02255177724190599
interference_with_public_officer,16,15,0.3702708713110492,0.1742977106634535
interference_with_public_officer,17,16,0.5891141048606909,0.016339055982427096
interference_with_public_officer,18,15,0.7328199184680245,0.0018851458411454007
interference_with_public_officer,19,15,0.80893469221103,0.0002602400874421398
interference_with_public_officer,20,15,0.7555197392072627,0.0011241277317428913
interference_with_public_officer,21,16,0.017729717074289615,0.9480381997535845
interference_with_public_officer,22,15,0.434982414534576,0.1051435786971794
interference_with_public_officer,23,15,0.11985314224831299,0.670502650371515
interference_with_public_officer,24,15,0.32534440716093305,0.2366997850305642
interference_with_public_officer,25,15,0.7132178191241161,0.002834349060659493
interference_with_public_officer,26,16,0.6002978395048351,0.013947199836502104
interference_with_public_officer,27,15,0.5463019848926574,0.035117482796712875
interference_with_public_officer,28,15,0.2861522724706934,0.3011631477900676
interference_with_public_officer,29,15,0.47555675879063897,0.07318657878661979
interference_with_public_officer,30,16,0.8580117742241516,2.1254364157849742e-05
interference_with_public_officer,31,15,0.7370809919543353,0.001717443118067176
interference_with_public_officer,32,15,0.19704270169885313,0.48150386442823456
interference_with_public_officer,33,15,0.3143082338344254,0.25390414970465236
interference_with_public_officer,34,16,0.31468526678864867,0.23519065651206408
interference_with_public_officer,35,15,0.6957653384990811,0.003970084661464223
interference_with_public_officer,36,15,0.6516889162627876,0.008481349454680164
interference_with_public_officer,37,15,0.7971089434079784,0.00037293459394563205
interference_with_public_officer,38,16,0.5471431535818243,0.028271821605799826
interference_with_public_officer,39,15,0.2472122487620343,0.3743853197822159
interference_with_public_officer,40,15,0.5119274672635269,0.05107897037133425
interference_with_public_officer,41,15,0.7437866995545502,0.0014780068348889267
interference_with_public_officer,42,16,0.2754724042021545,0.3017620211547434
interference_with_public_officer,43,15,0.2845347293565624,0.3040244576705806
interference_with_public_officer,44,15,,
interference_with_public_officer,45,15,,
interference_with_public_officer,46,16,-0.24922239313961342,0.35194166196807863
interference_with_public_officer,47,15,0.3992978531249624,0.140356034284733
interference_with_public_officer,48,15,,
interference_with_public_officer,49,15,,
interference_with_public_officer,50,15,0.7393160732421159,0.0016344053262271853
interference_with_public_officer,51,16,0.233334357574188,0.38445138457060335
interference_with_public_officer,52,15,0.49595140306725877,0.06008194784741024
interference_with_public_officer,53,15,0.5666096130021565,0.027644508152824574
interference_with_public_officer,54,15,0.7072117991338047,0.003191186781348628
interference_with_public_officer,55,16,0.7168477011884211,0.0017782561239968104
interference_with_public_officer,56,15,0.9362118465678119,2.8658548210528524e-07
interference_with_public_officer,57,15,0.8172043010752689,0.00019939325402159016
interference_with_public_officer,58,15,0.5178911323861426,0.04798685502128023
interference_with_public_officer,59,16,0.7576998697019278,0.0006734602069394444
interference_with_public_officer,60,15,0.8361941934198044,0.00010260492853191449
interference_with_public_officer,61,15,0.4694779698155309,0.07746100134673356
interference_with_public_officer,62,15,0.19892061720120546,0.47725049343987724
interference_with_public_officer,63,16,0.4851717489107245,0.05678938764924734
interference_with_public_officer,64,15,0.221326164874552,0.42793293325190207
interference_with_public_officer,65,15,0.754278177441675,0.0011579598526893068
interference_with_public_officer,66,15,0.7477570399221956,0.001349439831985792
interference_with_public_officer,67,16,0.9055353019527036,1.3977759818859926e-06
interference_with_public_officer,68,15,0.8773503963530064,1.7358446171946586e-05
interference_with_public_officer,69,15,0.791405867730671,0.0004400123671918094
interference_with_public_officer,70,15,0.8154121863799284,0.00021147145185201552
interference_with_public_officer,71,16,0.5473378769762268,0.028204333713941293
interference_with_public_officer,72,15,0.8587029131240328,4.156078238727831e-05
interference_with_public_officer,73,15,0.9046821119833244,3.6089390405003814e-06
interference_with_public_officer,74,15,0.3739093729476198,0.16977361499003815
interference_with_public_officer,75,15,0.7897716104856924,0.0004609479817344662
interference_with_public_officer,76,16,0.46302231104184627,0.07089750646596364
interference_with_public_officer,77,15,0.8783556093911503,1.6495773616940816e-05
interference_with_public_officer,78,15,0.9159227535809958,1.6414186620273511e-06
interference_with_public_officer,79,15,0.6821846959397865,0.005082554731398498
interference_with_public_officer,80,16,0.8232704068302529,8.923823376399139e-05
interference_with_public_officer,81,15,0.923495716056275,9.05446451294329e-07
interference_with_public_officer,82,15,0.8003616635053057,0.0003385833103252947
interference_with_public_officer,83,15,0.6985688729874776,0.0037666621753130528
interference_with_public_officer,84,16,0.8449076750959181,3.801308223261545e-05
interference_with_public_officer,85,15,0.634238352344202,0.011104368632856005
interference_with_public_officer,86,15,0.7527088074740655,0.00120189728973455
interference_with_public_officer,87,15,0.7949894384409288,0.00039681150993967
interference_with_public_officer,88,16,0.8340856925938872,5.9129803847035935e-05
interference_with_public_officer,89,15,0.9577814526586983,2.0654811088813662e-08
interference_with_public_officer,90,15,0.760122850340941,0.0010055949064434295
interference_with_public_officer,91,15,0.8743323867938654,2.0176588119387322e-05
interference_with_public_officer,92,16,0.7272759578873234,0.0014101809381426892
interference_with_public_officer,93,15,0.7967799551941743,0.0003765617951788509
interference_with_public_officer,94,15,0.6529527442520772,0.008312203748041782
interference_with_public_officer,95,15,0.853812002578847,5.121263188287495e-05
interference_with_public_officer,96,16,0.7575536323715006,0.0006760234027969011
interference_with_public_officer,97,15,0.95,6.086257958053972e-08
interference_with_public_officer,98,15,0.8157437024080745,0.00020919307061649937
interference_with_public_officer,99,15,0.5711730131359368,0.02614528979267215
interference_with_public_officer,100,15,0.9200756284746013,1.1930732226894936e-06
intimidation,1,16,0.4111534391137642,0.11362292144492916
intimidation,2,15,-0.19908958765872353,0.47686867388175624
intimidation,3,15,0.26687693909474486,0.33628319939805884
intimidation,4,15,0.3487889561517956,0.20261544035650927
intimidation,5,16,0.7490833886266576,0.0008387925007722202
intimidation,6,15,0.7750251311517209,0.0006891901346585739
intimidation,7,15,0.6572724185198688,0.007753947588833896
intimidation,8,15,0.150125783037015,0.5933170283293515
intimidation,9,16,0.37898180378927965,0.14772391551803207
intimidation,10,15,-0.13316554777880324,0.6361266078820638
intimidation,11,15,0.20167211455985873,0.47105133402069777
intimidation,12,15,0.5293588429053151,0.04243190462429007
intimidation,13,16,0.7320906109222451,0.0012626207739938645
intimidation,14,15,0.3022981388910985,0.2734721191975305
intimidation,15,15,0.17165228834666052,0.5407364729259163
intimidation,16,15,-0.07876303369280564,0.7802319789993027
intimidation,17,16,0.3406226743460846,0.1967065384662836
intimidation,18,15,0.5967025308867947,0.018863133465572834
intimidation,19,15,0.5696214893374217,0.026647921743709644
intimidation,20,15,0.6892426889351057,0.00447724020375762
intimidation,21,16,0.262523432921662,0.3259588888131043
intimidation,22,15,-0.18723121729584008,0.5040172698719325
intimidation,23,15,0.23655938370065702,0.39596343668721945
intimidation,24,15,-0.21406345615851496,0.443625403152588
intimidation,25,15,-0.09074187652793096,0.7477429486362993
intimidation,26,16,0.45556702978420316,0.07617426090419296
intimidation,27,15,0.362469336019028,0.1842626755074678
intimidation,28,15,0.6163968259286633,0.014398989661774213
intimidation,29,15,0.5572983634806267,0.03090429664879525
intimidation,30,16,0.8651291665559343,1.5125059753377844e-05
intimidation,31,15,0.36074277878217276,0.1865170216449333
intimidation,32,15,0.5680056608755103,0.027179131682509714
intimidation,33,15,0.29814769745059777,0.2804390004188877
intimidation,34,16,0.30196355532243346,0.25567915991279566
intimidation,35,15,0.4568140385060633,0.08693399147585859
intimidation,36,15,0.17187718449486,0.5401981809730287
intimidation,37,15,0.525068859471937,0.044450928767871066
intimidation,38,16,0.6480081248831143,0.006635325424599914
intimidation,39,15,0.5467023708445291,0.034956922323626655
intimidation,40,15,0.6376496148637579,0.01054762578141223
intimidation,41,15,0.39627898889171137,0.14365943412655033
intimidation,42,16,0.5714345106490638,0.020758145159488286
intimidation,43,15,0.20801257358446093,0.45691643178374897
intimidation,44,15,,
intimidation,45,15,,
intimidation,46,16,-0.11031051992239362,0.6842323513306137
intimidation,47,15,-0.18460367521516027,0.5101279956743825
intimidation,48,15,,
intimidation,49,15,,
intimidation,50,15,0.9927007299270072,2.4949956579797905e-13
intimidation,51,16,-0.0787423385378814,0.7719159748779486
intimidation,52,15,0.34757051674656647,0.20430466810683318
intimidation,53,15,0.655020729049614,0.008041147022098658
intimidation,54,15,0.5231207019243753,0.045390918529381846
intimidation,55,16,0.5833063626535334,0.017700980151141722
intimidation,56,15,0.6447883442266835,0.009453019357268649
intimidation,57,15,0.6310501776593386,0.011645133225936213
intimidation,58,15,0.16283520932834503,0.5620236491756943
intimidation,59,16,0.6699267164790312,0.004521352544192337
intimidation,60,15,0.7016276268421674,0.0035542730923915932
intimidation,61,15,0.38063941419191427,0.1616108818300267
intimidation,62,15,0.4578469525675942,0.0861320424875103
intimidation,63,16,0.4738420839196764,0.06371943313383245
intimidation,64,15,0.5210175557452716,0.0464221056220092
intimidation,65,15,0.6896015366216683,0.0044480675135189236
intimidation,66,15,0.4867937951056004,0.06573539968314702
intimidation,67,16,0.5763410005025098,0.019448832440566402
intimidation,68,15,0.925127931859687,7.901798719662379e-07
intimidation,69,15,0.5595281387774657,0.030098591232408992
intimidation,70,15,0.46373978373974045,0.08165700489674914
intimidation,71,16,0.8092076491237294,0.00014655972678539903
intimidation,72,15,0.6338892456325625,0.011162610543560754
intimidation,73,15,0.7859338339223201,0.0005133182152236443
intimidation,74,15,0.6427076765503303,0.009762431735273438
intimidation,75,15,0.7751594520813037,0.0006867610036753909
intimidation,76,16,0.5015195420304507,0.04779198406498888
intimidation,77,15,0.6958665139799389,0.003962594746200813
intimidation,78,15,0.8278000175330117,0.00013897555096598524
intimidation,79,15,0.6090179063407117,0.01596360945295938
intimidation,80,16,0.30364449125811677,0.25291087794480127
intimidation,81,15,0.4088901389343634,0.1302014194406053
intimidation,82,15,0.6294256130114043,0.011928443946489193
intimidation,83,15,0.5842303288607512,0.022194862999002238
intimidation,84,16,0.781733783339503,0.0003474550986540506
intimidation,85,15,0.31114433835439403,0.2589736098013527
intimidation,86,15,0.6990167967555427,0.0037349442877161504
intimidation,87,15,0.35497488362575197,0.19417750452105587
intimidation,88,16,0.7329928441073296,0.0012364258803976807
intimidation,89,15,0.5931091719290459,0.019780800127243058
intimidation,90,15,0.30650994575045204,0.266509594432858
intimidation,91,15,0.7841840770859146,0.0005387521016845448
intimidation,92,16,0.7279828111847165,0.0013876773363843144
intimidation,93,15,0.09855592365725818,0.7267565367559733
intimidation,94,15,0.4720912304524728,0.07560211830182004
intimidation,95,15,0.630818403042526,0.011685229585134385
intimidation,96,16,0.47630465946936346,0.06216303192917761
intimidation,97,15,0.6739398782676811,0.005869791813118844
intimidation,98,15,0.30907097378794873,0.26232889496705414
intimidation,99,15,0.3061775078697184,0.267055212076835
intimidation,100,15,0.8733926434734688,2.112784678621465e-05
kidnapping,1,16,0.5983669057987996,0.014339272399573921
kidnapping,2,15,-0.2273673791038603,0.4150997445058766
kidnapping,3,15,0.4124881660341539,0.12652519700086384
kidnapping,4,15,0.35408566132185276,0.1953762687313084
kidnapping,5,16,0.7486890678624671,0.0008470890684841246
kidnapping,6,15,0.5714295548859578,0.026062877825129355
kidnapping,7,15,0.4339002298845346,0.1061101909647645
kidnapping,8,15,-0.08687444855261388,0.7581919331501319
kidnapping,9,16,-0.33652976040056,0.2024878539283638
kidnapping,10,15,0.035273130885164386,0.9006833621977328
kidnapping,11,15,0.4722424662460765,0.07549552791631182
kidnapping,12,15,0.3230537901812896,0.24020946035508023
kidnapping,13,16,0.678152223337974,0.0038842644306622594
kidnapping,14,15,0.5266310000167176,0.043707666871126885
kidnapping,15,15,-0.2822670129998673,0.3080624819409462
kidnapping,16,15,-0.4452613432935874,0.09626678014829841
kidnapping,17,16,0.4533084321248106,0.07782749077397369
kidnapping,18,15,0.8097549602786625,0.00025359860833654884
kidnapping,19,15,0.44690760351481973,0.0948956710037333
kidnapping,20,15,0.5004685965808159,0.05742753627388348
kidnapping,21,16,0.1489578186041788,0.5819174247940564
kidnapping,22,15,0.6292354200477527,0.011961959063422694
kidnapping,23,15,0.30595023840133745,0.26742860899095744
kidnapping,24,15,0.01192774586137526,0.966347819726677
kidnapping,25,15,0.17994789678281112,0.5210385901120541
kidnapping,26,16,0.41287028103038553,0.11197389373570102
kidnapping,27,15,0.6970849345147304,0.0038732753977092815
kidnapping,28,15,0.45609218618733827,0.08749756554417215
kidnapping,29,15,0.6398913292972425,0.01019377941913494
kidnapping,30,16,0.7794468351794623,0.0003713042533397071
kidnapping,31,15,-0.08280681561263983,0.7692238620613921
kidnapping,32,15,0.23127705801376483,0.4069024655081853
kidnapping,33,15,-0.3176834976578982,0.24856344330003613
kidnapping,34,16,0.49309039379254693,0.05228745369483752
kidnapping,35,15,0.4981693399217197,0.05876771215408328
kidnapping,36,15,0.16132537929196653,0.5657041573135411
kidnapping,37,15,0.6246958816175568,0.012783845997159876
kidnapping,38,16,0.725739203300466,0.0014601330258234525
kidnapping,39,15,0.46658224647558616,0.07955873096924562
kidnapping,40,15,0.5340073529411765,0.04032184231121516
kidnapping,41,15,-0.028545555372341207,0.9195625974847141
kidnapping,42,16,0.5666958087025377,0.022086327232302107
kidnapping,43,15,0.5590169943749475,0.030281872726597957
kidnapping,44,15,,
kidnapping,45,15,,
kidnapping,46,16,0.04537843165207519,0.8674688090462395
kidnapping,47,15,0.3534073846442049,0.19629385387195633
kidnapping,48,15,,
kidnapping,49,15,,
kidnapping,50,15,0.9781021897810218,3.041999765755458e-10
kidnapping,51,16,0.2584687056515189,0.3337591272170538
kidnapping,52,15,0.2872686159533749,0.299197649412043
kidnapping,53,15,0.362385931127407,0.18437116701250983
kidnapping,54,15,0.26000386785490276,0.34934220823847084
kidnapping,55,16,0.4218400581572284,0.10363024464633071
kidnapping,56,15,0.5346588798779568,0.04003245908685357
kidnapping,57,15,0.2520408501888819,0.3648198823249863
kidnapping,58,15,0.40185480530236195,0.13759853433922176
kidnapping,59,16,0.30295349794615056,0.25404660038246246
kidnapping,60,15,0.4216046560175125,0.11752995231281911
kidnapping,61,15,0.46583153898201224,0.08010911302586324
kidnapping,62,15,-0.04701635173652538,0.8678525856178007
kidnapping,63,16,0.5702609708801012,0.02108116400265498
kidnapping,64,15,-0.12241348091481838,0.6638413993393613
kidnapping,65,15,0.5918748357555376,0.020103781174356926
kidnapping,66,15,0.5507639240100596,0.0333590984233352
kidnapping,67,16,0.7372334978749355,0.0011191770261296803
kidnapping,68,15,0.8297504363881222,0.00012970214191169457
kidnapping,69,15,0.5798932146335394,0.02345273035662096
kidnapping,70,15,0.6636773969625491,0.006980830618000702
kidnapping,71,16,-0.013504474098190309,0.9604109882290519
kidnapping,72,15,0.8472783291314385,6.692966962390867e-05
kidnapping,73,15,0.7103293230721344,0.003001750144933716
kidnapping,74,15,0.3709156573501678,0.17349028294621907
kidnapping,75,15,0.8234877075149122,0.00016142386292123718
kidnapping,76,16,0.4653276193294916,0.06932104695000534
kidnapping,77,15,0.6358746951979017,0.010834521375555033
kidnapping,78,15,0.6992829941169152,0.003716195539137087
kidnapping,79,15,0.6286998044199283,0.012056736572707139
kidnapping,80,16,0.6814882122624956,0.0036474248178769795
kidnapping,81,15,0.6746000937905975,0.005803415542251568
kidnapping,82,15,0.7720333925373464,0.0007451303683238695
kidnapping,83,15,0.6702876791528922,0.006247879967950304
kidnapping,84,16,0.8710158064029875,1.12489175247572e-05
kidnapping,85,15,0.02882901601564554,0.9187662652357684
kidnapping,86,15,0.4023749332470735,0.1370421360998951
kidnapping,87,15,0.4151061397337953,0.12389536844012723
kidnapping,88,16,0.8739943296787073,9.630833397195604e-06
kidnapping,89,15,0.7849481137831897,0.000527523047732184
kidnapping,90,15,0.8126178889410087,0.00023149635738949322
kidnapping,91,15,0.6977603731644408,0.003824455084997512
kidnapping,92,16,0.8688138585060852,1.2587023060941704e-05
kidnapping,93,15,0.5184537353298386,0.04770244794792092
kidnapping,94,15,0.7037804055284406,0.0034105962495188467
kidnapping,95,15,0.8068710361997469,0.00027758100818968265
kidnapping,96,16,0.7724412088008955,0.00045292405403105795
kidnapping,97,15,0.8735513840593582,2.0964600765702564e-05
kidnapping,98,15,0.7189294219820827,0.002525306625522054
kidnapping,99,15,0.3495071097071773,0.2016240025218955
kidnapping,100,15,0.7743785154217717,0.000700981765327062
liquor_law_violation,1,16,0.460861245711676,0.07239885517381499
liquor_law_violation,2,15,-0.07406876773951257,0.7930594974191368
liquor_law_violation,3,15,0.3410623796482862,0.2134796183001388
liquor_law_violation,4,15,0.5097576240640563,0.052239543646669544
liquor_law_violation,5,16,0.6079198874213665,0.012480710078032793
liquor_law_violation,6,15,0.5892753063302341,0.020797170615838363
liquor_law_violation,7,15,0.5678361788386266,0.027235310484211222
liquor_law_violation,8,15,0.30227563311592703,0.27350961404732543
liquor_law_violation,9,16,-0.45814689169192924,0.07431713385446093
liquor_law_violation,10,15,-0.23139635198813466,0.4066536898210318
liquor_law_violation,11,15,0.7092961643257693,0.003063507190949626
liquor_law_violation,12,15,0.7271200618342305,0.0021297921095211215
liquor_law_violation,13,16,0.7186049959546157,0.00171128937545754
liquor_law_violation,14,15,0.7027422676885616,0.0034792922208288723
liquor_law_violation,15,15,-0.12415691698539014,0.659318783910732
liquor_law_violation,16,15,0.46528422883365267,0.08051208217146988
liquor_law_violation,17,16,0.4497179501288665,0.08050873677503152
liquor_law_violation,18,15,0.5709175839611151,0.0262275404604027
liquor_law_violation,19,15,0.3469734869054547,0.20513565763817704
liquor_law_violation,20,15,0.5446708702981455,0.03577729596501756
liquor_law_violation,21,16,0.47073632162380497,0.06572281286907766
liquor_law_violation,22,15,0.20018373912924275,0.4743998026890015
liquor_law_violation,23,15,0.2334902236672422,0.4023001400678059
liquor_law_violation,24,15,0.1377685854590943,0.6243947303850979
liquor_law_violation,25,15,0.7236773413218155,0.0022894796198347253
liquor_law_violation,26,16,0.3854733668316668,0.14034384213162565
liquor_law_violation,27,15,0.4536669427846211,0.08940998304713747
liquor_law_violation,28,15,-0.2602630058470133,0.34884477610954834
liquor_law_violation,29,15,0.6099370991415758,0.015761867511754894
liquor_law_violation,30,16,0.445193251185427,0.08398160267217207
liquor_law_violation,31,15,0.3855912188074328,0.15577404146820983
liquor_law_violation,32,15,0.24982572263470434,0.36919124650232527
liquor_law_violation,33,15,0.12477980758170354,0.6577055966873839
liquor_law_violation,34,16,0.47965476270037505,0.0600907211302448
liquor_law_violation,35,15,0.27806208808694827,0.31563203265500817
liquor_law_violation,36,15,0.1487401639223124,0.5967706019834454
liquor_law_violation,37,15,0.3944173280990669,0.1457224520289067
liquor_law_violation,38,16,0.1966006311035985,0.4655243023899379
liquor_law_violation,39,15,0.6445414145511941,0.009489333603868383
liquor_law_violation,40,15,0.5009315223701302,0.05716042982879967
liquor_law_violation,41,15,0.8766248853364126,1.800407236902121e-05
liquor_law_violation,42,16,0.2389626409807245,0.37275354007460504
liquor_law_violation,43,15,0.12444567354358614,0.6585707767718861
liquor_law_violation,44,15,,
liquor_law_violation,45,15,,
liquor_law_violation,46,16,-0.0668153104781061,0.8057941039695302
liquor_law_violation,47,15,0.2960782627318961,0.2839519184639197
liquor_law_violation,48,15,,
liquor_law_violation,49,15,,
liquor_law_violation,50,15,0.6342083211746767,0.011109369450939393
liquor_law_violation,51,16,0.3231187643431968,0.22219500274386256
liquor_law_violation,52,15,0.6388899148431221,0.010350685858204523
liquor_law_violation,53,15,0.5443735123762822,0.03589857486397663
liquor_law_violation,54,15,0.8075657124118707,0.00027164117310695947
liquor_law_violation,55,16,0.1856667756687676,0.4911712387616697
liquor_law_violation,56,15,0.3967617361024012,0.1431277027069198
liquor_law_violation,57,15,0.4813848795281326,0.06925004630240697
liquor_law_violation,58,15,0.4517999674628779,0.09090217412296028
liquor_law_violation,59,16,0.5312971622947015,0.034189866616401374
liquor_law_violation,60,15,0.7132216014897579,0.002834134858129013
liquor_law_violation,61,15,0.7424409370480856,0.0015237588624844186
liquor_law_violation,62,15,-0.15085823680066146,0.5914946894538896
liquor_law_violation,63,16,0.636435624423538,0.00803251109369367
liquor_law_violation,64,15,-0.15681003584229392,0.5767714092897991
liquor_law_violation,65,15,0.5132056213339045,0.050404261663075496
liquor_law_violation,66,15,0.5294953093962659,0.04236881607544336
liquor_law_violation,67,16,0.7395926052869958,0.0010579917999566358
liquor_law_violation,68,15,0.7904791327505951,0.00045178682008555494
liquor_law_violation,69,15,0.5445599702460672,0.03582249119865755
liquor_law_violation,70,15,0.6564603270057912,0.007856584512231101
liquor_law_violation,71,16,0.8434305637758204,4.045332736638313e-05
liquor_law_violation,72,15,0.40946738607503397,0.12960678236370646
liquor_law_violation,73,15,0.8700716845878136,2.4792821360285452e-05
liquor_law_violation,74,15,0.6089252734698289,0.01598405011785094
liquor_law_violation,75,15,0.5714347987333539,0.026061195337966532
liquor_law_violation,76,16,0.569621674339482,0.021258756676044616
liquor_law_violation,77,15,0.7778827304826796,0.0006389921025558278
liquor_law_violation,78,15,0.7541997111515459,0.0011601253677918884
liquor_law_violation,79,15,0.7706093189964158,0.0007730229693462677
liquor_law_violation,80,16,0.6077021633798437,0.012520847006967257
liquor_law_violation,81,15,0.7911820023523058,0.00044283345105994754
liquor_law_violation,82,15,0.7360408151494502,0.0017572278264525727
liquor_law_violation,83,15,0.7524901838277688,0.0012081234947325693
liquor_law_violation,84,16,0.7737397240225654,0.00043677240548080007
liquor_law_violation,85,15,0.6432474198490912,0.009681418635546805
liquor_law_violation,86,15,0.6014581580212179,0.01769925874247359
liquor_law_violation,87,15,0.40896877434448975,0.13012030589847712
liquor_law_violation,88,16,0.7634004644079646,0.0005795817172700668
liquor_law_violation,89,15,0.5947948608443323,0.01934615155956348
liquor_law_violation,90,15,0.7065778126333268,0.0032308525505822415
liquor_law_violation,91,15,0.7667563383448659,0.0008527617621607
liquor_law_violation,92,16,0.6142602258505063,0.01135545729424474
liquor_law_violation,93,15,0.6363659563857568,0.010754513512453354
liquor_law_violation,94,15,0.6230998301293766,0.013082985506076056
liquor_law_violation,95,15,0.6325249633002968,0.011392499139357842
liquor_law_violation,96,16,0.5924835801816017,0.015587178819542582
liquor_law_violation,97,15,0.7978545861271956,0.0003648191775410203
liquor_law_violation,98,15,0.472552040296174,0.07527767722465714
liquor_law_violation,99,15,0.7895473228139168,0.0004638835178174884
liquor_law_violation,100,15,0.8476543909396725,6.592849121705592e-05
motor_vehicle_theft,1,16,0.3559857699247241,0.17596919523066637
motor_vehicle_theft,2,15,0.13975424859373686,0.6193593505761512
motor_vehicle_theft,3,15,0.06686877327068555,0.8128291613966325
motor_vehicle_theft,4,15,0.5410598425979043,0.037270970486897106
motor_vehicle_theft,5,16,0.5100688959716824,0.04353324197348119
motor_vehicle_theft,6,15,0.6668005264797325,0.006626553927719938
motor_vehicle_theft,7,15,0.8188854076470653,0.00018858335215877163
motor_vehicle_theft,8,15,0.23967446284809435,0.3895865136931632
motor_vehicle_theft,9,16,0.5901168118791432,0.016112419769594946
motor_vehicle_theft,10,15,0.1054352919591625,0.708427956468832
motor_vehicle_theft,11,15,0.7312891003985563,0.0019485102173409442
motor_vehicle_theft,12,15,0.3734345008926419,0.17035963395452408
motor_vehicle_theft,13,16,0.8666499511399652,1.4029912914082344e-05
motor_vehicle_theft,14,15,0.6381024564268336,0.010475386177179942
motor_vehicle_theft,15,15,0.5061169887307039,0.0542300947909907
motor_vehicle_theft,16,15,0.0987446997552659,0.7262516947578124
motor_vehicle_theft,17,16,0.4284059289140368,0.09780753413858903
motor_vehicle_theft,18,15,0.7082692554448552,0.0031258915051691756
motor_vehicle_theft,19,15,0.7779858672792755,0.000637237550043879
motor_vehicle_theft,20,15,0.6734110723211516,0.005923387569699438
motor_vehicle_theft,21,16,0.37762795513544767,0.14929558897505377
motor_vehicle_theft,22,15,0.28961944570239856,0.2950833159274211
motor_vehicle_theft,23,15,0.12475100354582372,0.6577801637066454
motor_vehicle_theft,24,15,-0.0587265222405486,0.8353125393243095
motor_vehicle_theft,25,15,0.4561265611143291,0.0874706693687374
motor_vehicle_theft,26,16,0.4585879099458024,0.07400297993040218
motor_vehicle_theft,27,15,0.7312723282897873,0.0019492138088221984
motor_vehicle_theft,28,15,0.7735274416914756,0.0007167511471923236
motor_vehicle_theft,29,15,0.8755164415140412,1.9028874995503175e-05
motor_vehicle_theft,30,16,0.8679869156064314,1.3122938389874461e-05
motor_vehicle_theft,31,15,0.43115167231280055,0.10859299070146711
motor_vehicle_theft,32,15,0.4726330298139787,0.07522075843129042
motor_vehicle_theft,33,15,0.12833279861445313,0.648530872342695
motor_vehicle_theft,34,16,0.6726625397597095,0.004300794125758826
motor_vehicle_theft,35,15,0.8119826954690197,0.00023625840436056517
motor_vehicle_theft,36,15,0.6000243501552422,0.018044185860539894
motor_vehicle_theft,37,15,0.6724488200666022,0.006021904566979925
motor_vehicle_theft,38,16,0.7409644542352131,0.0010236888541124468
motor_vehicle_theft,39,15,0.6363385012628107,0.010758972733152227
motor_vehicle_theft,40,15,0.837792796245724,9.666116126242316e-05
motor_vehicle_theft,41,15,0.5237229365663817,0.04509878401642222
motor_vehicle_theft,42,16,0.623477945558927,0.009863521965561143
motor_vehicle_theft,43,15,0.5191446984692399,0.047354855705432415
motor_vehicle_theft,44,15,,
motor_vehicle_theft,45,15,,
motor_vehicle_theft,46,16,-0.22581033551960317,0.40039604880925395
motor_vehicle_theft,47,15,0.3092947870658709,0.26196543825171664
motor_vehicle_theft,48,15,,
motor_vehicle_theft,49,15,,
motor_vehicle_theft,50,15,0.7718504725382576,0.0007486666885348214
motor_vehicle_theft,51,16,0.38285804346249497,0.14328618835987159
motor_vehicle_theft,52,15,0.5622222605190353,0.029146341813634426
motor_vehicle_theft,53,15,0.5828457666072068,0.022590688509542486
motor_vehicle_theft,54,15,0.733168139335943,0.0018709659594871332
motor_vehicle_theft,55,16,0.7602332191234725,0.0006303081720339673
motor_vehicle_theft,56,15,0.7209313861194168,0.0024236088655394073
motor_vehicle_theft,57,15,0.25783358586700594,0.3535237201781948
motor_vehicle_theft,58,15,0.563208301814849,0.02880356851741024
motor_vehicle_theft,59,16,0.6370545147669069,0.007952338626255938
motor_vehicle_theft,60,15,0.5762433496173172,0.02455270510273557
motor_vehicle_theft,61,15,0.7373962859704578,0.0017055279641857556
motor_vehicle_theft,62,15,0.549379602274752,0.033897404803645725
motor_vehicle_theft,63,16,0.49927295692197116,0.04896086865249072
motor_vehicle_theft,64,15,0.3524155907333129,0.19764055588375692
motor_vehicle_theft,65,15,0.7878273714279476,0.00048690511454703585
motor_vehicle_theft,66,15,0.7311874923873071,0.0019527758100838495
motor_vehicle_theft,67,16,0.8607242846606198,1.871052439005335e-05
motor_vehicle_theft,68,15,0.8882934735603691,9.717812835665323e-06
motor_vehicle_theft,69,15,0.7584985303092622,0.001046206501210994
motor_vehicle_theft,70,15,0.7477650605407349,0.0013491895704556636
motor_vehicle_theft,71,16,0.642070792016569,0.007325669263852423
motor_vehicle_theft,72,15,0.8741233407859743,2.0385060520923612e-05
motor_vehicle_theft,73,15,0.9337514932614138,3.6431290653178853e-07
motor_vehicle_theft,74,15,0.3624101624701959,0.184339643060165
motor_vehicle_theft,75,15,0.6066791675348386,0.016485887246691578
motor_vehicle_theft,76,16,0.4079877219909213,0.11670794889067772
motor_vehicle_theft,77,15,0.8157437024080745,0.00020919307061649937
motor_vehicle_theft,78,15,0.8701883523011451,2.4655697737541894e-05
motor_vehicle_theft,79,15,0.7978545861271956,0.0003648191775410203
motor_vehicle_theft,80,16,0.7790877374118135,0.00037516895959937066
motor_vehicle_theft,81,15,0.8845152761031957,1.1950136134691226e-05
motor_vehicle_theft,82,15,0.8535658484916002,5.1743520586666944e-05
motor_vehicle_theft,83,15,0.4486150138101662,0.09348820539341617
motor_vehicle_theft,84,16,0.9195634561524656,4.7130054019140567e-07
motor_vehicle_theft,85,15,0.8553628292252669,4.797040055119993e-05
motor_vehicle_theft,86,15,0.716342140309553,0.0026617678907062694
motor_vehicle_theft,87,15,0.7663411703890035,0.0008617373507537613
motor_vehicle_theft,88,16,0.7763890496568168,0.0004052892452178701
motor_vehicle_theft,89,15,0.8599765669594974,3.93113882067336e-05
motor_vehicle_theft,90,15,0.8805205594965982,1.4758179893314397e-05
motor_vehicle_theft,91,15,0.8936554059963473,7.153330546218767e-06
motor_vehicle_theft,92,16,0.6538393802069968,0.006008736522050669
motor_vehicle_theft,93,15,0.7195352056367841,0.0024941796986985435
motor_vehicle_theft,94,15,0.4468277029981736,0.0949618981346005
motor_vehicle_theft,95,15,0.8236377064928543,0.00016059598245858378
motor_vehicle_theft,96,16,0.8344373119972063,5.831577829729718e-05
motor_vehicle_theft,97,15,0.8900807843723618,8.789644181694088e-06
motor_vehicle_theft,98,15,0.7370315907722076,0.0017193160723314965
motor_vehicle_theft,99,15,0.6958866233261863,0.0039611074114619515
motor_vehicle_theft,100,15,0.9410271356187584,1.7409727665958683e-07
narcotics,1,16,0.8803631488594837,6.817477611490792e-06
narcotics,2,15,-0.2377946341158927,0.39342813970319646
narcotics,3,15,0.6973765788557367,0.003852135081969783
narcotics,4,15,0.45337083362514063,0.08964548638467087
narcotics,5,16,0.6097033450390371,0.01215571978069711
narcotics,6,15,0.6267196205164699,0.012412206210426432
narcotics,7,15,0.6782431247449076,0.0054477365250962025
narcotics,8,15,-0.09895537512932995,0.7256884111733078
narcotics,9,16,0.03520901466177785,0.8970009671047858
narcotics,10,15,-0.13957263155977062,0.6198192598279236
narcotics,11,15,0.7584409234331562,0.0010476707943219508
narcotics,12,15,0.8330461942989703,0.00011519093892362587
narcotics,13,16,0.6409105285297375,0.007467003806877801
narcotics,14,15,0.6324555320336759,0.011404296374771609
narcotics,15,15,0.23294478778917793,0.4034318289727321
narcotics,16,15,0.2693037266052706,0.3317391642542481
narcotics,17,16,0.7433663853630326,0.000965821896263291
narcotics,18,15,0.8582344294293525,4.2414490990710157e-05
narcotics,19,15,0.880954585007415,1.4428825433844934e-05
narcotics,20,15,0.6752261965053056,0.005741017786271894
narcotics,21,16,0.24770331478079236,0.3549810897422191
narcotics,22,15,0.6576615776507133,0.007705137921985026
narcotics,23,15,0.20649242020308858,0.4602860965449722
narcotics,24,15,0.1663918130148877,0.5533942089268907
narcotics,25,15,0.4686961392866592,0.07802343412360531
narcotics,26,16,0.7224375287095768,0.0015723391902875581
narcotics,27,15,0.6998752411810338,0.0036747511894444935
narcotics,28,15,0.7446853702014039,0.0014480760792308929
narcotics,29,15,0.3171892192773327,0.2493411934282642
narcotics,30,16,0.85018205579912,3.0279612646227785e-05
narcotics,31,15,0.74642219429255,0.001391615075246962
narcotics,32,15,0.6038689973157244,0.017130735841367813
narcotics,33,15,0.08256459506693387,0.7698821140342156
narcotics,34,16,0.4963785638226821,0.05049800643279123
narcotics,35,15,0.6184812513372043,0.013979261651756999
narcotics,36,15,0.5603831017966376,0.029793897122965183
narcotics,37,15,0.7624761211137703,0.0009490301391782251
narcotics,38,16,0.7203001069059441,0.0016486503191283695
narcotics,39,15,0.6088310732543317,0.01600485731952366
narcotics,40,15,0.5960770960301736,0.01902046164857105
narcotics,41,15,0.660109117963877,0.007403662093760753
narcotics,42,16,0.5702006998667316,0.02109785784839995
narcotics,43,15,0.236940605252911,0.3951800727700189
narcotics,44,15,,
narcotics,45,15,,
narcotics,46,16,-0.20589036786063403,0.4442665156033564
narcotics,47,15,0.0,1.0
narcotics,48,15,,
narcotics,49,15,,
narcotics,50,15,0.7531650283691416,0.001188988007759131
narcotics,51,16,0.18329883161910956,0.49681277386713896
narcotics,52,15,0.837961840518817,9.604958505739001e-05
narcotics,53,15,0.4688107253144923,0.0779408213042454
narcotics,54,15,0.8409869833559346,8.563242301722034e-05
narcotics,55,16,0.7819300932044262,0.0003454683391874485
narcotics,56,15,0.9105560186967322,2.421803541470463e-06
narcotics,57,15,0.7996434977552835,0.000345935783093727
narcotics,58,15,0.5342340834611686,0.040220961341322914
narcotics,59,16,0.7318719309182604,0.0012690375177059976
narcotics,60,15,0.8716592440413847,2.2980137845062676e-05
narcotics,61,15,0.7788571558171828,0.0006225710102644716
narcotics,62,15,-0.10781779954882156,0.7021141819312859
narcotics,63,16,0.560015364143932,0.024068888464751324
narcotics,64,15,0.7245092093755924,0.0022500428016099332
narcotics,65,15,0.9112917859683805,2.2993811465314674e-06
narcotics,66,15,0.7759906475580979,0.0006718834489684666
narcotics,67,16,0.8990442014434555,2.186594499144699e-06
narcotics,68,15,0.9472271914132377,8.585821928354468e-08
narcotics,69,15,0.6940977116980984,0.0040951673134417875
narcotics,70,15,0.8622554047383593,3.5538081525343345e-05
narcotics,71,16,0.8383820916446235,4.980652445892729e-05
narcotics,72,15,0.8957066331510599,6.334933048156378e-06
narcotics,73,15,0.9159227535809958,1.6414186620273511e-06
narcotics,74,15,0.3236903476909862,0.23923091463637702
narcotics,75,15,0.7833995256455873,0.0005504844117152564
narcotics,76,16,0.6568112016056861,0.005708089692218853
narcotics,77,15,0.8586775814821836,4.1606577255270915e-05
narcotics,78,15,0.7906989396148442,0.00044897113512648454
narcotics,79,15,0.9016114605562929,4.401291803862449e-06
narcotics,80,16,0.8291614294193781,7.156542694275506e-05
narcotics,81,15,0.8952583766226678,6.506763498227069e-06
narcotics,82,15,0.7834835998786058,0.0005492172909151059
narcotics,83,15,0.8561218789445006,4.644649059705564e-05
narcotics,84,16,0.9225155057709326,3.6568166736755167e-07
narcotics,85,15,0.7493409659389418,0.0013007390070083676
narcotics,86,15,0.8789326040843646,1.601689206357429e-05
narcotics,87,15,0.7233687683111155,0.002304248395642562
narcotics,88,16,0.8590464389738924,2.025183339437723e-05
narcotics,89,15,0.9497444758279209,6.28738737760821e-08
narcotics,90,15,0.8877084824312643,1.0038748749444725e-05
narcotics,91,15,0.9383381762961647,2.311039756125261e-07
narcotics,92,16,0.7591060377913433,0.0006492183749875707
narcotics,93,15,0.7967799551941743,0.0003765617951788509
narcotics,94,15,0.7035714285714285,0.0034243370890839554
narcotics,95,15,0.5890800118177154,0.02084999129196136
narcotics,96,16,0.566593236541313,0.022115783208711912
narcotics,97,15,0.9392857142857142,2.094580193668552e-07
narcotics,98,15,0.9409675163742262,1.7521900182910494e-07
narcotics,99,15,0.41502749771638875,0.123973816169533
narcotics,100,15,0.9592288210272449,1.6522256127908238e-08
obscenity,1,16,0.06117528519626978,0.8219316023110435
obscenity,2,15,0.04091585441924857,0.8848861028284022
obscenity,3,15,0.14160759695767083,0.6146736227115004
obscenity,4,15,0.36792565474029,0.17725525640125683
obscenity,5,16,0.6097658073153956,0.012144459239056818
obscenity,6,15,0.11856091872878739,0.6738733412611331
obscenity,7,15,0.6915166078700817,0.004294920804903379
obscenity,8,15,0.17902871850985821,0.5232050417884178
obscenity,9,16,0.10659417826776334,0.6943840300341193
obscenity,10,15,0.5330017908890261,0.04077152510377516
obscenity,11,15,0.2583981107271912,0.3524333771656687
obscenity,12,15,0.2145826137904247,0.4424941815071314
obscenity,13,16,0.1624707506695921,0.5477183807144885
obscenity,14,15,0.3572172541558802,0.19117565261278244
obscenity,15,15,0.1689343445998715,0.5472604688233218
obscenity,16,15,-0.06492641676930097,0.8181809773235416
obscenity,17,16,0.5671955309153236,0.021943252720286566
obscenity,18,15,0.13120237068425314,0.6411549244543189
obscenity,19,15,0.10304795824770653,0.7147722409644675
obscenity,20,15,0.2551690927768829,0.3586952549516247
obscenity,21,16,0.39467610868816305,0.13031897823011704
obscenity,22,15,0.07074015932824028,0.8021853540399411
obscenity,23,15,0.3759140453734656,0.16731437498768958
obscenity,24,15,0.03895476790287226,0.8903720499433527
obscenity,25,15,0.11540412745296906,0.6821317891463345
obscenity,26,16,-0.0032602533184831316,0.9904391283335154
obscenity,27,15,0.15929328587169472,0.5706737779827338
obscenity,28,15,0.3185101859083791,0.24726598029326136
obscenity,29,15,0.11640341810396955,0.6795138816018347
obscenity,30,16,0.6843643379542131,0.003452691005847666
obscenity,31,15,-0.10713118004558388,0.7039319278603171
obscenity,32,15,-0.044981786686731605,0.8735277624780058
obscenity,33,15,-0.36584240742226043,0.17990980992728445
obscenity,34,16,-0.33444758205993647,0.2054706885165311
obscenity,35,15,0.28832772655189715,0.29733989092048135
obscenity,36,15,-0.25106568089821685,0.3667407804493944
obscenity,37,15,0.3572103635903257,0.1911848307471732
obscenity,38,16,0.5635559213031623,0.023001826795726096
obscenity,39,15,0.16335490954655166,0.5607591360502058
obscenity,40,15,0.27604724974994294,0.3192967483734872
obscenity,41,15,0.44100229556245857,0.09987844318854684
obscenity,42,16,-0.07040839499728974,0.7955511720066836
obscenity,43,15,,
obscenity,44,15,,
obscenity,45,15,,
obscenity,46,16,-0.21653278478430674,0.42053283086239246
obscenity,47,15,-0.10482848367219183,0.7100388684917884
obscenity,48,15,,
obscenity,49,15,,
obscenity,50,15,-0.13265162886391654,0.6374415035750959
obscenity,51,16,-0.05717468865055814,0.8334193845278863
obscenity,52,15,0.2965995190249251,0.2830646175139176
obscenity,53,15,0.6727878889234352,0.005987043731541483
obscenity,54,15,0.324072090585008,0.23864526864074118
obscenity,55,16,0.23134104031029723,0.38864154932129336
obscenity,56,15,0.35905866216363,0.1887331273074738
obscenity,57,15,0.489378882977795,0.06410203467077144
obscenity,58,15,0.31200739665807475,0.25758467935725055
obscenity,59,16,0.08726396660119963,0.747941530297806
obscenity,60,15,0.48229943386590857,0.06864647287837825
obscenity,61,15,0.13816427365942727,0.6233900772708745
obscenity,62,15,-0.05664790515494498,0.8410719708124474
obscenity,63,16,0.4543089130604206,0.07709200045451245
obscenity,64,15,0.09423183785035116,0.7383485982983619
obscenity,65,15,0.27923921452057004,0.3135022874228991
obscenity,66,15,0.5251928714709665,0.04439158465965904
obscenity,67,16,-0.28067583906906657,0.29234667320689417
obscenity,68,15,0.5118245717010372,0.05113357375131322
obscenity,69,15,0.19848774073263076,0.4782293273077901
obscenity,70,15,0.007728981596002805,0.9781906455391863
obscenity,71,16,0.3693653029499653,0.15913324441649096
obscenity,72,15,0.3865960705169291,0.15460698714853752
obscenity,73,15,0.4250291944486721,0.11426793401116572
obscenity,74,15,,
obscenity,75,15,0.32334796016942013,0.23975694107547485
obscenity,76,16,0.20271025976106974,0.4514875577999079
obscenity,77,15,0.3307676331300793,0.22851799363567843
obscenity,78,15,0.3209252011192247,0.2434995998697655
obscenity,79,15,0.2808160283190181,0.31066246060217806
obscenity,80,16,0.6422564961030867,0.0073032468540213825
obscenity,81,15,0.23673984087913286,0.3955925164420029
obscenity,82,15,0.5537326366527688,0.032226345530090815
obscenity,83,15,0.18311668063969128,0.5136012338717644
obscenity,84,16,0.15726673019898685,0.5607838751305638
obscenity,85,15,0.500880336945309,0.05718991894606525
obscenity,86,15,0.5347391382215686,0.03999691864338064
obscenity,87,15,0.6502607784040506,0.00867571831779859
obscenity,88,16,0.755294072399929,0.0007166579865660038
obscenity,89,15,0.5060520767898703,0.05426608244685835
obscenity,90,15,0.5930874115187784,0.019786459413310822
obscenity,91,15,0.39712392450925404,0.14272963512031928
obscenity,92,16,0.26285557673917376,0.32532463445295967
obscenity,93,15,0.06157839965092436,0.8274232311597155
obscenity,94,15,0.34011916315510776,0.21483063705182406
obscenity,95,15,0.44945504708785694,0.09280116762847712
obscenity,96,16,-0.07206880473958914,0.7908282333807956
obscenity,97,15,0.6641435771628684,0.006927023533994635
obscenity,98,15,0.6168577597152111,0.014305346085470386
obscenity,99,15,0.22551082793609678,0.4190221039090337
obscenity,100,15,0.5168765907047376,0.04850288364334834
offense_involving_children,1,16,0.7309732101154984,0.0012956888949795528
offense_involving_children,2,15,-0.4808779227281261,0.06958626320724962
offense_involving_children,3,15,0.6162990867780986,0.014418907157522124
offense_involving_children,4,15,0.307631131684473,0.26467440875499204
offense_involving_children,5,16,0.5134471333894596,0.041931256717009695
offense_involving_children,6,15,0.42274098062821136,0.11644052643118774
offense_involving_children,7,15,0.6386158177408953,0.010393959254648465
offense_involving_children,8,15,0.22782870872446953,0.414128056242544
offense_involving_children,9,16,0.6121567321877286,0.011719547477868337
offense_involving_children,10,15,-0.0700368958169219,0.8041165313596064
offense_involving_children,11,15,0.7339149224929667,0.0018408452166901006
offense_involving_children,12,15,0.8408327780361912,8.613986259873357e-05
offense_involving_children,13,16,0.7003508360664442,0.002517042581466997
offense_involving_children,14,15,0.41165203732680206,0.12737309048173012
offense_involving_children,15,15,0.24460901793871068,0.3795982699624323
offense_involving_children,16,15,0.01711714490245726,0.9517201212630062
offense_involving_children,17,16,0.6154465777910347,0.011154072613880949
offense_involving_children,18,15,0.7136896834201985,0.00280772617689326
offense_involving_children,19,15,0.5009906917530343,0.057126354800705825
offense_involving_children,20,15,0.7139815727649043,0.002791357912176852
offense_involving_children,21,16,0.46489491955750484,0.06961497868238517
offense_involving_children,22,15,0.6092898267055683,0.01590372299917025
offense_involving_children,23,15,0.01958559865059295,0.9447668795547888
offense_involving_children,24,15,-0.07837203595294226,0.7812984572736192
offense_involving_children,25,15,0.2453260950837433,0.3781584307549971
offense_involving_children,26,16,0.7668496718679524,0.0005282093778268698
offense_involving_children,27,15,0.4846681256757547,0.06710087533860826
offense_involving_children,28,15,0.7733038650455923,0.0007209411785207895
offense_involving_children,29,15,0.8499725954603636,6.002595668046963e-05
offense_involving_children,30,16,0.9065641118556061,1.2982715939257523e-06
offense_involving_children,31,15,0.664279612039346,0.006911383895007792
offense_involving_children,32,15,0.17744037850483785,0.5269582199786724
offense_involving_children,33,15,-0.09138850810423176,0.7459998023769472
offense_involving_children,34,16,0.15609843738445436,0.5637353456478242
offense_involving_children,35,15,0.6022054289335937,0.017521510187195232
offense_involving_children,36,15,0.6504768480661935,0.008646089560811747
offense_involving_children,37,15,0.733208748893914,0.001869317896979675
offense_involving_children,38,16,0.8280499179799891,7.465491295472742e-05
offense_involving_children,39,15,0.5134752877337709,0.050262752238769096
offense_involving_children,40,15,0.8467107988829313,6.846432441225066e-05
offense_involving_children,41,15,0.5811345600418917,0.02308730400034824
offense_involving_children,42,16,0.4354346470604268,0.0918355686210701
offense_involving_children,43,15,0.12426253043692712,0.6590451635924834
offense_involving_children,44,15,,
offense_involving_children,45,15,,
offense_involving_children,46,16,-0.3306533305846054,0.21097870155526544
offense_involving_children,47,15,0.3731581897183736,0.17070122954845635
offense_involving_children,48,15,,
offense_involving_children,49,15,,
offense_involving_children,50,15,0.8714990071917934,2.315795434812301e-05
offense_involving_children,51,16,0.009615479302785945,0.9718066937335514
offense_involving_children,52,15,0.5729653610385073,0.025573623874409025
offense_involving_children,53,15,0.6658002020243877,0.006738448964152519
offense_involving_children,54,15,0.7545073860952779,0.0011516528481498873
offense_involving_children,55,16,0.7587483886173719,0.0006553150039520358
offense_involving_children,56,15,0.8349779142866666,0.00010732604167941541
offense_involving_children,57,15,0.7726892399695952,0.0007325624213556272
offense_involving_children,58,15,0.6168386473819267,0.01430921957548332
offense_involving_children,59,16,0.5888516525040212,0.01639878436256322
offense_involving_children,60,15,0.6240650201415774,0.012901444123149341
offense_involving_children,61,15,0.7539126826675057,0.0011680746907586396
offense_involving_children,62,15,0.36690884859761075,0.17854768794469933
offense_involving_children,63,16,0.5570523198892022,0.024990791467088918
offense_involving_children,64,15,0.02775292070096244,0.9217897378896919
offense_involving_children,65,15,0.8433333907785528,7.821005965986766e-05
offense_involving_children,66,15,0.751347709981846,0.001241085422419581
offense_involving_children,67,16,0.825352053784156,8.261943236216428e-05
offense_involving_children,68,15,0.9472747303561281,8.536661167233564e-08
offense_involving_children,69,15,0.8299018545094253,0.00012900405276455957
offense_involving_children,70,15,0.8640443163664473,3.279061844691958e-05
offense_involving_children,71,16,0.4441991702754236,0.08475878072074035
offense_involving_children,72,15,0.8767050706318742,1.7931751206123688e-05
offense_involving_children,73,15,0.8118279569892474,0.00023743055290485377
offense_involving_children,74,15,0.5089320425239948,0.05268616052987742
offense_involving_children,75,15,0.68563156467421,0.004779341607646303
offense_involving_children,76,16,0.35825559936156437,0.17303332587209933
offense_involving_children,77,15,0.8316923655223906,0.00012098083987974169
offense_involving_children,78,15,0.838999553573217,9.236473922563514e-05
offense_involving_children,79,15,0.7477650605407349,0.0013491895704556636
offense_involving_children,80,16,0.8761977323829906,8.564015150862227e-06
offense_involving_children,81,15,0.9310050792734977,4.712161586309737e-07
offense_involving_children,82,15,0.904599619995533,3.6285475618633605e-06
offense_involving_children,83,15,0.6505811355653408,0.008631817421404581
offense_involving_children,84,16,0.8693786126385269,1.2231697835500418e-05
offense_involving_children,85,15,0.5458712554944383,0.03529082734876665
offense_involving_children,86,15,0.7127514528894549,0.0028608595840497277
offense_involving_children,87,15,0.7804672031253288,0.0005961912896429605
offense_involving_children,88,16,0.9231945750610995,3.444623137044902e-07
offense_involving_children,89,15,0.7699987851111673,0.0007852377780974048
offense_involving_children,90,15,0.9154809523778223,1.696449827243745e-06
offense_involving_children,91,15,0.9489708368716191,6.930717158820098e-08
offense_involving_children,92,16,0.7973451922034654,0.00021612952664674647
offense_involving_children,93,15,0.7150549117038029,0.0027318230280332155
offense_involving_children,94,15,0.538945542726846,0.038166872089813786
offense_involving_children,95,15,0.8744398135655208,2.0070146114355887e-05
offense_involving_children,96,16,0.8924889543446245,3.3359718587907913e-06
offense_involving_children,97,15,0.859696500568486,3.9797161218931134e-05
offense_involving_children,98,15,0.6189634233184074,0.01388353213056102
offense_involving_children,99,15,0.3634737356319598,0.18295943174456766
offense_involving_children,100,15,0.865589293073513,3.056160687674063e-05
other_offense,1,16,0.5229002595574787,0.03768336467231106
other_offense,2,15,0.0,1.0
other_offense,3,15,0.6827335010844877,0.005033285013167102
other_offense,4,15,0.5732892378222165,0.02547134395089291
other_offense,5,16,0.7584114779753878,0.0006611010742590044
other_offense,6,15,0.5757075583814084,0.024717421357661376
other_offense,7,15,0.7783117824941563,0.000631718840402426
other_offense,8,15,0.36623351038235713,0.17940948477041932
other_offense,9,16,0.6497663614855368,0.006441162919559039
other_offense,10,15,0.06978631577988531,0.8048048844037382
other_offense,11,15,0.7059473988995965,0.003270683726771391
other_offense,12,15,0.7845715235100217,0.0005330337303044101
other_offense,13,16,0.894406325685088,2.956646022239615e-06
other_offense,14,15,0.6719840027857806,0.006069954097352167
other_offense,15,15,0.23180202286138035,0.4058083008844916
other_offense,16,15,0.22980584670316423,0.4099770826935579
other_offense,17,16,0.47915785080629203,0.06039484682613612
other_offense,18,15,0.7209169207206562,0.0024243317358790015
other_offense,19,15,0.7830063011214013,0.0005564425131097093
other_offense,20,15,0.6588900788479192,0.007552635975660562
other_offense,21,16,0.317100996102996,0.23142039718484209
other_offense,22,15,0.5756186483335171,0.024744835637351574
other_offense,23,15,0.001861955276803339,0.9947454614255438
other_offense,24,15,0.0391510148270324,0.8898228566583302
other_offense,25,15,0.4406305022036257,0.10019816086603131
other_offense,26,16,0.7061530762181724,0.002233264606015943
other_offense,27,15,0.5461558729629773,0.03517621307934743
other_offense,28,15,0.7668977975245047,0.0008497209028468722
other_offense,29,15,0.5286486987955544,0.042761330616997315
other_offense,30,16,0.8976616819519503,2.3959310599423008e-06
other_offense,31,15,0.6291754048990554,0.011972549887617888
other_offense,32,15,0.4456203337373573,0.09596661092915956
other_offense,33,15,0.12238987033451373,0.6639027214741653
other_offense,34,16,0.6525599811002238,0.0061419948074671596
other_offense,35,15,0.6125083612137906,0.01520796406157241
other_offense,36,15,0.6618793253607906,0.007191453678549729
other_offense,37,15,0.7863609152691414,0.0005072612467968166
other_offense,38,16,0.8634745134015929,1.6397304039883445e-05
other_offense,39,15,0.6675135863390868,0.006547689255371319
other_offense,40,15,0.8624094155330171,3.529429554170976e-05
other_offense,41,15,0.5564556201017806,0.031213003578174168
other_offense,42,16,0.4686990046024967,0.06706175731163616
other_offense,43,15,0.35757216458038765,0.1907033021623451
other_offense,44,15,,
other_offense,45,15,,
other_offense,46,16,-0.3692356244319796,0.15929102407731724
other_offense,47,15,0.03095713135288532,0.9127900400766853
other_offense,48,15,,
other_offense,49,15,,
other_offense,50,15,0.7071258970887742,0.003196538425998032
other_offense,51,16,0.18935097703947706,0.4824549876918931
other_offense,52,15,0.7054636007786621,0.0033015161095920945
other_offense,53,15,0.7107260201140729,0.0029783034327763454
other_offense,54,15,0.7583258696072744,0.0010506002784861487
other_offense,55,16,0.7439000835563666,0.0009533350186247478
other_offense,56,15,0.8461552000855684,6.999473199896613e-05
other_offense,57,15,0.9068938280669341,3.115185503087773e-06
other_offense,58,15,0.6413307436794894,0.009971502367857973
other_offense,59,16,0.5614968862712969,0.023617853112182254
other_offense,60,15,0.7367161811563169,0.0017313130197502901
other_offense,61,15,0.8044323119677721,0.0002992812641899997
other_offense,62,15,0.5547656768068574,0.03183903732669498
other_offense,63,16,0.6474251696584611,0.0067007196302690045
other_offense,64,15,0.3005371535187643,0.27641526950681383
other_offense,65,15,0.8128946059733823,0.00022944655573179
other_offense,66,15,0.8422993172108684,8.141283745119763e-05
other_offense,67,16,0.8887273007711537,4.200358954482695e-06
other_offense,68,15,0.9151031357402595,1.744725994030367e-06
other_offense,69,15,0.8783556093911503,1.6495773616940816e-05
other_offense,70,15,0.8694110512507109,2.5581268304076254e-05
other_offense,71,16,0.7247281813336447,0.0014937755943997095
other_offense,72,15,0.9532620794579553,3.9567527640514786e-08
other_offense,73,15,0.8997317840150727,4.954239329943238e-06
other_offense,74,15,0.4372797190996494,0.10311199150896208
other_offense,75,15,0.9255045558789731,7.654061254566213e-07
other_offense,76,16,0.4349155253875489,0.09226752214453113
other_offense,77,15,0.8461552000855684,6.999473199896613e-05
other_offense,78,15,0.8729888745068867,2.1547833788261452e-05
other_offense,79,15,0.8264771721766018,0.0001455700223881601
other_offense,80,16,0.918999523903538,4.941658475362463e-07
other_offense,81,15,0.8558670080512703,4.695365300395398e-05
other_offense,82,15,0.8427839640896012,7.989856649891936e-05
other_offense,83,15,0.7256481896690339,0.0021969318160720407
other_offense,84,16,0.9402278034817345,6.23531426326705e-08
other_offense,85,15,0.733168139335943,0.0018709659594871332
other_offense,86,15,0.7892456036675927,0.0004678565211474777
other_offense,87,15,0.7359023855838328,0.001762577902589946
other_offense,88,16,0.8841388607308617,5.503647968418817e-06
other_offense,89,15,0.824069403412128,0.00015823278350060712
other_offense,90,15,0.8805205594965982,1.4758179893314397e-05
other_offense,91,15,0.8382487708245736,9.50188141275876e-05
other_offense,92,16,0.8584421794554449,2.0832384807589252e-05
other_offense,93,15,0.7752937541552303,0.0006843391727695277
other_offense,94,15,0.6642857142857141,0.006910682984519185
other_offense,95,15,0.8809342425967049,1.4444124400359589e-05
other_offense,96,16,0.7505520795742068,0.0008084749246476057
other_offense,97,15,0.8775696086884129,1.716719619888018e-05
other_offense,98,15,0.7799654698463169,0.0006043124431517052
other_offense,99,15,0.8282660838046896,0.0001367115427179845
other_offense,100,15,0.932759486011575,4.002919870363809e-07
prostitution,1,16,0.38995951560218745,0.13539329736240346
prostitution,2,15,-0.473716065569611,0.07446257091345831
prostitution,3,15,0.3638490764519417,0.18247395840626066
prostitution,4,15,0.6791667562700374,0.00536035889907393
prostitution,5,16,0.5756040336452609,0.01964130104878487
prostitution,6,15,0.7052844149453625,0.0033129942281745787
prostitution,7,15,0.80283152749407,0.000314265223869359
prostitution,8,15,0.0,1.0
prostitution,9,16,-0.07074220316619448,0.7946011342001247
prostitution,10,15,0.07482561012774115,0.7909879352652467
prostitution,11,15,0.24433553731510896,0.3801481787055512
prostitution,12,15,0.010849927323813548,0.9693873304513987
prostitution,13,16,0.6437275253815253,0.007127550860731665
prostitution,14,15,0.417517388829084,0.12150656545108639
prostitution,15,15,0.02449949332599896,0.9309366844824218
prostitution,16,15,0.7502257333131765,0.0012741590896225305
prostitution,17,16,0.7016878183657927,0.002449200084682054
prostitution,18,15,0.7012554785798273,0.003579591693422759
prostitution,19,15,-0.17738454409791718,0.5270903736260387
prostitution,20,15,0.7352823214370098,0.001786703378287034
prostitution,21,16,0.5405380765324604,0.0306349687425869
prostitution,22,15,0.6524331607491983,0.008381419625118614
prostitution,23,15,0.35001017486227815,0.20093135667889625
prostitution,24,15,0.48376976158325546,0.06768407776252007
prostitution,25,15,0.40621691184684755,0.13297942119750977
prostitution,26,16,0.2548173315416287,0.3408739957169977
prostitution,27,15,0.1662256839741001,0.5537960154000643
prostitution,28,15,-0.22746869792532298,0.41488623752091436
prostitution,29,15,0.1976063653282698,0.4802252978184348
prostitution,30,16,0.3529459707709285,0.17995232922669918
prostitution,31,15,0.6130208937954655,0.015099373267428986
prostitution,32,15,0.5303641980794425,0.04196875973253512
prostitution,33,15,-0.07201186362436851,0.7986959286247426
prostitution,34,16,0.5770941304914389,0.019253654394633876
prostitution,35,15,0.45216973422046375,0.09060524924878768
prostitution,36,15,0.11581484425547639,0.6810553981716163
prostitution,37,15,-0.2537968940788172,0.36137477976691357
prostitution,38,16,0.11501508350337666,0.671453729479574
prostitution,39,15,0.6209018710865586,0.013503785267502405
prostitution,40,15,0.5647385301123131,0.02827766102495763
prostitution,41,15,0.40384547551157257,0.13547730074387984
prostitution,42,16,0.20721304682967542,0.4412804660208708
prostitution,43,15,0.7092081432669752,0.0030688151705438975
prostitution,44,15,,
prostitution,45,15,,
prostitution,46,16,0.17464561066519463,0.5176860429883405
prostitution,47,15,-0.18651177423824766,0.5056870539798178
prostitution,48,15,,
prostitution,49,15,,
prostitution,50,15,0.8371406150432451,9.905079904644537e-05
prostitution,51,16,0.30321549517819757,0.2536156092837219
prostitution,52,15,0.5908705285709607,0.02036953650271584
prostitution,53,15,0.46065747201776,0.08397655448393145
prostitution,54,15,0.774959733085765,0.0006903753520143173
prostitution,55,16,0.49182351546346337,0.05298929587842619
prostitution,56,15,0.7527618610643076,0.0012003902867856718
prostitution,57,15,0.6950831579529692,0.004020880039346031
prostitution,58,15,0.34722281759793433,0.20478835897960215
prostitution,59,16,0.2740715830950526,0.30432698029793065
prostitution,60,15,0.8926372070893858,7.591146268146236e-06
prostitution,61,15,0.5612143847014052,0.029499878241127604
prostitution,62,15,-0.025180019021404657,0.9290227006250484
prostitution,63,16,0.5291485732099857,0.0350594118144788
prostitution,64,15,0.43509417615057255,0.10504410356302267
prostitution,65,15,0.8491960944364878,6.19523247252801e-05
prostitution,66,15,0.6092234192377542,0.01591833225672012
prostitution,67,16,0.8248026396309026,8.432521376904434e-05
prostitution,68,15,0.7259856546398684,0.00218139035774804
prostitution,69,15,0.5162589442237678,0.04881903433991633
prostitution,70,15,0.36183984799821317,0.1850825279192646
prostitution,71,16,0.26424877705217487,0.32267198536282415
prostitution,72,15,0.7083333333333335,0.0031219693872124024
prostitution,73,15,0.7585458707716027,0.0010450044071150812
prostitution,74,15,-0.2685841870880268,0.3330828101819455
prostitution,75,15,0.02315542837676319,0.9347179004092303
prostitution,76,16,0.42709396866037735,0.09895200458268404
prostitution,77,15,0.47919497533455924,0.07071083995064743
prostitution,78,15,0.7538051364583993,0.0011710645209194901
prostitution,79,15,0.11459270482978041,0.6842600053047247
prostitution,80,16,0.29572271386430676,0.2661198621299605
prostitution,81,15,0.6515693656678133,0.008497488165103508
prostitution,82,15,0.41917501672656493,0.11988283756806736
prostitution,83,15,0.5944571544781714,0.0194326360982516
prostitution,84,16,0.7355158778417886,0.001165519687446248
prostitution,85,15,0.5805639352210137,0.023254741602830344
prostitution,86,15,0.5659013164554135,0.027882913002987897
prostitution,87,15,0.21595016756969485,0.43952129816443286
prostitution,88,16,0.613101347633687,0.011554928011736933
prostitution,89,15,0.491450936614743,0.06281422221913972
prostitution,90,15,0.4700575430192345,0.07704594390749964
prostitution,91,15,0.4165197407313691,0.12249105736065809
prostitution,92,16,0.4128185252762061,0.11202335887779245
prostitution,93,15,0.6807177625602362,0.00521612662349336
prostitution,94,15,0.08214285714285713,0.7710285652881772
prostitution,95,15,0.551662396969293,0.03301316896158308
prostitution,96,16,0.2016188919640516,0.4539792236839837
prostitution,97,15,0.3735479597064731,0.1702194984797617
prostitution,98,15,0.6460041436489987,0.00927580094149792
prostitution,99,15,0.38684269269984123,0.15432144956156238
prostitution,100,15,0.4739621695736234,0.07429105109680295
public_indecency,1,16,0.0401583756657496,0.8826097912808759
public_indecency,2,15,-0.02305347229885367,0.9350047840575486
public_indecency,3,15,,
public_indecency,4,15,0.2821296528205602,0.3083080699372469
public_indecency,5,16,0.8202590562995697,9.959090305811062e-05
public_indecency,6,15,0.6636668759536737,0.006982048748284844
public_indecency,7,15,0.19258222162991082,0.4916787464889274
public_indecency,8,15,,
public_indecency,9,16,0.06091095901015047,0.8226895995834165
public_indecency,10,15,,
public_indecency,11,15,0.4389311454644288,0.10166861823637151
public_indecency,12,15,-0.13857813966260496,0.6223399295201745
public_indecency,13,16,,
public_indecency,14,15,0.21162796947702564,0.4489515480119266
public_indecency,15,15,0.38854149763853535,0.1523641450014785
public_indecency,16,15,-0.0932895474295934,0.7408817508869692
public_indecency,17,16,-0.14213381090374028,0.599516678614782
public_indecency,18,15,0.2980742579528017,0.2805632197817476
public_indecency,19,15,0.032997729834278414,0.907063647875124
public_indecency,20,15,0.053201748387934046,0.8506369514608376
public_indecency,21,16,0.0,1.0
public_indecency,22,15,0.2194655727322144,0.4319257614536275
public_indecency,23,15,,
public_indecency,24,15,0.3390577342415128,0.21635743778286567
public_indecency,25,15,0.6177416099577475,0.014127100330423456
public_indecency,26,16,0.22712838128974894,0.39757772408309866
public_indecency,27,15,,
public_indecency,28,15,0.22171446360304625,0.42710203483684717
public_indecency,29,15,,
public_indecency,30,16,0.25430426398830736,0.3418805878996929
public_indecency,31,15,-0.062305598284903355,0.8254139591111171
public_indecency,32,15,0.38115410316982834,0.16099754847440298
public_indecency,33,15,-0.2960302097797445,0.28403379910602644
public_indecency,34,16,,
public_indecency,35,15,,
public_indecency,36,15,,
public_indecency,37,15,,
public_indecency,38,16,0.5722182667968291,0.020544553671241344
public_indecency,39,15,0.4129169451006473,0.12609188537469052
public_indecency,40,15,0.06908213682971363,0.8067400021342366
public_indecency,41,15,-0.031497039417435604,0.9112745346229962
public_indecency,42,16,-0.08316206014309913,0.7594560954610998
public_indecency,43,15,,
public_indecency,44,15,,
public_indecency,45,15,,
public_indecency,46,16,-0.09759000729485333,0.719180010583985
public_indecency,47,15,,
public_indecency,48,15,,
public_indecency,49,15,,
public_indecency,50,15,,
public_indecency,51,16,-0.30906491353945453,0.24411092996162745
public_indecency,52,15,0.37697140968943865,0.16602677016771772
public_indecency,53,15,0.18646850030832632,0.5057875717138121
public_indecency,54,15,0.34237081240261036,0.21161442039564043
public_indecency,55,16,-0.056512058664068304,0.8353252536014811
public_indecency,56,15,0.15915668991203347,0.5710084869637261
public_indecency,57,15,,
public_indecency,58,15,0.5772784345649786,0.024236856345667725
public_indecency,59,16,0.020650405139110026,0.9394918840273285
public_indecency,60,15,0.09475469231590529,0.7369440872766233
public_indecency,61,15,,
public_indecency,62,15,-0.4042547055282381,0.1350439958529978
public_indecency,63,16,0.4731602234073839,0.06415538504570667
public_indecency,64,15,0.03864490798001403,0.8912392811282407
public_indecency,65,15,0.5006555569871991,0.057319551402468805
public_indecency,66,15,0.3104053643808082,0.26016646554672307
public_indecency,67,16,0.0,1.0
public_indecency,68,15,0.18173059175957487,0.5168484916901137
public_indecency,69,15,0.06196971660197944,0.8263418862485808
public_indecency,70,15,-0.0454733399748667,0.8721560987486364
public_indecency,71,16,0.3773480282067661,0.14962196135454442
public_indecency,72,15,0.24922239313961342,0.3703868035648993
public_indecency,73,15,0.5019528829055148,0.056574318036917426
public_indecency,74,15,,
public_indecency,75,15,-0.04631085675352638,0.8698198152656198
public_indecency,76,16,-0.11260348275642135,0.6779938816190574
public_indecency,77,15,,
public_indecency,78,15,-0.24787886640791776,0.37305671349934477
public_indecency,79,15,0.036285750571483,0.897845740673984
public_indecency,80,16,0.5056627869896909,0.04569099608531962
public_indecency,81,15,-0.1365424246328725,0.6275118497522402
public_indecency,82,15,-0.0455617773817031,0.8719093527566439
public_indecency,83,15,,
public_indecency,84,16,0.08432740427115679,0.7561798970457416
public_indecency,85,15,0.06224923861865644,0.8255696468078308
public_indecency,86,15,,
public_indecency,87,15,0.54616969853149,0.0351706526879405
public_indecency,88,16,-0.4105601914237338,0.11419666037227556
public_indecency,89,15,0.2579502824019816,0.3532981749086347
public_indecency,90,15,0.18674771585596928,0.5051391657299913
public_indecency,91,15,-0.1120900531092767,0.6908378521041232
public_indecency,92,16,0.4027425051198656,0.12194712569462583
public_indecency,93,15,0.25141728720199324,0.36604754502911063
public_indecency,94,15,0.11572751247156893,0.6812842262748899
public_indecency,95,15,0.031012659884241876,0.912634160234428
public_indecency,96,16,-0.14013108387380901,0.6047220285148525
public_indecency,97,15,0.22696032475080088,0.4159580964242334
public_indecency,98,15,0.3495563449841393,0.2015561454397598
public_indecency,99,15,0.2728400398492002,0.3251804375000318
public_indecency,100,15,,
public_peace_violation,1,16,0.6026647059306532,0.013478103956925632
public_peace_violation,2,15,-0.13588264806622438,0.6291915450915603
public_peace_violation,3,15,0.5102179001612582,0.0519917566041537
public_peace_violation,4,15,0.3174565812044847,0.2489203124161778
public_peace_violation,5,16,0.7584114779753878,0.0006611010742590044
public_peace_violation,6,15,0.721456307338727,0.002397493867644946
public_peace_violation,7,15,0.6474381027693096,0.009070133180816061
public_peace_violation,8,15,0.4118138454142281,0.12720870356087008
public_peace_violation,9,16,-0.18325819171259264,0.49690986371841117
public_peace_violation,10,15,0.24601568123804587,0.3767765848985979
public_peace_violation,11,15,0.8442707856342491,7.53972136046554e-05
public_peace_violation,12,15,0.6442113523042088,0.009538043722744307
public_peace_violation,13,16,0.6175181885030685,0.010809160062160645
public_peace_violation,14,15,0.41198502216243166,0.12703495654016855
public_peace_violation,15,15,0.08225233069274787,0.7707309303183665
public_peace_violation,16,15,0.3303342376146715,0.22916524393143373
public_peace_violation,17,16,0.35179045890725413,0.18148189650360594
public_peace_violation,18,15,0.9023071525441435,4.2101539770861375e-06
public_peace_violation,19,15,0.7211532196338404,0.002412544924379213
public_peace_violation,20,15,0.5332152458180647,0.04067575874409363
public_peace_violation,21,16,0.28724163280915027,0.28071944860576875
public_peace_violation,22,15,0.5876769243229573,0.021232500176891808
public_peace_violation,23,15,-0.059689443506569,0.8326470897101519
public_peace_violation,24,15,0.2934408937369428,0.288466667225361
public_peace_violation,25,15,0.41574345884420627,0.12326087861739259
public_peace_violation,26,16,0.568475432427208,0.02158006473072583
public_peace_violation,27,15,0.7193700838186957,0.0025026335158503305
public_peace_violation,28,15,0.6185091040807077,0.01397371796082621
public_peace_violation,29,15,0.36607110297123585,0.17961713677705274
public_peace_violation,30,16,0.8961779436346744,2.639182738317472e-06
public_peace_violation,31,15,0.48829542194773035,0.0647829883755596
public_peace_violation,32,15,0.6521747690162556,0.008416008792157243
public_peace_violation,33,15,0.149587619297739,0.5946574137507477
public_peace_violation,34,16,0.28402832027962843,0.28637448287542194
public_peace_violation,35,15,0.7481929484076398,0.001335892680485036
public_peace_violation,36,15,0.5830476887562134,0.022532629425086673
public_peace_violation,37,15,0.5913568050124282,0.020240526759231978
public_peace_violation,38,16,0.49889638552092025,0.04915885977441978
public_peace_violation,39,15,0.5576452049581814,0.03077791454454064
public_peace_violation,40,15,0.6044044930932821,0.01700638443372768
public_peace_violation,41,15,0.6445623598074618,0.009486249104813124
public_peace_violation,42,16,0.051535146907666286,0.8496667312370297
public_peace_violation,43,15,0.13661476666175618,0.6273277804593409
public_peace_violation,44,15,,
public_peace_violation,45,15,,
public_peace_violation,46,16,-0.18627113905718964,0.4897362807268356
public_peace_violation,47,15,-0.3769189261293557,0.1660905271008594
public_peace_violation,48,15,,
public_peace_violation,49,15,,
public_peace_violation,50,15,0.703269167801232,0.0034442896202587893
public_peace_violation,51,16,0.31892839136862133,0.22859382819757404
public_peace_violation,52,15,0.5806460937143663,0.02323057715851108
public_peace_violation,53,15,0.49958208566332,0.0579415903930144
public_peace_violation,54,15,0.8273501730722952,0.00014118990262213205
public_peace_violation,55,16,0.5104152754162039,0.0433669099911541
public_peace_violation,56,15,0.6994644465823621,0.0037034585085347974
public_peace_violation,57,15,0.3974934448783008,0.14232427911694215
public_peace_violation,58,15,0.6882739734287358,0.004556750926573712
public_peace_violation,59,16,0.5141040091668686,0.04162496972310278
public_peace_violation,60,15,0.4285354024052833,0.110993517220904
public_peace_violation,61,15,0.8541134351336276,5.056866156184556e-05
public_peace_violation,62,15,-0.039497879902106355,0.8888522751771488
public_peace_violation,63,16,0.5348294879787288,0.032795953073382095
public_peace_violation,64,15,-0.09481231628865777,0.7367893427950631
public_peace_violation,65,15,0.615798922800718,0.014521165241661818
public_peace_violation,66,15,0.7924531500438379,0.0004270087875395691
public_peace_violation,67,16,0.7948341647946713,0.0002339029521058072
public_peace_violation,68,15,0.9373881932021466,2.5465865067315916e-07
public_peace_violation,69,15,0.40429402794786146,0.13500240970052926
public_peace_violation,70,15,0.5384624000544527,0.038373831424452505
public_peace_violation,71,16,0.653364503366846,0.006057926366793402
public_peace_violation,72,15,0.7662068789605453,0.0008646569573861173
public_peace_violation,73,15,0.8617608143160956,3.633042187673716e-05
public_peace_violation,74,15,0.5241503961148332,0.04489227580355251
public_peace_violation,75,15,0.6642474438642647,0.006915079690457962
public_peace_violation,76,16,0.4611430545501128,0.0722017775353873
public_peace_violation,77,15,0.8299018545094253,0.00012900405276455957
public_peace_violation,78,15,0.8343781320418386,0.00010971915804037519
public_peace_violation,79,15,0.7191424744913287,0.002514324121976745
public_peace_violation,80,16,0.856300895735101,2.30033858337689e-05
public_peace_violation,81,15,0.8146851227266276,0.00021653957918507598
public_peace_violation,82,15,0.7187922934666108,0.002532395660944787
public_peace_violation,83,15,0.8711985688729875,2.34944294149276e-05
public_peace_violation,84,16,0.9195634561524656,4.7130054019140567e-07
public_peace_violation,85,15,0.6235523145822849,0.01299763337665976
public_peace_violation,86,15,0.7587520235258902,0.0010397826891392259
public_peace_violation,87,15,0.39605798367553996,0.1439033081057461
public_peace_violation,88,16,0.8988991088231968,2.207810914133976e-06
public_peace_violation,89,15,0.9587212667147632,1.788382416587053e-08
public_peace_violation,90,15,0.8282494667386782,0.00013679173863766884
public_peace_violation,91,15,0.813226419456676,0.00022700825872263227
public_peace_violation,92,16,0.8702019866215507,1.1728790290809663e-05
public_peace_violation,93,15,0.6875584332462088,0.004616197258826788
public_peace_violation,94,15,0.5607142857142856,0.029676496094474678
public_peace_violation,95,15,0.7144161845448889,0.002767127629619313
public_peace_violation,96,16,0.8138339215775222,0.00012505290867213277
public_peace_violation,97,15,0.8918680951843545,7.936448023309029e-06
public_peace_violation,98,15,0.5702777576294541,0.02643443165634419
public_peace_violation,99,15,0.6994644465823621,0.0037034585085347974
public_peace_violation,100,15,0.924930888420476,8.034061764090221e-07
robbery,1,16,0.41950190314780766,0.1057615373158819
robbery,2,15,-0.24578773106096466,0.377233065779233
robbery,3,15,0.19768154991186238,0.48005487858727713
robbery,4,15,0.5158617178602415,0.04902316049314358
robbery,5,16,0.6498545409318518,0.006431545774910346
robbery,6,15,0.5064769026266821,0.05403087290849743
robbery,7,15,0.8105388972633466,0.00024738164912807944
robbery,8,15,-0.028247573240469045,0.9203998017439773
robbery,9,16,0.23988488287770046,0.3708556302510594
robbery,10,15,0.03492435428230712,0.9016609843020582
robbery,11,15,0.7421498296123963,0.0015338041805277227
robbery,12,15,0.2764851593147445,0.31849817800311625
robbery,13,16,0.8197108544028247,0.00010157909999766603
robbery,14,15,0.7234525507253639,0.002300230911502839
robbery,15,15,0.33896200923784386,0.21649546878122872
robbery,16,15,0.03231644719263247,0.9089750257054909
robbery,17,16,0.6388771344083893,0.007719912477609832
robbery,18,15,0.6576785943416513,0.00770300914854116
robbery,19,15,0.7322219927334357,0.0019096953166627812
robbery,20,15,0.6824866932419218,0.00505539550967868
robbery,21,16,0.638312388088965,0.007791346566019027
robbery,22,15,0.6606943605085966,0.007332967335479413
robbery,23,15,0.3286351063557893,0.2317138419325638
robbery,24,15,0.28775995897868817,0.29833495282764444
robbery,25,15,0.5914984517000608,0.020203065537582738
robbery,26,16,0.2279823348796615,0.39575743537038477
robbery,27,15,0.6184943991832391,0.01397664454872019
robbery,28,15,0.7010068173076021,0.0035965889145358632
robbery,29,15,0.9133195284789971,1.9884223384441204e-06
robbery,30,16,0.9317876632492972,1.5364864500025947e-07
robbery,31,15,0.5629642091893208,0.028888136388121523
robbery,32,15,0.5648191884407657,0.028250143234172305
robbery,33,15,0.24067916761516783,0.387541551478254
robbery,34,16,0.5122188405536033,0.04250851688621497
robbery,35,15,0.8797986221507308,1.5319835866195226e-05
robbery,36,15,0.7171462203056649,0.002618741595892798
robbery,37,15,0.8043341376678731,0.00030018305917266285
robbery,38,16,0.7784376656915191,0.00038224969188959464
robbery,39,15,0.4515251469290826,0.09112330122776638
robbery,40,15,0.7754437601851497,0.0006816423650116381
robbery,41,15,0.6252071809262059,0.01268914672156933
robbery,42,16,0.47914770852675614,0.06040106597940912
robbery,43,15,0.21846572437632575,0.4340792419149262
robbery,44,15,,
robbery,45,15,,
robbery,46,16,-0.12371791482634839,0.6480380526320932
robbery,47,15,0.21747941810041999,0.43620888586201845
robbery,48,15,,
robbery,49,15,,
robbery,50,15,0.8911568795344654,8.26729359259895e-06
robbery,51,16,0.025129678528426316,0.9263972625290501
robbery,52,15,0.7072541175319075,0.0031885530003300765
robbery,53,15,0.6401959570493178,0.010146418881916234
robbery,54,15,0.7762956769439396,0.0006664898804679601
robbery,55,16,0.8308934576745326,6.696420596968948e-05
robbery,56,15,0.6261190698307589,0.012521604704124592
robbery,57,15,0.4955285209803435,0.060334933592167295
robbery,58,15,0.7043608891180249,0.0033726581903396214
robbery,59,16,0.3407500892939269,0.19652830419166056
robbery,60,15,0.7510637351952195,0.0012493901391650729
robbery,61,15,0.5862542080154057,0.02162580964270518
robbery,62,15,0.18868114921043774,0.5006598566838978
robbery,63,16,0.5822381960544055,0.017960783932556224
robbery,64,15,0.7233664492379889,0.002304359678381346
robbery,65,15,0.6911394667526994,0.00432474440381342
robbery,66,15,0.8351308123835418,0.00010672290714315703
robbery,67,16,0.797349037673622,0.00021610319285965757
robbery,68,15,0.9597859060400769,1.512927144505017e-08
robbery,69,15,0.7477650605407349,0.0013491895704556636
robbery,70,15,0.8622554047383593,3.5538081525343345e-05
robbery,71,16,0.7232521565244111,0.0015440231578865045
robbery,72,15,0.9352760024870506,3.143219111643438e-07
robbery,73,15,0.9302340466056988,5.055582656634011e-07
robbery,74,15,0.4059212970797377,0.13328907644702176
robbery,75,15,0.8397163179055152,8.988821852502466e-05
robbery,76,16,0.5942429863780812,0.015205450425660311
robbery,77,15,0.8443662884574806,7.511538502005673e-05
robbery,78,15,0.8032213210114593,0.00031056132303216536
robbery,79,15,0.6618973023925165,0.00718932344524505
robbery,80,16,0.8011790721210332,0.00019116152387523686
robbery,81,15,0.8557361411994132,4.7215835907410166e-05
robbery,82,15,0.6469130641199496,0.009145019381235995
robbery,83,15,0.7674418604651163,0.0008381073408193681
robbery,84,16,0.8752827118754609,8.994274854390306e-06
robbery,85,15,0.7259802164012769,0.002181640106856253
robbery,86,15,0.7228772233591815,0.00232793210070165
robbery,87,15,0.7717127206487395,0.0007513387746429325
robbery,88,16,0.8088615954599536,0.00014828480689367085
robbery,89,15,0.9210187449900255,1.1070474236898875e-06
robbery,90,15,0.8643477328935995,3.23425632530375e-05
robbery,91,15,0.6970512166771509,0.0038757254283112432
robbery,92,16,0.5574684965030177,0.024859695040382178
robbery,93,15,0.7269498018176063,0.0021374732543752327
robbery,94,15,0.3857142857142856,0.15563079458596027
robbery,95,15,0.9095825106486305,2.592105301563356e-06
robbery,96,16,0.5110456553755522,0.0430654226800483
robbery,97,15,0.9035714285714285,3.880504128799775e-06
robbery,98,15,0.4472279070219706,0.09463050726515927
robbery,99,15,0.5652960744757709,0.028087859798934137
robbery,100,15,0.978304382789484,2.86539093998133e-10
sex_offense,1,16,0.37083733176239225,0.15734958344238784
sex_offense,2,15,0.10790680875847229,0.7018786497474383
sex_offense,3,15,0.39275576750606744,0.14758047018344259
sex_offense,4,15,0.371073564576041,0.17329291994845464
sex_offense,5,16,0.6585178707073553,0.0055409408741210284
sex_offense,6,15,0.7072345512276866,0.003189770537814824
sex_offense,7,15,0.7314378842730023,0.0019422776477046571
sex_offense,8,15,0.4110684803771435,0.12796715342774748
sex_offense,9,16,0.6797220027685353,0.003771324186972237
sex_offense,10,15,-0.10553092489669973,0.7081741812519379
sex_offense,11,15,0.7265076932174547,0.0021575224603705696
sex_offense,12,15,0.41155234657039713,0.12747444229647784
sex_offense,13,16,0.7167514181053593,0.0017819859322763616
sex_offense,14,15,0.6913984815040491,0.004304244394792946
sex_offense,15,15,0.08645547460804119,0.7593262826601317
sex_offense,16,15,-0.1087162812117284,0.6997378178795031
sex_offense,17,16,0.3647564763367306,0.16480539120563648
sex_offense,18,15,0.7278909463836981,0.0020952909103290505
sex_offense,19,15,0.6819586889024377,0.005102955453673926
sex_offense,20,15,0.6451920370035147,0.00939388504623199
sex_offense,21,16,0.13924455884100082,0.6070319547383636
sex_offense,22,15,0.5699067480857539,0.026554964595798827
sex_offense,23,15,-0.09054813131449106,0.7482654553410754
sex_offense,24,15,0.13481640148497082,0.6319096203551492
sex_offense,25,15,0.44825284117430053,0.09378551781781232
sex_offense,26,16,0.28910502512375014,0.2774711873348568
sex_offense,27,15,0.46099901715194336,0.08371724951236853
sex_offense,28,15,0.5491596260575867,0.03398354086096053
sex_offense,29,15,0.7274966335697403,0.0021128820241750304
sex_offense,30,16,0.4821513987328083,0.05857972040021299
sex_offense,31,15,0.3955012734964089,0.14451885977823037
sex_offense,32,15,0.6288560564627415,0.01202902762753568
sex_offense,33,15,0.1824599525856349,0.5151386179129955
sex_offense,34,16,0.7248154402764289,0.001490847313682469
sex_offense,35,15,0.48637087168661886,0.06600545870184693
sex_offense,36,15,0.4850728391650674,0.06683933215168199
sex_offense,37,15,0.5153669692294606,0.04927827945960573
sex_offense,38,16,0.6307265336817431,0.008802707174204824
sex_offense,39,15,0.5949887719591029,0.01929662556543612
sex_offense,40,15,0.8013350861882405,0.0003288218899323994
sex_offense,41,15,0.5164956758057965,0.04869768119496509
sex_offense,42,16,0.3856778006369163,0.1401155976850047
sex_offense,43,15,0.43555985740255154,0.10463032289952995
sex_offense,44,15,,
sex_offense,45,15,,
sex_offense,46,16,-0.28953814140686424,0.27671944993589653
sex_offense,47,15,0.0,1.0
sex_offense,48,15,,
sex_offense,49,15,,
sex_offense,50,15,0.7492026621887884,0.0013049340330424702
sex_offense,51,16,-0.04005939127250099,0.8828972839449966
sex_offense,52,15,0.7443949182147511,0.0014576958074364137
sex_offense,53,15,0.6691313675374224,0.006371503004087525
sex_offense,54,15,0.8352919874187608,0.00010609014694114963
sex_offense,55,16,0.563493177065152,0.02302041409922356
sex_offense,56,15,0.6612782332763047,0.00726296779252494
sex_offense,57,15,0.5554664305433616,0.03157831008372232
sex_offense,58,15,0.6219014502315129,0.01331113569646494
sex_offense,59,16,0.3926033637516984,0.13253252999268456
sex_offense,60,15,0.6847579476505101,0.004854798253462367
sex_offense,61,15,0.7971281920312451,0.00037272325844372827
sex_offense,62,15,0.1232022359261585,0.6617939597793602
sex_offense,63,16,0.36499159092366423,0.16451280786202002
sex_offense,64,15,0.2800722646527311,0.31200010708974607
sex_offense,65,15,0.8125563806054993,0.00023195401714607358
sex_offense,66,15,0.791742748152913,0.0004357947403283694
sex_offense,67,16,0.7872968980797636,0.00029467679554944285
sex_offense,68,15,0.8755598853400409,1.8987817938029153e-05
sex_offense,69,15,0.7455084203123021,0.0014210944499912592
sex_offense,70,15,0.5053989532153363,0.054629152734593595
sex_offense,71,16,0.7818055891403671,0.00034672729403756363
sex_offense,72,15,0.8963120854440427,6.108858204523136e-06
sex_offense,73,15,0.8415401760936999,8.383227630772809e-05
sex_offense,74,15,0.5236112520084054,0.04515285508310647
sex_offense,75,15,0.758778186456793,0.001039121511235554
sex_offense,76,16,0.4053294352251306,0.11934318303945829
sex_offense,77,15,0.7987450399220583,0.0003553172408207125
sex_offense,78,15,0.7910317082715789,0.00044473567396481265
sex_offense,79,15,0.6422192744835499,0.009836194088757827
sex_offense,80,16,0.776958011557675,0.0003987785394153368
sex_offense,81,15,0.7659195905486716,0.000870929775460249
sex_offense,82,15,0.817457942742083,0.00019773048548489344
sex_offense,83,15,0.791592128801431,0.00043767634808339134
sex_offense,84,16,0.7791762213515678,0.0003742136020923131
sex_offense,85,15,0.766198203758256,0.0008648458388385009
sex_offense,86,15,0.6080778628257134,0.016171980208726098
sex_offense,87,15,0.7892379855770855,0.00046795719313011955
sex_offense,88,16,0.8109341147336698,0.00013820042195099853
sex_offense,89,15,0.7655063767966331,0.0008800167572728737
sex_offense,90,15,0.8068443494162706,0.00027781129647206184
sex_offense,91,15,0.9006270395215554,4.684075235481138e-06
sex_offense,92,16,0.7485369177332862,0.0008503082614304321
sex_offense,93,15,0.6798572147174132,0.005295766891658427
sex_offense,94,15,0.4830061395837283,0.06818267839671933
sex_offense,95,15,0.825112439466953,0.0001526406651542567
sex_offense,96,16,0.7584683357879235,0.0006601216702861985
sex_offense,97,15,0.8428571428571429,7.967195252724858e-05
sex_offense,98,15,0.22401433691756276,0.42219765034449674
sex_offense,99,15,0.5313620071684588,0.041512813152632035
sex_offense,100,15,0.9108840637545753,2.366565574287438e-06
stalking,1,16,0.24870527639154447,0.3529746808007077
stalking,2,15,0.014153462926807445,0.9600725725958361
stalking,3,15,0.09133465562221754,0.7461449308034784
stalking,4,15,0.5649580281432759,0.02820282340719736
stalking,5,16,0.7211279154775081,0.0016187458984492362
stalking,6,15,0.45233088987085723,0.0904760548930483
stalking,7,15,0.7627093502298793,0.0009435674806791569
stalking,8,15,-0.037082846624165396,0.8956128780065014
stalking,9,16,0.2250702655698519,0.4019831712065651
stalking,10,15,-0.07918075824648958,0.7790930027880748
stalking,11,15,0.42298035258513933,0.11621192542147324
stalking,12,15,0.3553351198548937,0.19369322155885998
stalking,13,16,0.5817297271631501,0.018085490762817295
stalking,14,15,0.49791985808722744,0.05891448691171529
stalking,15,15,0.22035444326748502,0.43001588500700394
stalking,16,15,0.1731290153799638,0.5372062222870218
stalking,17,16,0.49815878726450663,0.04954839465850221
stalking,18,15,0.5599270413013189,0.029956138341717807
stalking,19,15,0.49289927482392504,0.06192527721000511
stalking,20,15,0.6453651702761068,0.009368612657845374
stalking,21,16,0.001647220703691336,0.9951693584670921
stalking,22,15,0.1819856015924986,0.5162503668198279
stalking,23,15,-0.12847009078057212,0.6481772785785104
stalking,24,15,-0.00806399169293162,0.9772455471388799
stalking,25,15,0.18884540117416831,0.5002801789994954
stalking,26,16,-0.0525945447800159,0.8466101139481508
stalking,27,15,0.36372715858722615,0.18263155730538752
stalking,28,15,0.01690147550687973,0.9523277879721603
stalking,29,15,0.7084363880810052,0.0031156697878073876
stalking,30,16,0.8895562020859155,3.995252305199774e-06
stalking,31,15,0.47282608695652195,0.0750852038033397
stalking,32,15,-0.012346129971343963,0.9651680659817059
stalking,33,15,0.06266972347842747,0.8244082469908134
stalking,34,16,-0.3622171642786259,0.1679875537750036
stalking,35,15,0.6051918038238254,0.01682481961334894
stalking,36,15,0.49508219820422095,0.0606027822383481
stalking,37,15,0.7187285528687988,0.0025356962316470653
stalking,38,16,0.3681794767701876,0.16057994931209915
stalking,39,15,0.1546511104423511,0.5820944789953171
stalking,40,15,0.44536290586092986,0.09618179196855206
stalking,41,15,0.45523587950346966,0.08816946252447667
stalking,42,16,0.44411198188061224,0.08482719038660526
stalking,43,15,0.12500000000000003,0.6571356681869505
stalking,44,15,,
stalking,45,15,,
stalking,46,16,-0.3170782232209169,0.23145576006569396
stalking,47,15,-0.21428571428571425,0.44314093482351424
stalking,48,15,,
stalking,49,15,,
stalking,50,15,0.844893760472759,7.357442384379075e-05
stalking,51,16,-0.1657993326407828,0.5394322891123504
stalking,52,15,0.46324755200051554,0.08202432876752674
stalking,53,15,0.5071002922858757,0.053687079300570754
stalking,54,15,0.6028890688161579,0.017360101828572734
stalking,55,16,0.7355423800321793,0.0011647929196655056
stalking,56,15,0.3634868289626066,0.18294248242713168
stalking,57,15,0.15120428991685583,0.5906344995513789
stalking,58,15,0.07892378460459512,0.7797936230947518
stalking,59,16,0.13338997297629018,0.6223734774603518
stalking,60,15,0.7914258175254932,0.0004397616789001446
stalking,61,15,0.4393109265195077,0.10133869185728153
stalking,62,15,-0.06176328283487766,0.826912298616296
stalking,63,16,0.5799707525578374,0.01852208580773876
stalking,64,15,0.3357632433238489,0.221139969336679
stalking,65,15,0.55799390578035,0.030651247704313135
stalking,66,15,0.7565401892029227,0.0010969231896391105
stalking,67,16,0.38869509336215774,0.13677631036317928
stalking,68,15,0.7850833707522976,0.0005255551805389146
stalking,69,15,0.3558205525131107,0.1930418643674115
stalking,70,15,0.5125681510150945,0.05073994350609751
stalking,71,16,0.7897855605452957,0.00027331566510670115
stalking,72,15,0.6497740217334432,0.008742756594534778
stalking,73,15,0.7423466596851424,0.0015270062942494853
stalking,74,15,0.6108721662882818,0.01555866434246637
stalking,75,15,0.4248557775961274,0.11443159938471481
stalking,76,16,0.6482890198380855,0.006603997360704735
stalking,77,15,0.5400594746241988,0.037692881345412314
stalking,78,15,0.7798651999627092,0.0006059461678708782
stalking,79,15,0.5737840869739088,0.025315670949194184
stalking,80,16,0.4459637690068747,0.08338273794349682
stalking,81,15,0.5958120046605629,0.01908744810304271
stalking,82,15,0.45637146992110583,0.08727921341403265
stalking,83,15,0.21461482211971142,0.44242404879556696
stalking,84,16,0.47001288764230914,0.06619600260516023
stalking,85,15,0.5004518753746494,0.05743720136057012
stalking,86,15,0.6042158898501675,0.017050101895731987
stalking,87,15,0.6117849984262131,0.015362248229211707
stalking,88,16,0.5930118617282142,0.015471784528585312
stalking,89,15,0.8338043182708486,0.00011204960849592898
stalking,90,15,0.6281911632438385,0.012147279963849933
stalking,91,15,0.5099757686464668,0.052121998943688144
stalking,92,16,0.457091272594681,0.07507301549989633
stalking,93,15,0.4454451567018755,0.09611300260614052
stalking,94,15,0.37063696792178447,0.1738389674944552
stalking,95,15,0.7764963441563475,0.0006629608847937744
stalking,96,16,0.7712196023978235,0.00046856551116834143
stalking,97,15,0.6594854036667657,0.0074795924235525595
stalking,98,15,0.18511092717675812,0.5089456618755694
stalking,99,15,0.13443572866326842,0.6328810940842591
stalking,100,15,0.7284963542903728,0.0020685113385259263
theft,1,16,0.29394675607892157,0.2691378639358406
theft,2,15,-0.05989467796874436,0.8320792005925569
theft,3,15,0.0036607694428122664,0.9896692986366783
theft,4,15,0.4738937931719576,0.07433867691046016
theft,5,16,0.7539502339872971,0.0007417610844345459
theft,6,15,0.5410922305040452,0.03725736990816517
theft,7,15,0.854289837451919,5.019491623053195e-05
theft,8,15,0.1690308509457033,0.5470282358545145
theft,9,16,0.1583240226992823,0.5581185700013885
theft,10,15,0.05243345174762089,0.852772080254905
theft,11,15,0.5122643945861174,0.05090047366190308
theft,12,15,0.06283753620789648,0.8239448342198759
theft,13,16,0.7792534830483836,0.00037338105431238385
theft,14,15,0.732217862979464,0.0019098657636563833
theft,15,15,0.2747975593598622,0.321582003162383
theft,16,15,0.008976790886842351,0.9746705913973075
theft,17,16,0.15822658001703102,0.5583639820061452
theft,18,15,0.5854062213370742,0.021862865664602354
theft,19,15,0.7487140543569605,0.0013198420011901657
theft,20,15,0.5953607324025275,0.019201896720658557
theft,21,16,0.3503966006938106,0.1833383295116252
theft,22,15,0.17664463862519159,0.5288430476949036
theft,23,15,0.13022044517311893,0.6436754037033954
theft,24,15,0.3190807708403141,0.24637289951399235
theft,25,15,0.5495951187197244,0.03381317395986822
theft,26,16,-0.260359587582133,0.3301083659787004
theft,27,15,0.3454164627017505,0.20731298030283526
theft,28,15,0.6692932474209932,0.006354081080410224
theft,29,15,0.736398362883632,0.0017434696072472424
theft,30,16,0.85018205579912,3.0279612646227785e-05
theft,31,15,0.30036748541411046,0.27669983547289695
theft,32,15,0.5666530169746642,0.027629949157933733
theft,33,15,0.4580668028804808,0.08596203147679737
theft,34,16,0.45617344650371106,0.07573474195994682
theft,35,15,0.6558717850165368,0.007931631922552803
theft,36,15,0.7736954511710605,0.0007136155283025424
theft,37,15,0.7753371641205086,0.0006835578588714319
theft,38,16,0.46051974048084954,0.07263820353739323
theft,39,15,0.3667657067797179,0.17873012433414964
theft,40,15,0.8225501568319111,0.000166678243227595
theft,41,15,0.6437427761961776,0.009607530819069423
theft,42,16,0.42211545117984767,0.10338122565941861
theft,43,15,0.4666666666666666,0.0794970074685599
theft,44,15,,
theft,45,15,,
theft,46,16,-0.24597601850723635,0.3584549333725713
theft,47,15,0.18557687223952252,0.5078607223294542
theft,48,15,,
theft,49,15,,
theft,50,15,0.6968771535633349,0.0038883929435088076
theft,51,16,0.20251564461143556,0.4519313731701272
theft,52,15,0.6947205002591901,0.004048093151280971
theft,53,15,0.41413806261099934,0.12486342433676739
theft,54,15,0.672070794391281,0.006060959306117117
theft,55,16,0.47034504657647647,0.06597843322627032
theft,56,15,0.5295178419140133,0.04235840597768914
theft,57,15,0.3115489162559655,0.25832195100903765
theft,58,15,0.39061220932320173,0.15000087711820853
theft,59,16,0.4444566382094699,0.08455699757375569
theft,60,15,0.5653020201942035,0.028085840940068225
theft,61,15,0.7120313031606632,0.0029021852414530527
theft,62,15,0.06104217803052799,0.8289054650598946
theft,63,16,0.2385250625057488,0.37365591134448595
theft,64,15,0.6064410419217922,0.016539793462124235
theft,65,15,0.673234299220246,0.005941389831283237
theft,66,15,0.8655969578996796,3.055086990790067e-05
theft,67,16,0.8238782108309699,8.726155683742151e-05
theft,68,15,0.8811442303123984,1.4286844957889444e-05
theft,69,15,0.6171745116903196,0.014241268056403961
theft,70,15,0.7262981210036804,0.002167078918745209
theft,71,16,0.7542486775183145,0.000736124703799261
theft,72,15,0.9244843563045079,8.340661551500862e-07
theft,73,15,0.9069781954405566,3.097529567028161e-06
theft,74,15,0.46173467457065276,0.0831606642009697
theft,75,15,0.3497969974975646,0.20122468369157767
theft,76,16,0.2660789491245139,0.3192064461837948
theft,77,15,0.7549207070530864,0.0011403499175646672
theft,78,15,0.8640443163664473,3.279061844691958e-05
theft,79,15,0.4669059349309374,0.07932225311176809
theft,80,16,0.5567016346723356,0.025101669276220297
theft,81,15,0.6030475633792725,0.017322844812157543
theft,82,15,0.6397251411852837,0.010219689319010853
theft,83,15,0.6556350626118067,0.007961975492816959
theft,84,16,0.9018511584416636,1.8087498031008658e-06
theft,85,15,0.7313711586022765,0.0019450708083398817
theft,86,15,0.405385241883809,0.13385184151312565
theft,87,15,0.40823781973993645,0.1308756248929293
theft,88,16,0.755724702327548,0.00070876297432289
theft,89,15,0.7827761653326533,0.0005599537875650534
theft,90,15,0.8212201952856027,0.00017437206815846374
theft,91,15,0.6505811355653408,0.008631817421404581
theft,92,16,0.5085417401609976,0.04427228743887114
theft,93,15,0.7179972180513795,0.0025738126843302877
theft,94,15,0.38928571428571423,0.15151193679039388
theft,95,15,0.6123567296099047,0.015240205660334532
theft,96,16,0.3296542467149457,0.2124446515083618
theft,97,15,0.8607142857142854,3.8055250226647766e-05
theft,98,15,0.5384624000544527,0.038373831424452505
theft,99,15,0.38282708841080687,0.1590145996625396
theft,100,15,0.9355666299962127,3.054774972408909e-07
weapons_violation,1,16,0.773102100890608,0.0004446430878172663
weapons_violation,2,15,-0.3372216059987061,0.21901475938696208
weapons_violation,3,15,0.505627167980942,0.05450208704168812
weapons_violation,4,15,0.42465826108917326,0.11461820651678303
weapons_violation,5,16,0.6858102393108477,0.0033580070674978702
weapons_violation,6,15,0.6059403122776567,0.016653589922540978
weapons_violation,7,15,0.7274489091897018,0.0021150191225386876
weapons_violation,8,15,0.014291548761875736,0.9596833177672919
weapons_violation,9,16,0.5257346052906374,0.03647535383698216
weapons_violation,10,15,0.017540800578536964,0.9505265078257343
weapons_violation,11,15,0.847747005907301,6.568383184699487e-05
weapons_violation,12,15,0.7906638633580249,0.0004494194933365432
weapons_violation,13,16,0.7048238963294681,0.0022958614388365562
weapons_violation,14,15,0.7648156501360173,0.0008953780188764649
weapons_violation,15,15,0.3246258689270873,0.23779727830937136
weapons_violation,16,15,0.4600226114083053,0.08446006359832518
weapons_violation,17,16,0.7663206174922352,0.0005358360668698506
weapons_violation,18,15,0.775814201238774,0.0006750195519835991
weapons_violation,19,15,0.6522753621547449,0.008402529793220013
weapons_violation,20,15,0.6046094166108388,0.016958981801612233
weapons_violation,21,16,0.24752084454256235,0.35534716950720036
weapons_violation,22,15,0.6029430576773853,0.017347403857873735
weapons_violation,23,15,0.3363117244904029,0.22033917322413646
weapons_violation,24,15,-0.04740639585053942,0.866765279506709
weapons_violation,25,15,0.43673487494038,0.1035913164727807
weapons_violation,26,16,0.7751614993922595,0.00041963539275696835
weapons_violation,27,15,0.63047202803942,0.011745351456652828
weapons_violation,28,15,0.752255357476304,0.0012148401355238801
weapons_violation,29,15,0.6219496448608897,0.013301901223725526
weapons_violation,30,16,0.886920474212203,4.678398972954335e-06
weapons_violation,31,15,0.5895706583818046,0.020717482074831203
weapons_violation,32,15,0.43094970546616856,0.10877700664649882
weapons_violation,33,15,-0.03687825955393701,0.8961859081329169
weapons_violation,34,16,0.6243937495378175,0.0097241920609391
weapons_violation,35,15,0.8860167525985122,1.1016864292609359e-05
weapons_violation,36,15,0.5830476887562134,0.022532629425086673
weapons_violation,37,15,0.7070703143101709,0.0032000050121496443
weapons_violation,38,16,0.8404763411356249,4.572845015949317e-05
weapons_violation,39,15,0.4416991722441041,0.09928110104299166
weapons_violation,40,15,0.7045075786611771,0.0033631246017372628
weapons_violation,41,15,0.49457825186269666,0.06090625050431662
weapons_violation,42,16,0.55717709555245,0.02495143134204974
weapons_violation,43,15,0.12278272577870385,0.6628826427968657
weapons_violation,44,15,,
weapons_violation,45,15,,
weapons_violation,46,16,-0.14466083213076486,0.5929744948583682
weapons_violation,47,15,0.09320546490017999,0.7411079098287874
weapons_violation,48,15,,
weapons_violation,49,15,,
weapons_violation,50,15,0.7718504725382576,0.0007486666885348214
weapons_violation,51,16,0.26499071192446294,0.32126447154225035
weapons_violation,52,15,0.8360228478942958,0.00010325947761913215
weapons_violation,53,15,0.6081868868944766,0.01614770701106576
weapons_violation,54,15,0.8288342104498093,0.00013399285673994544
weapons_violation,55,16,0.8714950772390208,1.0974118972860874e-05
weapons_violation,56,15,0.9141338419529079,1.8738564069835162e-06
weapons_violation,57,15,0.8854076959113502,1.138784410807731e-05
weapons_violation,58,15,0.7373714563417498,0.0017064638714570706
weapons_violation,59,16,0.7576150819525097,0.0006749453618837574
weapons_violation,60,15,0.8724385550991857,2.2131388345018146e-05
weapons_violation,61,15,0.8721211979919581,2.2473828110347327e-05
weapons_violation,62,15,0.2805773548099376,0.3110913479307095
weapons_violation,63,16,0.7066860547530571,0.002208556253820642
weapons_violation,64,15,0.4615392000466737,0.08330829925382996
weapons_violation,65,15,0.8351267891076997,0.0001067387418608127
weapons_violation,66,15,0.7186426089394856,0.0025401519699614085
weapons_violation,67,16,0.8672575804879571,1.3611388826270285e-05
weapons_violation,68,15,0.9606440071556349,1.3177477050822972e-08
weapons_violation,69,15,0.6905198884419226,0.00437409614679236
weapons_violation,70,15,0.8622554047383593,3.5538081525343345e-05
weapons_violation,71,16,0.8457622156907911,3.665849848322898e-05
weapons_violation,72,15,0.9460676486695935,9.860754868165742e-08
weapons_violation,73,15,0.9274847047160353,6.45583506232724e-07
weapons_violation,74,15,0.3801618114656481,0.1621814054129544
weapons_violation,75,15,0.8315106209878718,0.00012177601101321074
weapons_violation,76,16,0.590677620434976,0.015986735333371475
weapons_violation,77,15,0.8050102326395471,0.0002940174909940123
weapons_violation,78,15,0.8765666977630625,1.8056704666434078e-05
weapons_violation,79,15,0.8336328186889533,0.00011275398027250077
weapons_violation,80,16,0.8481947771007755,3.302172833608704e-05
weapons_violation,81,15,0.8969548453828405,5.876247083521196e-06
weapons_violation,82,15,0.8355960411549351,0.00010490486628983
weapons_violation,83,15,0.8704203654404422,2.43848725563427e-05
weapons_violation,84,16,0.9402278034817345,6.23531426326705e-08
weapons_violation,85,15,0.7888745420796054,0.0004727806061068354
weapons_violation,86,15,0.8035955237342762,0.0003070392305076951
weapons_violation,87,15,0.800360988700665,0.0003385901584253041
weapons_violation,88,16,0.9062792328693641,1.3252046550854958e-06
weapons_violation,89,15,0.9461537594731839,9.760913140198886e-08
weapons_violation,90,15,0.9208767143761198,1.119660347925347e-06
weapons_violation,91,15,0.9508493519801133,5.456098790708313e-08
weapons_violation,92,16,0.9429520313189342,4.531326879269572e-08
weapons_violation,93,15,0.7466454861033048,0.001384486962330868
weapons_violation,94,15,0.7714285714285712,0.0007568751073803472
weapons_violation,95,15,0.859448041557761,4.023225877007996e-05
weapons_violation,96,16,0.8962474832562588,2.6273339161361085e-06
weapons_violation,97,15,0.8821428571428571,1.3558210624788714e-05
weapons_violation,98,15,0.9087671070686445,2.7423360328592288e-06
weapons_violation,99,15,0.8854076959113502,1.138784410807731e-05
weapons_violation,100,15,0.9673736075627857,3.958467597598441e-09
gambling,1,16,0.6743843220953484,0.004166472754077023
gambling,2,15,-0.514776211025039,0.049584185026395854
gambling,3,15,0.5004768108571032,0.05742278874420045
gambling,4,15,0.2504735900568495,0.3679097851583337
gambling,5,16,0.6976829468886442,0.0026569652038690695
gambling,6,15,-0.1446577398272901,0.6069921769816795
gambling,7,15,0.3927532456602122,0.14758330223031935
gambling,8,15,0.35805743701971643,0.19005867543196814
gambling,9,16,0.3744465252120652,0.15303335868382892
gambling,10,15,0.049975018734388664,0.8596104789545499
gambling,11,15,0.48037194588579446,0.0699230016543097
gambling,12,15,0.5846576129656171,0.02207378349143065
gambling,13,16,0.5589500707384815,0.0243972762509493
gambling,14,15,0.5305758240414058,0.041871748514610785
gambling,15,15,-0.14078094547855552,0.616761910118071
gambling,16,15,0.5737045314557004,0.025340649222351266
gambling,17,16,0.4444483030055874,0.08456352464664446
gambling,18,15,0.8646630917689796,3.1882257986249135e-05
gambling,19,15,0.5873920317426037,0.021310817679188826
gambling,20,15,0.6399654702444508,0.010182236865639134
gambling,21,16,0.15469849363075233,0.5672807645009421
gambling,22,15,0.5867114142797614,0.02149881375272865
gambling,23,15,0.35596071874583074,0.19285405164339234
gambling,24,15,0.0030559977430500663,0.9913759018001945
gambling,25,15,0.3466061991560329,0.20564794629327202
gambling,26,16,0.7522200404988117,0.0007751398033745076
gambling,27,15,0.6856098205423611,0.00478120835743721
gambling,28,15,0.540670832525225,0.037434616443624294
gambling,29,15,0.4672749969567517,0.07905323926777061
gambling,30,16,0.9261704224514191,2.633354533130658e-07
gambling,31,15,0.42899470909788145,0.11056944809754705
gambling,32,15,0.027515024082335793,0.9224582843964688
gambling,33,15,0.1342922645966303,0.6332473577456637
gambling,34,16,0.1317973492638615,0.6265725018987462
gambling,35,15,0.5887795861874726,0.020931446538728294
gambling,36,15,0.6670445174537615,0.006599484707553958
gambling,37,15,0.5892422079755458,0.02080611541512655
gambling,38,16,0.5431582028592897,0.029680216691847436
gambling,39,15,0.5214992324943665,0.04618442333829182
gambling,40,15,0.6003826154803049,0.017957519364825
gambling,41,15,0.6679742801980438,0.006497130824285091
gambling,42,16,0.45429691679516354,0.07710078947520542
gambling,43,15,0.5590169943749475,0.030281872726597957
gambling,44,15,,
gambling,45,15,,
gambling,46,16,-0.09759000729485333,0.719180010583985
gambling,47,15,0.5565379710984114,0.031182735529306397
gambling,48,15,,
gambling,49,15,,
gambling,50,15,0.7666570213642092,0.0008549019841238794
gambling,51,16,0.3063801591767205,0.248445388206739
gambling,52,15,0.3737647510410845,0.16995194581203066
gambling,53,15,0.4421103238576752,0.09892985042557953
gambling,54,15,0.5827722492447176,0.022611855393100577
gambling,55,16,0.44607918814983344,0.0832932964072854
gambling,56,15,0.917636894144726,1.4418053780411022e-06
gambling,57,15,0.6326164874551972,0.011376962555936024
gambling,58,15,0.4758532064684244,0.07298255528515332
gambling,59,16,0.5528743395581691,0.026336454621924462
gambling,60,15,0.8191001292139148,0.00018723798075438668
gambling,61,15,0.2786852008565769,0.3145036125850091
gambling,62,15,-0.3468761041874572,0.20527140643165806
gambling,63,16,0.6157112982738607,0.011109521846622325
gambling,64,15,0.8157451172779943,0.0002091833900839242
gambling,65,15,0.6948720202684643,0.0040367056466526115
gambling,66,15,0.9031101451664982,3.998189869025812e-06
gambling,67,16,0.8328411479395018,6.208768800829678e-05
gambling,68,15,0.8949995023676375,6.60775356481723e-06
gambling,69,15,0.6906519503013849,0.004363539625683171
gambling,70,15,0.8862007168458782,1.0906807507948589e-05
gambling,71,16,0.6233409770812544,0.009884494982377971
gambling,72,15,0.844689784211599,7.416719881284237e-05
gambling,73,15,0.3729922818893828,0.17090655304977057
gambling,74,15,0.6130039093538493,0.015102962160518383
gambling,75,15,0.8828294888578772,1.3075352901527876e-05
gambling,76,16,0.5943786080316864,0.015176330983012298
gambling,77,15,0.9095795945863822,2.5926300502749722e-06
gambling,78,15,0.893464995469694,7.233566255393599e-06
gambling,79,15,0.8529151412316004,5.316886565482354e-05
gambling,80,16,0.9528023598820058,1.2343996852829253e-08
gambling,81,15,0.5998165471246549,0.018094601597692963
gambling,82,15,0.13867769426972817,0.6220874193524876
gambling,83,15,0.789765381695118,0.0004610293008111849
gambling,84,16,0.9426784788945053,4.6821881137368117e-08
gambling,85,15,0.5095420390746486,0.05235590015488339
gambling,86,15,0.2557616460638431,0.3575415666022992
gambling,87,15,0.6552679154863239,0.00800921725649457
gambling,88,16,0.5308983356099022,0.0343500255390612
gambling,89,15,0.896745016461612,5.951357261185833e-06
gambling,90,15,0.7177580349474205,0.00258637768271131
gambling,91,15,0.5882918633544135,0.021064201763618343
gambling,92,16,0.0007671319710381657,0.9977502982445141
gambling,93,15,0.7717127206487395,0.0007513387746429325
gambling,94,15,0.4830061395837283,0.06818267839671933
gambling,95,15,0.838130852006123,9.544131791815407e-05
gambling,96,16,0.8924889543446245,3.3359718587907913e-06
gambling,97,15,0.8025025545847199,0.0003174192295236268
gambling,98,15,0.8640443163664473,3.279061844691958e-05
gambling,99,15,0.6947182730305438,0.004048260729098844
gambling,100,15,0.9170503476300975,1.507686439401546e-06
crim_sexual_assault,1,16,0.3688125701189421,0.159806483788133
crim_sexual_assault,2,15,0.2500080003840205,0.36883046051021784
crim_sexual_assault,3,15,0.40340565027813285,0.13594405132119614
crim_sexual_assault,4,15,0.49904014010392933,0.05825749236292645
crim_sexual_assault,5,16,0.4768789509242219,0.06180411516790279
crim_sexual_assault,6,15,0.6962838226925483,0.00393182045230212
crim_sexual_assault,7,15,0.7825506306370789,0.000563412337248611
crim_sexual_assault,8,15,0.3222081684534143,0.24151321646510418
crim_sexual_assault,9,16,0.4959735420035319,0.05071592936531729
crim_sexual_assault,10,15,-0.337255671563899,0.21896527169060853
crim_sexual_assault,11,15,0.8403402049799493,8.777739379492192e-05
crim_sexual_assault,12,15,0.5116770805500142,0.05121191736536156
crim_sexual_assault,13,16,0.7625979682650735,0.0005921048811983896
crim_sexual_assault,14,15,0.504418978912,0.05517724973059283
crim_sexual_assault,15,15,0.27465014969495394,0.3218521820095144
crim_sexual_assault,16,15,0.23715068252567964,0.39474874172932495
crim_sexual_assault,17,16,0.23975528091131332,0.3711220198839401
crim_sexual_assault,18,15,0.5774041758507158,0.024198698734905308
crim_sexual_assault,19,15,0.5827809072918173,0.022609361811015836
crim_sexual_assault,20,15,0.670070887281486,0.0062709122426451245
crim_sexual_assault,21,16,0.5569147932266212,0.025034229038258363
crim_sexual_assault,22,15,0.5732676307838145,0.02547815775026587
crim_sexual_assault,23,15,0.291509864768023,0.2917990728496539
crim_sexual_assault,24,15,0.12512616707728508,0.6568091863494638
crim_sexual_assault,25,15,0.4439550364932133,0.0973646131821707
crim_sexual_assault,26,16,0.35066903495826995,0.18297450560853132
crim_sexual_assault,27,15,0.5923687040998065,0.019974073098902742
crim_sexual_assault,28,15,0.6318897672350482,0.011500781459713212
crim_sexual_assault,29,15,0.8645733693068348,3.2012663232092514e-05
crim_sexual_assault,30,16,0.8188840241144435,0.00010464027820331165
crim_sexual_assault,31,15,0.4873425689612919,0.06538617131006072
crim_sexual_assault,32,15,0.5218441982087623,0.046014754229752285
crim_sexual_assault,33,15,0.20978015938990108,0.4530136730448341
crim_sexual_assault,34,16,-0.07920508976256531,0.7706089006665808
crim_sexual_assault,35,15,0.6200915827825576,0.013661531471457296
crim_sexual_assault,36,15,0.3239852172035338,0.23877846612312048
crim_sexual_assault,37,15,0.7693647553380842,0.0007980879614523963
crim_sexual_assault,38,16,0.8424565430755708,4.213308695174876e-05
crim_sexual_assault,39,15,0.5950692277975583,0.019276105229441367
crim_sexual_assault,40,15,0.7917498205628748,0.00043570655090164186
crim_sexual_assault,41,15,0.47127709694202424,0.07617776941429513
crim_sexual_assault,42,16,0.35005942871298623,0.18378926607328835
crim_sexual_assault,43,15,0.460360868421186,0.08420220196900863
crim_sexual_assault,44,15,,
crim_sexual_assault,45,15,,
crim_sexual_assault,46,16,-0.16594796272900447,0.539063598503575
crim_sexual_assault,47,15,-0.0953783782648419,0.7352697291787267
crim_sexual_assault,48,15,,
crim_sexual_assault,49,15,,
crim_sexual_assault,50,15,0.7727290732467661,0.0007318046799795863
crim_sexual_assault,51,16,-0.206384615151447,0.443149517852812
crim_sexual_assault,52,15,0.7320800286491316,0.0019155616044660739
crim_sexual_assault,53,15,0.4449589804989329,0.09652011151948128
crim_sexual_assault,54,15,0.8003682489246424,0.0003385164856509462
crim_sexual_assault,55,16,0.8429005040352132,4.1360354498273405e-05
crim_sexual_assault,56,15,0.8879928315412187,9.881666730502224e-06
crim_sexual_assault,57,15,0.7016129032258065,0.003555272076188691
crim_sexual_assault,58,15,0.6682170539991114,0.00647061187150907
crim_sexual_assault,59,16,0.4880973998125739,0.05509400368392064
crim_sexual_assault,60,15,0.7876527999354126,0.0004892928688675308
crim_sexual_assault,61,15,0.6415244011210364,0.009941888526617535
crim_sexual_assault,62,15,0.4417345975779848,0.09925080250445499
crim_sexual_assault,63,16,0.6951160989745395,0.002797460712425513
crim_sexual_assault,64,15,0.5588519851873117,0.030341219423710077
crim_sexual_assault,65,15,0.8717428125629144,2.288785115340583e-05
crim_sexual_assault,66,15,0.7910342533817954,0.00044470340596734244
crim_sexual_assault,67,16,0.834686574171563,5.774440553357556e-05
crim_sexual_assault,68,15,0.9409660107334525,1.752474084957999e-07
crim_sexual_assault,69,15,0.7892379855770855,0.00046795719313011955
crim_sexual_assault,70,15,0.8397496650807347,8.977434539301971e-05
crim_sexual_assault,71,16,0.8669644371598535,1.381197105764494e-05
crim_sexual_assault,72,15,0.9181100328999091,1.3904318990921985e-06
crim_sexual_assault,73,15,0.9218362328009355,1.0367379933705968e-06
crim_sexual_assault,74,15,0.428447314680796,0.11107497560629649
crim_sexual_assault,75,15,0.9068869298943332,3.116632820325135e-06
crim_sexual_assault,76,16,0.4204321909862987,0.10490989235749913
crim_sexual_assault,77,15,0.8425773768293927,8.054117900196379e-05
crim_sexual_assault,78,15,0.792487851242932,0.00042658334805308366
crim_sexual_assault,79,15,0.7770817796269485,0.0006527519198831748
crim_sexual_assault,80,16,0.7914519466604977,0.00025974185794592385
crim_sexual_assault,81,15,0.8748906783691027,1.9628480961943187e-05
crim_sexual_assault,82,15,0.8539255770860164,5.096920415943684e-05
crim_sexual_assault,83,15,0.6204120659924831,0.013598970466119811
crim_sexual_assault,84,16,0.9099005731802196,1.015716637812456e-06
crim_sexual_assault,85,15,0.7992880224438141,0.00034962305584819095
crim_sexual_assault,86,15,0.7599290358431212,0.0010103725424246864
crim_sexual_assault,87,15,0.718778367386701,0.0025331164776450222
crim_sexual_assault,88,16,0.9291030203414905,1.998637190916843e-07
crim_sexual_assault,89,15,0.8903953279406847,8.634198849838895e-06
crim_sexual_assault,90,15,0.8741134437242076,2.0394974558340357e-05
crim_sexual_assault,91,15,0.8436107032605519,7.736906123005992e-05
crim_sexual_assault,92,16,0.8728742751286224,1.0214624235104855e-05
crim_sexual_assault,93,15,0.7919285696188255,0.0004334824676148287
crim_sexual_assault,94,15,0.4847950512118162,0.06701877117447311
crim_sexual_assault,95,15,0.8582963093150804,4.2300904135422467e-05
crim_sexual_assault,96,16,0.8645066273932253,1.5593619941329196e-05
crim_sexual_assault,97,15,0.9354898799661134,3.077926327273933e-07
crim_sexual_assault,98,15,0.6283672604388197,0.012115873279518637
crim_sexual_assault,99,15,0.7513428837969107,0.0012412261886824278
crim_sexual_assault,100,15,0.8401264182666448,8.849605568460554e-05
