variable,z_percentile,n,rho_spearman,p_value
arson,1,17,0.6871175111815649,0.002308480570720491
arson,2,7,0.8160150140436474,0.02518862862232672
arson,3,23,0.20968807195713807,0.3369134175418985
arson,4,14,0.08885694389525961,0.7625969636279938
arson,5,25,0.5360099425975693,0.005748531633327963
arson,7,16,0.0533666057319321,0.8443838209626959
arson,8,14,0.7262574365704336,0.0032674029086739343
arson,9,26,0.35117909827014715,0.07855667852607165
arson,10,12,0.6206988552921409,0.03126188435133616
arson,11,21,0.3706859234893966,0.09808206788029365
arson,13,32,0.680450812078583,1.827386357427556e-05
arson,15,15,0.48948904454317443,0.06403309000625726
arson,16,26,0.4510493812817343,0.020738137553931626
arson,18,28,0.37407184505301755,0.04987713189760036
arson,20,42,0.6085192719152844,1.9076921507019402e-05
arson,22,16,0.6529598528160637,0.006100094791428546
arson,23,27,-0.0197164783006081,0.9222409832229688
arson,25,14,0.6655345908737779,0.009380871402791636
arson,26,12,0.3660737632329755,0.24187761430448937
arson,27,21,0.6975242631681048,0.0004398840442217286
arson,28,36,0.29042537328616047,0.08573979485951744
arson,30,23,0.703746538716461,0.00017900402764989298
arson,32,20,0.2579013881433173,0.2722879421648319
arson,33,7,0.3027650354097492,0.5092404282807682
arson,34,31,0.43807176981004425,0.01370659760788902
arson,35,10,0.4266497375409482,0.21884097894296592
arson,36,17,0.8401014124369,2.4397732239251282e-05
arson,37,15,0.7063108923833158,0.0032476697620281766
arson,38,15,0.906126013943165,3.2797651534941464e-06
arson,42,115,-0.08516315844337878,0.36549627528929235
arson,47,19,0.2085314445303033,0.3915913311619646
arson,48,26,0.6394249785183188,0.00043665317362805503
arson,50,16,0.5627244311217895,0.023249086583933726
arson,51,20,0.05104824505805446,0.830754776784072
arson,52,17,0.7384332065212251,0.000711267879951648
arson,53,15,0.7619504885297612,0.0009614353752473184
arson,54,16,0.504207827111418,0.046420767085343186
arson,55,9,0.8434464022453692,0.004274018137056311
arson,57,36,0.7848978931730413,1.4566220641441132e-08
arson,58,8,0.6543708577803532,0.07831401239401002
arson,59,23,0.5012503768123485,0.014826465839329468
arson,60,19,0.6695960883912064,0.001712878352609435
arson,61,9,-0.31915182574260326,0.4025181638989168
arson,62,23,0.7580204163784385,2.7882470507140046e-05
arson,63,12,0.5933135372159309,0.04199339628195225
arson,65,27,0.2280238279934067,0.2526524204509042
arson,67,30,0.8703952642679363,4.1115406614218157e-10
arson,68,24,0.7471665923506363,2.7281133009698994e-05
arson,70,23,0.46306924634031305,0.026067135881472005
arson,71,23,0.7491927237989232,3.8920283004102364e-05
arson,73,18,0.7200000971496233,0.0007533143564453938
arson,75,57,0.9008506715446921,1.3880923160212248e-21
arson,78,28,0.7541911673588912,3.5683320100510444e-06
arson,80,34,0.533035383196895,0.0011714039109311423
arson,82,18,0.8782402281750838,1.6467014725021327e-06
arson,83,19,0.7624116471174571,0.00014767638682214372
arson,84,6,0.16419739435729633,0.7559173537311269
arson,85,24,0.857641669316265,8.550373481307902e-08
arson,86,9,-0.008780379160763444,0.9821139075973345
arson,87,17,0.7060022613309467,0.0015392398863215404
arson,88,24,0.6829700183761563,0.0002352472327785528
arson,90,27,0.7620362210490288,3.865908571015427e-06
arson,91,13,0.7510380627805441,0.0030862830659084094
arson,92,12,0.795097541564023,0.0019934857741352894
arson,93,21,0.6663412870494754,0.00097321279408201
arson,94,24,0.9260794600681289,8.790657761390019e-11
arson,96,11,0.690909090909091,0.018565033381595007
arson,97,27,0.7725477932405013,2.3388592765981974e-06
arson,98,24,0.592148323789426,0.002300001362693302
arson,99,5,0.36842105263157904,0.5417509057946895
arson,100,14,0.8654959746803261,6.357987411432305e-05
assault,1,17,0.6761104252452458,0.0028856480192454024
assault,2,7,-0.14433756729740646,0.7575093876521792
assault,3,23,0.10876772059671816,0.6212976678284007
assault,4,14,0.5109383639497882,0.06188136726201945
assault,5,25,0.5246150360234701,0.007095703553562476
assault,7,16,0.6393636980627387,0.00765878526523816
assault,8,14,0.8403878212731951,0.00016769406544685198
assault,9,26,-0.008623339433549683,0.9666512036023047
assault,10,12,0.8917658156576267,9.729171630077514e-05
assault,11,21,0.5332278194575991,0.01280486067408059
assault,13,32,0.688455507119999,1.3274863737850013e-05
assault,15,15,0.25702150609450264,0.3550954817596988
assault,16,26,0.8035195946441331,7.706128584962757e-07
assault,18,28,0.2100629474635892,0.28331658462186704
assault,20,42,0.5363078490619048,0.00025130574361357675
assault,22,16,0.5257312241439349,0.03647677724167452
assault,23,27,0.30942987209842193,0.11627741599383329
assault,25,14,0.7752628515457092,0.001123755245767584
assault,26,12,0.3186085244213853,0.31281176524045423
assault,27,21,0.7716581193433791,4.192298621527464e-05
assault,28,36,0.736364178733052,3.0704946897607457e-07
assault,30,23,0.719016682371009,0.0001107298948123703
assault,32,20,0.608011921326998,0.004453924098239843
assault,33,7,0.43643578047198484,0.327582499266185
assault,34,31,0.49349569529944765,0.0047851531858562404
assault,35,10,0.7282190812544191,0.016932514597287777
assault,36,17,0.9357581450090665,3.482993939457475e-08
assault,37,15,0.5696428925722891,0.026640938539601602
assault,38,15,0.8237623252674408,0.00015991083671829605
assault,42,115,-0.11045195627138527,0.2399446227850597
assault,47,19,0.3737686660344974,0.11493929548457647
assault,48,26,0.8637145587146838,1.328502086517548e-08
assault,50,16,0.5079542423766642,0.04455908486454686
assault,51,20,0.18271203206600364,0.44069240500330087
assault,52,17,0.794103319602079,0.00014094278478354283
assault,53,15,0.8032503879489375,0.0003102865594800901
assault,54,16,0.5072308425620015,0.04491413179318844
assault,55,9,0.6861196121892381,0.04127519612396012
assault,57,36,0.8183598227566093,1.085060090532344e-09
assault,58,8,0.8193365776101958,0.012816501903671776
assault,59,23,0.7371638186321813,6.0034342566771114e-05
assault,60,19,0.6928491781622682,0.0010075227673139579
assault,61,9,0.35445877847928325,0.3492969259778036
assault,62,23,0.7956897276096452,5.6496092677387295e-06
assault,63,12,0.62697118916282,0.029112880865987664
assault,65,27,0.22219270330244767,0.2653172876201509
assault,67,30,0.8791814394415621,1.628093069329879e-10
assault,68,24,0.8242988018682132,7.34690694247924e-07
assault,70,23,0.8308597164193384,9.172391973145117e-07
assault,71,23,0.8524047931663196,2.424617123279915e-07
assault,73,18,0.900625461149419,3.487079307670372e-07
assault,75,57,0.8962186486730582,4.5786305311426684e-21
assault,78,28,0.7959444428178192,4.105381407796422e-07
assault,80,34,0.7268865706392161,1.12575303080383e-06
assault,82,18,0.7469012249960643,0.0003687818355850024
assault,83,19,0.7259589880051948,0.00043342905937348534
assault,84,6,0.8827348295047495,0.01982041658888203
assault,85,24,0.9252903860937585,9.842923394533449e-11
assault,86,9,0.699497416782669,0.03596008251415301
assault,87,17,0.7549526550801495,0.0004596589527476184
assault,88,24,0.9003742285569885,2.072788447307118e-09
assault,90,27,0.8130945530325417,2.547448604257096e-07
assault,91,13,0.9146040214532883,1.1971809323297149e-05
assault,92,12,0.8021028062474065,0.0016965328946357174
assault,93,21,0.7487816363555498,9.417816252817052e-05
assault,94,24,0.8819699795594349,1.2245147655753438e-08
assault,96,11,0.8545454545454546,0.0008066741521648988
assault,97,27,0.8148312161417068,2.2897836195644347e-07
assault,98,24,0.5460489685909875,0.005773647603311114
assault,99,5,0.20519567041703082,0.7405819415910723
assault,100,14,0.9428952759951116,4.423610572345009e-07
battery,1,17,0.7576927354065259,0.00042617793161834304
battery,2,7,-0.14433756729740646,0.7575093876521792
battery,3,23,0.17679122508709388,0.4196867032976397
battery,4,14,0.37981258913081595,0.18041152183368522
battery,5,25,0.5794432239988554,0.0024016516805158246
battery,7,16,0.495762091280581,0.05082997808909923
battery,8,14,0.8492573497299042,0.00012142928112348412
battery,9,26,0.1184751004367176,0.564322832371906
battery,10,12,0.8242616304086429,0.0009748807642686034
battery,11,21,0.40930867831604434,0.06540072963387777
battery,13,32,0.667788925292757,2.9709785878439743e-05
battery,15,15,0.2414444451190782,0.3859877840964562
battery,16,26,0.8071318763749826,6.292483166814128e-07
battery,18,28,0.24937954190864595,0.20062867995372183
battery,20,42,0.6393064942749863,5.1827443267091525e-06
battery,22,16,0.5525703557068384,0.02643648502234934
battery,23,27,0.22656448658428555,0.2557842508823883
battery,25,14,0.6905997914335567,0.006250053426134069
battery,26,12,0.3186085244213853,0.31281176524045423
battery,27,21,0.8104715384601042,8.409822244547738e-06
battery,28,36,0.6691412807393292,8.127585645938719e-06
battery,30,23,0.7265535448696571,8.636615505386504e-05
battery,32,20,0.5765762482192969,0.007786779731169204
battery,33,7,0.38188130791298674,0.39791732527399254
battery,34,31,0.4703567349716068,0.007580374400100546
battery,35,10,0.7282190812544191,0.016932514597287777
battery,36,17,0.9060907797776033,5.501198033595599e-07
battery,37,15,0.596597603577287,0.018889458029095915
battery,38,15,0.8705261253917933,2.426224163059664e-05
battery,42,115,-0.10329943956085264,0.271941045395505
battery,47,19,0.37195864828130376,0.11684864663698936
battery,48,26,0.8838736912722096,2.1684190318935623e-09
battery,50,16,0.40606371588223006,0.1186111738775277
battery,51,20,0.24537772901426108,0.2970619918192711
battery,52,17,0.8211470859043171,5.3321160481980366e-05
battery,53,15,0.9128662127025957,2.054694755776154e-06
battery,54,16,0.5777629419715107,0.01908160274882162
battery,55,9,0.756042629991963,0.018423694895849864
battery,57,36,0.8166827237267621,1.2511736832004304e-09
battery,58,8,0.8193365776101958,0.012816501903671776
battery,59,23,0.7351781921846872,6.434484903499028e-05
battery,60,19,0.7012867396770823,0.0008212043110115944
battery,61,9,0.4703558734673523,0.20134160547499136
battery,62,23,0.8086315430227446,3.0213945598989995e-06
battery,63,12,0.62697118916282,0.029112880865987664
battery,65,27,0.3327772724286836,0.0898728743890052
battery,67,30,0.8921105782568792,3.625588292000431e-11
battery,68,24,0.8299595965984229,5.27009283353354e-07
battery,70,23,0.8452447503155539,3.8570280814720934e-07
battery,71,23,0.8415082763449023,4.869765059396085e-07
battery,73,18,0.9016606628289011,3.217633958909509e-07
battery,75,57,0.9118831781407098,6.275086441464203e-23
battery,78,28,0.7951221861620156,4.3040279809146037e-07
battery,80,34,0.7374245778301342,6.526173617609801e-07
battery,82,18,0.8109508459500835,4.4474867753440346e-05
battery,83,19,0.7772514210204993,9.017689732714962e-05
battery,84,6,0.5590653920196746,0.24877100570170116
battery,85,24,0.9422801813186439,6.242553737657952e-12
battery,86,9,0.7607034407511524,0.017306454153577257
battery,87,17,0.7871865393080365,0.0001767096928213691
battery,88,24,0.9326394551493454,3.26235533677321e-11
battery,90,27,0.818294932039898,1.8449442038095505e-07
battery,91,13,0.922868515623047,6.951564967223178e-06
battery,92,12,0.8231186002975568,0.0010049467838746415
battery,93,21,0.7507315885335589,8.819308227709027e-05
battery,94,24,0.9176843194724589,2.7581942793712744e-10
battery,96,11,0.8636363636363636,0.00061169385009317
battery,97,27,0.8620056549709637,7.598706485543784e-09
battery,98,24,0.6462014907408498,0.0006464460593859879
battery,99,5,-0.6668859288553501,0.21889398131323157
battery,100,14,0.9428952759951116,4.423610572345009e-07
burglary,1,17,0.5793397376241456,0.014802448020122441
burglary,2,7,0.2886751345948129,0.5300916186704536
burglary,3,23,-0.11623217201021843,0.5974022911963708
burglary,4,14,-0.01808631376813409,0.9510664656382415
burglary,5,25,0.30175225756237195,0.14266413231784858
burglary,7,16,0.5913514053421326,0.015836742832309677
burglary,8,14,0.7738663578478762,0.0011624909584033079
burglary,9,26,0.17932123796432803,0.38074247312351817
burglary,10,12,0.8278144822638526,0.0008858372348174106
burglary,11,21,0.5901140380655912,0.0048627256507823196
burglary,13,32,0.2957904524024011,0.10024067805187178
burglary,15,15,0.3790558889485655,0.1635076131488597
burglary,16,26,0.6900280351312613,9.598072063208731e-05
burglary,18,28,0.4711501389579008,0.011383096278865728
burglary,20,42,0.5362261570818497,0.00025195796471220007
burglary,22,16,0.6788721512969731,0.003832135350336234
burglary,23,27,0.15325858992315972,0.4453452164256581
burglary,25,14,0.6280211695560822,0.01617555746342919
burglary,26,12,0.6867783748638749,0.013623160958995392
burglary,27,21,0.1411330683981117,0.5417179512676876
burglary,28,36,0.6218455920547902,5.1570236745840796e-05
burglary,30,23,0.6732081480368076,0.0004306235666203396
burglary,32,20,0.729154271351797,0.00026481026659555263
burglary,33,7,0.1454785934906616,0.7556330131047918
burglary,34,31,0.5353906472486144,0.0019113630859886866
burglary,35,10,0.6260879033472617,0.052805188161649294
burglary,36,17,0.8096718427753482,8.203771814886506e-05
burglary,37,15,0.49776366322562793,0.05900651507566114
burglary,38,15,0.8705261253917933,2.426224163059664e-05
burglary,42,115,-0.10084591104281732,0.2835519303738059
burglary,47,19,0.3351474023460127,0.160720205996961
burglary,48,26,0.8209298511023292,2.786378981350426e-07
burglary,50,16,0.605349598584579,0.012961026210995581
burglary,51,20,0.51114068474663,0.02126133190745727
burglary,52,17,0.6760941575559497,0.002886580593073855
burglary,53,15,0.8138607680765513,0.00022240591305617516
burglary,54,16,0.5792636249376705,0.018699886990885702
burglary,55,9,0.6092717958449424,0.08156750706184374
burglary,57,36,0.7273449484829768,5.03460314641444e-07
burglary,58,8,0.6747477697966319,0.06640156509474056
burglary,59,23,0.5998073792095192,0.0024838492873300944
burglary,60,19,0.7265909003870802,0.00042602234884918524
burglary,61,9,0.22786635759382495,0.5554138874204528
burglary,62,23,0.6465086033731815,0.0008582450949562148
burglary,63,12,0.33625270480240615,0.28522608724863097
burglary,65,27,0.40252837200514824,0.037377834384043206
burglary,67,30,0.866252300626245,6.219219323138517e-10
burglary,68,24,0.8547162550974368,1.0542833186896269e-07
burglary,70,23,0.9248389509176714,2.8217576880089973e-10
burglary,71,23,0.7379913665414387,5.831380859005267e-05
burglary,73,18,0.8581821922906534,5.2214258663811954e-06
burglary,75,57,0.8119031705565487,1.822326626123367e-14
burglary,78,28,0.7509944123005595,4.137663931419125e-06
burglary,80,34,0.7120534885021973,2.328343057128376e-06
burglary,82,18,0.8419425980246089,1.1778547897372948e-05
burglary,83,19,0.8293034458107484,1.1352278076756126e-05
burglary,84,6,0.7650368522374495,0.0763256359782481
burglary,85,24,0.8623106779426076,6.061217284661224e-08
burglary,86,9,-0.1311557656467504,0.7366121888387377
burglary,87,17,0.7464699941714139,0.0005774894860797085
burglary,88,24,0.5341203050761796,0.007178079757932724
burglary,90,27,0.8331055176811247,6.941524820370372e-08
burglary,91,13,0.9146040214532883,1.1971809323297149e-05
burglary,92,12,0.4203158810030078,0.17368606045926618
burglary,93,21,0.7572314291269232,7.055257576123566e-05
burglary,94,24,0.8954717422094806,3.4342643602233086e-09
burglary,96,11,0.8454545454545455,0.0010451821458586869
burglary,97,27,0.786003238062258,1.1812696423169877e-06
burglary,98,24,0.7724309729579812,9.747930590761051e-06
burglary,99,5,0.6668859288553501,0.21889398131323157
burglary,100,14,0.9146464274533033,4.634806636547995e-06
concealed_carry_license_violation,1,17,0.4574056476168267,0.06488224538836879
concealed_carry_license_violation,2,7,,
concealed_carry_license_violation,3,23,0.3557611335309771,0.09570474476730202
concealed_carry_license_violation,4,14,0.14154779466778372,0.6293177533666142
concealed_carry_license_violation,5,25,0.17907914409593884,0.3917159633392402
concealed_carry_license_violation,7,16,0.26442761220393596,0.32233239366845445
concealed_carry_license_violation,8,14,0.8015390930158695,0.0005666468749827053
concealed_carry_license_violation,9,26,-0.12066482503198686,0.5570931671453285
concealed_carry_license_violation,10,12,0.4927302647003888,0.10362549927410522
concealed_carry_license_violation,11,21,-0.17078251276599332,0.45919963691149246
concealed_carry_license_violation,13,32,0.11385661458156725,0.5349495359367399
concealed_carry_license_violation,15,15,0.27222386095869194,0.32631787959890307
concealed_carry_license_violation,16,26,0.22630566258668466,0.26627375039058726
concealed_carry_license_violation,18,28,-0.046723503607620114,0.8133596197574556
concealed_carry_license_violation,20,42,0.35228593822270027,0.022133304268709752
concealed_carry_license_violation,22,16,0.1797728216943883,0.5052697767299612
concealed_carry_license_violation,23,27,0.05753882961329151,0.7755910663898903
concealed_carry_license_violation,25,14,0.06996502622814414,0.8121386437138253
concealed_carry_license_violation,26,12,0.14869413289357442,0.6446481229865303
concealed_carry_license_violation,27,21,0.3660057127145993,0.10273386371798846
concealed_carry_license_violation,28,36,0.23708286086308308,0.16385077826168282
concealed_carry_license_violation,30,23,0.26167923562926715,0.22776331156490742
concealed_carry_license_violation,32,20,-0.10612501628328433,0.6560977921994444
concealed_carry_license_violation,33,7,,
concealed_carry_license_violation,34,31,0.584234359854025,0.0005587105743410165
concealed_carry_license_violation,35,10,0.05119796850491378,0.8882975488135454
concealed_carry_license_violation,36,17,-0.13072588325976747,0.6170071233737615
concealed_carry_license_violation,37,15,0.1252741761890288,0.6564262574160135
concealed_carry_license_violation,38,15,0.11592087520034744,0.6807776089189949
concealed_carry_license_violation,42,115,-0.06927392890127067,0.4619442935385393
concealed_carry_license_violation,47,19,0.4214600429067695,0.0723068953920909
concealed_carry_license_violation,48,26,0.34674056263165587,0.08267247097630973
concealed_carry_license_violation,50,16,-0.4625958397364549,0.07119197788985963
concealed_carry_license_violation,51,20,0.030532319445551792,0.8983216516986126
concealed_carry_license_violation,52,17,-0.0018507097907800127,0.9943754486942187
concealed_carry_license_violation,53,15,0.22105851149275735,0.4285061506997026
concealed_carry_license_violation,54,16,0.37311874397338174,0.15461184548724444
concealed_carry_license_violation,55,9,0.17516226243634267,0.6521605509546866
concealed_carry_license_violation,57,36,0.4135817981468319,0.01216536649422267
concealed_carry_license_violation,58,8,0.31878835653166915,0.44153367084767536
concealed_carry_license_violation,59,23,0.1102497166847374,0.6165229066886526
concealed_carry_license_violation,60,19,0.43529319332914773,0.06250138502949268
concealed_carry_license_violation,61,9,-0.1765246970284007,0.6495946278242274
concealed_carry_license_violation,62,23,0.5020325766266761,0.014646484324305323
concealed_carry_license_violation,63,12,0.18439015158672653,0.5661788835708931
concealed_carry_license_violation,65,27,0.20848662187530417,0.2966751239342802
concealed_carry_license_violation,67,30,0.22974414023061054,0.22196918307854974
concealed_carry_license_violation,68,24,0.4866692481592528,0.015881150967203474
concealed_carry_license_violation,70,23,0.2805460826337768,0.1947530379205001
concealed_carry_license_violation,71,23,0.38236737281723343,0.0717592879037819
concealed_carry_license_violation,73,18,0.31829252921898754,0.19800864767286533
concealed_carry_license_violation,75,57,0.2527008831750692,0.0578954643089707
concealed_carry_license_violation,78,28,0.2439247556081109,0.2109783277429509
concealed_carry_license_violation,80,34,0.3521897537228259,0.041076219363347
concealed_carry_license_violation,82,18,0.3780429932352321,0.12190773306002987
concealed_carry_license_violation,83,19,-0.03156740924386575,0.897920328301944
concealed_carry_license_violation,84,6,-0.5879685967014486,0.21967955556452928
concealed_carry_license_violation,85,24,0.1719076387460722,0.42184763372377565
concealed_carry_license_violation,86,9,0.27151823034599865,0.4797319834846646
concealed_carry_license_violation,87,17,0.04656171492788421,0.8591540901788433
concealed_carry_license_violation,88,24,0.38766764457118996,0.061241258246962325
concealed_carry_license_violation,90,27,0.511079472951306,0.006442170907209494
concealed_carry_license_violation,91,13,0.4243309831990113,0.14841688554266236
concealed_carry_license_violation,92,12,0.21367590981826193,0.5048813789958285
concealed_carry_license_violation,93,21,0.06596911446244484,0.7763287628206286
concealed_carry_license_violation,94,24,0.702945981867256,0.00012772686886818887
concealed_carry_license_violation,96,11,0.6451078048067753,0.032085391333944675
concealed_carry_license_violation,97,27,0.5526414758390374,0.002795905626655356
concealed_carry_license_violation,98,24,0.6343768707042855,0.0008706949466077457
concealed_carry_license_violation,99,5,-0.21629522817435007,0.7267670232362579
concealed_carry_license_violation,100,14,0.3874584745219908,0.171074201056792
criminal_damage,1,17,0.7183320738269662,0.001161737395596076
criminal_damage,2,7,0.14433756729740646,0.7575093876521792
criminal_damage,3,23,0.05225115989450187,0.812831566078557
criminal_damage,4,14,0.35494390769963163,0.2130208653415067
criminal_damage,5,25,0.5810210135808809,0.0023214262186014513
criminal_damage,7,16,0.3950104404719467,0.12996433413996009
criminal_damage,8,14,0.764996829391167,0.0014340921704544868
criminal_damage,9,26,0.030060846379465662,0.8840990974515213
criminal_damage,10,12,0.8349201859742719,0.0007266638674192931
criminal_damage,11,21,0.4010474022399408,0.07157672643180245
criminal_damage,13,32,0.5670913107780898,0.0007133592492836537
criminal_damage,15,15,0.29012276066727943,0.2942067851351406
criminal_damage,16,26,0.7778402055475582,2.915972605022951e-06
criminal_damage,18,28,0.35380092724100043,0.06474148534028291
criminal_damage,20,42,0.6098876117764859,1.8055597829277198e-05
criminal_damage,22,16,0.6125637086121525,0.011648398708599588
criminal_damage,23,27,0.21495661540554206,0.28159446589568415
criminal_damage,25,14,0.6838949390895416,0.00699286065679476
criminal_damage,26,12,0.7252183438318911,0.007607170496193202
criminal_damage,27,21,0.4900453763823322,0.024125534584444424
criminal_damage,28,36,0.6423494911784771,2.4051600816630806e-05
criminal_damage,30,23,0.6905472156794129,0.0002649501556200324
criminal_damage,32,20,0.630246909622689,0.0028949434885134637
criminal_damage,33,7,0.09092412093166351,0.846279678370148
criminal_damage,34,31,0.5534095974654923,0.0012408521167625826
criminal_damage,35,10,0.8278273388702682,0.00310574314258827
criminal_damage,36,17,0.8887848167259165,1.8573327316418352e-06
criminal_damage,37,15,0.5301093164316254,0.042085821169263335
criminal_damage,38,15,0.8957066331510599,6.334933048156386e-06
criminal_damage,42,115,-0.10560921753628807,0.2613079138883976
criminal_damage,47,19,0.3576353983002863,0.13276125760436475
criminal_damage,48,26,0.9075085363396537,1.6023806230367425e-10
criminal_damage,50,16,0.5169445829497024,0.04031976951457193
criminal_damage,51,20,0.3727367968680534,0.1055448618549678
criminal_damage,52,17,0.5937335965445885,0.011977240008586252
criminal_damage,53,15,0.8535658484916002,5.1743520586667e-05
criminal_damage,54,16,0.7383360193506058,0.001090232111909295
criminal_damage,55,9,0.5396407334626633,0.13372692027021094
criminal_damage,57,36,0.78147785490397,1.8509197074804557e-08
criminal_damage,58,8,0.8193365776101958,0.012816501903671776
criminal_damage,59,23,0.7085472931556157,0.00015440965235526583
criminal_damage,60,19,0.7651150637593758,0.00013534013491500163
criminal_damage,61,9,0.4894906940904388,0.18108266951689933
criminal_damage,62,23,0.767481072102519,1.919833193378627e-05
criminal_damage,63,12,0.41331061631962435,0.1817214774016019
criminal_damage,65,27,0.35735915774197513,0.06725134124106556
criminal_damage,67,30,0.8872923814363892,6.481553197629164e-11
criminal_damage,68,24,0.8565217872555603,9.269261804920066e-08
criminal_damage,70,23,0.8576456416053947,1.6993960137431133e-07
criminal_damage,71,23,0.8212011313595337,1.570659882276681e-06
criminal_damage,73,18,0.9037310661878653,2.7322536871653307e-07
criminal_damage,75,57,0.9065821134768365,2.9147006993428647e-22
criminal_damage,78,28,0.7811438230133556,9.316769569829195e-07
criminal_damage,80,34,0.6769489992494182,1.1016459998205626e-05
criminal_damage,82,18,0.8285128387923145,2.1625974442598633e-05
criminal_damage,83,19,0.7463731012296736,0.0002423708408918419
criminal_damage,84,6,0.6473388749701496,0.16462459468137824
criminal_damage,85,24,0.9226593534833105,1.4225099059272512e-10
criminal_damage,86,9,0.017487435419566724,0.9643839666256007
criminal_damage,87,17,0.729196308355877,0.000895772262971787
criminal_damage,88,24,0.8563365544241768,9.393251069791953e-08
criminal_damage,90,27,0.8309638582526385,8.041463271100778e-08
criminal_damage,91,13,0.922868515623047,6.951564967223178e-06
criminal_damage,92,12,0.8161133356141735,0.0012051543656321285
criminal_damage,93,21,0.6551839318111061,0.0012654825083560574
criminal_damage,94,24,0.8967783644014206,3.009280028400492e-09
criminal_damage,96,11,0.8090909090909091,0.002558580199713916
criminal_damage,97,27,0.8378057805066046,4.989681064129478e-08
criminal_damage,98,24,0.791204924983911,4.15691632946344e-06
criminal_damage,99,5,0.051298917604257706,0.934712848108234
criminal_damage,100,14,0.9529444305732692,1.4156559054302094e-07
criminal_sexual_assault,1,17,0.3394857061237032,0.1824920314866832
criminal_sexual_assault,2,7,0.07562376774775251,0.871983897325915
criminal_sexual_assault,3,23,0.1509450434855877,0.49177235531277685
criminal_sexual_assault,4,14,0.055301888044448015,0.851056332204898
criminal_sexual_assault,5,25,0.5585009521714198,0.003711937468677536
criminal_sexual_assault,7,16,0.5145948051472752,0.04139722063431364
criminal_sexual_assault,8,14,0.793350963550639,0.0007085861846450439
criminal_sexual_assault,9,26,0.28183086377938765,0.16306150480377693
criminal_sexual_assault,10,12,0.9066558795710777,4.7631497342450255e-05
criminal_sexual_assault,11,21,0.29675363198819293,0.1914556587870705
criminal_sexual_assault,13,32,0.3645222086567598,0.040248529344119086
criminal_sexual_assault,15,15,0.2210595685033691,0.42850388619058827
criminal_sexual_assault,16,26,0.5581468265786632,0.0030457401126426495
criminal_sexual_assault,18,28,0.10193054427499573,0.6057688351562162
criminal_sexual_assault,20,42,0.046056361512461244,0.772102878181036
criminal_sexual_assault,22,16,0.23934940065356403,0.37195696604360906
criminal_sexual_assault,23,27,0.2386153748487714,0.23067519240111126
criminal_sexual_assault,25,14,0.6345865746104187,0.014776525016270995
criminal_sexual_assault,26,12,0.6112365581560251,0.034716140857674146
criminal_sexual_assault,27,21,0.46776325912467753,0.03249189460148226
criminal_sexual_assault,28,36,0.24683000740022096,0.14670239670044402
criminal_sexual_assault,30,23,0.40420919797751864,0.05575259651384253
criminal_sexual_assault,32,20,0.5743253269010772,0.008087791800998913
criminal_sexual_assault,33,7,0.6605782590758165,0.10626635484924553
criminal_sexual_assault,34,31,0.48073727984426196,0.006190582840118771
criminal_sexual_assault,35,10,0.7948198188736826,0.0060031883973839534
criminal_sexual_assault,36,17,0.7295375199898038,0.0008883160291826596
criminal_sexual_assault,37,15,0.6518278785033751,0.008462620462237445
criminal_sexual_assault,38,15,0.7162287621696491,0.0026678799657102238
criminal_sexual_assault,42,115,-0.07674883445032747,0.4149281724469829
criminal_sexual_assault,47,19,0.17715635042277902,0.4681134501784331
criminal_sexual_assault,48,26,0.7289150128023157,2.4068835975152425e-05
criminal_sexual_assault,50,16,0.5072366629376527,0.04491126671965703
criminal_sexual_assault,51,20,-0.20463197475693734,0.38680400976921125
criminal_sexual_assault,52,17,0.652924189599567,0.004488719469817781
criminal_sexual_assault,53,15,0.7576625771611845,0.0010676184507993328
criminal_sexual_assault,54,16,0.29864084095768,0.2612060038184324
criminal_sexual_assault,55,9,0.359870718097794,0.34145880474720414
criminal_sexual_assault,57,36,0.6993026379576363,2.0859642173269324e-06
criminal_sexual_assault,58,8,0.06707317073170732,0.874614482643929
criminal_sexual_assault,59,23,0.5965087281795511,0.0026613416494588884
criminal_sexual_assault,60,19,0.7557686468559927,0.00018212619905799636
criminal_sexual_assault,61,9,0.20273958938337894,0.6008689216306609
criminal_sexual_assault,62,23,0.6914077590480492,0.00025842070251663117
criminal_sexual_assault,63,12,0.7029887833762037,0.010767841258226307
criminal_sexual_assault,65,27,0.16125687963859625,0.4216593857749809
criminal_sexual_assault,67,30,0.7698335021281815,6.580541543880126e-07
criminal_sexual_assault,68,24,0.6325998301004853,0.0009095971907514424
criminal_sexual_assault,70,23,0.6817554540654488,0.0003402902516404796
criminal_sexual_assault,71,23,0.8535253227408143,2.2497898828717768e-07
criminal_sexual_assault,73,18,0.7704346763395034,0.00018320635964690874
criminal_sexual_assault,75,57,0.7949499004778529,1.5406362465662745e-13
criminal_sexual_assault,78,28,0.6934528696661029,4.288611663135995e-05
criminal_sexual_assault,80,34,0.547511134311271,0.0008041909905647284
criminal_sexual_assault,82,18,0.4901476017001558,0.03892569793254532
criminal_sexual_assault,83,19,0.7477800462269946,0.00023239763346154452
criminal_sexual_assault,84,6,0.37317589626658254,0.4662204398210054
criminal_sexual_assault,85,24,0.7790994563250843,7.269432925618445e-06
criminal_sexual_assault,86,9,-0.08522321832632246,0.8274320600961175
criminal_sexual_assault,87,17,0.5601741284152542,0.01935101285805159
criminal_sexual_assault,88,24,0.7157834158783711,8.401572846813762e-05
criminal_sexual_assault,90,27,0.7633959864869655,3.627804677961418e-06
criminal_sexual_assault,91,13,0.4350828729281768,0.1373166835575309
criminal_sexual_assault,92,12,0.5026369801139856,0.095815727059966
criminal_sexual_assault,93,21,0.21580289341364786,0.34746731050798224
criminal_sexual_assault,94,24,0.5750830799790867,0.0032842308474358714
criminal_sexual_assault,96,11,0.6514823280368335,0.029883783160038088
criminal_sexual_assault,97,27,0.770971957206217,2.5260652336716982e-06
criminal_sexual_assault,98,24,0.611184856303197,0.0015095326566606335
criminal_sexual_assault,99,5,0.13157894736842107,0.8329531569240444
criminal_sexual_assault,100,14,0.878618000992875,3.537421427294841e-05
criminal_trespass,1,17,0.8597844513785092,9.673408926879878e-06
criminal_trespass,2,7,0.2886751345948129,0.5300916186704536
criminal_trespass,3,23,0.2532581729580447,0.24362200093775896
criminal_trespass,4,14,0.5855444082433412,0.027802884637324932
criminal_trespass,5,25,0.5502685755094423,0.004371614258544799
criminal_trespass,7,16,0.06005960871244337,0.8251319777884175
criminal_trespass,8,14,0.8847354635567409,2.6296868105439533e-05
criminal_trespass,9,26,-0.06769480771544582,0.7424745813593223
criminal_trespass,10,12,0.7709688525804979,0.003329142204713597
criminal_trespass,11,21,0.3902895546668969,0.08026422348907446
criminal_trespass,13,32,0.6094991012770936,0.00021322673334467563
criminal_trespass,15,15,0.10523916711168399,0.7089484898801242
criminal_trespass,16,26,0.6885651698345879,0.00010069403282686159
criminal_trespass,18,28,0.31317145937551166,0.10465077821645428
criminal_trespass,20,42,0.402962019425132,0.008147211527595214
criminal_trespass,22,16,0.5166386105710185,0.040458860833416564
criminal_trespass,23,27,0.32936086221542893,0.09342377438632438
criminal_trespass,25,14,0.6947160617747263,0.005825442829846594
criminal_trespass,26,12,0.45038009616943847,0.14175834558236003
criminal_trespass,27,21,0.43842726340339333,0.04680425166118522
criminal_trespass,28,36,0.6824514780067642,4.547820907894533e-06
criminal_trespass,30,23,0.4417692886333362,0.034818042183955664
criminal_trespass,32,20,0.6124591929786882,0.004096453032796534
criminal_trespass,33,7,0.7156264473321345,0.07056563534883985
criminal_trespass,34,31,0.47583765328320005,0.006816798097449384
criminal_trespass,35,10,0.4716085478600047,0.16881028906764636
criminal_trespass,36,17,0.9363320537689426,3.2617995250015767e-08
criminal_trespass,37,15,0.467214990753297,0.07909693411425844
criminal_trespass,38,15,0.820898382357566,0.00017627689519284352
criminal_trespass,42,115,-0.10996741778185207,0.24202571329765304
criminal_trespass,47,19,0.424289175323112,0.07021415329775073
criminal_trespass,48,26,0.7108696922074359,4.70024074147224e-05
criminal_trespass,50,16,0.3871544086117912,0.13847453078463812
criminal_trespass,51,20,0.12500089135088718,0.5995184404782784
criminal_trespass,52,17,0.7990203680206678,0.00011939396003207127
criminal_trespass,53,15,0.8086413301499371,0.00026264964987515103
criminal_trespass,54,16,0.42939322478237024,0.09695249074091544
criminal_trespass,55,9,0.34524490040095424,0.36283988530546
criminal_trespass,57,36,0.6998274035675962,2.0342186506012067e-06
criminal_trespass,58,8,0.8193365776101958,0.012816501903671776
criminal_trespass,59,23,0.6891826509460369,0.0002755969903325256
criminal_trespass,60,19,0.7404718256242181,0.0002882594719981186
criminal_trespass,61,9,0.5974790825125826,0.08931560523567555
criminal_trespass,62,23,0.6508836194999434,0.0007699749128448266
criminal_trespass,63,12,0.62697118916282,0.029112880865987664
criminal_trespass,65,27,-0.10390605237690324,0.6060196143097034
criminal_trespass,67,30,0.9024651138592568,9.429426509472528e-12
criminal_trespass,68,24,0.7476603501361447,2.6768513792038708e-05
criminal_trespass,70,23,0.771831473879696,1.6077218354723017e-05
criminal_trespass,71,23,0.5781535298886007,0.003856987602439439
criminal_trespass,73,18,0.9456271990507842,3.2366458861340098e-09
criminal_trespass,75,57,0.844671981417494,1.486733541333062e-16
criminal_trespass,78,28,0.6945327886020501,4.124786706810879e-05
criminal_trespass,80,34,0.6538996263080946,2.7421570707072513e-05
criminal_trespass,82,18,0.644961326437563,0.0038518127965156837
criminal_trespass,83,19,0.6572670926904336,0.002229265490605479
criminal_trespass,84,6,0.7944613465542746,0.05902759992532669
criminal_trespass,85,24,0.900894782693923,1.9615984982170025e-09
criminal_trespass,86,9,0.6907536990728855,0.03938033063882428
criminal_trespass,87,17,0.5626286237060575,0.018714209654014328
criminal_trespass,88,24,0.7067185118771931,0.00011318809191853686
criminal_trespass,90,27,0.7155764814464657,2.719097808934748e-05
criminal_trespass,91,13,0.8843008761641734,5.99107096833084e-05
criminal_trespass,92,12,0.6900185713132712,0.013012243184083052
criminal_trespass,93,21,0.6423928536023092,0.0016887446385397981
criminal_trespass,94,24,0.6297918965150335,0.0009741143907957079
criminal_trespass,96,11,0.7454545454545456,0.008454728885061566
criminal_trespass,97,27,0.7748205765189827,2.0907817541957583e-06
criminal_trespass,98,24,0.506858851227998,0.011480127167869836
criminal_trespass,99,5,-0.5642880936468347,0.3217233358243003
criminal_trespass,100,14,0.8921181903239115,1.797225620518214e-05
deceptive_practice,1,17,0.38007638837762425,0.1323565247334691
deceptive_practice,2,7,-0.14433756729740646,0.7575093876521792
deceptive_practice,3,23,0.05278433499546616,0.810955033491523
deceptive_practice,4,14,0.20799260833354208,0.47551029910615084
deceptive_practice,5,25,0.44147154210998446,0.027156637811502665
deceptive_practice,7,16,0.08168106784892298,0.7636252263870238
deceptive_practice,8,14,0.9024745204701593,1.0038354929968717e-05
deceptive_practice,9,26,0.004862783973148857,0.98119079628165
deceptive_practice,10,12,0.8171559266982235,0.001173563653607437
deceptive_practice,11,21,0.726992294697121,0.00018892981632185466
deceptive_practice,13,32,0.24866760210656558,0.16994521170365706
deceptive_practice,15,15,0.4082889909240333,0.1308226510672058
deceptive_practice,16,26,0.6711214796175431,0.00017478084612903273
deceptive_practice,18,28,-0.01067456960159165,0.9570063504484708
deceptive_practice,20,42,0.17081100940592447,0.2794536825796253
deceptive_practice,22,16,0.5209506019153296,0.03853166755559409
deceptive_practice,23,27,0.41576918419679443,0.031013287108220246
deceptive_practice,25,14,0.5565027445532543,0.038748615258739745
deceptive_practice,26,12,0.5876557228216662,0.04449929635776011
deceptive_practice,27,21,-0.04835114380305678,0.8351303392081185
deceptive_practice,28,36,0.7329949817157284,3.7019463959966846e-07
deceptive_practice,30,23,0.1533253098071605,0.4848875548346925
deceptive_practice,32,20,0.6967091893522835,0.0006421926786520216
deceptive_practice,33,7,0.43643578047198484,0.327582499266185
deceptive_practice,34,31,0.44403918581303414,0.012335848513027556
deceptive_practice,35,10,0.8253149587550083,0.0032804555434367178
deceptive_practice,36,17,0.8114053200428353,7.701026558431993e-05
deceptive_practice,37,15,0.0728427869770173,0.7964178645816209
deceptive_practice,38,15,0.6079294016165829,0.01620507891344342
deceptive_practice,42,115,-0.15310374951667224,0.102350236950344
deceptive_practice,47,19,0.3313786222225437,0.16577278207427443
deceptive_practice,48,26,0.8504784589124913,3.7611020899671186e-08
deceptive_practice,50,16,0.46450092960697903,0.0698834034313631
deceptive_practice,51,20,0.4492299961953395,0.04691828302167358
deceptive_practice,52,17,0.460973289242693,0.06255597208122396
deceptive_practice,53,15,0.6106203994740093,0.015613176849600162
deceptive_practice,54,16,0.6377902606179013,0.00785785542352909
deceptive_practice,55,9,-0.17407765595569785,0.6542054908313247
deceptive_practice,57,36,0.48529338759088947,0.0026993678910503895
deceptive_practice,58,8,0.6121324543264551,0.10673403490324018
deceptive_practice,59,23,0.6523524728909457,0.000742142882880639
deceptive_practice,60,19,0.6684594417732445,0.001755864295071431
deceptive_practice,61,9,0.5169677167839368,0.1541081004766505
deceptive_practice,62,23,0.7332049001376505,6.889424033618202e-05
deceptive_practice,63,12,0.4238185133446995,0.16975340732567454
deceptive_practice,65,27,-0.0018439228489829681,0.9927170829677422
deceptive_practice,67,30,0.7440655428619738,2.440821901374712e-06
deceptive_practice,68,24,0.5242766811671046,0.008541664847802569
deceptive_practice,70,23,0.7569504043318869,2.90540494524509e-05
deceptive_practice,71,23,0.6032707949311895,0.0023083752019141847
deceptive_practice,73,18,0.804249200507047,5.745426698392714e-05
deceptive_practice,75,57,0.7285657680580447,1.3272568520910038e-10
deceptive_practice,78,28,0.7501721556447558,4.296730047151334e-06
deceptive_practice,80,34,0.599053339838662,0.00018162858848424232
deceptive_practice,82,18,0.6136366910756046,0.006756462711184261
deceptive_practice,83,19,0.6087440187334217,0.005674442029690488
deceptive_practice,84,6,0.5590653920196746,0.24877100570170116
deceptive_practice,85,24,0.8671037135451183,4.201679594366547e-08
deceptive_practice,86,9,0.5092619913242797,0.1614210101447907
deceptive_practice,87,17,0.6382837656196849,0.0058274443995487615
deceptive_practice,88,24,0.7163752336654392,8.236470062883553e-05
deceptive_practice,90,27,0.6647307989991396,0.00015549725400004741
deceptive_practice,91,13,0.9063395272835296,1.9576561673536156e-05
deceptive_practice,92,12,0.08056054385890982,0.8034511092063401
deceptive_practice,93,21,0.7448817319995313,0.00010720869286092318
deceptive_practice,94,24,0.7312728867556995,4.915320870949437e-05
deceptive_practice,96,11,0.4090909090909091,0.211545010342096
deceptive_practice,97,27,0.8034970977216906,4.5055678409956953e-07
deceptive_practice,98,24,0.2851232359639512,0.17686314387668778
deceptive_practice,99,5,0.7181848464596079,0.17179530490798894
deceptive_practice,100,14,0.9337954290132863,1.0529177017142657e-06
human_trafficking,1,17,-0.20203440606631312,0.43678717052538046
human_trafficking,2,7,,
human_trafficking,3,23,,
human_trafficking,4,14,,
human_trafficking,5,25,-0.07257635565537683,0.7302757810036573
human_trafficking,7,16,,
human_trafficking,8,14,0.0653520993415403,0.8243426657981519
human_trafficking,9,26,,
human_trafficking,10,12,,
human_trafficking,11,21,,
human_trafficking,13,32,-0.23500559184047726,0.19541588320397466
human_trafficking,15,15,,
human_trafficking,16,26,0.07419814149300759,0.7186767471182047
human_trafficking,18,28,0.14666823812049362,0.4564209348917054
human_trafficking,20,42,-0.23702276027482427,0.13069787359421434
human_trafficking,22,16,,
human_trafficking,23,27,,
human_trafficking,25,14,,
human_trafficking,26,12,0.17686307531415274,0.5824006382257566
human_trafficking,27,21,,
human_trafficking,28,36,,
human_trafficking,30,23,0.14709051765394054,0.5030235327288486
human_trafficking,32,20,-0.08114241301355891,0.7337995028596175
human_trafficking,33,7,-0.2078698548207745,0.6546836852823915
human_trafficking,34,31,0.043860675613221316,0.8147652783706623
human_trafficking,35,10,0.19920476822239888,0.5811238238710119
human_trafficking,36,17,0.5638750856523556,0.018397162286630225
human_trafficking,37,15,,
human_trafficking,38,15,,
human_trafficking,42,115,,
human_trafficking,47,19,0.24418754007031962,0.3137008512314612
human_trafficking,48,26,,
human_trafficking,50,16,-0.10442760846127908,0.7003249765299585
human_trafficking,51,20,0.21973209017541118,0.35193383765404157
human_trafficking,52,17,0.40950482864744514,0.10260809848528751
human_trafficking,53,15,-0.12449847723731287,0.6584340243183867
human_trafficking,54,16,,
human_trafficking,55,9,,
human_trafficking,57,36,0.14023697111771197,0.41463202679259914
human_trafficking,58,8,,
human_trafficking,59,23,0.1476841395217566,0.5012826131704736
human_trafficking,60,19,0.376677985698077,0.1119171786637432
human_trafficking,61,9,,
human_trafficking,62,23,0.25677274688756174,0.236918214203519
human_trafficking,63,12,0.0324442842261525,0.920268599027619
human_trafficking,65,27,0.363920127007365,0.06203096469783073
human_trafficking,67,30,-0.15048080959089885,0.4273524472981658
human_trafficking,68,24,0.5195469899426018,0.009269594545625006
human_trafficking,70,23,0.3614874005691655,0.09010993178562922
human_trafficking,71,23,-0.2170834792827888,0.31975147424787104
human_trafficking,73,18,,
human_trafficking,75,57,0.3485665476947865,0.00787884905072862
human_trafficking,78,28,0.1271768877683426,0.5189906390409654
human_trafficking,80,34,,
human_trafficking,82,18,0.2105843373194636,0.4016045542013978
human_trafficking,83,19,-0.2813241040215003,0.2433046639603534
human_trafficking,84,6,,
human_trafficking,85,24,0.12765441490027934,0.5522233529710536
human_trafficking,86,9,-0.07183697139158636,0.8542828139491544
human_trafficking,87,17,,
human_trafficking,88,24,0.3822075369011732,0.06530513020216301
human_trafficking,90,27,-0.00909787370473297,0.9640771820476959
human_trafficking,91,13,0.14873623557035132,0.6277095708054985
human_trafficking,92,12,-0.09733285267845754,0.7634698943933579
human_trafficking,93,21,0.2449692850738,0.2844999510109615
human_trafficking,94,24,0.34893432007156167,0.09468880637065981
human_trafficking,96,11,-0.3227486121839514,0.33302119828891796
human_trafficking,97,27,0.32797621621312045,0.09489261749383515
human_trafficking,98,24,-0.10937034120127735,0.6109411538787731
human_trafficking,99,5,-0.7254762501100117,0.1653703958060164
human_trafficking,100,14,0.45790546988962544,0.09966131222721207
interference_with_public_officer,1,17,0.6243861304177406,0.0073791411126882065
interference_with_public_officer,2,7,0.24152294576982397,0.6018315097994896
interference_with_public_officer,3,23,-0.16807655294075258,0.44332328811220545
interference_with_public_officer,4,14,0.26608024193633834,0.3578392370879753
interference_with_public_officer,5,25,0.5762609579369878,0.002570674520731524
interference_with_public_officer,7,16,0.07258858407444597,0.7893511444847479
interference_with_public_officer,8,14,0.7902569245256164,0.0007691051890227708
interference_with_public_officer,9,26,0.005204131397718811,0.9798707211924097
interference_with_public_officer,10,12,0.6157207484143015,0.03304680516260963
interference_with_public_officer,11,21,0.10783885300366691,0.6417306464067873
interference_with_public_officer,13,32,0.361727665290455,0.04192141105278081
interference_with_public_officer,15,15,0.23948332180071205,0.38997621144915134
interference_with_public_officer,16,26,0.6725679307724822,0.00016719718052963115
interference_with_public_officer,18,28,0.21762439574654413,0.26594184398956344
interference_with_public_officer,20,42,0.5814609386726991,5.385024547619636e-05
interference_with_public_officer,22,16,0.18356181904289598,0.4961847068413692
interference_with_public_officer,23,27,0.36375201372627586,0.06216067643795552
interference_with_public_officer,25,14,0.7716930897331208,0.0012248843963673366
interference_with_public_officer,26,12,0.2597930572395858,0.4148152432930418
interference_with_public_officer,27,21,0.5897612141239108,0.004894649747883425
interference_with_public_officer,28,36,0.6523941134995223,1.6213121940272518e-05
interference_with_public_officer,30,23,0.48425524773820705,0.019204316797089255
interference_with_public_officer,32,20,0.40659474135042406,0.07523239176010557
interference_with_public_officer,33,7,0.6055300708194984,0.14960795291230725
interference_with_public_officer,34,31,0.42830911167983204,0.016222779449735023
interference_with_public_officer,35,10,0.5233865987451644,0.12053458164786052
interference_with_public_officer,36,17,0.91993419638426,1.7332809636214026e-07
interference_with_public_officer,37,15,0.5568601129634274,0.031064544731766366
interference_with_public_officer,38,15,0.5967460028097451,0.018852235309164942
interference_with_public_officer,42,115,-0.08212234767598114,0.3829256269370474
interference_with_public_officer,47,19,-0.04259407157908861,0.862544106895385
interference_with_public_officer,48,26,0.6936142867276287,8.523923791296885e-05
interference_with_public_officer,50,16,0.23048300006159175,0.39045281092469486
interference_with_public_officer,51,20,0.4534807440395263,0.044624517515379256
interference_with_public_officer,52,17,0.5176277065309863,0.033322497046393236
interference_with_public_officer,53,15,0.7890019851639539,0.00047108466322358123
interference_with_public_officer,54,16,0.6529414383123606,0.006102019310232384
interference_with_public_officer,55,9,0.39059138915492275,0.29863866858566107
interference_with_public_officer,57,36,0.8877056235532966,5.352014950214479e-13
interference_with_public_officer,58,8,0.7804878048780488,0.02228097398084027
interference_with_public_officer,59,23,0.8110197210419953,2.6781372350409035e-06
interference_with_public_officer,60,19,0.42274717484918295,0.07134911767985348
interference_with_public_officer,61,9,0.6495726495726495,0.058293968475971084
interference_with_public_officer,62,23,0.726820982599795,8.559542218367304e-05
interference_with_public_officer,63,12,0.7508771929824563,0.004885947219461883
interference_with_public_officer,65,27,0.298157925123303,0.13089990074006574
interference_with_public_officer,67,30,0.8396964445073,6.60909438358278e-09
interference_with_public_officer,68,24,0.80196108883525,2.4521017210404107e-06
interference_with_public_officer,70,23,0.5999006398849838,0.0024789805212890362
interference_with_public_officer,71,23,0.5073117919043717,0.013477815451578591
interference_with_public_officer,73,18,0.880396287161193,1.4374927598015095e-06
interference_with_public_officer,75,57,0.8823271830191808,1.201496283897565e-19
interference_with_public_officer,78,28,0.7442405152396051,5.617046626205531e-06
interference_with_public_officer,80,34,0.7047345815131848,3.278776692258153e-06
interference_with_public_officer,82,18,0.7502585315408479,0.00033529292621990383
interference_with_public_officer,83,19,0.6790782810371768,0.0013872563251921114
interference_with_public_officer,84,6,0.8060599359358183,0.052771813251892646
interference_with_public_officer,85,24,0.814394939868526,1.2785464260504484e-06
interference_with_public_officer,86,9,0.6403099534164398,0.06321333328270815
interference_with_public_officer,87,17,0.8568799549212995,1.1182141610367662e-05
interference_with_public_officer,88,24,0.8950952695702635,3.566352142431366e-09
interference_with_public_officer,90,27,0.8286327406499079,9.416087877633066e-08
interference_with_public_officer,91,13,0.9074585635359117,1.8364769742668784e-05
interference_with_public_officer,92,12,0.6842105263157895,0.014122160706358855
interference_with_public_officer,93,21,0.7902439442260012,2.024535158133178e-05
interference_with_public_officer,94,24,0.8433214855367802,2.2878811384869192e-07
interference_with_public_officer,96,11,0.9,0.00015997142806871363
interference_with_public_officer,97,27,0.7170304334460498,2.572944077016327e-05
interference_with_public_officer,98,24,0.7695999600883863,1.1008672978073264e-05
interference_with_public_officer,99,5,-0.36842105263157904,0.5417509057946895
interference_with_public_officer,100,14,0.9419745386523232,4.859366437158487e-07
intimidation,1,17,0.5068188675802706,0.03786798731064774
intimidation,2,7,0.36746545987008206,0.41742195578175995
intimidation,3,23,-0.050632901823251794,0.8185331550686562
intimidation,4,14,0.207588464614126,0.47638767828922673
intimidation,5,25,0.5501636267341107,0.004380624197414869
intimidation,7,16,0.2896498193288496,0.2765258164429155
intimidation,8,14,0.8988854830452957,1.2369727976442663e-05
intimidation,9,26,-0.10647080533490845,0.6046872020053884
intimidation,10,12,0.819389044412437,0.0011080464741830209
intimidation,11,21,0.3846169455512781,0.08515014794840943
intimidation,13,32,0.35010163459838956,0.04948959675293898
intimidation,15,15,-0.0029660665471071108,0.9916296814600263
intimidation,16,26,0.6102543253686198,0.0009312995886840813
intimidation,18,28,-0.12054714836599982,0.541180858511009
intimidation,20,42,0.2004196096622914,0.20315002487584738
intimidation,22,16,0.34115225797874116,0.19596641979355944
intimidation,23,27,-0.07289373279337945,0.7178561668600993
intimidation,25,14,0.7038573927309055,0.0049628697147183235
intimidation,26,12,0.4600486688798262,0.13235931419358887
intimidation,27,21,0.4031156070338089,0.06999098924837034
intimidation,28,36,0.3850230553535563,0.02040546004988301
intimidation,30,23,0.5412107892852404,0.007655594780918847
intimidation,32,20,0.3594808258453366,0.1195416273536689
intimidation,33,7,0.19641855032959654,0.6729444167196177
intimidation,34,31,0.4165793567900036,0.019742766149282557
intimidation,35,10,0.607373127823512,0.06254717669363637
intimidation,36,17,0.8594643446194605,9.830702162789286e-06
intimidation,37,15,0.6954877764761581,0.00399069009134187
intimidation,38,15,0.5809451748040046,0.0231427729087981
intimidation,42,115,-0.04962508074249903,0.5984152731956329
intimidation,47,19,0.2357609710550887,0.33120880423885757
intimidation,48,26,0.5949773424412047,0.0013457917089116876
intimidation,50,16,0.7578306260269989,0.0006711751231496905
intimidation,51,20,0.18388770760768983,0.4377063738054433
intimidation,52,17,0.45332262217785574,0.06762224525611603
intimidation,53,15,0.5741410488245932,0.02520382457673021
intimidation,54,16,0.537462401994216,0.03178534798701115
intimidation,55,9,0.5707822062215289,0.1084764450635682
intimidation,57,36,0.6624297060554374,1.0774210748855674e-05
intimidation,58,8,0.3780487804878049,0.35580155453197354
intimidation,59,23,0.5428003298383479,0.007444659634035138
intimidation,60,19,0.5046852179987507,0.027542957231075003
intimidation,61,9,0.3506789250896385,0.3548226175173555
intimidation,62,23,0.6912592605885427,0.00025953738999866206
intimidation,63,12,0.09553039244367127,0.7677429262680072
intimidation,65,27,0.5302050970104837,0.004444601452315469
intimidation,67,30,0.7141422637394458,9.342354829557278e-06
intimidation,68,24,0.676686260332887,0.0002823777036864547
intimidation,70,23,0.6174961295645094,0.001693432105396512
intimidation,71,23,0.6916468610306477,0.000256631437419936
intimidation,73,18,0.6720005225917006,0.0022531400886162717
intimidation,75,57,0.6731452990579206,9.656909164059384e-09
intimidation,78,28,0.6279930870782545,0.00034643182213432597
intimidation,80,34,0.7279968152878653,1.064160652478398e-06
intimidation,82,18,0.6952292581033598,0.00136005174875091
intimidation,83,19,0.43511179869573136,0.06262312987604733
intimidation,84,6,0.28787878787878785,0.5801106798007626
intimidation,85,24,0.6567874405172995,0.0004898863557165723
intimidation,86,9,-0.15207534749256602,0.69610338058102
intimidation,87,17,0.5235703038769547,0.03100828628096939
intimidation,88,24,0.39253909003936294,0.057782408585541005
intimidation,90,27,0.698472892126606,5.0840229784830054e-05
intimidation,91,13,0.8578084933527474,0.00017658221708791906
intimidation,92,12,0.49736145915484004,0.09992361104570162
intimidation,93,21,0.2092382785590004,0.36267982885306327
intimidation,94,24,0.6169252272904749,0.0013225572763698316
intimidation,96,11,0.671239874516518,0.023736095476699418
intimidation,97,27,0.6789058202700007,9.893107443442532e-05
intimidation,98,24,0.4165721555127226,0.04287307419735873
intimidation,99,5,-0.2894736842105264,0.6366447547494906
intimidation,100,14,0.8427714342446132,0.00015405446715527875
kidnapping,1,17,0.662749555039243,0.003738937774132448
kidnapping,2,7,-0.22687130324325752,0.6246862263403402
kidnapping,3,23,-0.09002085451900449,0.6829211845468037
kidnapping,4,14,0.5874890653461421,0.02716336688883625
kidnapping,5,25,0.46193500858930797,0.020089902239460587
kidnapping,7,16,-0.20462266766529716,0.4471380267772725
kidnapping,8,14,0.710764118434444,0.004380118432860469
kidnapping,9,26,-0.21418205460300935,0.2934141322718193
kidnapping,10,12,0.8029678387710039,0.001662364164633772
kidnapping,11,21,0.4644181323159292,0.03392366165173726
kidnapping,13,32,0.4035353306872986,0.022004534855397204
kidnapping,15,15,-0.0931945518935215,0.7411372642658165
kidnapping,16,26,0.582138509435737,0.001808642359618631
kidnapping,18,28,0.4468831295309201,0.017121270494048525
kidnapping,20,42,0.1319018992653192,0.405029893104935
kidnapping,22,16,0.11993374438644987,0.6581832371388978
kidnapping,23,27,0.14068112834830396,0.48398757052264046
kidnapping,25,14,0.5648428431536219,0.03532714147822957
kidnapping,26,12,0.4105050257438394,0.185003429055115
kidnapping,27,21,0.6631613897354811,0.0010499787072277308
kidnapping,28,36,0.3357924907080357,0.045262133438241196
kidnapping,30,23,0.5982363759757048,0.0025670894895206704
kidnapping,32,20,0.5778147978785417,0.0076250961732216216
kidnapping,33,7,-0.33106109598586536,0.46825952418609723
kidnapping,34,31,0.3075483374018455,0.09236348218352355
kidnapping,35,10,0.7300839219038677,0.01651345954726489
kidnapping,36,17,0.5141365514427569,0.034742342789056205
kidnapping,37,15,0.37011272960214675,0.1744961180062529
kidnapping,38,15,0.6951846288029466,0.0040132919617500195
kidnapping,42,115,-0.004655581636323686,0.9606161382393691
kidnapping,47,19,0.19874366077363284,0.4146855226726182
kidnapping,48,26,0.4720678750401653,0.014895469982547859
kidnapping,50,16,0.5634756107063005,0.02302562001431293
kidnapping,51,20,0.33664916639597203,0.14667886587166887
kidnapping,52,17,0.43104720603595875,0.08409036871294268
kidnapping,53,15,0.5137075146437651,0.05014112380848476
kidnapping,54,16,0.22828793270753645,0.3951071107421726
kidnapping,55,9,0.30281804327741196,0.4283208415197396
kidnapping,57,36,0.5370875748178632,0.0007316504829449987
kidnapping,58,8,0.5515252806307664,0.1564575734034848
kidnapping,59,23,0.5642011627736889,0.005042824685210679
kidnapping,60,19,0.4485312468523075,0.05408660055647993
kidnapping,61,9,0.2222222222222222,0.5655109873649252
kidnapping,62,23,0.6327810965895182,0.0011937647445955523
kidnapping,63,12,0.19929732228545008,0.5346049483689248
kidnapping,65,27,0.27882892671454934,0.1590146485726831
kidnapping,67,30,0.5374641386271581,0.0021924098015139773
kidnapping,68,24,0.7056774614423712,0.00011704771468093453
kidnapping,70,23,0.6553960549854686,0.0006872106561814995
kidnapping,71,23,0.2071923406032043,0.3428264912639571
kidnapping,73,18,0.758629013441541,0.00026274691220075233
kidnapping,75,57,0.8084470856391748,2.864388691738166e-14
kidnapping,78,28,0.5744260783768341,0.0013896497449372267
kidnapping,80,34,0.7190653482904865,1.6608199834939443e-06
kidnapping,82,18,0.6632106212680121,0.0026975025987918343
kidnapping,83,19,0.7722647495524501,0.00010686156996544643
kidnapping,84,6,0.35824886041591925,0.485615941060565
kidnapping,85,24,0.6625843411342547,0.00041896951457632745
kidnapping,86,9,0.49092937766616757,0.17960834771479176
kidnapping,87,17,0.1781940110948236,0.4938121930151523
kidnapping,88,24,0.5925604020361182,0.0022797514266801296
kidnapping,90,27,0.7387413562414863,1.0812071452786382e-05
kidnapping,91,13,0.9101380814973079,1.5707195335158e-05
kidnapping,92,12,0.7363807505865734,0.006311853316688582
kidnapping,93,21,0.5105904462789547,0.0180236854301146
kidnapping,94,24,0.8627460978756907,5.866098424519269e-08
kidnapping,96,11,0.7699336604071668,0.005574581301564027
kidnapping,97,27,0.7903592006905252,9.37110367739427e-07
kidnapping,98,24,0.46009370252334936,0.023682936414444758
kidnapping,99,5,-0.35909242322980395,0.5528147466433508
kidnapping,100,14,0.819453226354781,0.00033480916339006074
liquor_law_violation,1,17,0.546129179416392,0.023327150086654667
liquor_law_violation,2,7,-0.1800205749557739,0.6993154669912416
liquor_law_violation,3,23,0.1572533232188297,0.4736327138184011
liquor_law_violation,4,14,0.5131979082413097,0.0605442510787219
liquor_law_violation,5,25,0.44484114798708474,0.025872317197601104
liquor_law_violation,7,16,-0.3156386376491131,0.2336981371547643
liquor_law_violation,8,14,0.8235542668511339,0.0002944604911503818
liquor_law_violation,9,26,-0.006354125421915538,0.9754238086241998
liquor_law_violation,10,12,0.7487213893832726,0.005080854098922569
liquor_law_violation,11,21,0.4745414596938072,0.02973653057550965
liquor_law_violation,13,32,0.6256680072936753,0.00012842221101191535
liquor_law_violation,15,15,0.049740784136011684,0.8602625187248367
liquor_law_violation,16,26,0.4650118376026745,0.016682460462519724
liquor_law_violation,18,28,0.3006503360658604,0.12004694163874514
liquor_law_violation,20,42,0.407261916965425,0.007431754552859628
liquor_law_violation,22,16,0.36113509037451064,0.16935591862456967
liquor_law_violation,23,27,0.2576119679700223,0.19453610753730619
liquor_law_violation,25,14,0.5432512781572743,0.04467802849906125
liquor_law_violation,26,12,0.3207254062977712,0.30942690611582746
liquor_law_violation,27,21,0.6430706444951031,0.0016636562795261812
liquor_law_violation,28,36,0.29973969777918086,0.07572338971822226
liquor_law_violation,30,23,-0.13244488075390548,0.5468912335203491
liquor_law_violation,32,20,0.5532905231865771,0.011387014214929604
liquor_law_violation,33,7,0.36369648372665403,0.42258150757499274
liquor_law_violation,34,31,0.46645899307697425,0.00816652219170065
liquor_law_violation,35,10,0.7130240959073807,0.02062616788775489
liquor_law_violation,36,17,0.6426382800128292,0.005399516975825983
liquor_law_violation,37,15,0.6765631848919995,0.005609546525980813
liquor_law_violation,38,15,0.6882983438525203,0.004554737002971932
liquor_law_violation,42,115,-0.04076738401250633,0.6653159268188515
liquor_law_violation,47,19,0.5992326326658711,0.006700316328738411
liquor_law_violation,48,26,0.6398202835794049,0.00043196533802912317
liquor_law_violation,50,16,0.18977646950767732,0.4814531745324126
liquor_law_violation,51,20,0.3380161967525697,0.1449426398254317
liquor_law_violation,52,17,0.640223339443478,0.005633587057650768
liquor_law_violation,53,15,0.8759120310569735,1.8657723636903306e-05
liquor_law_violation,54,16,0.5015290555572498,0.04778707888365066
liquor_law_violation,55,9,0.5946187253790689,0.09126046626867759
liquor_law_violation,57,36,0.6079280833856147,8.399201471372822e-05
liquor_law_violation,58,8,0.7804878048780488,0.02228097398084027
liquor_law_violation,59,23,0.5748577403117312,0.004113461254336533
liquor_law_violation,60,19,0.6700914726605537,0.0016944201324015128
liquor_law_violation,61,9,0.41103170924624477,0.27176317268682476
liquor_law_violation,62,23,0.6155065151319585,0.0017699742236364684
liquor_law_violation,63,12,0.7666666666666666,0.0036252093823012773
liquor_law_violation,65,27,0.39009036684570847,0.04426747283775151
liquor_law_violation,67,30,0.6680557061654359,5.4833028300896384e-05
liquor_law_violation,68,24,0.7158277730130173,8.389098509519667e-05
liquor_law_violation,70,23,0.3725734657671004,0.07997621113469845
liquor_law_violation,71,23,0.5095557367177977,0.01300473618840311
liquor_law_violation,73,18,0.8740290507772172,2.1318399604321246e-06
liquor_law_violation,75,57,0.7837826063235823,5.653549428929217e-13
liquor_law_violation,78,28,0.6142233637282603,0.0005070590103965432
liquor_law_violation,80,34,0.531268929910753,0.0012250263471737216
liquor_law_violation,82,18,0.7519509913772964,0.00031940518386195293
liquor_law_violation,83,19,0.5384649060850973,0.017383309418252613
liquor_law_violation,84,6,-0.25012215979228897,0.6326407183891358
liquor_law_violation,85,24,0.7853094652558026,5.481469263797012e-06
liquor_law_violation,86,9,-0.11414492908992477,0.7699758320813445
liquor_law_violation,87,17,0.6040859243934085,0.010223672022943307
liquor_law_violation,88,24,0.41855931113398065,0.04179075363976887
liquor_law_violation,90,27,0.7264094500930979,1.7867960563347186e-05
liquor_law_violation,91,13,0.7262267470164423,0.004938224831277851
liquor_law_violation,92,12,0.5105263157894737,0.08988666646402353
liquor_law_violation,93,21,0.6739502392234089,0.0008086079654515965
liquor_law_violation,94,24,0.7548527987606641,2.0206046321892556e-05
liquor_law_violation,96,11,0.4000000000000001,0.22286835013351997
liquor_law_violation,97,27,0.8639167755631595,6.452509794127106e-09
liquor_law_violation,98,24,0.7541984912205655,2.0737746171916594e-05
liquor_law_violation,99,5,0.34412360080584264,0.5706564647860578
liquor_law_violation,100,14,0.8421158722424525,0.00015771262634109377
motor_vehicle_theft,1,17,0.44895754614185385,0.0706447384626801
motor_vehicle_theft,2,7,0.2886751345948129,0.5300916186704536
motor_vehicle_theft,3,23,0.1914098612461854,0.38162420615076725
motor_vehicle_theft,4,14,0.32329285860539686,0.25953689846063477
motor_vehicle_theft,5,25,0.47057574283909764,0.017595345111595898
motor_vehicle_theft,7,16,0.6732769046100793,0.004252472772043208
motor_vehicle_theft,8,14,0.6363886667688838,0.014409181533557995
motor_vehicle_theft,9,26,0.022118697760190438,0.914590924749268
motor_vehicle_theft,10,12,0.8846601119472072,0.00013206283514338195
motor_vehicle_theft,11,21,0.5469239881974192,0.010295482113276697
motor_vehicle_theft,13,32,0.4423017557133845,0.01125278037738848
motor_vehicle_theft,15,15,0.20834319054630135,0.4561851832305644
motor_vehicle_theft,16,26,0.6364626111773202,0.0004732178599471866
motor_vehicle_theft,18,28,0.22705333292020302,0.24526402944895284
motor_vehicle_theft,20,42,0.369002673909006,0.01618175434594345
motor_vehicle_theft,22,16,0.6651524619278251,0.004927908490545626
motor_vehicle_theft,23,27,0.11724611010215975,0.5602868577238354
motor_vehicle_theft,25,14,0.6861298898708799,0.006738028466891365
motor_vehicle_theft,26,12,0.7327996061691864,0.006707768574760039
motor_vehicle_theft,27,21,0.671035468726207,0.0008686197732034107
motor_vehicle_theft,28,36,0.610983493643821,7.56111636811933e-05
motor_vehicle_theft,30,23,0.7827709522712414,1.0113519921645362e-05
motor_vehicle_theft,32,20,0.5643086684699502,0.009544804021446553
motor_vehicle_theft,33,7,0.1454785934906616,0.7556330131047918
motor_vehicle_theft,34,31,0.5445099136503663,0.0015406029391777543
motor_vehicle_theft,35,10,0.8253149587550083,0.0032804555434367178
motor_vehicle_theft,36,17,0.8398539821784835,2.4663597635868647e-05
motor_vehicle_theft,37,15,0.4204934916779673,0.11860202994401353
motor_vehicle_theft,38,15,0.8561372638150694,4.6416022102164057e-05
motor_vehicle_theft,42,115,-0.0327696524718191,0.7280881770486808
motor_vehicle_theft,47,19,0.29774792040036235,0.21569333526738527
motor_vehicle_theft,48,26,0.8699457769991864,7.83498180918022e-09
motor_vehicle_theft,50,16,0.6173367193486301,0.010839033824466058
motor_vehicle_theft,51,20,0.42053967711059514,0.06484826559941442
motor_vehicle_theft,52,17,0.5838994997074111,0.013855980000616254
motor_vehicle_theft,53,15,0.8122352916172703,0.00023435517059655918
motor_vehicle_theft,54,16,0.504229476629682,0.04640984487504165
motor_vehicle_theft,55,9,0.6179756786427273,0.07612519000630355
motor_vehicle_theft,57,36,0.5556070646444677,0.00043521822717633305
motor_vehicle_theft,58,8,0.7470421737034137,0.03317680393916279
motor_vehicle_theft,59,23,0.5073275573347402,0.01347444329371445
motor_vehicle_theft,60,19,0.7515652102099182,0.00020727911900280196
motor_vehicle_theft,61,9,0.49793018881613604,0.1725318107194855
motor_vehicle_theft,62,23,0.6136902698142324,0.0018423951932180318
motor_vehicle_theft,63,12,0.21366057284319562,0.5049126875860395
motor_vehicle_theft,65,27,0.34926971964485726,0.07414746964657418
motor_vehicle_theft,67,30,0.8319232079097133,1.2189299325631957e-08
motor_vehicle_theft,68,24,0.6958423060673031,0.00015958327166331246
motor_vehicle_theft,70,23,0.7836819329262135,9.719124907091372e-06
motor_vehicle_theft,71,23,0.6840040786535079,0.0003194465203856199
motor_vehicle_theft,73,18,0.8166780355438592,3.544905560709771e-05
motor_vehicle_theft,75,57,0.8878999078688085,3.411801300788355e-20
motor_vehicle_theft,78,28,0.7435588124538262,5.7900435974865155e-06
motor_vehicle_theft,80,34,0.6259753670347428,7.509238967786702e-05
motor_vehicle_theft,82,18,0.6291325671128674,0.005154423555644898
motor_vehicle_theft,83,19,0.8557705770600276,2.9810314281038945e-06
motor_vehicle_theft,84,6,0.44136741475237473,0.3809392104771887
motor_vehicle_theft,85,24,0.907864955093876,9.09258018308742e-10
motor_vehicle_theft,86,9,0.0699497416782669,0.8580793193540676
motor_vehicle_theft,87,17,0.7963114677460285,0.00013089374060833918
motor_vehicle_theft,88,24,0.6854180567997994,0.00021883297721204077
motor_vehicle_theft,90,27,0.8358337220744158,5.7381780604622646e-08
motor_vehicle_theft,91,13,0.8292042483657825,0.0004566711372653776
motor_vehicle_theft,92,12,0.47719298245614034,0.11670928821069908
motor_vehicle_theft,93,21,0.6456232037252553,0.0015719742639704925
motor_vehicle_theft,94,24,0.8723880834852089,2.758814576939575e-08
motor_vehicle_theft,96,11,0.8636363636363636,0.00061169385009317
motor_vehicle_theft,97,27,0.8232277141583656,1.345660212184554e-07
motor_vehicle_theft,98,24,0.481167552067816,0.01729389312249948
motor_vehicle_theft,99,5,0.9746794344808964,0.0048182304681985335
motor_vehicle_theft,100,14,0.9271428489498472,1.8430427292397792e-06
narcotics,1,17,0.8856148855400954,2.271401203900062e-06
narcotics,2,7,-0.2939723678960656,0.5222189681894038
narcotics,3,23,0.07012985248552894,0.7505102152469151
narcotics,4,14,0.6601504525368944,0.010188252120077318
narcotics,5,25,0.46889090956006835,0.018060762983390037
narcotics,7,16,-0.006401639029414155,0.9812279819771694
narcotics,8,14,0.7339534797926849,0.0028047228481435657
narcotics,9,26,-0.01416081699207677,0.9452615937949703
narcotics,10,12,0.7389931858836108,0.006034313606778366
narcotics,11,21,0.23695814122119524,0.30103790652821244
narcotics,13,32,0.6805210158827544,1.822349132056836e-05
narcotics,15,15,0.1791362012173806,0.5229515014167806
narcotics,16,26,0.811837772777917,4.801608556449392e-07
narcotics,18,28,0.36148131678590456,0.05875112314572
narcotics,20,42,0.5429468993612625,0.00020311889166695383
narcotics,22,16,0.49999624463452147,0.04858224900264286
narcotics,23,27,0.30722184971503635,0.11904228964899083
narcotics,25,14,0.6883648406522183,0.00649047417339877
narcotics,26,12,0.5230792455511195,0.08097217080531184
narcotics,27,21,0.8042622807057729,1.1130474628008715e-05
narcotics,28,36,0.5799161982674037,0.00020980777560764357
narcotics,30,23,0.7664370479702362,2.00222252185592e-05
narcotics,32,20,0.4300721372598623,0.05839799028074312
narcotics,33,7,0.5504818825631803,0.20037609624592762
narcotics,34,31,0.4662144475654279,0.00820454285803925
narcotics,35,10,0.17338549553676644,0.6319171739166435
narcotics,36,17,0.89743779825176,1.038311676473565e-06
narcotics,37,15,0.6972285246626124,0.003862855531764436
narcotics,38,15,0.7122486480478308,0.0028896630273577513
narcotics,42,115,-0.10691719313536596,0.25541406720791954
narcotics,47,19,0.4373111326051602,0.06115897935573922
narcotics,48,26,0.7007036419995181,6.707837658417646e-05
narcotics,50,16,0.544315984262724,0.029265631027814782
narcotics,51,20,0.3495688877957012,0.13084143549893867
narcotics,52,17,0.8531079006251436,1.3435999741230455e-05
narcotics,53,15,0.9092722512352627,2.6484363873056424e-06
narcotics,54,16,0.5571632100042264,0.024955809144318716
narcotics,55,9,0.6353834442382971,0.06593282386038873
narcotics,57,36,0.8658434074142369,9.245003500685506e-12
narcotics,58,8,0.7575896711961079,0.029451158436349906
narcotics,59,23,0.8240349757100477,1.3458574252578408e-06
narcotics,60,19,0.6506784182570867,0.0025543893064045734
narcotics,61,9,0.6582805886043832,0.05389681685678848
narcotics,62,23,0.8172618704273574,1.938318255314933e-06
narcotics,63,12,0.5849396010625192,0.04573907441011205
narcotics,65,27,0.2945666751250292,0.13582809818297265
narcotics,67,30,0.9081605436827901,4.210305085301496e-12
narcotics,68,24,0.8177671156410483,1.0626848131636716e-06
narcotics,70,23,0.7767918303956323,1.3070923005201579e-05
narcotics,71,23,0.8033704674699421,3.91820449947647e-06
narcotics,73,18,0.899590259469937,3.7758029783446884e-07
narcotics,75,57,0.9390629711434099,3.540686644161055e-27
narcotics,78,28,0.7938603947894121,4.625814003417394e-07
narcotics,80,34,0.6815367727863288,9.099737465223796e-06
narcotics,82,18,0.8997938685637232,3.7174385760541143e-07
narcotics,83,19,0.707554642064064,0.0007023445821549718
narcotics,84,6,0.7650368522374495,0.0763256359782481
narcotics,85,24,0.9265972934187497,8.15646639252492e-11
narcotics,86,9,0.7432160053315857,0.021743121480682318
narcotics,87,17,0.855047447869074,1.2233265398085164e-05
narcotics,88,24,0.9156348087020222,3.5799952432446114e-10
narcotics,90,27,0.7610907629589779,4.039629633539858e-06
narcotics,91,13,0.9201136842331274,8.386052602850304e-06
narcotics,92,12,0.80910807093079,0.0014347403699364707
narcotics,93,21,0.7624313016016145,5.872560228494963e-05
narcotics,94,24,0.7574053305944973,1.8245032602388903e-05
narcotics,96,11,0.8363636363636365,0.001333185079950856
narcotics,97,27,0.8667120085781606,5.057346024000478e-09
narcotics,98,24,0.7959948282171653,3.2987649279320543e-06
narcotics,99,5,-0.15389675281277312,0.8048288166080632
narcotics,100,14,0.9541470095988719,1.2151710087861847e-07
obscenity,1,17,0.15680851846076588,0.5478207565575286
obscenity,2,7,,
obscenity,3,23,-0.1487103314085117,0.49828008228723814
obscenity,4,14,0.3753544197886764,0.18600454160013088
obscenity,5,25,0.31703519597299595,0.12254778654984132
obscenity,7,16,0.30455479505075234,0.25141949647384065
obscenity,8,14,0.7451111545172536,0.002227386517835921
obscenity,9,26,0.2466270857822814,0.22452681871949126
obscenity,10,12,0.5960357577895106,0.040824082361145944
obscenity,11,21,-0.04269562819149833,0.8542029265799433
obscenity,13,32,0.14725578375149684,0.4212461074637165
obscenity,15,15,-0.07869242803926432,0.7804245348450226
obscenity,16,26,0.043661952275547804,0.8322752053839652
obscenity,18,28,0.09979509579673053,0.613379968544121
obscenity,20,42,0.33257485248117996,0.03140045077217867
obscenity,22,16,0.33962979734808946,0.19809902282831723
obscenity,23,27,0.1540856285355453,0.44286359256182417
obscenity,25,14,0.2365977689124864,0.4154204492392282
obscenity,26,12,0.23186944788008415,0.46835906667096505
obscenity,27,21,0.11746746168339575,0.6120824949214019
obscenity,28,36,0.07162494992180682,0.6780562769862677
obscenity,30,23,-0.13760503501668556,0.5312373112298652
obscenity,32,20,0.06381372749278423,0.7892535288557988
obscenity,33,7,-0.4409585518440985,0.32201061128189
obscenity,34,31,-0.06973657902424125,0.7093157092237773
obscenity,35,10,0.32375699854104834,0.3614638508451084
obscenity,36,17,0.5577408854103019,0.019998889010603253
obscenity,37,15,0.28207617694271025,0.30840371090206664
obscenity,38,15,0.5958935493069328,0.01906682320139263
obscenity,42,115,-0.07928160726442152,0.3996539134741427
obscenity,47,19,0.160422236979937,0.5117842306954321
obscenity,48,26,0.38640963740957013,0.05118712303708426
obscenity,50,16,-0.09488189653373423,0.7266906161266309
obscenity,51,20,-0.16468939363252558,0.48777594914178496
obscenity,52,17,0.4319647255576995,0.08335966309659151
obscenity,53,15,0.19093772197343178,0.49545544087632665
obscenity,54,16,0.49259556364127877,0.05256076092362963
obscenity,55,9,-0.37839373433213475,0.3152961254117212
obscenity,57,36,0.4228100141575672,0.01019687955963404
obscenity,58,8,0.4394511049462611,0.27596529739673514
obscenity,59,23,0.4969674671998146,0.015844203787346838
obscenity,60,19,0.02989569952312874,0.9033013404264363
obscenity,61,9,0.36816117993424957,0.32962105581139767
obscenity,62,23,0.48786405096886376,0.018196724680143224
obscenity,63,12,-0.540065026169811,0.06989608915022505
obscenity,65,27,0.1768322287657207,0.3775868993226673
obscenity,67,30,-0.0397313619705601,0.8348754506178562
obscenity,68,24,0.265634042383453,0.20964136748760265
obscenity,70,23,0.046060178717870125,0.8346914150951239
obscenity,71,23,0.2203088866500818,0.3124356749767937
obscenity,73,18,0.44866196309129525,0.061822967846204696
obscenity,75,57,0.41305505189715624,0.001406531981001984
obscenity,78,28,0.19940712113372508,0.3090014766193394
obscenity,80,34,0.27310627398221565,0.11810397927036344
obscenity,82,18,0.2208117241030335,0.3785829866459516
obscenity,83,19,0.41750244588590707,0.07531170248881666
obscenity,84,6,0.8040302522073696,0.05384318805900442
obscenity,85,24,0.27117609466596165,0.19993224725281075
obscenity,86,9,0.1317011142179083,0.7355485700629327
obscenity,87,17,0.49968592020986474,0.041116282836984215
obscenity,88,24,0.41681836620484297,0.0427377908390554
obscenity,90,27,0.7351937705027023,1.2527953970497428e-05
obscenity,91,13,0.585556382065753,0.035498501005382786
obscenity,92,12,0.417922085317002,0.17640632987349167
obscenity,93,21,0.007932314771995819,0.9727775249141606
obscenity,94,24,0.2938933892265264,0.1633400446831723
obscenity,96,11,0.7503246050790371,0.007810619595550272
obscenity,97,27,0.43155270649231214,0.02459824999148639
obscenity,98,24,0.23240767910657228,0.2744685357428069
obscenity,99,5,0.18136906252750293,0.7703461020137524
obscenity,100,14,0.5760184328847832,0.031099289581638673
offense_involving_children,1,17,0.7697067682664455,0.00030232955668918997
offense_involving_children,2,7,0.0734930919740164,0.8755709234171906
offense_involving_children,3,23,-0.23464424182182506,0.28116978200849546
offense_involving_children,4,14,0.5654273977383246,0.035096015135070574
offense_involving_children,5,25,0.30325679037435427,0.1405851343111473
offense_involving_children,7,16,0.6121567321877286,0.011719547477868353
offense_involving_children,8,14,0.6919660095635151,0.006106536831988762
offense_involving_children,9,26,0.0011108916973824492,0.9957027280009517
offense_involving_children,10,12,0.7972338014150493,0.0018990217422602553
offense_involving_children,11,21,0.19659322739815718,0.39303919163066237
offense_involving_children,13,32,0.7424150343410928,1.1474543763116047e-06
offense_involving_children,15,15,0.4601962359033029,0.08432763541040182
offense_involving_children,16,26,0.5739610481855562,0.0021698058401693264
offense_involving_children,18,28,0.4441092854219159,0.017907248103192067
offense_involving_children,20,42,0.4473221743568613,0.0029766149096249403
offense_involving_children,22,16,0.43322120904822,0.0936874093444843
offense_involving_children,23,27,-0.03225991184859928,0.8730884579003677
offense_involving_children,25,14,0.7226836971118731,0.0035017034000675773
offense_involving_children,26,12,0.6152830447669101,0.033207162030528294
offense_involving_children,27,21,0.7904666034914889,2.0060916424339197e-05
offense_involving_children,28,36,0.5755513799649342,0.00024018905165140074
offense_involving_children,30,23,0.6141548017177894,0.0018236370024921338
offense_involving_children,32,20,0.5208097647827991,0.01854763887343969
offense_involving_children,33,7,0.054554472558998104,0.9075232086487943
offense_involving_children,34,31,0.24160506869030607,0.19039261443015354
offense_involving_children,35,10,0.8574194063635246,0.0015167348424067844
offense_involving_children,36,17,0.8999100786877152,8.710859310622605e-07
offense_involving_children,37,15,0.6264689905640706,0.012457771295333807
offense_involving_children,38,15,0.8777205561801552,1.7036522944367166e-05
offense_involving_children,42,115,-0.0882353404638684,0.3483922370217659
offense_involving_children,47,19,0.2840161753947369,0.2386313758269934
offense_involving_children,48,26,0.8528559672936172,3.143269855137248e-08
offense_involving_children,50,16,0.47303749858123206,0.06423408128803478
offense_involving_children,51,20,0.033610511571688706,0.8881295188249553
offense_involving_children,52,17,0.6588844880908891,0.0040206915190152785
offense_involving_children,53,15,0.8687176817259101,2.643102566070527e-05
offense_involving_children,54,16,0.5327761828377421,0.03360086372826391
offense_involving_children,55,9,0.598715839935832,0.08848264398307061
offense_involving_children,57,36,0.8094360142100411,2.2782941717558453e-09
offense_involving_children,58,8,0.7654904374034319,0.026837159815828848
offense_involving_children,59,23,0.6736267801619529,0.0004257607331645495
offense_involving_children,60,19,0.6836614170629189,0.001249478467589268
offense_involving_children,61,9,0.5974790825125826,0.08931560523567555
offense_involving_children,62,23,0.7987157668973891,4.900120270194373e-06
offense_involving_children,63,12,0.45087719298245615,0.14126490981408982
offense_involving_children,65,27,0.3822328461714469,0.049113833805857515
offense_involving_children,67,30,0.8473815041208689,3.4928245117443386e-09
offense_involving_children,68,24,0.7845789884966787,5.669226173345531e-06
offense_involving_children,70,23,0.8338359303289002,7.71901505112138e-07
offense_involving_children,71,23,0.5599907036986704,0.005455487606371304
offense_involving_children,73,18,0.8161601674173253,3.6195070202909534e-05
offense_involving_children,75,57,0.8657184407507711,3.619213791671371e-18
offense_involving_children,78,28,0.7350720728141482,8.382281432715643e-06
offense_involving_children,80,34,0.6925035665154049,5.682173681467142e-06
offense_involving_children,82,18,0.7933888531078525,8.529911774260561e-05
offense_involving_children,83,19,0.8701498309114998,1.284918200891825e-06
offense_involving_children,84,6,0.44136741475237473,0.3809392104771887
offense_involving_children,85,24,0.7963421966946284,3.243149477019593e-06
offense_involving_children,86,9,0.28536232272481193,0.4566824387929284
offense_involving_children,87,17,0.7622106653389223,0.00037541487295166535
offense_involving_children,88,24,0.7247567204634469,6.185216378225011e-05
offense_involving_children,90,27,0.9034442791049221,1.1044578954829756e-10
offense_involving_children,91,13,0.929656056748156,4.2445494725104395e-06
offense_involving_children,92,12,0.7250448947301885,0.007628750959685504
offense_involving_children,93,21,0.6506180871828237,0.001404859559024883
offense_involving_children,94,24,0.9141430573195849,4.3105661112376824e-10
offense_involving_children,96,11,0.7454545454545456,0.008454728885061566
offense_involving_children,97,27,0.8551309126506828,1.3419529607442668e-08
offense_involving_children,98,24,0.4988022997383104,0.013096983753403263
offense_involving_children,99,5,-0.6668859288553501,0.21889398131323157
offense_involving_children,100,14,0.9287863443027324,1.6130797067604807e-06
other_offense,1,17,0.5940999857164806,0.011911365094211673
other_offense,2,7,0.0,1.0
other_offense,3,23,0.17359138390904696,0.4282846615668733
other_offense,4,14,0.4815481040765703,0.08125212100675826
other_offense,5,25,0.4129864230951679,0.04018553799640742
other_offense,7,16,0.6705716883311328,0.004468556658834
other_offense,8,14,0.9034678884323759,9.461188717935242e-06
other_offense,9,26,0.03559282410274044,0.8629524831921119
other_offense,10,12,0.8526844452503203,0.0004243958636411291
other_offense,11,21,0.5715300994468069,0.006797799287723459
other_offense,13,32,0.6711103402292781,2.6212246629327884e-05
other_offense,15,15,0.3212768826181283,0.24295410069578868
other_offense,16,26,0.7216404164811282,3.171696769633829e-05
other_offense,18,28,0.2895782731983431,0.13499779682700278
other_offense,20,42,0.41506013332926933,0.006271752580604729
other_offense,22,16,0.5178373619195515,0.03991597763661522
other_offense,23,27,0.14898313569783556,0.4582920809433015
other_offense,25,14,0.6682502836201729,0.008992857538156047
other_offense,26,12,0.7434198903165656,0.005585118287910722
other_offense,27,21,0.8430989952045285,1.5997603840501587e-06
other_offense,28,36,0.6674852433066555,8.718758871267228e-06
other_offense,30,23,0.6804955822634098,0.000352474841375519
other_offense,32,20,0.5572343189718435,0.010697161907938717
other_offense,33,7,0.1454785934906616,0.7556330131047918
other_offense,34,31,0.5582295039547107,0.0011008600040177485
other_offense,35,10,0.5270919064317701,0.11745698462899684
other_offense,36,17,0.8546967624231695,1.2443689389549245e-05
other_offense,37,15,0.4240874531453004,0.11515866884708581
other_offense,38,15,0.8885122023626981,9.600028259230181e-06
other_offense,42,115,-0.14229012092809082,0.1292788327829561
other_offense,47,19,0.36381356839193213,0.12572098217552424
other_offense,48,26,0.8734465537424548,5.7544395243415755e-09
other_offense,50,16,0.5090778971272584,0.04401176051623178
other_offense,51,20,0.4063473084397421,0.07542719077603185
other_offense,52,17,0.7338694764743672,0.0007980294222162287
other_offense,53,15,0.8194232145519363,0.0001852284885995532
other_offense,54,16,0.5972718205315876,0.014565423228577403
other_offense,55,9,0.4763505587810634,0.194864787218304
other_offense,57,36,0.8374423445041774,1.9222496371837303e-10
other_offense,58,8,0.7470421737034137,0.03317680393916279
other_offense,59,23,0.7001062952693891,0.00019985670094926471
other_offense,60,19,0.7705350051791587,0.0001132331590440241
other_offense,61,9,0.6329621044272915,0.06729590507657993
other_offense,62,23,0.7823547362905525,1.0298362062065544e-05
other_offense,63,12,0.38528955758609046,0.21614675953998505
other_offense,65,27,0.48587367070701215,0.010187401888774069
other_offense,67,30,0.8827480984250979,1.0949695109676756e-10
other_offense,68,24,0.7990429484565089,2.8383905728494113e-06
other_offense,70,23,0.8258993599034021,1.2139992316364356e-06
other_offense,71,23,0.8127810956338933,2.4475720931286943e-06
other_offense,73,18,0.9202516608506263,6.390873813141822e-08
other_offense,75,57,0.8931052018223449,9.898757001059174e-21
other_offense,78,28,0.7786465647097117,1.063269710705416e-06
other_offense,80,34,0.7244719381193547,1.2711168173775934e-06
other_offense,82,18,0.835744247609704,1.5695484109098025e-05
other_offense,83,19,0.7934797935764987,5.0324053728696345e-05
other_offense,84,6,0.6473388749701496,0.16462459468137824
other_offense,85,24,0.9448939959686262,3.795836666749982e-12
other_offense,86,9,0.5945728042652686,0.09129189955104164
other_offense,87,17,0.8451767702601959,1.9455165063229733e-05
other_offense,88,24,0.8162230294715168,1.1571226334612693e-06
other_offense,90,27,0.8268602621696614,1.059994971631999e-07
other_offense,91,13,0.9035846958936102,2.283573834663537e-05
other_offense,92,12,0.7740817475138726,0.0031266563739204833
other_offense,93,21,0.7734071855869906,3.926027571264302e-05
other_offense,94,24,0.830576173343132,5.079103486610932e-07
other_offense,96,11,0.8636363636363636,0.00061169385009317
other_offense,97,27,0.8218767492136089,1.4685297513560866e-07
other_offense,98,24,0.7759643237871929,8.354768408736346e-06
other_offense,99,5,-0.20519567041703082,0.7405819415910723
other_offense,100,14,0.9304161934438774,1.4089156746915633e-06
prostitution,1,17,0.3222654166826458,0.20712456275129112
prostitution,2,7,0.0,1.0
prostitution,3,23,-0.5097120471314588,0.01297229518741105
prostitution,4,14,0.7655678156363853,0.0014152157239973521
prostitution,5,25,0.5228874779133534,0.007321324985099887
prostitution,7,16,-0.13221380610196798,0.625473449626367
prostitution,8,14,0.7466386480715137,0.0021563004224852047
prostitution,9,26,0.23374030278918964,0.25045811506386617
prostitution,10,12,0.819389044412437,0.0011080464741830209
prostitution,11,21,-0.023552897481569506,0.9192826043614699
prostitution,13,32,0.08593965732155062,0.6400183515031549
prostitution,15,15,0.4428756322127975,0.09827836155722812
prostitution,16,26,0.2722064901468899,0.17853147982211498
prostitution,18,28,0.6596676899816091,0.00013416735577287297
prostitution,20,42,0.6839316905159943,5.945675851161597e-07
prostitution,22,16,0.5825636001622915,0.01788132641164753
prostitution,23,27,0.38135837062436057,0.04967804239055166
prostitution,25,14,0.7481195906635366,0.0020891077944433225
prostitution,26,12,0.3607042096811741,0.24937679917218222
prostitution,27,21,0.3464112220837542,0.12396670614504322
prostitution,28,36,0.24649924771920542,0.14726190588458746
prostitution,30,23,-0.1656674674451648,0.4499793085867084
prostitution,32,20,0.4969421989706282,0.025808341042649265
prostitution,33,7,0.3981481481481482,0.3763574481877758
prostitution,34,31,0.3238336233454631,0.07553950586074822
prostitution,35,10,0.8054956874305013,0.004915372743116426
prostitution,36,17,0.6600988764000549,0.003930371675255342
prostitution,37,15,0.2670263962302631,0.33600233650224004
prostitution,38,15,0.4681308509412891,0.07843190489435331
prostitution,42,115,0.025761942727150176,0.7846276865325447
prostitution,47,19,0.2199513389495206,0.3655666119178689
prostitution,48,26,0.6332900140677521,0.0005153095106834603
prostitution,50,16,0.1654322394248119,0.5403433779146921
prostitution,51,20,0.4384659828026026,0.05313188354811109
prostitution,52,17,0.5838994997074111,0.013855980000616254
prostitution,53,15,0.82577676476352,0.00014916438639130868
prostitution,54,16,0.247792705935535,0.35480182647438796
prostitution,55,9,0.4670993664969138,0.20490963281151234
prostitution,57,36,0.7471147152686246,1.658387265522635e-07
prostitution,58,8,0.14458880781356398,0.7326507408997529
prostitution,59,23,0.7276077543095737,8.336271457294913e-05
prostitution,60,19,0.604103897080504,0.006157542787784892
prostitution,61,9,-0.323575114464717,0.3956566030141133
prostitution,62,23,0.7060951960457629,0.00016657702034453406
prostitution,63,12,0.26666666666666666,0.402122983175329
prostitution,65,27,0.26877524764250604,0.17522267600250077
prostitution,67,30,0.7212512169998705,6.8974676125684975e-06
prostitution,68,24,0.5384628242046788,0.00663706871588615
prostitution,70,23,0.455224105949961,0.029057833114024084
prostitution,71,23,0.3138387021939976,0.14475103183689578
prostitution,73,18,0.6560272736068554,0.0031120293045877653
prostitution,75,57,0.576888463998324,2.63980310732607e-06
prostitution,78,28,0.4544335091601284,0.015124831898687453
prostitution,80,34,-0.08105455448554702,0.648607100325482
prostitution,82,18,0.5542070910482949,0.01700328329939117
prostitution,83,19,0.3393034947586497,0.15527206087366865
prostitution,84,6,0.533001790889026,0.276207795326834
prostitution,85,24,0.7077603912993393,0.00010943733718032235
prostitution,86,9,0.2411579564354741,0.5319079520675982
prostitution,87,17,0.5884202559864039,0.012965414595070857
prostitution,88,24,0.028846156601308244,0.8935606200041395
prostitution,90,27,0.42645073376634507,0.02654151871419776
prostitution,91,13,0.6241385512794052,0.022609514427183883
prostitution,92,12,0.08756580854229329,0.7866940142086328
prostitution,93,21,0.5902439336502848,0.004851016065293802
prostitution,94,24,0.3227356814091562,0.12400752239786245
prostitution,96,11,0.6788172508915258,0.02163657847669864
prostitution,97,27,0.6013757484407328,0.0009071746956182655
prostitution,98,24,0.42110162352381764,0.04043753167353333
prostitution,99,5,0.23684210526315794,0.701286739078067
prostitution,100,14,0.3501176812552488,0.21974959396835195
public_indecency,1,17,0.13050673283765066,0.6176026742412118
public_indecency,2,7,,
public_indecency,3,23,-0.13640269937307056,0.5348658300818866
public_indecency,4,14,,
public_indecency,5,25,0.6031149223747131,0.0014161880253019282
public_indecency,7,16,0.06091095901015047,0.8226895995834166
public_indecency,8,14,0.7624338762283408,0.0015213055303220327
public_indecency,9,26,,
public_indecency,10,12,0.13312531634634245,0.6800059101055684
public_indecency,11,21,0.21347814095749162,0.3528113480543997
public_indecency,13,32,-0.027335719884222183,0.8819407321649646
public_indecency,15,15,0.10532015487636374,0.7087335263940625
public_indecency,16,26,0.5079184700981906,0.008072891999580153
public_indecency,18,28,0.24444706353415607,0.20997190214677247
public_indecency,20,42,-0.008662749839714472,0.9565784424109873
public_indecency,22,16,-0.0601316822402263,0.8249251526003457
public_indecency,23,27,0.24411657960657457,0.21977962482906865
public_indecency,25,14,0.0,1.0
public_indecency,26,12,,
public_indecency,27,21,0.19507622542947323,0.39677367890802984
public_indecency,28,36,,
public_indecency,30,23,0.0,1.0
public_indecency,32,20,0.26526868377085727,0.25833736235529997
public_indecency,33,7,,
public_indecency,34,31,0.0,1.0
public_indecency,35,10,,
public_indecency,36,17,0.30884710402695276,0.22774830854104994
public_indecency,37,15,0.3112461930932822,0.2588094568985702
public_indecency,38,15,0.3830654388414369,0.15873341627927723
public_indecency,42,115,-0.03488764249310271,0.7112678139655004
public_indecency,47,19,,
public_indecency,48,26,0.08975250904349472,0.6628193847303291
public_indecency,50,16,-0.10442760846127908,0.7003249765299585
public_indecency,51,20,-0.21767953993808725,0.35656349400522463
public_indecency,52,17,0.3405306015035224,0.1810630559581387
public_indecency,53,15,0.34237081240261036,0.2116144203956405
public_indecency,54,16,0.23479814405844968,0.38139004862461473
public_indecency,55,9,-0.07150969419341942,0.8549410080199407
public_indecency,57,36,0.16965931540045012,0.3225525750050528
public_indecency,58,8,0.7013343843696722,0.052575369776342806
public_indecency,59,23,0.2103485834057146,0.33535871624604574
public_indecency,60,19,,
public_indecency,61,9,-0.554700196225229,0.12112228977516556
public_indecency,62,23,0.4016184869482518,0.05749221018356735
public_indecency,63,12,-0.12262786789699319,0.704189893783667
public_indecency,65,27,0.0,1.0
public_indecency,67,30,0.05414471958486244,0.7762802322144028
public_indecency,68,24,0.22109000126232475,0.299170780953536
public_indecency,70,23,0.11677299542545637,0.595686143952052
public_indecency,71,23,0.2798625623695165,0.19588876487051718
public_indecency,73,18,0.47957712103637823,0.04401524539284139
public_indecency,75,57,0.06280651836456702,0.6425529910242096
public_indecency,78,28,-0.01156153525166751,0.9534376173250925
public_indecency,80,34,0.09789516753712528,0.5817730517357895
public_indecency,82,18,,
public_indecency,83,19,-0.10219250343291214,0.6771914393882263
public_indecency,84,6,,
public_indecency,85,24,0.045272597753373243,0.833623293849475
public_indecency,86,9,0.28734788556634544,0.4534164021818338
public_indecency,87,17,0.3082710753551509,0.22866192005591005
public_indecency,88,24,0.21897364480556758,0.3039382406665379
public_indecency,90,27,-0.028746086133043736,0.8868192106173749
public_indecency,91,13,0.11604676138837001,0.7057777890023522
public_indecency,92,12,0.25955427380922,0.4152597003021144
public_indecency,93,21,0.130300658868471,0.5734629785270585
public_indecency,94,24,0.0,1.0
public_indecency,96,11,0.447213595499958,0.16785065605707475
public_indecency,97,27,0.22580628185454693,0.2574213502110757
public_indecency,98,24,0.11875359770116614,0.580485085623492
public_indecency,99,5,,
public_indecency,100,14,,
public_peace_violation,1,17,0.6621569806321793,0.0037810626459986287
public_peace_violation,2,7,0.4409585518440985,0.32201061128189
public_peace_violation,3,23,0.03549123194583395,0.8722760483455012
public_peace_violation,4,14,0.2410390758411769,0.40645686462685215
public_peace_violation,5,25,0.5924074128078791,0.00180736903255836
public_peace_violation,7,16,-0.07641437243542469,0.7785001440760908
public_peace_violation,8,14,0.8669964066433226,5.964326166496989e-05
public_peace_violation,9,26,0.10844810686998053,0.5979557545104186
public_peace_violation,10,12,0.6228389073555073,0.030516272487108805
public_peace_violation,11,21,0.10994839744506853,0.6351879336973587
public_peace_violation,13,32,0.6263389433238324,0.00012567168493679575
public_peace_violation,15,15,0.0682716645004082,0.808968506809893
public_peace_violation,16,26,0.7616666815002231,6.186586316469393e-06
public_peace_violation,18,28,0.1944355591945018,0.3214646260530016
public_peace_violation,20,42,0.4056436148858801,0.007694392276452037
public_peace_violation,22,16,0.4421059003436214,0.08641216277763644
public_peace_violation,23,27,0.2587314113215631,0.19253592898319058
public_peace_violation,25,14,0.5302663659923033,0.05110627515662462
public_peace_violation,26,12,0.3014354974362384,0.34102063305742963
public_peace_violation,27,21,0.7277000245541994,0.00018489427985763415
public_peace_violation,28,36,0.4949389558570778,0.0021492223497501673
public_peace_violation,30,23,0.7531014422303589,3.363351799134701e-05
public_peace_violation,32,20,0.4728353944085545,0.035252699097286753
public_peace_violation,33,7,0.6000991981489792,0.15429103966044008
public_peace_violation,34,31,0.46958766224619775,0.007693112435370076
public_peace_violation,35,10,0.5478981658961819,0.10108980893343023
public_peace_violation,36,17,0.8546967624231695,1.2443689389549245e-05
public_peace_violation,37,15,0.6732741450315011,0.005937328239201099
public_peace_violation,38,15,0.6822817695471874,0.005073812142543565
public_peace_violation,42,115,-0.19334962920684434,0.03841750691271717
public_peace_violation,47,19,0.3205659681159333,0.18086748848178455
public_peace_violation,48,26,0.6871636387516227,0.00010539990769477077
public_peace_violation,50,16,0.18143866142090798,0.5012659523268195
public_peace_violation,51,20,0.3860447755774451,0.09272790178420755
public_peace_violation,52,17,0.6043087221364514,0.010188317009159812
public_peace_violation,53,15,0.8064888154388036,0.0002808942538097649
public_peace_violation,54,16,0.3301289416452899,0.21174732235583577
public_peace_violation,55,9,0.6948599894145787,0.03774903641309099
public_peace_violation,57,36,0.6629900148792868,1.0526443859032916e-05
public_peace_violation,58,8,0.807287510292399,0.015406042114106008
public_peace_violation,59,23,0.6244795177368917,0.0014466440064448613
public_peace_violation,60,19,0.6346901362493298,0.003509584649404026
public_peace_violation,61,9,0.5654461466217138,0.11257961006929577
public_peace_violation,62,23,0.6760192081839731,0.0003988694720902747
public_peace_violation,63,12,0.724561403508772,0.007689148821586315
public_peace_violation,65,27,0.23067923725327014,0.24701834153415259
public_peace_violation,67,30,0.8589287640096793,1.251217110129148e-09
public_peace_violation,68,24,0.525697312861733,0.008332532257253694
public_peace_violation,70,23,0.5093064287108314,0.013056615518766048
public_peace_violation,71,23,0.6855162103550461,0.00030605918209964273
public_peace_violation,73,18,0.8166780355438592,3.544905560709771e-05
public_peace_violation,75,57,0.8883428949562183,3.078147568718266e-20
public_peace_violation,78,28,0.6791446978622679,7.077049870386782e-05
public_peace_violation,80,34,0.6766391919415753,1.115823571244612e-05
public_peace_violation,82,18,0.8924508790072387,6.391209850473076e-07
public_peace_violation,83,19,0.6248984358755962,0.004227848973872491
public_peace_violation,84,6,0.835914007637145,0.03817737623925654
public_peace_violation,85,24,0.864737013369167,5.043751815116746e-08
public_peace_violation,86,9,0.6645225459435355,0.0508785464318365
public_peace_violation,87,17,0.6765560997284088,0.0028601943100356347
public_peace_violation,88,24,0.8576130537528543,8.568101965997885e-08
public_peace_violation,90,27,0.6851296737047837,8.04880341719826e-05
public_peace_violation,91,13,0.8289663057947206,0.0004599582344543313
public_peace_violation,92,12,0.6199659244794364,0.031520226079416375
public_peace_violation,93,21,0.6759834217098712,0.0007688662570572693
public_peace_violation,94,24,0.8588863208351634,7.810347912651216e-08
public_peace_violation,96,11,0.8063802242134231,0.0027148021408091986
public_peace_violation,97,27,0.8565553555248903,1.1956603202250252e-08
public_peace_violation,98,24,0.6659413350170587,0.00038211605716252596
public_peace_violation,99,5,-0.35909242322980395,0.5528147466433508
public_peace_violation,100,14,0.9159960034987948,4.224740652652842e-06
robbery,1,17,0.5079985385111935,0.037350165552273794
robbery,2,7,0.0,1.0
robbery,3,23,-0.09626188877291236,0.6621635530281683
robbery,4,14,0.3225170733086169,0.2607478483779035
robbery,5,25,0.4753091115851741,0.016339996093107993
robbery,7,16,0.18391174353957038,0.49534960022919233
robbery,8,14,0.8324335581379384,0.00022046421085129895
robbery,9,26,-0.01173900166647866,0.9546126479571112
robbery,10,12,0.8953186675128363,8.284752420093025e-05
robbery,11,21,0.5263363214264962,0.014243366623230207
robbery,13,32,0.40410548394339263,0.021800118401218135
robbery,15,15,0.41060529649531213,0.12844002099186216
robbery,16,26,0.6617525162572137,0.00023163865196210002
robbery,18,28,0.5645512406679629,0.0017504725494550833
robbery,20,42,0.530589410458046,0.00030082307849722345
robbery,22,16,0.680663249982696,0.003704881515232249
robbery,23,27,0.3710004313437468,0.056756186995315955
robbery,25,14,0.7040094961215869,0.004949416003121186
robbery,26,12,0.6578386444049672,0.020058831719154877
robbery,27,21,0.4784396501232228,0.028237508963638185
robbery,28,36,0.7332564155032328,3.648975132751265e-07
robbery,30,23,0.6913916473821777,0.00025854165827092517
robbery,32,20,0.5298061004249125,0.01627824696511497
robbery,33,7,0.4546206046583175,0.305431151061249
robbery,34,31,0.5142651172292313,0.0030801228981853853
robbery,35,10,0.8486969356485102,0.0019021998144624628
robbery,36,17,0.9072032305093654,5.047564033704894e-07
robbery,37,15,0.5444851623009577,0.0358530018870204
robbery,38,15,0.8371003241146233,9.920000913730614e-05
robbery,42,115,-0.04538174716472043,0.6300924071567845
robbery,47,19,0.29425697328504563,0.2213825583155636
robbery,48,26,0.8300001473684768,1.5695171324854097e-07
robbery,50,16,0.46450092960697903,0.0698834034313631
robbery,51,20,0.27633307328990636,0.23825252750039444
robbery,52,17,0.7178890691139538,0.0011738296282886712
robbery,53,15,0.8302050989539356,0.0001276152824505743
robbery,54,16,0.4970917048824769,0.05011599131981659
robbery,55,9,0.7224222722161461,0.027924260269707943
robbery,57,36,0.665034269143268,9.665844932518401e-06
robbery,58,8,0.7470421737034137,0.03317680393916279
robbery,59,23,0.6911687680957372,0.0002602199291112888
robbery,60,19,0.6557730158739126,0.0022997996479174974
robbery,61,9,0.3460192837535861,0.36169210995544765
robbery,62,23,0.6891464407122104,0.000275884489530141
robbery,63,12,0.6912280701754386,0.012789478893200791
robbery,65,27,0.2320150301177447,0.24421561178496703
robbery,67,30,0.8624627254562384,8.974223685160489e-10
robbery,68,24,0.7916403707323887,4.071447167056408e-06
robbery,70,23,0.911713527629101,1.4416898929439802e-09
robbery,71,23,0.6726122656129354,0.0004376279739801438
robbery,73,18,0.9223646964185429,5.190523137254961e-08
robbery,75,57,0.8645004088814158,4.5629161217522595e-18
robbery,78,28,0.7354721820511024,8.23990394462307e-06
robbery,80,34,0.6652358864532777,1.768263447261921e-05
robbery,82,18,0.7462533296280778,0.0003755576323663122
robbery,83,19,0.629917723732845,0.0038459207471128447
robbery,84,6,0.5373732906238788,0.27152872099918
robbery,85,24,0.8557747203028202,9.778466117547209e-08
robbery,86,9,0.1398994833565338,0.7196066014451042
robbery,87,17,0.7970572169169147,0.0001276389053959091
robbery,88,24,0.8476162229127291,1.7211020214000884e-07
robbery,90,27,0.824413024989729,1.2455994921094625e-07
robbery,91,13,0.9035846958936102,2.283573834663537e-05
robbery,92,12,0.54641064530391,0.06604060406823516
robbery,93,21,0.7221322899227568,0.00021874581904820587
robbery,94,24,0.7708569186891556,1.0432131865205115e-05
robbery,96,11,0.8272727272727273,0.0016769738964523804
robbery,97,27,0.8095940583042357,3.147933287424916e-07
robbery,98,24,0.35488828500929415,0.08881562678209884
robbery,99,5,0.6668859288553501,0.21889398131323157
robbery,100,14,0.9732198439897216,5.027085459103704e-09
sex_offense,1,17,0.47258244627458434,0.055412514232699175
sex_offense,2,7,0.2886751345948129,0.5300916186704536
sex_offense,3,23,0.19710560806927419,0.36734436839267554
sex_offense,4,14,-0.3644622383012093,0.20013287818829584
sex_offense,5,25,0.5506926746672015,0.00433536426273913
sex_offense,7,16,0.7417228333124909,0.0010051197621982015
sex_offense,8,14,0.7827358863045855,0.0009335912035627463
sex_offense,9,26,0.04405224103947426,0.8307970793276528
sex_offense,10,12,0.8114701192974609,0.0013538727021853163
sex_offense,11,21,0.417769649386467,0.05950239714234949
sex_offense,13,32,0.3889055257087311,0.027815767963379645
sex_offense,15,15,0.37195317056122,0.1721962275126694
sex_offense,16,26,0.6423907675136707,0.00040253929125262503
sex_offense,18,28,0.23309210889521143,0.23259420643903736
sex_offense,20,42,0.3406476071168009,0.02727804381278176
sex_offense,22,16,0.3068492140694251,0.24768469052575856
sex_offense,23,27,0.19612134431001624,0.3268788073530642
sex_offense,25,14,0.6536465954026043,0.01123375454103828
sex_offense,26,12,0.23971415816377628,0.4530023136501
sex_offense,27,21,0.5769039595188109,0.006182444509571435
sex_offense,28,36,0.47352314853688376,0.0035339412842084325
sex_offense,30,23,0.5223635156835797,0.010557590024831583
sex_offense,32,20,0.45518082611083244,0.04373170265217453
sex_offense,33,7,0.6055300708194984,0.14960795291230725
sex_offense,34,31,0.5683296864729909,0.000851548856855433
sex_offense,35,10,0.8461212182194202,0.0020284247271613594
sex_offense,36,17,0.5707266312845404,0.016728725782752946
sex_offense,37,15,0.5922652238378713,0.02000119764787297
sex_offense,38,15,0.835300108363839,0.00010605834669385724
sex_offense,42,115,-0.10930593519427993,0.2448869564883054
sex_offense,47,19,0.3809903856462244,0.10754292061423283
sex_offense,48,26,0.7818349073825361,2.3985398552361657e-06
sex_offense,50,16,0.4054607130696275,0.11921208131768415
sex_offense,51,20,0.16799122001923272,0.47896926283194163
sex_offense,52,17,0.7530793888165164,0.00048378524376700135
sex_offense,53,15,0.8351405577032317,0.00010668455975174917
sex_offense,54,16,0.5436471213518328,0.029504599189969942
sex_offense,55,9,0.7224222722161461,0.027924260269707943
sex_offense,57,36,0.6998579379108804,2.0312442591573146e-06
sex_offense,58,8,0.8193365776101958,0.012816501903671776
sex_offense,59,23,0.7359057313950688,6.273506210343282e-05
sex_offense,60,19,0.5780980329854984,0.009525687747145786
sex_offense,61,9,0.18566888396533884,0.6324565019842247
sex_offense,62,23,0.832012487035102,8.582918260274311e-07
sex_offense,63,12,0.7724975854958155,0.0032284947201396633
sex_offense,65,27,0.11415540786454637,0.5707415881970378
sex_offense,67,30,0.8447198877408586,4.3729856242671706e-09
sex_offense,68,24,0.6564203338897429,0.0004947075179889887
sex_offense,70,23,0.5983625015498628,0.002560320711442225
sex_offense,71,23,0.7600497213885644,2.57739788731544e-05
sex_offense,73,18,0.8788222107279194,1.587800146584528e-06
sex_offense,75,57,0.8439006237407362,1.6856929368648664e-16
sex_offense,78,28,0.6786892039655067,7.18758402725458e-05
sex_offense,80,34,0.6664859380807096,1.682840726473059e-05
sex_offense,82,18,0.8614270941054807,4.385506060567559e-06
sex_offense,83,19,0.7514437403065864,0.000208047760826135
sex_offense,84,6,0.5075192189225523,0.30408349526528783
sex_offense,85,24,0.7853572004597293,5.4693940161570585e-06
sex_offense,86,9,0.17121739363488714,0.6596078123546889
sex_offense,87,17,0.6843836444048023,0.0024421401075683203
sex_offense,88,24,0.6100441916058122,0.0015492606667612068
sex_offense,90,27,0.8410111378659639,3.9598529902701284e-08
sex_offense,91,13,0.8275869941378243,0.0004793839375118922
sex_offense,92,12,0.5676634425762845,0.05420083742111326
sex_offense,93,21,0.6557008823021236,0.0012504666319326453
sex_offense,94,24,0.8300660686628419,5.236661258234387e-07
sex_offense,96,11,0.792712762786077,0.003612941542771634
sex_offense,97,27,0.8820940373963834,1.1908196405383164e-09
sex_offense,98,24,0.18207588312254686,0.3944808461432209
sex_offense,99,5,-0.8207826816681233,0.08858700531354384
sex_offense,100,14,0.92147206985457,2.8537028538751286e-06
stalking,1,17,0.36806439817531905,0.14606133436601149
stalking,2,7,-0.37811883873876256,0.40297239535151097
stalking,3,23,-0.044697411423043926,0.8395197548619604
stalking,4,14,0.2716808393716593,0.34742156401605995
stalking,5,25,0.3343242348170683,0.10237732681332544
stalking,7,16,0.2854051146563444,0.28394319094607884
stalking,8,14,0.8441063696167845,0.0001468178189818001
stalking,9,26,-0.14309815734779124,0.4855670104356602
stalking,10,12,0.8584449957226704,0.0003512082038635536
stalking,11,21,0.2542478067166746,0.266066372979331
stalking,13,32,0.3243921443736342,0.07008376908265182
stalking,15,15,0.3012416629806612,0.27523554840867476
stalking,16,26,0.4453683279881263,0.0226031506642146
stalking,18,28,0.008876331401343798,0.9642440347763029
stalking,20,42,0.3198993517204807,0.03890050543669146
stalking,22,16,-0.026872465210479334,0.921307040652353
stalking,23,27,0.1137604329615851,0.5720839011013834
stalking,25,14,0.656164739950914,0.010819622018582976
stalking,26,12,0.22869359198124184,0.4746440771387665
stalking,27,21,0.32377959923526484,0.15220177406122792
stalking,28,36,0.6410903968098937,2.5245378508989732e-05
stalking,30,23,0.13082800681218829,0.5518393269053353
stalking,32,20,0.410735395796321,0.07202791201041318
stalking,33,7,-0.19444444444444448,0.6761056072265272
stalking,34,31,-0.03248753388304971,0.8622621748230673
stalking,35,10,0.6954358003302333,0.025555800241901742
stalking,36,17,0.8004987531172069,0.00011348450275015809
stalking,37,15,-0.058770343580470154,0.8351912017069988
stalking,38,15,0.4314622668134879,0.10831042418876845
stalking,42,115,-0.16022570505948233,0.08716819576855535
stalking,47,19,0.0184515114248001,0.940235417032217
stalking,48,26,0.6133484359738354,0.0008624111547210887
stalking,50,16,0.43295117670491085,0.0939151325366027
stalking,51,20,-0.13347579506966728,0.5747929168798214
stalking,52,17,0.4213934933012812,0.09206190974403428
stalking,53,15,0.5954753569646318,0.01917277672182259
stalking,54,16,0.582851556811484,0.017811240669544624
stalking,55,9,0.6934094324323347,0.03832020049659256
stalking,57,36,0.4227282944875532,0.010213043856404464
stalking,58,8,-0.21742905426831152,0.6049870987120073
stalking,59,23,0.6118086588518528,0.0019200626631986346
stalking,60,19,0.4532341114250047,0.05131396855444053
stalking,61,9,-0.11407459407340889,0.7701144985430004
stalking,62,23,0.4900400837090905,0.017610169937592346
stalking,63,12,0.28269257191628655,0.37330747236043704
stalking,65,27,0.1629403419129853,0.4167640340128236
stalking,67,30,0.6092217696846183,0.0003527291958452917
stalking,68,24,0.37171656861829366,0.07368988169384509
stalking,70,23,0.6012475558275173,0.00240955894866817
stalking,71,23,0.7203180223132435,0.00010613881032865085
stalking,73,18,0.5622388871504531,0.01515416150678087
stalking,75,57,0.7780236432306794,1.0731752592036222e-12
stalking,78,28,0.5327762502289497,0.003512912388945088
stalking,80,34,0.4863905239004179,0.00353733270086658
stalking,82,18,0.3947022454139036,0.10502439264620718
stalking,83,19,0.32528461880423526,0.17417030610449777
stalking,84,6,0.7468790282423806,0.08799658053888092
stalking,85,24,0.5556972484043076,0.004813248188997019
stalking,86,9,-0.37229090110972446,0.32380146853822456
stalking,87,17,0.417573324962528,0.09536167560191118
stalking,88,24,0.6697435236510878,0.00034380088933066885
stalking,90,27,0.7483683649004345,7.163222889197609e-06
stalking,91,13,0.8277905524219105,0.0004764769724780375
stalking,92,12,0.6596491228070176,0.01960138969044905
stalking,93,21,0.1440142201695587,0.5334125964090158
stalking,94,24,0.8252898565016866,6.937667190969364e-07
stalking,96,11,0.6544404239342069,0.02889913435026737
stalking,97,27,0.5037802505991352,0.007382201900849407
stalking,98,24,0.24042772935365228,0.257772733406828
stalking,99,5,-0.6668859288553501,0.21889398131323157
stalking,100,14,0.662049629709842,0.009897581378832194
theft,1,17,0.4022167605161266,0.10948323219398992
theft,2,7,0.0,1.0
theft,3,23,0.20740511427511452,0.34231999038533734
theft,4,14,0.22833971132269293,0.4323530636703319
theft,5,25,0.42955321370643534,0.03211655134157297
theft,7,16,0.18551097609208836,0.49154148318221735
theft,8,14,0.8226487643597767,0.0003030124383581751
theft,9,26,-0.04487023393405537,0.8277009480853998
theft,10,12,0.8633430008159492,0.0002970571603114339
theft,11,21,0.5315531029903797,0.013143082115118823
theft,13,32,0.13746967376156505,0.4530863848161221
theft,15,15,0.43421057468995516,0.105832359279659
theft,16,26,0.7167760020405053,3.796572863444311e-05
theft,18,28,0.19714463786021338,0.31463549433051247
theft,20,42,0.08569141504869189,0.5894877372400182
theft,22,16,0.6173000259467825,0.010845082247361616
theft,23,27,0.32115238854069844,0.10238611165812668
theft,25,14,0.6034367109613602,0.02232546329510517
theft,26,12,0.5239340179373893,0.08038797815263515
theft,27,21,-0.27834577378516473,0.22179849828938109
theft,28,36,0.7367562789347204,3.003840187855164e-07
theft,30,23,0.3975421016029226,0.06031366476361696
theft,32,20,0.6095453687956662,0.004327864754598226
theft,33,7,0.7273929674533081,0.06393465791908716
theft,34,31,0.4216848579490054,0.018140060439647814
theft,35,10,0.8253149587550083,0.0032804555434367178
theft,36,17,0.8109079829933258,7.842534927815093e-05
theft,37,15,0.19587089996965146,0.48416708073237896
theft,38,15,0.6582904171351164,0.007626776871401389
theft,42,115,-0.09933344641847144,0.290872090699085
theft,47,19,0.1864318285789503,0.444744586841025
theft,48,26,0.8546777061888964,2.7336535704355226e-08
theft,50,16,0.3895814248316598,0.13580584041448157
theft,51,20,0.4379048702408351,0.05347218269913135
theft,52,17,0.7117427585907179,0.001352596102498254
theft,53,15,0.5858157191752879,0.021748143639557675
theft,54,16,0.38417483933690055,0.1417995371397765
theft,55,9,0.7224222722161461,0.027924260269707943
theft,57,36,0.5509270313048159,0.0004976872959562994
theft,58,8,0.4096682888050979,0.3134872142827111
theft,59,23,0.4666222151611114,0.024796366661953072
theft,60,19,0.6702660889131722,0.0016879535029825643
theft,61,9,0.29538231539940274,0.4403046867991695
theft,62,23,0.6425422929230393,0.0009456301730426945
theft,63,12,0.612960659796053,0.03406733166335623
theft,65,27,-0.19450416754141897,0.3309627092331232
theft,67,30,0.7975713796520484,1.3127582077164278e-07
theft,68,24,0.6144139511019804,0.0014017567196438236
theft,70,23,0.733636728706986,6.787533747662497e-05
theft,71,23,0.7350195892265068,6.470053703371481e-05
theft,73,18,0.8674990074059922,3.1262971960303734e-06
theft,75,57,0.7415234575943024,4.176014888632938e-11
theft,78,28,0.6410861059748205,0.0002370760081328925
theft,80,34,0.5473003869816417,0.0008087052197427267
theft,82,18,0.6320414280714259,0.0048914214294361845
theft,83,19,0.554927518526554,0.013657554788616957
theft,84,6,0.8827348295047495,0.01982041658888203
theft,85,24,0.893053338743976,4.365770282495197e-09
theft,86,9,-0.0699497416782669,0.8580793193540676
theft,87,17,0.34938937266996295,0.16924657378739785
theft,88,24,0.715067183938722,8.60525800833538e-05
theft,90,27,0.6524946130994775,0.00022552728455329992
theft,91,13,0.7217658241589203,0.0053463379879339105
theft,92,12,0.42732114568639123,0.16587727319738632
theft,93,21,0.7422817957621857,0.00011673610244818642
theft,94,24,0.655488799623185,0.0005071259240691121
theft,96,11,0.7545454545454545,0.007282041008429152
theft,97,27,0.7263025614556342,1.7943842302250003e-05
theft,98,24,0.38493404165425277,0.0632507691145536
theft,99,5,0.6668859288553501,0.21889398131323157
theft,100,14,0.9203918087875911,3.0901031576712746e-06
weapons_violation,1,17,0.8000037870091384,0.00011543498820824492
weapons_violation,2,7,0.07562376774775251,0.871983897325915
weapons_violation,3,23,-0.03504438034791262,0.8738715960632789
weapons_violation,4,14,0.4656166452255592,0.09336788314886951
weapons_violation,5,25,0.33303675986715536,0.10378835293585496
weapons_violation,7,16,0.5168565959149024,0.04035973046692517
weapons_violation,8,14,0.7561273009344578,0.0017539464074231936
weapons_violation,9,26,-0.03642333057720074,0.8597853396818208
weapons_violation,10,12,0.730894689636052,0.006925816093265527
weapons_violation,11,21,0.5074056027079097,0.01887830397903646
weapons_violation,13,32,0.7216453469140072,3.14648887833689e-06
weapons_violation,15,15,0.03908248287926139,0.8900146367404139
weapons_violation,16,26,0.6878732631159545,0.00010299355080183555
weapons_violation,18,28,0.28850787105095776,0.13651180426319207
weapons_violation,20,42,0.6337827829161223,6.616634839062414e-06
weapons_violation,22,16,0.5233438693246745,0.037492331728827294
weapons_violation,23,27,0.13103064953735552,0.5147521825344957
weapons_violation,25,14,0.6443743181678622,0.01286454142042995
weapons_violation,26,12,0.5168538285058029,0.08531427858974121
weapons_violation,27,21,0.79831242585865,1.4428632547281328e-05
weapons_violation,28,36,0.6576523327853742,1.3112616885007582e-05
weapons_violation,30,23,0.7749340199920582,1.4133172101447912e-05
weapons_violation,32,20,0.1910579164633465,0.4197274207686963
weapons_violation,33,7,0.0,1.0
weapons_violation,34,31,0.4806663923770066,0.006199280547456851
weapons_violation,35,10,0.4452180646024972,0.19725800232291582
weapons_violation,36,17,0.8559336607768934,1.1714921200068536e-05
weapons_violation,37,15,0.8730961506424546,2.143557916596745e-05
weapons_violation,38,15,0.7200863003136544,0.0024661303948455247
weapons_violation,42,115,-0.04553818794856339,0.6289120737703248
weapons_violation,47,19,0.18142669684859206,0.45727873678365283
weapons_violation,48,26,0.7919230997358591,1.43777712856816e-06
weapons_violation,50,16,0.5522202417408494,0.026552055441870653
weapons_violation,51,20,0.3775527460430987,0.10076668547077328
weapons_violation,52,17,0.8640862554448477,7.758136222690977e-06
weapons_violation,53,15,0.8648704804693662,3.158251606803426e-05
weapons_violation,54,16,0.4955899172544332,0.05092298302145104
weapons_violation,55,9,0.7485339206095007,0.02032262905470691
weapons_violation,57,36,0.910394940924218,1.3805930420322358e-14
weapons_violation,58,8,0.8193365776101958,0.012816501903671776
weapons_violation,59,23,0.8006534759729714,4.467680046776616e-06
weapons_violation,60,19,0.8240127137394956,1.4436549823421959e-05
weapons_violation,61,9,0.7881638960804283,0.01162880896282928
weapons_violation,62,23,0.8070472250966033,3.2700688051897185e-06
weapons_violation,63,12,0.8441343943477072,0.000554261681934714
weapons_violation,65,27,0.48548143861316156,0.010257620513621628
weapons_violation,67,30,0.9010826911235077,1.1382848567919821e-11
weapons_violation,68,24,0.7637718428298184,1.4067005786651783e-05
weapons_violation,70,23,0.7767918303956323,1.3070923005201579e-05
weapons_violation,71,23,0.852615445534089,2.3908559893679284e-07
weapons_violation,73,18,0.9047156170546111,2.5245851052019117e-07
weapons_violation,75,57,0.9376309155596432,6.581473781196597e-27
weapons_violation,78,28,0.7766662198198314,1.1793084543514363e-06
weapons_violation,80,34,0.7040683448774139,3.3808416294712866e-06
weapons_violation,82,18,0.920455036613407,6.265743378688089e-08
weapons_violation,83,19,0.8111322917650747,2.5114549567801776e-05
weapons_violation,84,6,0.7650368522374495,0.0763256359782481
weapons_violation,85,24,0.9361812804686851,1.8312701723852604e-11
weapons_violation,86,9,0.8131657470098527,0.0076912200508662916
weapons_violation,87,17,0.71315645724145,0.001309615156784416
weapons_violation,88,24,0.9204309910333184,1.9238151551540012e-10
weapons_violation,90,27,0.8560518687006194,1.2456257614380808e-08
weapons_violation,91,13,0.9504168295222424,6.456478003365136e-07
weapons_violation,92,12,0.7600712181471057,0.004117380355680873
weapons_violation,93,21,0.6824832623032355,0.0006527626096067714
weapons_violation,94,24,0.9242174304321585,1.1456145247723873e-10
weapons_violation,96,11,0.8727272727272729,0.0004546150514096401
weapons_violation,97,27,0.8950559579483143,2.986166192874336e-10
weapons_violation,98,24,0.8675965594205237,4.043090340168167e-08
weapons_violation,99,5,0.41039134083406165,0.49253578170279755
weapons_violation,100,14,0.9597029017120867,5.6667406870002175e-08
gambling,1,17,0.6972178999326458,0.0018654486663494953
gambling,2,7,0.5477225575051661,0.203110663720055
gambling,3,23,-0.1870525061364621,0.3927582655394547
gambling,4,14,0.3896809151662681,0.16842022438715137
gambling,5,25,0.04077158446588007,0.8465664614123449
gambling,7,16,0.21286788947057816,0.42863017780099316
gambling,8,14,0.8026951805107683,0.0005485980433149688
gambling,9,26,0.12478186681451069,0.543615764969081
gambling,10,12,0.3605268298476899,0.2496268307548108
gambling,11,21,0.261616185276275,0.2519788171054554
gambling,13,32,0.4987362558958702,0.0036672704177673683
gambling,15,15,0.14424282080893294,0.6080348866986942
gambling,16,26,0.5805284654526419,0.0018753512632780464
gambling,18,28,0.4882274457841913,0.00839227675467899
gambling,20,42,0.5354263731601401,0.0002584244367080439
gambling,22,16,0.12949858168996745,0.6326522831782971
gambling,23,27,0.06801213129588601,0.7360644808176914
gambling,25,14,0.656751479480986,0.01072483694233625
gambling,26,12,0.38983499864028953,0.21031318843769178
gambling,27,21,0.635775531391221,0.001950901532655621
gambling,28,36,0.7539047823620553,1.1061179495650582e-07
gambling,30,23,0.7635196526737079,2.2491604375456635e-05
gambling,32,20,0.461535601615661,0.04051582845765562
gambling,33,7,-0.33968311024337877,0.45602111641350696
gambling,34,31,0.21269126600845537,0.25065753396506546
gambling,35,10,0.46481112585226414,0.17588776454383812
gambling,36,17,0.7736302350919196,0.0002690848401360653
gambling,37,15,0.6280977110735938,0.012163972686356429
gambling,38,15,0.5049240560736884,0.0548942614294746
gambling,42,115,0.13658978546127962,0.1455054025124969
gambling,47,19,0.2810516980151793,0.2437807766345374
gambling,48,26,0.7019861028248454,6.418652161933396e-05
gambling,50,16,0.5124768732911117,0.04238675784209863
gambling,51,20,0.0443014295665399,0.8528718556326453
gambling,52,17,0.44697903822441437,0.07204688238818983
gambling,53,15,0.4012820253579334,0.13821302375921682
gambling,54,16,0.35125803172200115,0.1821895507743607
gambling,55,9,0.4767312946227961,0.19445743093953705
gambling,57,36,0.7961849487018174,6.401119863495367e-09
gambling,58,8,0.3166841199613375,0.44472269014612764
gambling,59,23,0.6995090645530171,0.00020347180885019496
gambling,60,19,0.16851369535063912,0.4904303638848447
gambling,61,9,0.4853626716970754,0.18535093004630226
gambling,62,23,0.7317233418249462,7.249231630025636e-05
gambling,63,12,0.4,0.19761731999999993
gambling,65,27,0.03954191135496139,0.8447513105343026
gambling,67,30,0.7999791424668214,1.1282036437237322e-07
gambling,68,24,0.7149098342605943,8.650581145456329e-05
gambling,70,23,0.7475706286446698,4.1319646877805237e-05
gambling,71,23,0.6412301992293914,0.0009761664400817765
gambling,73,18,0.41601714691609826,0.08595302138903099
gambling,75,57,0.9390046306808962,3.63230912237882e-27
gambling,78,28,0.8424453410672533,1.885080206646872e-08
gambling,80,34,0.7428260202574579,4.885764237636106e-07
gambling,82,18,0.834814318816576,1.636976420330624e-05
gambling,83,19,-0.013484422880399227,0.9563065360167856
gambling,84,6,0.6092717958449423,0.19917684409774625
gambling,85,24,0.8778749528982491,1.7470584448523597e-08
gambling,86,9,0.4011965077713466,0.28453103017514125
gambling,87,17,0.4826809019828275,0.0497094615745712
gambling,88,24,0.8681679055531263,3.865977428752785e-08
gambling,90,27,0.513099549919493,0.006200622538271418
gambling,91,13,0.8741363824628063,9.328815751366145e-05
gambling,92,12,0.5919448657459025,0.04259018281345196
gambling,93,21,0.6429268632653515,0.001668951896916002
gambling,94,24,0.9287431967332705,5.945204542031589e-11
gambling,96,11,0.6073122674197068,0.0475179951617342
gambling,97,27,0.3714670059259205,0.056421300240278985
gambling,98,24,0.7382873663039765,3.8099788660471065e-05
gambling,99,5,0.10259783520851541,0.8695979205185651
gambling,100,14,0.9059984006571017,8.112829631930384e-06
crim_sexual_assault,1,17,0.46798171510599884,0.05816666590817096
crim_sexual_assault,2,7,0.14836636618975407,0.7508884606406176
crim_sexual_assault,3,23,0.1698015510478365,0.43858954552393214
crim_sexual_assault,4,14,0.12289560772583016,0.6755419504118634
crim_sexual_assault,5,25,0.518805516744809,0.007878365806409302
crim_sexual_assault,7,16,0.3240536508195877,0.2207831077000249
crim_sexual_assault,8,14,0.6992441888358684,0.005384686520047763
crim_sexual_assault,9,26,-0.04433994487997308,0.8297078276586122
crim_sexual_assault,10,12,0.9104176572591159,3.902942456715582e-05
crim_sexual_assault,11,21,0.3976097553876735,0.07427201988996139
crim_sexual_assault,13,32,0.5487630447256969,0.0011451048345852693
crim_sexual_assault,15,15,0.18908378799720793,0.49972937335175094
crim_sexual_assault,16,26,0.4925378550525749,0.010581478134274448
crim_sexual_assault,18,28,0.5263074391172337,0.004015551082907267
crim_sexual_assault,20,42,0.39768832465648507,0.009104966128565916
crim_sexual_assault,22,16,0.5811554593759516,0.018227142222530798
crim_sexual_assault,23,27,0.08731269094105532,0.664977922871456
crim_sexual_assault,25,14,0.6790541859859242,0.00757045816770944
crim_sexual_assault,26,12,0.7965213110534634,0.0019301379789740793
crim_sexual_assault,27,21,0.6686364648305279,0.000920811587880445
crim_sexual_assault,28,36,0.467485118165203,0.004043093009893345
crim_sexual_assault,30,23,0.6936543079875722,0.0002420277721579449
crim_sexual_assault,32,20,0.5089238776958123,0.021925858813650972
crim_sexual_assault,33,7,0.4722222222222223,0.2846394515839716
crim_sexual_assault,34,31,0.1216434383666913,0.5144803761887348
crim_sexual_assault,35,10,0.7609572029819748,0.01058153512995925
crim_sexual_assault,36,17,0.7215545475947613,0.001076831534704991
crim_sexual_assault,37,15,0.7599031480935755,0.001011012078399813
crim_sexual_assault,38,15,0.847619074765996,6.602198323166595e-05
crim_sexual_assault,42,115,-0.004445406330830605,0.962392784446516
crim_sexual_assault,47,19,0.29480611427990144,0.22048121099412052
crim_sexual_assault,48,26,0.7778048940719885,2.9209604307087407e-06
crim_sexual_assault,50,16,0.31535833238748806,0.23413634003043515
crim_sexual_assault,51,20,0.0003786446971499137,0.9987359063474084
crim_sexual_assault,52,17,0.729513385546694,0.0008888417278910395
crim_sexual_assault,53,15,0.7612662041631401,0.0009777812996130987
crim_sexual_assault,54,16,0.45305578553469944,0.07801401935748241
crim_sexual_assault,55,9,0.8084848933440067,0.008346205438988563
crim_sexual_assault,57,36,0.8222386248558459,7.761135921088918e-10
crim_sexual_assault,58,8,0.8000146927830899,0.01711642988685361
crim_sexual_assault,59,23,0.6985628759357996,0.0002093154220880125
crim_sexual_assault,60,19,0.6641769573962354,0.001925978156567143
crim_sexual_assault,61,9,0.38298219089112395,0.30897625344167284
crim_sexual_assault,62,23,0.8167579329053191,1.99046452945499e-06
crim_sexual_assault,63,12,0.5789473684210527,0.04856011529367871
crim_sexual_assault,65,27,0.4949252286538882,0.008674991214112875
crim_sexual_assault,67,30,0.8664364085835525,6.107674996735576e-10
crim_sexual_assault,68,24,0.6889712947550647,0.00019678512315791447
crim_sexual_assault,70,23,0.8143035143015228,2.2626377121875434e-06
crim_sexual_assault,71,23,0.8587373517091587,1.5753473213037096e-07
crim_sexual_assault,73,18,0.9143747987822868,1.107595961988771e-07
crim_sexual_assault,75,57,0.8861421090172991,5.110973660024406e-20
crim_sexual_assault,78,28,0.715284985755084,1.8867756908460456e-05
crim_sexual_assault,80,34,0.7454079506264562,4.2436729267494005e-07
crim_sexual_assault,82,18,0.7749613039087435,0.000158666294773202
crim_sexual_assault,83,19,0.8313360783379343,1.0328684114720707e-05
crim_sexual_assault,84,6,0.5590653920196746,0.24877100570170116
crim_sexual_assault,85,24,0.9119449820870362,5.633206237467314e-10
crim_sexual_assault,86,9,0.780465262567374,0.013070018611335197
crim_sexual_assault,87,17,0.7167661472752141,0.0012049465316015808
crim_sexual_assault,88,24,0.7863088410457137,5.233537142459068e-06
crim_sexual_assault,90,27,0.8604018573225504,8.700086780663407e-09
crim_sexual_assault,91,13,0.8236945855859433,0.0005377254117669113
crim_sexual_assault,92,12,0.6502646246229885,0.022057399969691555
crim_sexual_assault,93,21,0.7547967878800612,7.676425532870818e-05
crim_sexual_assault,94,24,0.8844815915981723,9.782988557842236e-09
crim_sexual_assault,96,11,0.8532469179729295,0.0008379421757788745
crim_sexual_assault,97,27,0.8232710672908217,1.3418760536236245e-07
crim_sexual_assault,98,24,0.5461085806688162,0.005767255065686451
crim_sexual_assault,99,5,-0.9746794344808964,0.0048182304681985335
crim_sexual_assault,100,14,0.8610007692382022,7.665905041781161e-05
